date,value
2002-02-04,100000.0000000000
2002-02-05,100003.9285714286
2002-02-06,100007.8572971939
2002-02-07,100011.7861773020
2002-02-08,100015.7152117589
2002-02-11,100019.6444005708
2002-02-12,100023.5737437437
2002-02-13,100027.5032412836
2002-02-14,100031.4328931967
2002-02-15,100035.3626994889
2002-02-19,100039.2926601664
2002-02-20,100043.2227752352
2002-02-21,100047.1530447014
2002-02-22,100051.0834685710
2002-02-25,100053.9420709558
2002-02-26,100056.8007550150
2002-02-27,100059.6595207508
2002-02-28,100062.5183681657
2002-03-01,100065.3772972619
2002-03-04,100068.2363080419
2002-03-05,100071.0954005078
2002-03-06,100073.9545746621
2002-03-07,100076.8138305071
2002-03-08,100079.6731680451
2002-03-11,100082.5325872785
2002-03-12,100085.3920882096
2002-03-13,100088.2516708406
2002-03-14,100091.1113351741
2002-03-15,100093.9710812122
2002-03-18,100096.8309089574
2002-03-19,100099.6908184120
2002-03-20,100102.5508095782
2002-03-21,100105.4108824585
2002-03-22,100108.2710370551
2002-03-25,100111.1312733705
2002-03-26,100113.9915914068
2002-03-27,100116.8519911666
2002-03-28,100119.7124726521
2002-03-29,100122.5730358656
2002-04-01,100125.4336808094
2002-04-02,100128.2944074860
2002-04-03,100131.1552158977
2002-04-04,100134.0161060467
2002-04-05,100136.8770779354
2002-04-08,100139.7381315662
2002-04-09,100142.5992669414
2002-04-10,100145.4604840633
2002-04-11,100148.3217829343
2002-04-12,100151.1831635567
2002-04-15,100154.0446259328
2002-04-16,100156.9061700650
2002-04-17,100159.7677959555
2002-04-18,100162.6295036068
2002-04-19,100165.4912930212
2002-04-22,100168.3531642010
2002-04-23,100171.2151171486
2002-04-24,100174.0771518662
2002-04-25,100176.9392683563
2002-04-26,100179.8014666211
2002-04-29,100182.6637466630
2002-04-30,100185.5261084843
2002-05-01,100188.3885520874
2002-05-02,100191.2510774746
2002-05-03,100194.1136846483
2002-05-06,100196.9763736107
2002-05-07,100199.8391443642
2002-05-08,100202.7019969112
2002-05-09,100205.5649312540
2002-05-10,100208.4279473949
2002-05-13,100211.2910453362
2002-05-14,100214.1542250804
2002-05-15,100217.0174866296
2002-05-16,100219.8808299864
2002-05-17,100222.7442551530
2002-05-20,100225.6077621317
2002-05-21,100228.4713509249
2002-05-22,100231.3350215349
2002-05-23,100234.1987739641
2002-05-24,100237.0626082148
2002-05-27,100239.9265242893
2002-05-28,100242.7905221900
2002-05-29,100245.6546019192
2002-05-30,100248.5187634793
2002-05-31,100251.3830068725
2002-06-03,100254.2473321013
2002-06-04,100257.1117391679
2002-06-05,100259.9762280747
2002-06-06,100262.8407988241
2002-06-07,100265.7054514184
2002-06-10,100268.5701858598
2002-06-11,100271.4350021508
2002-06-12,100274.2999002938
2002-06-13,100277.1648802909
2002-06-14,100280.0299421446
2002-06-17,100282.8950858573
2002-06-18,100285.7603114311
2002-06-19,100288.6256188686
2002-06-20,100291.4910081720
2002-06-21,100294.3564793437
2002-06-24,100297.2220323860
2002-06-25,100300.0876673012
2002-06-26,100302.9533840917
2002-06-27,100305.8191827598
2002-06-28,100308.6850633079
2002-07-01,100311.5510257382
2002-07-02,100314.4170700533
2002-07-03,100317.2831962553
2002-07-04,100320.1494043466
2002-07-05,100323.0156943296
2002-07-08,100325.8820662065
2002-07-09,100328.7485199799
2002-07-10,100331.6150556519
2002-07-11,100334.4816732249
2002-07-12,100337.3483727012
2002-07-15,100340.2151540833
2002-07-16,100343.0820173734
2002-07-17,100345.9489625739
2002-07-18,100348.8159896872
2002-07-19,100351.6830987154
2002-07-22,100354.5502896611
2002-07-23,100357.4175625265
2002-07-24,100360.2849173140
2002-07-25,100363.1523540260
2002-07-26,100366.0198726646
2002-07-29,100368.8874732324
2002-07-30,100371.7551557316
2002-07-31,100374.6229201647
2002-08-01,100377.4907665338
2002-08-02,100380.3586948414
2002-08-05,100383.2267050899
2002-08-06,100386.0947972814
2002-08-07,100388.9629714185
2002-08-08,100391.8312275034
2002-08-09,100394.6995655385
2002-08-12,100397.5679855261
2002-08-13,100400.4364874685
2002-08-14,100403.3050713681
2002-08-15,100406.1737372273
2002-08-16,100409.0424850484
2002-08-19,100411.9113148337
2002-08-20,100414.7802265855
2002-08-21,100417.6492203063
2002-08-22,100420.5182959983
2002-08-23,100423.3874536639
2002-08-26,100426.2566933054
2002-08-27,100429.1260149252
2002-08-28,100431.9954185257
2002-08-29,100434.8649041091
2002-08-30,100437.7344716777
2002-09-02,100440.6041212341
2002-09-03,100443.4738527804
2002-09-04,100446.3436663191
2002-09-05,100449.2135618524
2002-09-06,100100.6435666635
2002-09-09,100250.6069677301
2002-09-10,99924.8289839569
2002-09-11,99791.8440802402
2002-09-12,99994.2579626504
2002-09-13,99775.5438081541
2002-09-16,99814.9471532654
2002-09-17,99755.1282457416
2002-09-18,100110.7611437692
2002-09-19,100282.9545844386
2002-09-20,100218.7004679568
2002-09-23,100300.4310147123
2002-09-24,100590.2397424492
2002-09-25,100255.4702077889
2002-09-26,100066.6704738128
2002-09-27,99989.7635489156
2002-09-30,100389.2948815138
2002-10-01,100125.8506322860
2002-10-02,100165.7068538847
2002-10-03,100109.3998759321
2002-10-04,100189.9110790634
2002-10-07,100154.6521875670
2002-10-08,99833.8040201572
2002-10-09,99962.9693506452
2002-10-10,99695.1250222567
2002-10-11,99716.4194464839
2002-10-14,99876.2699059989
2002-10-15,99409.0147161822
2002-10-16,99509.7106208934
2002-10-17,99304.1597537620
2002-10-18,99429.3135856779
2002-10-21,99270.2688955761
2002-10-22,99468.0929643216
2002-10-23,99393.1491887649
2002-10-24,99247.5532028939
2002-10-25,99547.1279763980
2002-10-28,99716.9746684340
2002-10-29,99956.2004984924
2002-10-30,99859.4127065498
2002-10-31,100013.7644880819
2002-11-01,100122.1199645114
2002-11-04,100104.7022446834
2002-11-05,100099.3227312208
2002-11-06,100046.3965728669
2002-11-07,100313.5100518502
2002-11-08,100381.3819291002
2002-11-11,100338.9556530835
2002-11-12,100697.3126482570
2002-11-13,100129.1205206959
2002-11-14,100092.1017344525
2002-11-15,100374.6381200452
2002-11-18,100211.6558414565
2002-11-19,100137.0145013724
2002-11-20,100055.4563973667
2002-11-21,100097.7107060224
2002-11-22,100432.4236528284
2002-11-25,100154.7805378264
2002-11-26,100114.1710100832
2002-11-27,100062.7027801267
2002-11-28,100064.6192354262
2002-11-29,100058.8698275492
2002-12-02,100146.3494215525
2002-12-03,100378.4088437902
2002-12-04,100565.5314007952
2002-12-05,100456.8402124254
2002-12-06,100459.7104078601
2002-12-09,99733.4514403574
2002-12-10,99275.2348339324
2002-12-11,99552.3700199006
2002-12-12,100923.3648124857
2002-12-13,101261.7566260554
2002-12-16,102086.0828420780
2002-12-17,102163.1556508346
2002-12-18,103110.0490011526
2002-12-19,103891.5003410750
2002-12-20,102783.4500422757
2002-12-23,103754.3472736379
2002-12-24,104099.0723776515
2002-12-25,104099.9579982210
2002-12-26,104531.7780899950
2002-12-27,104574.3936464224
2002-12-30,103367.3507010819
2002-12-31,104231.2961105429
2003-01-02,103966.2849918899
2003-01-03,105024.0545909914
2003-01-06,105159.6648102405
2003-01-07,104257.4300646957
2003-01-08,105597.0261229271
2003-01-09,105507.6107057378
2003-01-10,105765.5286276771
2003-01-13,105808.0973873864
2003-01-14,105263.2087539706
2003-01-15,104976.3453287308
2003-01-16,106413.7986732267
2003-01-17,106143.5334359440
2003-01-20,106144.4194867703
2003-01-21,106279.4691638889
2003-01-22,106773.2555529294
2003-01-23,107794.7816738079
2003-01-24,108518.4353263369
2003-01-27,108752.5890487428
2003-01-28,108892.2280638336
2003-01-29,108141.0190746147
2003-01-30,108585.0022075985
2003-01-31,108525.1994119921
2003-02-03,109046.6415747350
2003-02-04,110730.3418287637
2003-02-05,110188.3385760929
2003-02-06,108884.2238212083
2003-02-07,108826.1540985319
2003-02-10,107559.1077666505
2003-02-11,107312.0772128670
2003-02-12,105246.7629734078
2003-02-13,106238.9899644899
2003-02-14,105129.2334173528
2003-02-17,105130.1199746314
2003-02-18,103568.7610152464
2003-02-19,104742.9917510436
2003-02-20,105403.2097379782
2003-02-21,105150.9189221530
2003-02-24,106060.8394526948
2003-02-25,105239.8335732098
2003-02-26,105570.8227620539
2003-02-27,103949.8037505290
2003-02-28,104813.3942802239
2003-03-03,104589.6675899378
2003-03-04,104934.8594151148
2003-03-05,104934.9300672981
2003-03-06,105225.8829540104
2003-03-07,104746.7143460079
2003-03-10,105040.8772761781
2003-03-11,104701.3284209827
2003-03-12,104385.8511737841
2003-03-13,103566.6568714882
2003-03-14,103617.1569405538
2003-03-17,103693.4347579731
2003-03-18,103740.2467691760
2003-03-19,103620.1097693720
2003-03-20,103367.5734533756
2003-03-21,102825.5719033635
2003-03-24,103082.8230213266
2003-03-25,103006.5104380353
2003-03-26,103160.5906746165
2003-03-27,103031.9159400036
2003-03-28,103026.4659705473
2003-03-31,103594.1864993467
2003-04-01,103469.9960160868
2003-04-02,103118.5098993245
2003-04-03,102742.8257280727
2003-04-04,102770.6337982669
2003-04-07,102470.9758319005
2003-04-08,102526.7667524908
2003-04-09,102788.8667507961
2003-04-10,102883.5591934759
2003-04-11,102978.8182578239
2003-04-14,102696.5816941186
2003-04-15,102758.0368270063
2003-04-16,102834.0824199180
2003-04-17,102964.1238266726
2003-04-18,102966.2939245740
2003-04-21,103473.9734483886
2003-04-22,103562.5787931213
2003-04-23,103339.0183144108
2003-04-24,103601.3505587922
2003-04-25,103479.6844783303
2003-04-28,103584.0744112351
2003-04-29,103526.4574095480
2003-04-30,103690.0974168665
2003-05-01,104110.6682146353
2003-05-02,104333.5250252195
2003-05-05,104489.4161487721
2003-05-06,104733.8813390920
2003-05-07,104479.3812554074
2003-05-08,104995.8376216749
2003-05-09,105361.6776743292
2003-05-12,105928.4876088107
2003-05-13,105736.5342193445
2003-05-14,105934.3860735289
2003-05-15,106153.8413182910
2003-05-16,106239.1592431865
2003-05-19,106759.2052621416
2003-05-20,106970.1717071215
2003-05-21,107577.9090119118
2003-05-22,107354.0070750417
2003-05-23,107460.1595000605
2003-05-26,107461.5982617387
2003-05-27,107878.4674295309
2003-05-28,107670.7747339076
2003-05-29,108282.5500212800
2003-05-30,107965.0150366383
2003-06-02,108071.5722926935
2003-06-03,108130.0933360530
2003-06-04,108198.4501768222
2003-06-05,108980.3293240586
2003-06-06,108239.6519345293
2003-06-09,107241.9782021683
2003-06-10,105798.9022191148
2003-06-11,106855.8013792113
2003-06-12,106570.9989987033
2003-06-13,106665.2554347047
2003-06-16,107999.9990746356
2003-06-17,108890.1887950234
2003-06-18,107858.8820312157
2003-06-19,108086.1902087455
2003-06-20,106990.3475936496
2003-06-23,105602.8300537706
2003-06-24,104136.7764322426
2003-06-25,104682.0576902896
2003-06-26,104251.7261398022
2003-06-27,104329.8663608630
2003-06-30,104439.8535505924
2003-07-01,105900.5722930470
2003-07-02,106697.3374108857
2003-07-03,106313.3547345483
2003-07-04,106313.3547345483
2003-07-07,106937.6646248133
2003-07-08,106672.3982073817
2003-07-09,106592.2782272291
2003-07-10,106065.2190134987
2003-07-11,106548.9816460842
2003-07-14,107578.6202128544
2003-07-15,106410.1222659841
2003-07-16,106501.7802006090
2003-07-17,105667.3530270748
2003-07-18,106496.9084604531
2003-07-21,106673.0326043177
2003-07-22,107134.8596704598
2003-07-23,109032.3156237089
2003-07-24,109385.6724612194
2003-07-25,110106.7110359893
2003-07-28,110630.7497708513
2003-07-29,109918.3140885649
2003-07-30,108582.7517478402
2003-07-31,108435.7425139518
2003-08-01,106424.7763337711
2003-08-04,107019.7380616212
2003-08-05,106242.2564746213
2003-08-06,106044.6644099613
2003-08-07,106378.4585227875
2003-08-08,106975.7396451212
2003-08-11,108439.6324912570
2003-08-12,108331.1383662290
2003-08-13,109051.9428777086
2003-08-14,110132.5944280385
2003-08-15,109600.7389311428
2003-08-18,109421.6857475056
2003-08-19,109599.3411927737
2003-08-20,109846.9025903880
2003-08-21,110054.8369549118
2003-08-22,109608.3819927997
2003-08-25,109450.5149311874
2003-08-26,110084.4795041890
2003-08-27,111056.2201145468
2003-08-28,111535.7766269862
2003-08-29,112403.5462634092
2003-09-01,112403.5462634092
2003-09-02,113532.5565268280
2003-09-03,114054.6086779659
2003-09-04,114518.8608870943
2003-09-05,114231.3728039424
2003-09-08,115342.8513723676
2003-09-09,114914.7129633106
2003-09-10,112985.9333808925
2003-09-11,113810.0779807927
2003-09-12,113990.0179837290
2003-09-15,113549.1098358946
2003-09-16,115178.5640642317
2003-09-17,115070.8409455094
2003-09-18,116263.3163239276
2003-09-19,116266.6752645027
2003-09-22,115166.2929999604
2003-09-23,116118.7944482746
2003-09-24,113868.4823907986
2003-09-25,112787.4272924439
2003-09-26,111670.4788979070
2003-09-29,112997.9563388526
2003-09-30,111672.8193489932
2003-10-01,113616.2648998879
2003-10-02,113744.6484789245
2003-10-03,114826.2188649611
2003-10-06,115476.2929358420
2003-10-07,116231.3707014778
2003-10-08,115580.2121121833
2003-10-09,116024.8618090727
2003-10-10,116289.8052673203
2003-10-13,117110.1471379671
2003-10-14,117538.2391572136
2003-10-15,117216.8989254262
2003-10-16,117650.6153482706
2003-10-17,116160.9658392923
2003-10-20,116785.9885143386
2003-10-21,117619.3666625551
2003-10-22,116072.7225095192
2003-10-23,115699.1999750886
2003-10-24,115121.8132695812
2003-10-27,115678.5301188113
2003-10-28,117432.5120335076
2003-10-29,117744.8472329047
2003-10-30,117494.5994578783
2003-10-31,117586.0257650178
2003-11-03,118606.1443872603
2003-11-04,118269.7197639209
2003-11-05,118384.5134194598
2003-11-06,118995.7339400150
2003-11-07,118803.2817610246
2003-11-10,117872.2398259570
2003-11-11,117579.9518534949
2003-11-12,119325.1938762536
2003-11-13,119080.4530297637
2003-11-14,118003.1739193041
2003-11-17,116700.3687648386
2003-11-18,116058.4020611451
2003-11-19,116622.0648244419
2003-11-20,115749.7889530992
2003-11-21,116341.5111861730
2003-11-24,118086.9419191813
2003-11-25,117975.6018213931
2003-11-26,118853.2152338070
2003-11-27,118853.2152338070
2003-11-28,119062.8440736619
2003-12-01,120710.1574748892
2003-12-02,120393.1085611764
2003-12-03,119742.7014234666
2003-12-04,120091.5921616826
2003-12-05,119153.1947563826
2003-12-08,119714.9897056886
2003-12-09,118341.0234206655
2003-12-10,118043.0371005101
2003-12-11,119407.6734426519
2003-12-12,120061.1616790681
2003-12-15,118931.7583764457
2003-12-16,119187.4695967161
2003-12-17,119461.0991857533
2003-12-18,120751.4342982072
2003-12-19,120485.3756368158
2003-12-22,120852.7067929064
2003-12-23,121553.3757876920
2003-12-24,121429.5309096965
2003-12-25,121429.5309096965
2003-12-26,121599.1776059110
2003-12-29,123182.0195645639
2003-12-30,123452.9592056960
2003-12-31,123217.2760794270
2004-01-02,123230.8448092034
2004-01-05,125524.4075709572
2004-01-06,125750.4454088310
2004-01-07,126382.1635421275
2004-01-08,127391.0709091623
2004-01-09,126899.3732670675
2004-01-12,127804.2328522325
2004-01-13,126969.9299228921
2004-01-14,127514.2071643481
2004-01-15,126464.9041300630
2004-01-16,127511.8243546897
2004-01-20,128181.6575110526
2004-01-21,128116.6710895574
2004-01-22,127207.3931921878
2004-01-23,127134.6019849654
2004-01-26,128325.0887687505
2004-01-27,127117.8930261388
2004-01-28,125857.6997077950
2004-01-29,124486.3273792078
2004-01-30,124628.6179060097
2004-02-02,124373.6416018716
2004-02-03,124528.0802190029
2004-02-04,122800.5394617780
2004-02-05,122244.2071942416
2004-02-06,123409.4222158282
2004-02-09,123513.4206852888
2004-02-10,123801.7382461779
2004-02-11,124456.7832725604
2004-02-12,124254.0922959447
2004-02-13,123662.0075779620
2004-02-16,123758.7898154726
2004-02-17,124684.8886561628
2004-02-18,124353.8929626800
2004-02-19,122883.9482359695
2004-02-20,122887.4592059191
2004-02-23,122890.9702761822
2004-02-24,122894.4814467615
2004-02-25,122897.9927176600
2004-02-26,122901.5040888805
2004-02-27,122905.0155604259
2004-03-01,122908.5271322990
2004-03-02,122912.0388045028
2004-03-03,122915.5505770401
2004-03-04,122919.0624499137
2004-03-05,122922.5744231265
2004-03-08,122926.0864966815
2004-03-09,122929.5986705814
2004-03-10,122933.1109448291
2004-03-11,122936.6233194275
2004-03-12,122940.1357943795
2004-03-15,122943.6483696879
2004-03-16,122947.1610453556
2004-03-17,122950.6738213855
2004-03-18,122954.1866977804
2004-03-19,122957.6996745432
2004-03-22,122961.2127516768
2004-03-23,122964.7259291839
2004-03-24,122968.2392070676
2004-03-25,122971.7525853307
2004-03-26,122975.2660639760
2004-03-29,122978.7796430064
2004-03-30,122982.2933224248
2004-03-31,122985.8071022340
2004-04-01,122989.3209824369
2004-04-02,122992.8349630364
2004-04-05,122996.3490440353
2004-04-06,122999.8632254366
2004-04-07,123003.3775072430
2004-04-08,123006.8918894575
2004-04-09,123010.4063720829
2004-04-12,123013.9209551221
2004-04-13,123017.4356385780
2004-04-14,123020.9504224534
2004-04-15,123024.4653067512
2004-04-16,123027.9802914742
2004-04-19,123031.4953766254
2004-04-20,123035.0105622076
2004-04-21,123038.5258482237
2004-04-22,123042.0412346765
2004-04-23,123045.5567215689
2004-04-26,123049.0723089038
2004-04-27,123052.5879966840
2004-04-28,123056.1037849125
2004-04-29,122394.9253502844
2004-04-30,121256.9265488998
2004-05-03,122011.9678722258
2004-05-04,122078.0634563730
2004-05-05,122659.7105304445
2004-05-06,122027.1141606107
2004-05-07,120994.1918308892
2004-05-10,120549.2471052853
2004-05-11,121088.1494577097
2004-05-12,120990.6970724999
2004-05-13,120813.2279170689
2004-05-14,120791.7467871005
2004-05-17,119832.6012735477
2004-05-18,120509.7737493032
2004-05-19,120865.7277005807
2004-05-20,120623.4749443392
2004-05-21,120868.4080247162
2004-05-24,121639.1528711371
2004-05-25,122306.2517969919
2004-05-26,122431.4360918291
2004-05-27,122820.1342364501
2004-05-28,122978.1888405478
2004-05-31,122979.8962574273
2004-06-01,123056.8468748869
2004-06-02,122746.7248901055
2004-06-03,122309.7037788701
2004-06-04,122841.5229483325
2004-06-07,123685.9842777797
2004-06-08,123485.4689399241
2004-06-09,123199.2570601716
2004-06-10,122784.1791799832
2004-06-11,122818.9231996830
2004-06-14,122076.2667239670
2004-06-15,122679.2072814065
2004-06-16,122607.3017506423
2004-06-17,122673.3639028348
2004-06-18,122977.6682592256
2004-06-21,122660.2501218150
2004-06-22,123110.4554417234
2004-06-23,123587.4975045817
2004-06-24,123733.6368219734
2004-06-25,123568.3448097947
2004-06-28,123326.2109219369
2004-06-29,123357.5647858702
2004-06-30,123679.8315430198
2004-07-01,122994.4784945698
2004-07-02,122858.4332705004
2004-07-05,122587.6089948923
2004-07-06,121831.1829431182
2004-07-07,122227.3357348802
2004-07-08,121995.7292779972
2004-07-09,122154.1361832563
2004-07-12,122121.5784740721
2004-07-13,121884.8069221382
2004-07-14,121799.4886157865
2004-07-15,121648.2926506777
2004-07-16,121384.1642293465
2004-07-19,121327.3841642800
2004-07-20,121716.5866300224
2004-07-21,121090.0477019258
2004-07-22,120758.9325786651
2004-07-23,120041.1118189536
2004-07-26,119737.1510480253
2004-07-27,119872.4396135948
2004-07-28,119961.9559145957
2004-07-29,120044.0188851094
2004-07-30,120424.7801573129
2004-08-02,120538.3033731938
2004-08-03,120474.5468077978
2004-08-04,120302.2285337638
2004-08-05,119582.8618613429
2004-08-06,119741.4813709484
2004-08-09,119833.3513138079
2004-08-10,120198.0029595296
2004-08-11,119598.6191757603
2004-08-12,119097.2625294521
2004-08-13,119508.7737466134
2004-08-16,120217.7377425268
2004-08-17,120463.6858420427
2004-08-18,120922.7910442372
2004-08-19,121024.5535475710
2004-08-20,121736.9187984260
2004-08-23,121585.7518266171
2004-08-24,120891.0746034995
2004-08-25,121719.8068307057
2004-08-26,121436.8001283760
2004-08-27,121305.6923077301
2004-08-30,121304.3535796204
2004-08-31,121584.2425475639
2004-09-01,121585.3018819528
2004-09-02,121716.7211423850
2004-09-03,120969.4365534284
2004-09-06,120971.1784195884
2004-09-07,120949.1846875543
2004-09-08,120895.6902309512
2004-09-09,121095.6094369058
2004-09-10,121096.6643144386
2004-09-13,121611.0359260653
2004-09-14,121940.4971246794
2004-09-15,121662.2346460214
2004-09-16,121677.4365275179
2004-09-17,121920.1282436533
2004-09-20,121811.7795646212
2004-09-21,122449.4676671002
2004-09-22,121973.1186704336
2004-09-23,122632.0552127155
2004-09-24,122083.4489461331
2004-09-27,122107.5335293785
2004-09-28,122793.5426329006
2004-09-29,123070.7457907110
2004-09-30,124107.8119187487
2004-10-01,124608.6128104381
2004-10-04,123716.1458625116
2004-10-05,124494.1439672687
2004-10-06,124654.8452366292
2004-10-07,124392.6843239098
2004-10-08,125081.9127545105
2004-10-11,124953.2171560006
2004-10-12,123704.5790085689
2004-10-13,123330.6079235859
2004-10-14,124058.9099808575
2004-10-15,124235.1181436359
2004-10-18,123990.6392099858
2004-10-19,124606.9720338862
2004-10-20,125260.7757635054
2004-10-21,125587.8107595316
2004-10-22,125340.6620830925
2004-10-25,126081.5049796875
2004-10-26,125816.3142457787
2004-10-27,125878.7416242337
2004-10-28,125989.5551504443
2004-10-29,126491.5684414408
2004-11-01,126318.7398648774
2004-11-02,125062.7440587006
2004-11-03,126036.5756567532
2004-11-04,127156.8073467000
2004-11-05,127913.4929601993
2004-11-08,127752.2834405525
2004-11-09,128320.3147518302
2004-11-10,127943.5776949363
2004-11-11,128326.5830570523
2004-11-12,129045.6443686462
2004-11-15,128954.4367194355
2004-11-16,129407.8136613596
2004-11-17,130390.2757152861
2004-11-18,130035.4157149221
2004-11-19,130511.8086279832
2004-11-22,130986.4410065635
2004-11-23,130793.9087800657
2004-11-24,131217.1142127935
2004-11-25,131218.1069388475
2004-11-26,131214.5394063693
2004-11-29,132025.8284855779
2004-11-30,131532.2987255882
2004-12-01,132334.4476374538
2004-12-02,131746.3367099714
2004-12-03,132773.9188257300
2004-12-06,132489.8321542470
2004-12-07,131633.5468169622
2004-12-08,129650.3686011766
2004-12-09,129448.0712778522
2004-12-10,129188.2078215649
2004-12-13,130059.7377108717
2004-12-14,129726.0010966439
2004-12-15,130353.8810399941
2004-12-16,129768.1435618540
2004-12-17,130340.0376469890
2004-12-20,130390.3241818262
2004-12-21,130491.5851554416
2004-12-22,130330.3898154875
2004-12-23,130586.2751884779
2004-12-24,130587.7313525648
2004-12-27,131003.5273880872
2004-12-28,131061.7443450475
2004-12-29,129890.8115220774
2004-12-30,130114.5891962001
2004-12-31,130092.8494857424
2005-01-03,128666.6065301543
2005-01-04,128285.5894139852
2005-01-05,127886.0789389237
2005-01-06,127087.6254989177
2005-01-07,126781.7211339035
2005-01-10,126878.8197681457
2005-01-11,127135.9334013733
2005-01-12,127833.1425591516
2005-01-13,127433.1591299312
2005-01-14,127319.4697583332
2005-01-17,127320.9265882378
2005-01-18,127537.9319382836
2005-01-19,127251.6192860427
2005-01-20,126946.7897570242
2005-01-21,127461.9838056907
2005-01-24,127287.1282537506
2005-01-25,126687.3296291085
2005-01-26,127589.1119470094
2005-01-27,127514.4037626311
2005-01-28,127354.7790432034
2005-01-31,127004.5676076823
2005-02-01,126915.2662141827
2005-02-02,127009.9192985908
2005-02-03,126237.2254321884
2005-02-04,126104.0236054202
2005-02-07,126012.0210450089
2005-02-08,125909.6015442877
2005-02-09,125680.3852858977
2005-02-10,126292.8429605377
2005-02-11,126948.2751632517
2005-02-14,127747.3874442178
2005-02-15,127813.3475844875
2005-02-16,127744.1414657137
2005-02-17,127790.8372194381
2005-02-18,127742.3258537228
2005-02-21,127743.7837245770
2005-02-22,128562.7894651409
2005-02-23,128628.1129629733
2005-02-24,128736.7165342801
2005-02-25,128904.1828652690
2005-02-28,129021.9335238209
2005-03-01,128671.7545091525
2005-03-02,128629.1115680347
2005-03-03,128148.6819264879
2005-03-04,128854.4045168625
2005-03-07,129125.4893970552
2005-03-08,129741.3527613562
2005-03-09,129898.6751933371
2005-03-10,129986.3220957090
2005-03-11,130322.4866269195
2005-03-14,129679.9984634310
2005-03-15,129524.7810490239
2005-03-16,129767.4232892533
2005-03-17,129068.8937975873
2005-03-18,129085.9637868955
2005-03-21,127928.4159544438
2005-03-22,127812.7521141202
2005-03-23,126960.7298672058
2005-03-24,126898.3703462547
2005-03-25,126899.8292171204
2005-03-28,127082.2497420042
2005-03-29,126948.7205757764
2005-03-30,127204.4566286635
2005-03-31,126812.1689902458
2005-04-01,126523.3987299208
2005-04-04,126544.3622574446
2005-04-05,126692.8451543536
2005-04-06,126819.4660998267
2005-04-07,127021.1390679925
2005-04-08,126775.8035802285
2005-04-11,126792.4547493966
2005-04-12,126936.6993331924
2005-04-13,126606.8591035639
2005-04-14,126100.9622771076
2005-04-15,125619.7650087546
2005-04-18,125784.9939200920
2005-04-19,126177.5925477268
2005-04-20,125922.2678667427
2005-04-21,126465.7031629027
2005-04-22,126219.6491104760
2005-04-25,126488.3772962596
2005-04-26,126309.1845047106
2005-04-27,126238.1970789982
2005-04-28,125892.3571466704
2005-04-29,126265.0665744324
2005-05-02,126207.5266098198
2005-05-03,126128.8490890730
2005-05-04,126608.1556667751
2005-05-05,126571.9125493071
2005-05-06,126465.9345546458
2005-05-09,126654.7601129402
2005-05-10,126403.3617616210
2005-05-11,126529.5603537928
2005-05-12,126128.3725752440
2005-05-13,126079.2323366616
2005-05-16,126315.1847310947
2005-05-17,126511.4858654723
2005-05-18,126911.1783553885
2005-05-19,127032.2109223118
2005-05-20,126928.2317690596
2005-05-23,127031.9351363960
2005-05-24,126519.3427281207
2005-05-25,126282.0566381917
2005-05-26,126826.2029735252
2005-05-27,127055.4823700798
2005-05-30,127056.3050860868
2005-05-31,126490.2342840955
2005-06-01,127086.0522674295
2005-06-02,127795.4961268572
2005-06-03,127153.4067189147
2005-06-06,127453.3322761466
2005-06-07,127185.1116644191
2005-06-08,126980.8914037533
2005-06-09,126877.3885884800
2005-06-10,126781.3577411354
2005-06-13,126919.9989371081
2005-06-14,126930.7848681533
2005-06-15,127061.5543447512
2005-06-16,127413.4821381090
2005-06-17,127561.5421039033
2005-06-20,127535.1162772099
2005-06-21,127536.9008310291
2005-06-22,127534.5070562371
2005-06-23,127222.8449802438
2005-06-24,126903.0312438147
2005-06-27,126814.9340381549
2005-06-28,127120.0057954409
2005-06-29,127087.1340061322
2005-06-30,126841.4801619374
2005-07-01,126718.1236685310
2005-07-04,126720.4290714575
2005-07-05,126968.8695394666
2005-07-06,126740.4002418098
2005-07-07,126846.0371012792
2005-07-08,127387.5772364442
2005-07-11,127764.9459118430
2005-07-12,127896.3515295126
2005-07-13,127871.3849020495
2005-07-14,127907.1560280547
2005-07-15,127990.7137929379
2005-07-18,127778.1119880702
2005-07-19,128143.2279115074
2005-07-20,128416.4099169409
2005-07-21,127329.5031146739
2005-07-22,127431.1043858169
2005-07-25,127263.0239379014
2005-07-26,127333.6792557377
2005-07-27,127546.0584226655
2005-07-28,127789.9577862213
2005-07-29,127574.5645757291
2005-08-01,127722.4105062287
2005-08-02,128051.8125952977
2005-08-03,128169.0016201165
2005-08-04,127820.9855851955
2005-08-05,127554.3774417267
2005-08-08,127363.0854918397
2005-08-09,127554.1067943070
2005-08-10,127417.0314294833
2005-08-11,127857.8094001169
2005-08-12,127592.6629574730
2005-08-15,127655.4592271295
2005-08-16,127274.1480306466
2005-08-17,127227.8503355954
2005-08-18,127132.6748385342
2005-08-19,127109.8368907938
2005-08-22,127213.2012873072
2005-08-23,127123.6982561739
2005-08-24,126885.1996610899
2005-08-25,126995.0259110749
2005-08-26,126730.9900860869
2005-08-29,126976.1518771620
2005-08-30,126739.0846454755
2005-08-31,127176.8452869639
2005-09-01,127318.1702411773
2005-09-02,127241.4484569608
2005-09-05,127243.7568258407
2005-09-06,127685.9439871918
2005-09-07,127717.7081051883
2005-09-08,127666.1729877465
2005-09-09,127918.8690727160
2005-09-12,127949.1764972853
2005-09-13,127679.1265887652
2005-09-14,127569.3891832799
2005-09-15,127220.8613953085
2005-09-16,127597.7104415906
2005-09-19,128074.3579091526
2005-09-20,128033.6443380921
2005-09-21,128038.3819099959
2005-09-22,127872.9518041022
2005-09-23,127678.9974217496
2005-09-26,127909.9688938954
2005-09-27,127631.9513468257
2005-09-28,128173.4483535450
2005-09-29,128497.3552566059
2005-09-30,128314.0238024494
2005-10-03,128118.4551977040
2005-10-04,128034.3689668668
2005-10-05,127841.2833344111
2005-10-06,128177.7808115466
2005-10-07,128424.3188155685
2005-10-10,128358.3823368494
2005-10-11,128430.9529910507
2005-10-12,128063.5887476047
2005-10-13,127925.4769995983
2005-10-14,127881.0686075861
2005-10-17,128256.0355377644
2005-10-18,128050.3169856108
2005-10-19,127603.7224472824
2005-10-20,127282.9809040143
2005-10-21,127809.3146962507
2005-10-24,127851.1367501635
2005-10-25,128396.7149555853
2005-10-26,128208.6133994613
2005-10-27,128208.6598556933
2005-10-28,128287.9029522629
2005-10-31,127874.8564680171
2005-11-01,127377.7847574887
2005-11-02,127817.9957853967
2005-11-03,127697.2486702777
2005-11-04,127530.8557163760
2005-11-07,127736.6973540943
2005-11-08,127906.3958967312
2005-11-09,128329.4343981932
2005-11-10,128456.3619500209
2005-11-11,128585.7996643460
2005-11-14,128594.9620667974
2005-11-15,128512.4821691135
2005-11-16,129284.5523327623
2005-11-17,130070.8342639094
2005-11-18,129991.5451128808
2005-11-21,130392.7650724593
2005-11-22,130733.3779711701
2005-11-23,130702.1311662516
2005-11-24,130704.4618751776
2005-11-25,130722.9669535581
2005-11-28,131077.4321253893
2005-11-29,131086.3131320399
2005-11-30,130752.2535749493
2005-12-01,131532.8826131810
2005-12-02,131629.8183211019
2005-12-05,131973.6470151161
2005-12-06,131216.6197091482
2005-12-07,132012.4173270822
2005-12-08,133089.9621254694
2005-12-09,134822.4727496577
2005-12-12,135144.5754080670
2005-12-13,133535.6876751642
2005-12-14,130380.7174038373
2005-12-15,129783.8458986096
2005-12-16,129513.6484844306
2005-12-19,129386.5419598906
2005-12-20,127430.9983862144
2005-12-21,127196.3068599708
2005-12-22,129455.5386326733
2005-12-23,129545.2566255195
2005-12-26,129545.2566255195
2005-12-27,130400.4392627297
2005-12-28,131699.7855013902
2005-12-29,131909.5696438951
2005-12-30,132111.8034429845
2006-01-03,135380.6347407569
2006-01-04,136264.4732429887
2006-01-05,134684.9900327387
2006-01-06,137838.8956899663
2006-01-09,139978.7106773392
2006-01-10,138958.3633048497
2006-01-11,140096.2414272387
2006-01-12,139818.8292056314
2006-01-13,141572.5546618078
2006-01-16,141572.5546618078
2006-01-17,140841.3824117548
2006-01-18,138570.1380352497
2006-01-19,141915.9979967298
2006-01-20,140225.9305987477
2006-01-23,141313.9698442571
2006-01-24,141312.6603170237
2006-01-25,142292.6388675590
2006-01-26,141909.6914926234
2006-01-27,141766.3687841066
2006-01-30,143473.7292198254
2006-01-31,144548.6083967926
2006-02-01,144288.0789564945
2006-02-02,144697.7433632508
2006-02-03,143420.8088159999
2006-02-06,143903.0720648881
2006-02-07,139593.1026120157
2006-02-08,139554.9782557120
2006-02-09,142605.1979561470
2006-02-10,139459.5484103781
2006-02-13,136766.7260314660
2006-02-14,138475.0884382252
2006-02-15,137401.8457585656
2006-02-16,138838.4486882495
2006-02-17,139959.6494832522
2006-02-20,139959.6494832522
2006-02-21,140281.2507346349
2006-02-22,140408.7765797932
2006-02-23,139181.2255165645
2006-02-24,141410.0574264553
2006-02-27,140675.7812813118
2006-02-28,141920.6976351178
2006-03-01,142573.1178354783
2006-03-02,143551.4135865085
2006-03-03,143005.0346863125
2006-03-06,140455.7741666560
2006-03-07,138239.3753971173
2006-03-08,137121.5018003708
2006-03-09,136785.5631442855
2006-03-10,136652.9306412153
2006-03-13,137817.5911482143
2006-03-14,138700.5986116519
2006-03-15,139709.2764747055
2006-03-16,139526.7319106703
2006-03-17,139314.7432607980
2006-03-20,140408.4121570369
2006-03-21,139929.7545717425
2006-03-22,140298.8290980420
2006-03-23,140400.6733927478
2006-03-24,141009.8858550969
2006-03-27,141515.2490773800
2006-03-28,141416.8876189054
2006-03-29,142825.2895965722
2006-03-30,143306.7035016271
2006-03-31,143051.8943304497
2006-04-03,144508.5074980062
2006-04-04,144857.8127617039
2006-04-05,145669.8001279466
2006-04-06,146199.1861371568
2006-04-07,145475.9309178635
2006-04-10,146692.0802396762
2006-04-11,146284.9226135256
2006-04-12,146468.4360598443
2006-04-13,145420.6370881917
2006-04-14,146654.2944067835
2006-04-17,148598.5652586703
2006-04-18,149934.6259421727
2006-04-19,151610.6996268463
2006-04-20,150086.5863812267
2006-04-21,152038.3826493221
2006-04-24,150690.0134887148
2006-04-25,150929.5596191226
2006-04-26,152368.2659566465
2006-04-27,152131.5615808936
2006-04-28,154058.5702126600
2006-05-01,154129.1575296718
2006-05-02,154727.8911072934
2006-05-03,154703.3543021570
2006-05-04,155654.9023627864
2006-05-05,156562.0615696132
2006-05-08,158774.0782862671
2006-05-09,161694.3002033679
2006-05-10,162324.4495176735
2006-05-11,162210.5050709913
2006-05-12,163987.6787296569
2006-05-15,164723.4672949082
2006-05-16,162872.8258540388
2006-05-17,162736.1437548219
2006-05-18,161446.3658647170
2006-05-19,161990.6105676196
2006-05-22,161576.3155010438
2006-05-23,160004.0742324044
2006-05-24,157078.2420769172
2006-05-25,158488.0938128122
2006-05-26,159881.2063374759
2006-05-29,159764.8241061572
2006-05-30,159052.4286835726
2006-05-31,159126.5567258742
2006-06-01,159654.2034118210
2006-06-02,159812.9781920420
2006-06-05,158972.2888340350
2006-06-06,158691.6468805679
2006-06-07,158274.5513905513
2006-06-08,157968.1079042201
2006-06-09,157693.2725987435
2006-06-12,156972.5565962283
2006-06-13,155759.7558185390
2006-06-14,155967.2885180398
2006-06-15,157056.8484553270
2006-06-16,157074.2850510531
2006-06-19,156577.5470856752
2006-06-20,156696.6477959025
2006-06-21,157381.7152341402
2006-06-22,156997.0542450551
2006-06-23,157048.6914085694
2006-06-26,157332.5839627401
2006-06-27,156737.0224784573
2006-06-28,156927.3481206717
2006-06-29,158218.9142544341
2006-06-30,158552.2808678363
2006-07-03,158950.0659921523
2006-07-04,158933.5357054845
2006-07-05,158657.3018281093
2006-07-06,158891.0399613182
2006-07-07,158449.2730948132
2006-07-10,158236.9022265462
2006-07-11,158754.5219101125
2006-07-12,158255.1560498295
2006-07-13,157549.4498495042
2006-07-14,157524.0180268898
2006-07-17,157276.6515195168
2006-07-18,157052.2359287509
2006-07-19,157998.9529723862
2006-07-20,157210.9068829553
2006-07-21,156678.2552572264
2006-07-24,157338.8797273098
2006-07-25,157731.5123727336
2006-07-26,157748.2059713736
2006-07-27,157609.4225324625
2006-07-28,158229.8804164274
2006-07-31,158077.7623104266
2006-08-01,157894.5686483750
2006-08-02,158273.4301608175
2006-08-03,158349.9315279024
2006-08-04,158213.9121054568
2006-08-07,158002.2380363584
2006-08-08,157863.5689190848
2006-08-09,157833.1439102662
2006-08-10,157820.1601425006
2006-08-11,157607.9745405370
2006-08-14,157649.1555660488
2006-08-15,158460.3173096807
2006-08-16,157972.8054864134
2006-08-17,157090.0286043651
2006-08-18,157382.9640298181
2006-08-21,157510.6047493881
2006-08-22,157638.9217218890
2006-08-23,157083.5222252608
2006-08-24,157186.6117383582
2006-08-25,157344.4524719404
2006-08-28,157613.5174414396
2006-08-29,157511.6228143632
2006-08-30,157968.2304407713
2006-08-31,158301.6090556743
2006-09-01,158749.6690846632
2006-09-04,158777.1640453305
2006-09-05,159812.0909047571
2006-09-06,158196.9308693552
2006-09-07,156622.6583640837
2006-09-08,156786.7832451592
2006-09-11,155900.9422744199
2006-09-12,157038.8332197254
2006-09-13,157620.0298715303
2006-09-14,156901.3837283989
2006-09-15,157128.9904165842
2006-09-18,157851.6735431492
2006-09-19,156815.8373196781
2006-09-20,157602.2612060210
2006-09-21,157028.4797006153
2006-09-22,156921.3157359319
2006-09-25,158045.3262599575
2006-09-26,158723.0502275799
2006-09-27,158988.4301389779
2006-09-28,159690.0106269841
2006-09-29,159169.4447897412
2006-10-02,158610.7871641728
2006-10-03,157669.7991705403
2006-10-04,158453.5784427343
2006-10-05,159307.2266229660
2006-10-06,159064.0281181846
2006-10-09,159635.6202478950
2006-10-10,159729.2129469762
2006-10-11,159488.8423072992
2006-10-12,160884.6663799061
2006-10-13,161702.3014477725
2006-10-16,162439.7735039827
2006-10-17,161586.5542325623
2006-10-18,161707.5662088514
2006-10-19,162413.7161867566
2006-10-20,162092.0123112148
2006-10-23,161890.4292322251
2006-10-24,162294.1956043240
2006-10-25,162908.0882535509
2006-10-26,164029.7525038579
2006-10-27,162861.9036478840
2006-10-30,163104.8367845042
2006-10-31,163274.7905705128
2006-11-01,162894.2154576000
2006-11-02,163362.1075361370
2006-11-03,163202.4966976956
2006-11-06,164826.1271920032
2006-11-07,165038.8431434481
2006-11-08,163953.8461018267
2006-11-09,165119.5755169308
2006-11-10,163966.2286819742
2006-11-13,162646.1445327264
2006-11-14,164006.5514585326
2006-11-15,165541.8762230274
2006-11-16,166307.2355962603
2006-11-17,167610.3794959572
2006-11-20,169575.7103688643
2006-11-21,170934.8667536989
2006-11-22,171222.1021212755
2006-11-23,172095.4923516316
2006-11-24,171391.0470597665
2006-11-27,170414.6194643030
2006-11-28,170720.8678676351
2006-11-29,171472.9085607477
2006-11-30,174181.4850691566
2006-12-01,173885.5351081977
2006-12-04,176846.2291539585
2006-12-05,177034.3858455326
2006-12-06,175410.0058939567
2006-12-07,175364.0839153618
2006-12-08,172384.4855262909
2006-12-11,176409.8288217509
2006-12-12,177652.1981008388
2006-12-13,177867.2791781831
2006-12-14,179026.7255208365
2006-12-15,179328.3270264603
2006-12-18,181370.1761271791
2006-12-19,183183.3211367734
2006-12-20,183409.3520991204
2006-12-21,181852.6032888066
2006-12-22,181780.9911761016
2006-12-25,185610.0559284216
2006-12-26,187915.3467576185
2006-12-27,190771.4380725903
2006-12-28,192440.1208233027
2006-12-29,196820.4514679947
2007-01-02,196871.2355229428
2007-01-03,196370.8731228893
2007-01-04,198110.4080962070
2007-01-05,193418.8419585613
2007-01-08,196457.2493233234
2007-01-09,201034.9653609447
2007-01-10,201849.2722111129
2007-01-11,199782.9186391239
2007-01-12,196728.6633645546
2007-01-15,201991.9125025415
2007-01-16,202890.1912616410
2007-01-17,201327.5979662236
2007-01-18,199603.7806473392
2007-01-19,203479.0183062367
2007-01-22,207273.2596689668
2007-01-23,208833.3133907838
2007-01-24,210440.8841671864
2007-01-25,205161.8825727341
2007-01-26,206056.6131948126
2007-01-29,208603.3405288080
2007-01-30,208172.4048820443
2007-01-31,202905.5857179208
2007-02-01,203156.9444343272
2007-02-02,197740.3865446578
2007-02-05,194344.0293116803
2007-02-06,196658.1829323474
2007-02-07,198507.6587254255
2007-02-08,200044.8400386847
2007-02-09,199860.5669788197
2007-02-12,202600.6363486754
2007-02-13,204232.8167567482
2007-02-14,207643.2432493266
2007-02-15,211015.8556579299
2007-02-16,211234.2750013695
2007-02-20,210643.1628294509
2007-02-21,212342.7889973432
2007-02-22,212339.3689884331
2007-02-23,212413.6733500118
2007-02-26,214018.7645884942
2007-02-27,201673.5588232147
2007-02-28,204693.6150010136
2007-03-01,200993.5144924569
2007-03-02,200205.5285246989
2007-03-05,197819.8707249468
2007-03-06,201031.8573516663
2007-03-07,203741.6338338440
2007-03-08,205585.7311609799
2007-03-09,205348.4474324721
2007-03-12,205981.7043035100
2007-03-13,205449.9835850847
2007-03-14,203275.7122710951
2007-03-15,205649.5595930857
2007-03-16,204729.1759526345
2007-03-19,208031.5523248948
2007-03-20,209307.4288941632
2007-03-21,211329.8943530446
2007-03-22,211938.4103334273
2007-03-23,211647.9469440000
2007-03-26,214177.4894375748
2007-03-27,214369.7739993893
2007-03-28,215222.6951998357
2007-03-29,215256.6983281703
2007-03-30,215078.1307227639
2007-04-02,218031.8624143254
2007-04-03,219932.3519800579
2007-04-04,221000.8369202333
2007-04-05,222479.8453322453
2007-04-06,223034.2401583110
2007-04-09,225679.9277231963
2007-04-10,227921.4126780796
2007-04-11,229309.8558020551
2007-04-12,231265.3385850851
2007-04-13,231787.5957553846
2007-04-16,236008.3918247338
2007-04-17,236613.9580320141
2007-04-18,236899.3484209559
2007-04-19,230239.1610036578
2007-04-20,236579.1965881647
2007-04-23,241680.1006607969
2007-04-24,241633.7336645575
2007-04-25,242673.6841201158
2007-04-26,243731.2308307725
2007-04-27,243046.2038378038
2007-04-30,245745.3188528653
2007-05-01,243392.8701623089
2007-05-02,244551.0708919785
2007-05-03,245617.7942520884
2007-05-04,246339.9348398913
2007-05-07,246281.8435537601
2007-05-08,248178.5000987818
2007-05-09,248685.8840165980
2007-05-10,245901.7407419414
2007-05-11,246978.2950366753
2007-05-14,246688.0177975234
2007-05-15,243518.3571481418
2007-05-16,245331.9316168378
2007-05-17,245707.3715262313
2007-05-18,246801.1758256517
2007-05-21,248746.1882070894
2007-05-22,249422.8126667046
2007-05-23,250277.6279639293
2007-05-24,247308.6209785724
2007-05-25,249351.5059852104
2007-05-28,251009.4107004991
2007-05-29,253314.0194263913
2007-05-30,248783.9916200206
2007-05-31,250805.4284883468
2007-06-01,249830.0360319162
2007-06-04,244329.9983915894
2007-06-05,245756.3737080237
2007-06-06,245064.0103565838
2007-06-07,244626.5957862259
2007-06-08,245839.1743310227
2007-06-11,248122.2853611826
2007-06-12,247913.4562409322
2007-06-13,251042.8187296269
2007-06-14,251308.9284390740
2007-06-15,252953.5087219313
2007-06-18,255411.5728027224
2007-06-19,255934.5830243424
2007-06-20,252579.6886829899
2007-06-21,253892.6525842941
2007-06-22,250085.7936380462
2007-06-25,246226.8806267660
2007-06-26,246173.7429179857
2007-06-27,249740.9114175741
2007-06-28,246989.5582178095
2007-06-29,245001.4815261484
2007-07-02,246823.1725320182
2007-07-03,248316.0094303526
2007-07-04,246711.2856816472
2007-07-05,243287.8015569955
2007-07-06,247272.5989235650
2007-07-09,249871.8780002323
2007-07-10,247297.0791488229
2007-07-11,247727.8574250885
2007-07-12,251414.6339654009
2007-07-13,251672.9796446467
2007-07-16,249031.3367540386
2007-07-17,251238.2607449404
2007-07-18,251630.6585603416
2007-07-19,252847.9512056484
2007-07-20,254826.1779098602
2007-07-23,257694.8323092219
2007-07-24,255442.5499555625
2007-07-25,256961.5201387530
2007-07-26,254572.5678993177
2007-07-27,252518.7103709077
2007-07-30,255858.8584828859
2007-07-31,255084.3287469147
2007-08-01,252052.7732443555
2007-08-02,255617.0537120351
2007-08-03,255866.4875173585
2007-08-06,259160.2224413669
2007-08-07,260396.8351410266
2007-08-08,262678.5308977428
2007-08-09,260730.0654993535
2007-08-10,260375.0906162342
2007-08-13,260837.9458029654
2007-08-14,259810.6474572826
2007-08-15,258136.0771782548
2007-08-16,254901.2744995258
2007-08-17,256158.4730094924
2007-08-20,260875.5428385992
2007-08-21,262954.9661528310
2007-08-22,265760.8600862392
2007-08-23,266204.9913580212
2007-08-24,269689.4141294016
2007-08-27,269268.4293975889
2007-08-28,266464.2500472698
2007-08-29,267976.4267411347
2007-08-30,269057.9630857700
2007-08-31,272201.9518103123
2007-09-03,274313.9544234438
2007-09-04,275915.4321579547
2007-09-05,274748.1774272291
2007-09-06,277115.4320589059
2007-09-07,272953.8602874734
2007-09-10,273907.8474177398
2007-09-11,271814.3629012883
2007-09-12,272754.0945454485
2007-09-13,275234.6433837467
2007-09-14,276198.5245293961
2007-09-17,277741.0457239641
2007-09-18,280892.1135105443
2007-09-19,281045.7954088788
2007-09-20,282505.5262945516
2007-09-21,282661.7962156169
2007-09-24,283472.1776117664
2007-09-25,283109.9491875601
2007-09-26,282009.4984847034
2007-09-27,284041.4269938432
2007-09-28,286963.0160482834
2007-10-01,289192.6545063955
2007-10-02,288267.5193465752
2007-10-03,287374.6448130537
2007-10-04,288172.7626860269
2007-10-05,290681.7500737038
2007-10-08,292364.1959627613
2007-10-09,294073.2728845038
2007-10-10,295062.0326064978
2007-10-11,295757.2744837087
2007-10-12,296994.0307177171
2007-10-15,298568.6276610752
2007-10-16,295998.2620582391
2007-10-17,294698.8350720318
2007-10-18,296856.7595180207
2007-10-19,296019.9631160671
2007-10-22,293323.5100747517
2007-10-23,294526.2480510426
2007-10-24,294737.0277369486
2007-10-25,296498.2309193969
2007-10-26,302879.8329673583
2007-10-29,304313.8761126714
2007-10-30,302557.9451091140
2007-10-31,305658.6386978534
2007-11-01,304082.1189917346
2007-11-02,309170.5072813547
2007-11-05,309722.2793998082
2007-11-06,314447.8136488809
2007-11-07,316633.1684338356
2007-11-08,316495.6153966624
2007-11-09,314435.4770889258
2007-11-12,304842.2793013324
2007-11-13,303697.1434046415
2007-11-14,308624.5908191699
2007-11-15,298845.8047307524
2007-11-16,299016.4094355469
2007-11-19,295538.8981944232
2007-11-20,300226.7510067282
2007-11-21,301769.9661518853
2007-11-22,301684.9884520136
2007-11-23,310642.6308935438
2007-11-26,311147.5016832453
2007-11-27,306365.6580682152
2007-11-28,302885.9177165727
2007-11-29,300850.7554951594
2007-11-30,296913.3579428106
2007-12-03,298927.3056322655
2007-12-04,303027.7059669279
2007-12-05,302052.4835113918
2007-12-06,304592.3480171447
2007-12-07,301847.0611003550
2007-12-10,306267.2884700847
2007-12-11,306204.0435338006
2007-12-12,306808.9640221723
2007-12-13,301550.4733737470
2007-12-14,299450.4410014165
2007-12-17,299613.5154792761
2007-12-18,303351.4840521439
2007-12-19,301930.4027983577
2007-12-20,301383.7327551586
2007-12-21,306035.5985506261
2007-12-24,306627.9665863452
2007-12-25,306623.2156917778
2007-12-26,311011.1146500535
2007-12-27,309652.5594902745
2007-12-28,312837.4081757197
2007-12-31,311023.0647653203
2008-01-02,317654.8808085375
2008-01-03,319795.7925234356
2008-01-04,317705.8433447447
2008-01-07,316276.3907675773
2008-01-08,321648.8830091988
2008-01-09,321235.0142668432
2008-01-10,323693.1913917032
2008-01-11,323412.3275457131
2008-01-14,324590.8642955085
2008-01-15,323334.6215993635
2008-01-16,319693.7116367057
2008-01-17,319182.1828258199
2008-01-18,319128.8845392226
2008-01-21,319133.1983444069
2008-01-22,319662.5354091763
2008-01-23,318800.5815825613
2008-01-24,322751.0987032041
2008-01-25,322686.9910306939
2008-01-28,325167.3056884052
2008-01-29,324949.3315699644
2008-01-30,324055.1099293915
2008-01-31,324789.0018247636
2008-02-01,323097.4800838464
2008-02-04,322237.4185179984
2008-02-05,318144.0044923681
2008-02-06,319978.6148635308
2008-02-07,321037.0606717060
2008-02-08,323024.4807163065
2008-02-11,323976.7799924252
2008-02-12,321628.3825459228
2008-02-13,322538.7900180434
2008-02-14,321838.7534419639
2008-02-15,320767.4162608770
2008-02-18,320771.7325317620
2008-02-19,323409.8981237510
2008-02-20,324729.9637001578
2008-02-21,325958.7066302724
2008-02-22,325850.8995102413
2008-02-25,325391.6842065421
2008-02-26,327019.4633442992
2008-02-27,328615.7211903932
2008-02-28,328467.6383368421
2008-02-29,328683.4808935028
2008-03-03,329686.4041850138
2008-03-04,327169.0184508766
2008-03-05,330743.0600066436
2008-03-06,328219.5582933268
2008-03-07,327020.8827988966
2008-03-10,326645.2472795089
2008-03-11,327224.1676658407
2008-03-12,327610.4259421863
2008-03-13,328826.2127002187
2008-03-14,329315.2382367474
2008-03-17,329461.6910482727
2008-03-18,329775.7519416950
2008-03-19,323741.0178555420
2008-03-20,321193.7065997045
2008-03-21,321200.1893079111
2008-03-24,321212.8882359734
2008-03-25,322815.7148604854
2008-03-26,323874.2361585458
2008-03-27,323585.7115647827
2008-03-28,321768.7427549651
2008-03-31,320566.4082163518
2008-04-01,317442.2428304452
2008-04-02,318602.9473361305
2008-04-03,319572.3205619279
2008-04-04,319982.7989101843
2008-04-07,321095.9335930638
2008-04-08,320232.8559011609
2008-04-09,321948.6119132583
2008-04-10,321691.6718377607
2008-04-11,321132.6540282271
2008-04-14,321106.7284042555
2008-04-15,321439.7455929951
2008-04-16,323053.9446362401
2008-04-17,322652.7085745731
2008-04-18,320107.1366807807
2008-04-21,320325.6627307435
2008-04-22,320917.4431881718
2008-04-23,319461.4804207224
2008-04-24,317920.8555616553
2008-04-25,317963.3487530272
2008-04-28,318209.6988284069
2008-04-29,316441.3886253980
2008-04-30,315481.1606989438
2008-05-01,314109.9369189252
2008-05-02,314806.8334287123
2008-05-05,316348.6780388613
2008-05-06,316765.9466508785
2008-05-07,316253.0606808459
2008-05-08,317160.3279165704
2008-05-09,317524.5552479063
2008-05-12,317554.7116338062
2008-05-13,316259.5200897243
2008-05-14,315881.6814371783
2008-05-15,317246.9168629189
2008-05-16,319178.9080671930
2008-05-19,319494.2611050582
2008-05-20,320671.7196668718
2008-05-21,321216.3748601658
2008-05-22,320233.4538181276
2008-05-23,320941.9907747194
2008-05-26,320948.4820085364
2008-05-27,319341.9118696174
2008-05-28,318593.1950562782
2008-05-29,316440.3874357217
2008-05-30,317449.0855601072
2008-06-02,317714.4051574858
2008-06-03,316762.4642336657
2008-06-04,316760.9361494120
2008-06-05,315804.9779885439
2008-06-06,316964.8562077084
2008-06-09,316973.9123464571
2008-06-10,316982.9687439527
2008-06-11,316992.0254002025
2008-06-12,317001.0823152140
2008-06-13,317010.1394889944
2008-06-16,317019.1969215513
2008-06-17,317028.2546128919
2008-06-18,317037.3125630236
2008-06-19,317046.3707719540
2008-06-20,317055.4292396904
2008-06-23,317064.4879662401
2008-06-24,317073.5469516105
2008-06-25,317082.6061958091
2008-06-26,317091.6656988433
2008-06-27,317100.7254607204
2008-06-30,317109.7854814479
2008-07-01,317118.8457610331
2008-07-02,317127.9062994834
2008-07-03,317136.9670968062
2008-07-04,317146.0281530090
2008-07-07,317155.0894680991
2008-07-08,317164.1510420839
2008-07-09,317173.2128749707
2008-07-10,317182.2749667672
2008-07-11,317191.3373174805
2008-07-14,317200.3999271182
2008-07-15,317209.4627956875
2008-07-16,317218.5259231959
2008-07-17,317227.5893096509
2008-07-18,317236.6529550597
2008-07-21,317245.7168594298
2008-07-22,317254.7810227687
2008-07-23,317263.8454450836
2008-07-24,317272.9101263821
2008-07-25,317281.9750666714
2008-07-28,317291.0402659590
2008-07-29,317300.1057242523
2008-07-30,317309.1714415587
2008-07-31,317318.2374178856
2008-08-01,317327.3036532404
2008-08-04,317336.3701476305
2008-08-05,317345.4369010633
2008-08-06,317354.5039135462
2008-08-07,317363.5711850866
2008-08-08,317372.6387156919
2008-08-11,317381.7065053695
2008-08-12,317390.7745541267
2008-08-13,317399.8428619711
2008-08-14,317408.9114289100
2008-08-15,317417.9802549509
2008-08-18,317427.0493401010
2008-08-19,317436.1186843679
2008-08-20,317445.1882877589
2008-08-21,317454.2581502814
2008-08-22,317463.3282719428
2008-08-25,317472.3986527506
2008-08-26,317481.4692927121
2008-08-27,317490.5401918347
2008-08-28,317499.6113501259
2008-08-29,317508.6827675931
2008-09-01,317517.7544442436
2008-09-02,317526.8263800849
2008-09-03,317535.8985751243
2008-09-04,317544.9710293693
2008-09-05,317554.0437428273
2008-09-08,317563.1167155056
2008-09-09,317572.1899474118
2008-09-10,317581.2634385531
2008-09-11,317590.3371889371
2008-09-12,317599.4111985711
2008-09-15,317608.4854674625
2008-09-16,317617.5599956186
2008-09-17,317626.6347830471
2008-09-18,317635.7098297552
2008-09-19,317644.7851357503
2008-09-22,317653.8607010399
2008-09-23,317662.9365256313
2008-09-24,317672.0126095321
2008-09-25,317681.0889527495
2008-09-26,317690.1655552910
2008-09-29,317699.2424171640
2008-09-30,317708.3195383759
2008-10-01,317717.3969189342
2008-10-02,317726.4745588462
2008-10-03,317735.5524581193
2008-10-06,317744.6306167609
2008-10-07,317753.7090347785
2008-10-08,317762.7877121795
2008-10-09,317771.8666489713
2008-10-10,317780.9458451613
2008-10-13,317790.0253007569
2008-10-14,317799.1050157655
2008-10-15,317808.1849901946
2008-10-16,317817.2652240514
2008-10-17,317826.3457173436
2008-10-20,317835.4264700784
2008-10-21,317844.5074822632
2008-10-22,317853.5887539056
2008-10-23,317862.6702850128
2008-10-24,317871.7520755924
2008-10-27,317880.8341256517
2008-10-28,317889.9164351982
2008-10-29,317898.9990042392
2008-10-30,317908.0818327821
2008-10-31,317917.1649208345
2008-11-03,317926.2482684036
2008-11-04,317935.3318754970
2008-11-05,317944.4157421220
2008-11-06,317953.4998682861
2008-11-07,317962.5842539967
2008-11-10,317971.6688992610
2008-11-11,317980.7538040867
2008-11-12,317989.8389684811
2008-11-13,317998.9243924516
2008-11-14,318008.0100760057
2008-11-17,318017.0960191507
2008-11-18,318026.1822218942
2008-11-19,318035.2686842434
2008-11-20,318044.3554062058
2008-11-21,318053.4423877888
2008-11-24,318062.5296289999
2008-11-25,318071.6171298465
2008-11-26,318080.7048903359
2008-11-27,318089.7929104756
2008-11-28,318098.8811902731
2008-12-01,318103.4254600044
2008-12-02,318107.9697946538
2008-12-03,318112.5141942223
2008-12-04,318117.0586587109
2008-12-05,318121.6031881203
2008-12-08,318126.1477824515
2008-12-09,318130.6924417056
2008-12-10,318135.2371658833
2008-12-11,318139.7819549857
2008-12-12,318144.3268090136
2008-12-15,318148.8717279680
2008-12-16,318153.4167118499
2008-12-17,318157.9617606601
2008-12-18,318162.5068743995
2008-12-19,318167.0520530691
2008-12-22,318171.5972966698
2008-12-23,318176.1426052027
2008-12-24,318180.6879786685
2008-12-25,318185.2334170682
2008-12-26,318189.7789204028
2008-12-29,318194.3244886731
2008-12-30,318198.8701218800
2008-12-31,318203.4158200246
2009-01-02,318207.9615831078
2009-01-05,318212.5074111304
2009-01-06,318217.0533040934
2009-01-07,318221.5992619978
2009-01-08,318226.1452848444
2009-01-09,318230.6913726341
2009-01-12,318235.2375253681
2009-01-13,318239.7837430470
2009-01-14,318244.3300256719
2009-01-15,318248.8763732436
2009-01-16,318253.4227857633
2009-01-19,318257.9692632317
2009-01-20,318262.5158056497
2009-01-21,318267.0624130184
2009-01-22,318271.6090853385
2009-01-23,318276.1558226112
2009-01-26,318280.7026248372
2009-01-27,318285.2494920176
2009-01-28,318289.7964241532
2009-01-29,318294.3434212450
2009-01-30,318298.8904832939
2009-02-02,318303.4376103008
2009-02-03,318307.9848022666
2009-02-04,318312.5320591924
2009-02-05,318317.0793810789
2009-02-06,318321.6267679273
2009-02-09,318326.1742197382
2009-02-10,318330.7217365128
2009-02-11,318335.2693182519
2009-02-12,318339.8169649564
2009-02-13,318344.3646766273
2009-02-16,318348.9124532656
2009-02-17,318353.4602948721
2009-02-18,318358.0082014477
2009-02-19,318362.5561729934
2009-02-20,318367.1042095102
2009-02-23,318371.6523109989
2009-02-24,318376.2004774605
2009-02-25,318380.7487088959
2009-02-26,318385.2970053061
2009-02-27,318389.8453666918
2009-03-02,318394.3937930542
2009-03-03,318398.9422843941
2009-03-04,318403.4908407124
2009-03-05,318408.0394620101
2009-03-06,318412.5881482882
2009-03-09,315075.4278166437
2009-03-10,315984.1062737558
2009-03-11,316232.4240846783
2009-03-12,317743.3220784127
2009-03-13,317813.3901001837
2009-03-16,319406.0996658236
2009-03-17,325505.2517102701
2009-03-18,322725.0853085449
2009-03-19,335680.4450107391
2009-03-20,335614.8900157431
2009-03-23,340411.1323833652
2009-03-24,337519.3724056513
2009-03-25,334875.5691787922
2009-03-26,342190.0075262497
2009-03-27,341395.7512099228
2009-03-30,339027.1169461993
2009-03-31,341738.9316249919
2009-04-01,345654.4196591789
2009-04-02,345568.2349047670
2009-04-03,343618.3123344446
2009-04-06,340411.3926343850
2009-04-07,342616.3170720085
2009-04-08,334735.1189314116
2009-04-09,337832.2144391448
2009-04-10,344184.7977341260
2009-04-13,351346.4338086366
2009-04-14,352310.2198631974
2009-04-15,353413.7546850450
2009-04-16,351792.2484016714
2009-04-17,347282.6144249173
2009-04-20,354306.5701144640
2009-04-21,351415.2577001477
2009-04-22,344843.2791353718
2009-04-23,347675.7962575283
2009-04-24,347236.4853677000
2009-04-27,341716.9498677232
2009-04-28,339897.7099499892
2009-04-29,347799.7128028338
2009-04-30,347898.7501920652
2009-05-01,347505.1486084426
2009-05-04,357196.4812170439
2009-05-05,358382.6242793618
2009-05-06,362203.2174652243
2009-05-07,362857.9622359091
2009-05-08,365025.9650194973
2009-05-11,359857.2469039215
2009-05-12,365825.4437544855
2009-05-13,368794.8442279061
2009-05-14,367297.4723911271
2009-05-15,368004.4550375383
2009-05-18,368033.2307578058
2009-05-19,371077.3867965863
2009-05-20,370122.0835284237
2009-05-21,367006.4466995694
2009-05-22,367048.3880194253
2009-05-25,368114.0376169622
2009-05-26,365288.1806048057
2009-05-27,368832.1854231771
2009-05-28,370004.8881545690
2009-05-29,372355.2437127945
2009-06-01,379927.6243869784
2009-06-02,380969.5548951663
2009-06-03,382525.5045077148
2009-06-04,385166.4877349903
2009-06-05,381731.5350410163
2009-06-08,379486.7448673471
2009-06-09,381058.7586265582
2009-06-10,381915.3808574136
2009-06-11,382012.4704861429
2009-06-12,377791.4250573587
2009-06-15,376861.3200256861
2009-06-16,376042.3003538836
2009-06-17,378574.0958158507
2009-06-18,380224.7206473406
2009-06-19,382248.2587642813
2009-06-22,378528.0420474498
2009-06-23,378665.6289152494
2009-06-24,382121.6947953840
2009-06-25,384247.3867628090
2009-06-26,385044.7858875911
2009-06-29,387199.4595165825
2009-06-30,385016.4468354115
2009-07-01,389161.6894300835
2009-07-02,387933.5659952541
2009-07-03,389391.4010960824
2009-07-06,390112.7121015694
2009-07-07,387291.2988543203
2009-07-08,385646.7211388588
2009-07-09,388197.4372307862
2009-07-10,387902.2993778110
2009-07-13,389055.1704224634
2009-07-14,392533.9571248677
2009-07-15,398443.6688725096
2009-07-16,399144.1978539824
2009-07-17,399902.2898683399
2009-07-20,404872.0323540891
2009-07-21,402921.5821670432
2009-07-22,406933.1231264959
2009-07-23,410736.1030200691
2009-07-24,411417.9079616428
2009-07-27,414293.3615534034
2009-07-28,413691.5825333804
2009-07-29,404953.7173438098
2009-07-30,409009.2922863030
2009-07-31,414206.3426963235
2009-08-03,417823.8383157343
2009-08-04,419088.0241539009
2009-08-05,416218.3852406761
2009-08-06,412042.8884798586
2009-08-07,408910.8552567706
2009-08-10,407105.8340090089
2009-08-11,406708.7407571016
2009-08-12,402242.8840602329
2009-08-13,404480.7929226410
2009-08-14,398957.7879290668
2009-08-17,387841.5779231953
2009-08-18,390688.2596861266
2009-08-19,386096.5857335783
2009-08-20,391781.8006381798
2009-08-21,396502.5864392486
2009-08-24,391600.6732119519
2009-08-25,392375.1752720652
2009-08-26,392396.9921146255
2009-08-27,392851.7256855666
2009-08-28,397118.2337693312
2009-08-31,394520.3615587677
2009-09-01,395172.5147363314
2009-09-02,403573.7439822485
2009-09-03,411322.8028275551
2009-09-04,411447.6540105365
2009-09-07,411479.0188357072
2009-09-08,412813.5616982566
2009-09-09,412196.8786727259
2009-09-10,412388.4030972864
2009-09-11,416077.7580377593
2009-09-14,414468.8782933203
2009-09-15,416473.9579144832
2009-09-16,422086.2081869267
2009-09-17,419647.2634768581
2009-09-18,418397.8623441597
2009-09-21,416281.5769978091
2009-09-22,420263.1834094364
2009-09-23,419545.0117376458
2009-09-24,413453.3479854953
2009-09-25,410428.7285181388
2009-09-28,411639.4815049479
2009-09-29,411714.6434857349
2009-09-30,417420.4840831560
2009-10-01,413343.3362524830
2009-10-02,414637.1102295481
2009-10-05,420084.9525387682
2009-10-06,428918.8091828406
2009-10-07,430803.5000432205
2009-10-08,435552.2238677017
2009-10-09,433030.5847988480
2009-10-12,436457.5217338844
2009-10-13,439328.3733294502
2009-10-14,439751.8210042396
2009-10-15,434483.3499997115
2009-10-16,434600.3301237707
2009-10-19,437430.4888118861
2009-10-20,437574.4727329297
2009-10-21,439650.4989510135
2009-10-22,437630.3888789609
2009-10-23,436688.8571823168
2009-10-26,431307.1855036647
2009-10-27,428196.2678429559
2009-10-28,425590.8349595825
2009-10-29,432367.9852112262
2009-10-30,429021.4480349774
2009-11-02,434555.4462928961
2009-11-03,446484.2630289093
2009-11-04,447443.7520239964
2009-11-05,448804.5913731014
2009-11-06,451348.1565274205
2009-11-09,454046.6034591517
2009-11-10,454523.5172864258
2009-11-11,459251.7113643392
2009-11-12,451959.1019199694
2009-11-13,455942.4969890726
2009-11-16,463818.0048855881
2009-11-17,464480.2553646240
2009-11-18,463843.6028253751
2009-11-19,460480.6103113728
2009-11-20,460412.9343754941
2009-11-23,467412.9588832283
2009-11-24,466684.5195394151
2009-11-25,471884.2104334495
2009-11-26,471677.6304299819
2009-11-27,465169.9333216714
2009-11-30,467320.9661525826
2009-12-01,474262.6238445416
2009-12-02,477864.8081127438
2009-12-03,477799.6424608217
2009-12-04,469823.8239159917
2009-12-07,468397.3036359791
2009-12-08,462275.5888239740
2009-12-09,458582.5655179682
2009-12-10,460348.7152269360
2009-12-11,459064.6458401088
2009-12-14,462187.1957756606
2009-12-15,460815.5227326193
2009-12-16,464099.9781868951
2009-12-17,455349.9060547855
2009-12-18,459123.1387594990
2009-12-21,458499.5603087802
2009-12-22,457912.4826937715
2009-12-23,461122.8623831971
2009-12-24,465606.1915884709
2009-12-25,465585.7012101298
2009-12-28,466468.4683820184
2009-12-29,464043.8802374497
2009-12-30,463074.7839799831
2009-12-31,462166.6128025168
2010-01-01,462165.4397181983
2010-01-04,470272.3364675404
2010-01-05,470455.7508083053
2010-01-06,473445.1672202125
2010-01-07,472670.2755694499
2010-01-08,475411.5300279437
2010-01-11,472513.6032081831
2010-01-12,472520.3534025147
2010-01-13,472527.1036932775
2010-01-14,472533.8540804731
2010-01-15,472540.6045641028
2010-01-18,472547.3551441680
2010-01-19,472554.1058206701
2010-01-20,472560.8565936104
2010-01-21,472567.6074629903
2010-01-22,472574.3584288112
2010-01-25,472581.1094910745
2010-01-26,472587.8606497815
2010-01-27,472594.6119049336
2010-01-28,472601.3632565323
2010-01-29,472608.1147045788
2010-02-01,472614.8662490746
2010-02-02,472621.6178900210
2010-02-03,472628.3696274195
2010-02-04,472635.1214612713
2010-02-05,469882.7397749234
2010-02-08,469726.6919960320
2010-02-09,472642.4159717129
2010-02-10,472448.1886129976
2010-02-11,476535.5628926998
2010-02-12,476608.5099414947
2010-02-16,481538.5405640720
2010-02-17,482544.8139623848
2010-02-18,483683.4242899006
2010-02-19,484073.8612262816
2010-02-22,483026.5733466709
2010-02-23,479905.3091092611
2010-02-24,481227.0175362880
2010-02-25,482005.1621482689
2010-02-26,483168.0463954370
2010-03-01,486012.4695528378
2010-03-02,488178.0577396417
2010-03-03,488603.2674065278
2010-03-04,488758.1494074605
2010-03-05,491715.3639210126
2010-03-08,491302.8822532205
2010-03-09,491854.3826878369
2010-03-10,492161.5296476412
2010-03-11,492976.7951259648
2010-03-12,492344.8805664855
2010-03-15,492219.0830109847
2010-03-16,494896.9903840432
2010-03-17,495965.3804746603
2010-03-18,496432.9192381360
2010-03-19,493432.1731931289
2010-03-22,494493.1530225225
2010-03-23,496444.0577379874
2010-03-24,493908.7802019403
2010-03-25,494151.3403168039
2010-03-26,494896.5131644267
2010-03-29,496118.8494855693
2010-03-30,496145.6648596822
2010-03-31,495836.7286001149
2010-04-01,497188.4121484468
2010-04-02,497191.4100019128
2010-04-05,500019.8619817380
2010-04-06,500772.0736219015
2010-04-07,501710.0737611037
2010-04-08,502103.8917030827
2010-04-09,504217.5676535104
2010-04-12,504663.1584881282
2010-04-13,504606.2474147853
2010-04-14,508282.3064924775
2010-04-15,509237.2599992312
2010-04-16,504516.8576540791
2010-04-19,504371.1728424992
2010-04-20,506271.6164065830
2010-04-21,507460.7340752644
2010-04-22,508147.5614217482
2010-04-23,509969.0995283310
2010-04-26,509370.4732638432
2010-04-27,505799.9319953808
2010-04-28,506601.2143016146
2010-04-29,509663.7757602520
2010-04-30,505608.4828356818
2010-05-03,506110.2790660876
2010-05-04,506117.5092129314
2010-05-05,506124.7394630630
2010-05-06,506131.9698164839
2010-05-07,506139.2002731956
2010-05-10,506146.4308331995
2010-05-11,506153.6614964971
2010-05-12,506160.8922630899
2010-05-13,506168.1231329794
2010-05-14,506175.3541061670
2010-05-17,506182.5851826542
2010-05-18,506189.8163624425
2010-05-19,506197.0476455334
2010-05-20,506204.2790319283
2010-05-21,506211.5105216288
2010-05-24,506218.7421146362
2010-05-25,506225.9738109522
2010-05-26,506233.2056105780
2010-05-27,506240.4375135153
2010-05-28,506247.6695197655
2010-05-31,506254.9016293301
2010-06-01,506262.1338422105
2010-06-02,506269.3661584082
2010-06-03,506276.5985779248
2010-06-04,506283.8311007616
2010-06-07,506291.0637269202
2010-06-08,506298.2964564020
2010-06-09,506305.5292892085
2010-06-10,506312.7622253412
2010-06-11,506319.9952648016
2010-06-14,506327.2284075911
2010-06-15,506334.4616537112
2010-06-16,506341.6950031634
2010-06-17,506348.9284559492
2010-06-18,506356.1620120700
2010-06-21,506363.3956715273
2010-06-22,506370.6294343225
2010-06-23,506377.8633004573
2010-06-24,506385.0972699330
2010-06-25,506392.3313427512
2010-06-28,506399.5655189132
2010-06-29,506406.7997984206
2010-06-30,506414.0341812749
2010-07-01,506421.2686674775
2010-07-02,506428.5032570299
2010-07-05,506435.7379499335
2010-07-06,506442.9727461899
2010-07-07,506450.2076458006
2010-07-08,506457.4426487670
2010-07-09,506464.6777550905
2010-07-12,506471.9129647727
2010-07-13,506479.1482778151
2010-07-14,506486.3836942191
2010-07-15,506493.6192139861
2010-07-16,506500.8548371177
2010-07-19,506508.0905636154
2010-07-20,506515.3263934806
2010-07-21,506522.5623267148
2010-07-22,506529.7983633195
2010-07-23,503588.1063501585
2010-07-26,503297.4574908633
2010-07-27,498429.1630889521
2010-07-28,498258.8664557701
2010-07-29,499374.7061473097
2010-07-30,501935.5410471581
2010-08-02,503191.0880984199
2010-08-03,503233.6685534778
2010-08-04,505287.6408348490
2010-08-05,505638.9392023179
2010-08-06,506662.2055185606
2010-08-09,506368.8714446415
2010-08-10,505125.1527623376
2010-08-11,503751.6974422288
2010-08-12,507002.7798484028
2010-08-13,506698.2982637237
2010-08-16,509460.9816549793
2010-08-17,510005.1012026801
2010-08-18,510661.6882706144
2010-08-19,510526.8510806817
2010-08-20,509310.2740641448
2010-08-23,509184.4671207446
2010-08-24,509103.7303696715
2010-08-25,511088.9789193894
2010-08-26,509795.9585459204
2010-08-27,510753.0948328029
2010-08-30,510283.8018887094
2010-08-31,512473.7397180903
2010-09-01,513740.7612153635
2010-09-02,515096.6884720710
2010-09-03,515454.9489942273
2010-09-06,515458.1724655385
2010-09-07,515761.5772377530
2010-09-08,516150.9798592520
2010-09-09,514502.8812182556
2010-09-10,513720.9118775076
2010-09-13,514030.2824978455
2010-09-14,518123.3371900783
2010-09-15,517584.2708073502
2010-09-16,517931.5048677697
2010-09-17,518910.7478923044
2010-09-20,520060.8997310592
2010-09-21,518377.6862785118
2010-09-22,521230.2875261311
2010-09-23,521813.9095962029
2010-09-24,523436.8943858927
2010-09-27,522741.2941326431
2010-09-28,524748.2786211099
2010-09-29,524907.2609803095
2010-09-30,524797.8459715256
2010-10-01,526389.1019503858
2010-10-04,525519.1859564674
2010-10-05,531201.2832032631
2010-10-06,532198.8976191013
2010-10-07,529785.2046915538
2010-10-08,532063.9053804440
2010-10-11,532949.8387671773
2010-10-12,532178.1230547695
2010-10-13,536730.7524970224
2010-10-14,537324.7353321922
2010-10-15,536242.1229234349
2010-10-18,535783.2342514037
2010-10-19,529503.7848681101
2010-10-20,532098.9299770918
2010-10-21,528169.6997642894
2010-10-22,528645.6358498806
2010-10-25,533916.0903391396
2010-10-26,533885.1843606932
2010-10-27,530678.1608894398
2010-10-28,534656.0138823995
2010-10-29,536917.1017939948
2010-11-01,537221.6911615618
2010-11-02,539463.4391190459
2010-11-03,534786.2188091900
2010-11-04,545184.2756426906
2010-11-05,548292.5062125652
2010-11-08,549930.5696909238
2010-11-09,550932.3756322716
2010-11-10,547259.1168857942
2010-11-11,547453.3754961318
2010-11-12,534928.2925908000
2010-11-15,536513.2246257287
2010-11-16,526990.5180860800
2010-11-17,525369.1370883621
2010-11-18,530153.9094881761
2010-11-19,530431.5814834421
2010-11-22,531833.8638259416
2010-11-23,533387.0919512686
2010-11-24,535107.6084220065
2010-11-25,536092.7959712353
2010-11-26,533626.9442947749
2010-11-29,534609.3669139249
2010-11-30,536096.3458678826
2010-12-01,537984.3075185531
2010-12-02,539196.7287831734
2010-12-03,542581.5085011692
2010-12-06,544662.8683704135
2010-12-07,543475.7865517315
2010-12-08,538424.2316952863
2010-12-09,539904.2258445860
2010-12-10,539534.0469050178
2010-12-13,543922.3292686722
2010-12-14,545547.1512124571
2010-12-15,541084.6247461620
2010-12-16,538508.4090573775
2010-12-17,540393.5192020333
2010-12-20,540610.1170561947
2010-12-21,543552.0345210617
2010-12-22,541934.9013144784
2010-12-23,539464.5871853589
2010-12-24,538933.4612860889
2010-12-27,538004.0722120395
2010-12-28,540261.5938112165
2010-12-29,541922.4529603840
2010-12-30,540222.4073444656
2010-12-31,544158.2785262882
2011-01-03,544410.2018865200
2011-01-04,537103.2047467374
2011-01-05,537100.4079729327
2011-01-06,535902.6461761054
2011-01-07,534290.9107087476
2011-01-10,535056.8914500222
2011-01-11,536592.5410220220
2011-01-12,537366.0356196917
2011-01-13,537022.0360175425
2011-01-14,534738.8986925718
2011-01-17,534181.1269304089
2011-01-18,535167.2816395265
2011-01-19,533183.5672455102
2011-01-20,528989.3541648265
2011-01-21,527906.6141883167
2011-01-24,529625.8640004246
2011-01-25,528302.8475184713
2011-01-26,529736.9657588396
2011-01-27,529211.2214404475
2011-01-28,528094.3158603397
2011-01-31,528385.6242558919
2011-02-01,532368.2826339251
2011-02-02,531089.6386118679
2011-02-03,532810.4239252196
2011-02-04,533243.3057166182
2011-02-07,534069.6935411543
2011-02-08,536667.3691866554
2011-02-09,536110.2268655206
2011-02-10,536919.2527661065
2011-02-11,537919.1063650397
2011-02-14,539413.4747821104
2011-02-15,539594.5286013628
2011-02-16,540765.5065525657
2011-02-17,542055.6211388144
2011-02-18,542237.9335636778
2011-02-21,542241.4293728977
2011-02-22,539034.0419278146
2011-02-23,538271.4977819932
2011-02-24,539143.8192034692
2011-02-25,541103.5351195362
2011-02-28,541175.4412741387
2011-03-01,540176.4773362176
2011-03-02,541433.6287542587
2011-03-03,542626.4396410417
2011-03-04,542715.2728590713
2011-03-07,540647.4589061236
2011-03-08,541359.5306259167
2011-03-09,541091.0738169985
2011-03-10,536548.2576068442
2011-03-11,538468.1174465126
2011-03-14,537710.0270582585
2011-03-15,533063.5319973174
2011-03-16,530317.1137617275
2011-03-17,532344.2421374903
2011-03-18,533844.2075440636
2011-03-21,537260.3543055179
2011-03-22,536349.6692902700
2011-03-23,537957.2007474637
2011-03-24,540076.5577799042
2011-03-25,539886.6246114111
2011-03-28,538800.1459325103
2011-03-29,539913.0461475971
2011-03-30,541572.2788557664
2011-03-31,542588.1767317243
2011-04-01,540493.7747787817
2011-04-04,538702.5185085563
2011-04-05,544691.7244022196
2011-04-06,547053.1404410049
2011-04-07,546534.7783320225
2011-04-08,550846.1395045117
2011-04-11,548294.9703991230
2011-04-12,543226.5805271846
2011-04-13,543845.2754103862
2011-04-14,548764.9063506422
2011-04-15,552972.3711809015
2011-04-18,553492.1595532669
2011-04-19,554789.5219810124
2011-04-20,557656.5027235566
2011-04-21,559272.4396461378
2011-04-22,559272.4621677671
2011-04-25,558960.2134886681
2011-04-26,561084.3865905039
2011-04-27,564639.8789102280
2011-04-28,568661.0164506764
2011-04-29,575995.0141489432
2011-05-02,575081.0847524982
2011-05-03,570191.2714762429
2011-05-04,561489.4038142515
2011-05-05,550346.0128759600
2011-05-06,553888.0757832238
2011-05-09,558589.6419761004
2011-05-10,563646.6513573817
2011-05-11,558111.1145968862
2011-05-12,560932.2915476295
2011-05-13,555638.3272852096
2011-05-16,553710.1133337929
2011-05-17,549772.7464979929
2011-05-18,556305.3913752805
2011-05-19,555557.2176728607
2011-05-20,559460.1731199293
2011-05-23,559809.7797577692
2011-05-24,561077.9758042998
2011-05-25,562310.5275829338
2011-05-26,561805.8487191915
2011-05-27,566372.6192906662
2011-05-30,566372.6418239168
2011-05-31,566776.6343567169
2011-06-01,565974.6861064718
2011-06-02,563488.8398101089
2011-06-03,564679.2598833540
2011-06-06,563853.0860960494
2011-06-07,563808.0146451005
2011-06-08,560721.2338168550
2011-06-09,562350.2721762131
2011-06-10,556805.2055484853
2011-06-13,553163.8344452677
2011-06-14,556328.8316860138
2011-06-15,555200.7662322772
2011-06-16,555980.7875292844
2011-06-17,558401.1876488106
2011-06-20,560151.2417835039
2011-06-21,562716.2480330934
2011-06-22,563777.5480747032
2011-06-23,555188.4162966991
2011-06-24,548175.4180690775
2011-06-27,549336.0915516866
2011-06-28,551056.3723784379
2011-06-29,553976.5732756237
2011-06-30,553089.2143969502
2011-07-01,548924.4342453347
2011-07-04,548924.4567897652
2011-07-05,558350.9517741165
2011-07-06,563558.6311297423
2011-07-07,565379.6254237070
2011-07-08,568086.0903096441
2011-07-11,568230.3246255417
2011-07-12,570814.4196201527
2011-07-13,580724.5275080781
2011-07-14,575996.2229432139
2011-07-15,577308.6667712240
2011-07-18,582574.7236720192
2011-07-19,584200.0002515098
2011-07-20,581165.2844651340
2011-07-21,579359.9797486681
2011-07-22,584424.6492063124
2011-07-25,586345.9592466044
2011-07-26,587069.0542646176
2011-07-27,584023.8585190393
2011-07-28,582604.5286984873
2011-07-29,585542.1538403967
2011-08-01,581889.4584211576
2011-08-02,584526.2475620392
2011-08-03,590284.3510090099
2011-08-04,583325.3001914301
2011-08-05,580674.9825749176
2011-08-08,587848.3982360277
2011-08-09,599380.0781586177
2011-08-10,603882.2895023021
2011-08-11,598820.3552571798
2011-08-12,597441.7197780777
2011-08-15,602647.3374485027
2011-08-16,607073.8927281542
2011-08-17,608978.8998141284
2011-08-18,610887.4249551791
2011-08-19,616441.3802450410
2011-08-22,626702.3922181389
2011-08-23,623242.2416736759
2011-08-24,599359.4590391045
2011-08-25,598942.9870372002
2011-08-26,609216.0231351889
2011-08-29,609474.4561704905
2011-08-30,619804.9979984685
2011-08-31,620131.2862905012
2011-09-01,618505.7237817027
2011-09-02,626998.0643004454
2011-09-05,626999.9718292607
2011-09-06,626605.6035335425
2011-09-07,616855.9364958203
2011-09-08,624386.8396843488
2011-09-09,622545.5511340501
2011-09-12,614531.1329280816
2011-09-13,619617.8005998202
2011-09-14,620237.7994295453
2011-09-15,610525.1383982874
2011-09-16,616368.0057752596
2011-09-19,610378.5707899169
2011-09-20,612341.1473730117
2011-09-21,611337.0944530293
2011-09-22,605154.9568170108
2011-09-23,597936.0643289462
2011-09-26,595576.0657249137
2011-09-27,600337.1830667799
2011-09-28,596776.7202613063
2011-09-29,596470.3465872944
2011-09-30,595710.6721172454
2011-10-03,597203.4447787245
2011-10-04,594568.6183281479
2011-10-05,597470.1502812335
2011-10-06,599189.7925236834
2011-10-07,597321.3383820045
2011-10-10,600685.5666175942
2011-10-11,600934.1421174918
2011-10-12,602663.4414807972
2011-10-13,602467.6675999109
2011-10-14,604371.6171397646
2011-10-17,602707.5724125900
2011-10-18,601946.8763208964
2011-10-19,600616.9424025468
2011-10-20,597864.2673247684
2011-10-21,600248.1616355500
2011-10-24,602512.4571652084
2011-10-25,604800.3709625504
2011-10-26,606443.9245852561
2011-10-27,609838.2745704327
2011-10-28,609784.4493346822
2011-10-31,607035.5839839255
2011-11-01,604741.7433902000
2011-11-02,606627.7114448718
2011-11-03,610220.5465958084
2011-11-04,609116.5762041516
2011-11-07,611750.0212917398
2011-11-08,613261.9307343495
2011-11-09,610857.7505115074
2011-11-10,608560.6842062771
2011-11-11,611603.2426065616
2011-11-14,610339.1475286573
2011-11-15,611285.8518921370
2011-11-16,609828.1119440342
2011-11-17,604996.3601221656
2011-11-18,605227.1680160433
2011-11-21,601166.0594387245
2011-11-22,602957.1580293684
2011-11-23,601530.6763438000
2011-11-24,601539.3205767553
2011-11-25,600594.4473352409
2011-11-28,604335.9170166390
2011-11-29,604261.6959431989
2011-11-30,608253.3263613469
2011-12-01,607784.1208893440
2011-12-02,608364.5242613060
2011-12-05,607283.3626289263
2011-12-06,606651.5328931757
2011-12-07,607582.3038311970
2011-12-08,605212.3157461546
2011-12-09,605830.3766377690
2011-12-12,601804.3126435616
2011-12-13,601196.2302113872
2011-12-14,594830.4286372263
2011-12-15,591886.5019502500
2011-12-16,594382.5939191415
2011-12-19,591643.2978338359
2011-12-20,597430.9991491968
2011-12-21,598397.6038884730
2011-12-22,598913.4327098466
2011-12-23,599516.0786804054
2011-12-26,599521.5767574315
2011-12-27,598247.6720067507
2011-12-28,592724.0533600326
2011-12-29,591828.2214521875
2011-12-30,593395.1127188141
2012-01-03,598438.5463676779
2012-01-04,600118.7855118315
2012-01-05,601734.9067604290
2012-01-06,601503.2681824313
2012-01-09,600650.5206737979
2012-01-10,604856.3050619877
2012-01-11,605809.2085513454
2012-01-12,607272.0663750955
2012-01-13,604681.8758353367
2012-01-16,604687.3754398036
2012-01-17,607671.3661892596
2012-01-18,610029.8918962635
2012-01-19,610187.7308491252
2012-01-20,611670.5115457352
2012-01-23,613209.4792149167
2012-01-24,611249.3726680850
2012-01-25,616733.8828492406
2012-01-26,618247.0775633887
2012-01-27,619410.4556288805
2012-01-30,618772.6609276168
2012-01-31,618885.4714440850
2012-02-01,621112.8026828906
2012-02-02,622291.4325076344
2012-02-03,622646.0008244775
2012-02-06,621043.9473654244
2012-02-07,624041.7756950767
2012-02-08,622192.9797718279
2012-02-09,623225.9919101635
2012-02-10,620199.5725806331
2012-02-13,621161.3290142389
2012-02-14,620420.9088600144
2012-02-15,620715.1218262149
2012-02-16,622804.4169059230
2012-02-17,622804.7835029284
2012-02-20,622810.2858360233
2012-02-21,626356.9082044226
2012-02-22,627112.6109551878
2012-02-23,629458.3738939578
2012-02-24,628737.0794739414
2012-02-27,628849.9286062582
2012-02-28,630972.6613355214
2012-02-29,621725.4775194008
2012-03-01,623966.8377180998
2012-03-02,622218.6059960207
2012-03-05,619836.1421098149
2012-03-06,614354.9301247062
2012-03-07,615889.7391347461
2012-03-08,618169.3550910433
2012-03-09,619457.9766845732
2012-03-12,616639.6697938694
2012-03-13,616651.9047079526
2012-03-14,616664.1398647921
2012-03-15,616676.3752643926
2012-03-16,616688.6109067589
2012-03-19,616700.8467918959
2012-03-20,616713.0829198085
2012-03-21,616725.3192905013
2012-03-22,616737.5559039792
2012-03-23,616749.7927602471
2012-03-26,616762.0298593098
2012-03-27,616774.2672011721
2012-03-28,616786.5047858388
2012-03-29,616798.7426133147
2012-03-30,616810.9806836046
2012-04-02,616823.2189967134
2012-04-03,616835.4575526458
2012-04-04,616847.6963514067
2012-04-05,616859.9353930011
2012-04-06,616872.1746774334
2012-04-09,616884.4142047088
2012-04-10,616896.6539748319
2012-04-11,616908.8939878076
2012-04-12,616921.1342436407
2012-04-13,616933.3747423360
2012-04-16,616945.6154838983
2012-04-17,616957.8564683326
2012-04-18,616970.0976956434
2012-04-19,616982.3391658358
2012-04-20,616994.5808789145
2012-04-23,617006.8228348843
2012-04-24,617019.0650337500
2012-04-25,617031.3074755166
2012-04-26,617043.5501601887
2012-04-27,617055.7930877713
2012-04-30,617068.0362582691
2012-05-01,617080.2796716869
2012-05-02,617092.5233280297
2012-05-03,617104.7672273021
2012-05-04,617117.0113695089
2012-05-07,617129.2557546551
2012-05-08,617141.5003827455
2012-05-09,617153.7452537848
2012-05-10,617165.9903677780
2012-05-11,617178.2357247297
2012-05-14,617190.4813246449
2012-05-15,617202.7271675284
2012-05-16,617214.9732533848
2012-05-17,617227.2195822193
2012-05-18,617239.4661540363
2012-05-21,617251.7129688410
2012-05-22,617263.9600266380
2012-05-23,617276.2073274322
2012-05-24,617288.4548712284
2012-05-25,617300.7026580315
2012-05-28,613938.8069480271
2012-05-29,614848.0481604344
2012-05-30,613868.1768383102
2012-05-31,614243.2432584625
2012-06-01,612835.4456958942
2012-06-04,612620.4633973781
2012-06-05,614311.1225997552
2012-06-06,620167.3051541212
2012-06-07,616259.0181085593
2012-06-08,618787.7160903895
2012-06-11,615041.6456828521
2012-06-12,619494.4527297353
2012-06-13,617186.3710244752
2012-06-14,618421.5955440790
2012-06-15,623004.9524890219
2012-06-18,623406.7839835708
2012-06-19,625387.5998966082
2012-06-20,624871.5933308321
2012-06-21,616616.4381176196
2012-06-22,618865.1125429985
2012-06-25,616462.9745462805
2012-06-26,616707.2540668553
2012-06-27,618322.0146487402
2012-06-28,614934.6519001510
2012-06-29,624588.2627411055
2012-07-02,624738.9169806455
2012-07-03,628330.6288290541
2012-07-04,628335.3262750874
2012-07-05,627347.6538697332
2012-07-06,622882.5963457900
2012-07-09,623733.4751041387
2012-07-10,620763.9297829157
2012-07-11,619245.9303775657
2012-07-12,618019.5795152069
2012-07-13,623659.0296339551
2012-07-16,622640.7062013161
2012-07-17,623365.4469226038
2012-07-18,623914.8964762297
2012-07-19,626149.2912166804
2012-07-20,623638.7602939099
2012-07-23,621489.3672362445
2012-07-24,619468.3966442556
2012-07-25,621416.9075504236
2012-07-26,624792.6761920443
2012-07-27,629393.5020059055
2012-07-30,628758.8311311137
2012-07-31,626562.4861710668
2012-08-01,625280.1570462440
2012-08-02,623015.6488154621
2012-08-03,628723.6245346239
2012-08-06,630650.5973287092
2012-08-07,631687.7127842142
2012-08-08,631454.7817744621
2012-08-09,632104.4305905029
2012-08-10,632589.0647567043
2012-08-13,631957.7948972201
2012-08-14,630748.3326131454
2012-08-15,632014.3358589670
2012-08-16,635185.2649139058
2012-08-17,635769.1240467072
2012-08-20,634973.9705933747
2012-08-21,635466.2842292124
2012-08-22,635371.9283886340
2012-08-23,636141.5490680737
2012-08-24,637070.5686798561
2012-08-27,637407.8883653553
2012-08-28,637054.2182698868
2012-08-29,636828.2472144419
2012-08-30,634858.2629269551
2012-08-31,637418.1394802884
2012-09-03,637423.5585682059
2012-09-04,638056.4248750047
2012-09-05,636989.0620520141
2012-09-06,642260.7216563508
2012-09-07,644364.0589055968
2012-09-10,641356.5477297303
2012-09-11,641588.5780323294
2012-09-12,641770.2812831418
2012-09-13,647268.3022213440
2012-09-14,648589.3639052148
2012-09-17,647985.1561156844
2012-09-18,647952.2582216737
2012-09-19,647835.2987707474
2012-09-20,647041.3226787420
2012-09-21,647738.2560400674
2012-09-24,646008.2804674692
2012-09-25,642925.1339712637
2012-09-26,640298.7289450518
2012-09-27,644784.4160979623
2012-09-28,642332.4124398393
2012-10-01,642521.6361651388
2012-10-02,644608.4665007452
2012-10-03,646177.1655416611
2012-10-04,648504.3003865436
2012-10-05,646321.2974391328
2012-10-08,642653.3334116356
2012-10-09,638836.8385749151
2012-10-10,638356.6767767915
2012-10-11,637356.2540883378
2012-10-12,635932.5576966966
2012-10-15,636302.9441464376
2012-10-16,639173.3566693382
2012-10-17,639388.9370990657
2012-10-18,636826.9059378101
2012-10-19,631074.7276900152
2012-10-22,631985.0834779117
2012-10-23,628748.8109834555
2012-10-24,627476.1824308787
2012-10-25,628264.4447909314
2012-10-26,628531.6839298994
2012-10-29,628500.2162092980
2012-10-30,628480.9128485671
2012-10-31,627790.7908926299
2012-11-01,630672.1437061259
2012-11-02,625958.0774817732
2012-11-05,627795.9344093159
2012-11-06,631074.4958365731
2012-11-07,625466.7295618486
2012-11-08,623072.5686554178
2012-11-09,623890.2786765574
2012-11-12,622340.2905952663
2012-11-13,618077.7890067934
2012-11-14,618032.8522240295
2012-11-15,616636.2094985988
2012-11-16,617157.8901971740
2012-11-19,619908.0043614834
2012-11-20,619076.8540055591
2012-11-21,619485.4032312816
2012-11-22,619491.4326536435
2012-11-23,622091.0485091780
2012-11-26,621989.5552655992
2012-11-27,621128.1778369945
2012-11-28,619624.4768499265
2012-11-29,620935.3147611830
2012-11-30,619785.1944288714
2012-12-03,620184.3595807431
2012-12-04,618205.4648710964
2012-12-05,617602.5610042842
2012-12-06,618498.8224118357
2012-12-07,618599.6786498571
2012-12-10,619488.0921338820
2012-12-11,619765.1333402575
2012-12-12,620787.6104567905
2012-12-13,619071.3575384590
2012-12-14,618431.8006776304
2012-12-17,619180.7848922012
2012-12-18,617771.4784402864
2012-12-19,617293.7517460693
2012-12-20,615729.8313313616
2012-12-21,616266.1892936138
2012-12-24,616092.5542798440
2012-12-25,616098.5856285659
2012-12-26,615763.8300179708
2012-12-27,615958.1523314621
2012-12-28,614949.2524205955
2012-12-31,617449.9438650412
2013-01-02,620278.0674372022
2013-01-03,616967.3972625450
2013-01-04,614142.6796377036
2013-01-07,613420.0023895710
2013-01-08,614737.1528699236
2013-01-09,614400.4073662185
2013-01-10,618166.3361374363
2013-01-11,615960.5568382242
2013-01-14,616544.0503855729
2013-01-15,618249.7554711794
2013-01-16,618147.8370908858
2013-01-17,620349.0972430398
2013-01-18,620065.4449958531
2013-01-21,620068.8781898497
2013-01-22,621500.5561009845
2013-01-23,621151.7254552548
2013-01-24,618553.9560774777
2013-01-25,617859.8500601879
2013-01-28,617544.8780227189
2013-01-29,619083.6514883506
2013-01-30,620627.6607395059
2013-01-31,617847.6167586326
2013-02-01,620965.3352389415
2013-02-04,619931.2563244633
2013-02-05,619560.6621473809
2013-02-06,619794.7097425573
2013-02-07,619326.5918856570
2013-02-08,620065.6844557130
2013-02-11,619422.1343763033
2013-02-12,619318.4916313763
2013-02-13,619282.5396291460
2013-02-14,618976.7564136555
2013-02-15,617731.2325270176
2013-02-18,617737.2118586344
2013-02-19,618734.7660197899
2013-02-20,615920.2292156273
2013-02-21,615038.4722552730
2013-02-22,615884.2614617837
2013-02-25,614181.2966052180
2013-02-26,616031.5021776429
2013-02-27,616514.3797536010
2013-02-28,615613.4417257877
2013-03-01,615630.4379220869
2013-03-04,616188.6063542130
2013-03-05,617491.4828821177
2013-03-06,617554.5063752042
2013-03-07,617823.7829899158
2013-03-08,618415.3876463444
2013-03-11,618177.4032538137
2013-03-12,617614.2732671192
2013-03-13,617716.2439477128
2013-03-14,618740.5715521220
2013-03-15,618390.0398718358
2013-03-18,617870.5569643639
2013-03-19,617207.0027618313
2013-03-20,618517.0636524950
2013-03-21,616959.7926936581
2013-03-22,618036.8618885815
2013-03-25,617359.3351658788
2013-03-26,618622.1184960187
2013-03-27,618806.7608411291
2013-03-28,619152.2834946391
2013-03-29,619157.6107447674
2013-04-01,617740.3889381757
2013-04-02,617394.9920975929
2013-04-03,615728.4108749743
2013-04-04,616139.6956536334
2013-04-05,615232.7276393881
2013-04-08,616567.7448835529
2013-04-09,617593.0116216461
2013-04-10,620291.2655952950
2013-04-11,620942.4333403136
2013-04-12,619672.9021242721
2013-04-15,612907.2675420594
2013-04-16,616185.6169558207
2013-04-17,612203.5933604918
2013-04-18,610706.6926801919
2013-04-19,612885.7319446718
2013-04-22,614636.7994898488
2013-04-23,616736.9697070705
2013-04-24,616868.0149363765
2013-04-25,617915.3204851140
2013-04-26,617252.4387326761
2013-04-29,619087.5625522541
2013-04-30,619818.2569822029
2013-05-01,617857.9387120248
2013-05-02,619762.7657741543
2013-05-03,621854.3824582911
2013-05-06,622824.2561459409
2013-05-07,622962.0658151839
2013-05-08,623568.1733085422
2013-05-09,622684.0033169182
2013-05-10,624009.8387107382
2013-05-13,624201.4741109960
2013-05-14,625763.8515125803
2013-05-15,626477.6026406937
2013-05-16,625806.8480724569
2013-05-17,627447.9377667352
2013-05-20,627326.7425889843
2013-05-21,627552.1365564114
2013-05-22,625377.9153671456
2013-05-23,625211.4953568036
2013-05-24,625040.3548531140
2013-05-27,624901.1904232997
2013-05-28,626096.4741382845
2013-05-29,625096.9079001418
2013-05-30,626486.0807529793
2013-05-31,623769.0039413547
2013-06-03,624726.5345256156
2013-06-04,623400.7899068258
2013-06-05,620726.5584705921
2013-06-06,622653.5324830065
2013-06-07,624915.8656830881
2013-06-10,625017.4769626074
2013-06-11,622883.8780210321
2013-06-12,621139.2329189078
2013-06-13,623861.4627316804
2013-06-14,622605.4831649053
2013-06-17,623937.9295303388
2013-06-18,625587.3293637026
2013-06-19,623019.6732432574
2013-06-20,617667.2257404687
2013-06-21,617989.1976394330
2013-06-24,616041.0602159051
2013-06-25,615742.1220784562
2013-06-26,618605.1272803686
2013-06-27,620925.6427231050
2013-06-28,619582.3742652795
2013-07-01,622052.8537793689
2013-07-02,621655.1044158986
2013-07-03,622308.7535524342
2013-07-04,622311.8574224063
2013-07-05,625444.3434014968
2013-07-08,627433.5096703378
2013-07-09,629896.8632286139
2013-07-10,630981.2171979231
2013-07-11,637070.0732820767
2013-07-12,639089.7325397995
2013-07-15,639838.3386924178
2013-07-16,638534.2577486234
2013-07-17,639443.3334092188
2013-07-18,641233.8895290766
2013-07-19,640580.8519306171
2013-07-22,640961.1577381135
2013-07-23,638704.8939254101
2013-07-24,636789.6169026671
2013-07-25,639378.1308662293
2013-07-26,639623.2421590041
2013-07-29,635447.7179847218
2013-07-30,636429.8216705923
2013-07-31,635061.4159710414
2013-08-01,641925.8051882789
2013-08-02,642052.2028498008
2013-08-05,642041.9219652012
2013-08-06,638922.6730403492
2013-08-07,637593.4315502944
2013-08-08,639413.5611221934
2013-08-09,638598.3351987177
2013-08-12,639776.5506218151
2013-08-13,641095.8705045392
2013-08-14,639545.8433991133
2013-08-15,632886.9632043138
2013-08-16,632745.2852998192
2013-08-19,631799.6363929618
2013-08-20,634467.5674348105
2013-08-21,632964.9943124265
2013-08-22,636808.5069411081
2013-08-23,636966.2224729904
2013-08-26,636958.2706549381
2013-08-27,624838.4177243292
2013-08-28,626987.4877033469
2013-08-29,631284.4762114591
2013-08-30,626124.0968558333
2013-09-02,626124.9254382267
2013-09-03,629958.2187287990
2013-09-04,633163.8641053620
2013-09-05,633899.1798563993
2013-09-06,634173.4078697616
2013-09-09,638731.2393395798
2013-09-10,640714.5738666046
2013-09-11,640269.3471272313
2013-09-12,639091.3258181443
2013-09-13,639578.8938038340
2013-09-16,639321.5573643130
2013-09-17,642033.3427440108
2013-09-18,645675.3928265577
2013-09-19,646582.2767730274
2013-09-20,644963.7257860021
2013-09-23,643899.2972675532
2013-09-24,644476.5175008026
2013-09-25,643673.5330338338
2013-09-26,646145.7517096812
2013-09-27,645575.6869683806
2013-09-30,644574.5051639259
2013-10-01,648894.1665569007
2013-10-02,648842.7587443690
2013-10-03,644859.7273178581
2013-10-04,648007.9671151740
2013-10-07,644474.3377628585
2013-10-08,637396.1217170411
2013-10-09,635406.8439069593
2013-10-10,643170.1738147747
2013-10-11,646070.8326610281
2013-10-14,647671.2087047260
2013-10-15,645312.8190190303
2013-10-16,649648.7504844401
2013-10-17,652047.5833453684
2013-10-18,656908.4905965368
2013-10-21,657381.2383894306
2013-10-22,658356.3144547183
2013-10-23,655660.3694080323
2013-10-24,657805.7808667753
2013-10-25,659147.7073100943
2013-10-28,658984.2385923493
2013-10-29,660408.3813334578
2013-10-30,658604.4016330824
2013-10-31,657252.3173699244
2013-11-01,657864.7101249435
2013-11-04,659348.7557558022
2013-11-05,659673.5810969481
2013-11-06,658196.7029018943
2013-11-07,651116.7825091407
2013-11-08,656899.4171525033
2013-11-11,656887.1777656360
2013-11-12,656863.9787760354
2013-11-13,661305.3028061520
2013-11-14,662056.9076851278
2013-11-15,663397.0240912857
2013-11-18,659624.3708194918
2013-11-19,658126.1293080819
2013-11-20,657211.4335408640
2013-11-21,661491.0603179091
2013-11-22,663771.2362108734
2013-11-25,663953.9694407790
2013-11-26,666119.0316789120
2013-11-27,668747.3121541701
2013-11-28,668751.0660691862
2013-11-29,670427.4782097919
2013-12-02,668718.0114638100
2013-12-03,667858.2727831695
2013-12-04,668069.3250735018
2013-12-05,667541.5771225927
2013-12-06,669803.5681517739
2013-12-09,669754.2702010910
2013-12-10,669083.9717211400
2013-12-11,663508.1665608315
2013-12-12,663039.8738758977
2013-12-13,663285.1474899085
2013-12-16,666035.5131365923
2013-12-17,665329.8667334297
2013-12-18,669843.9422355047
2013-12-19,668524.2887257126
2013-12-20,672841.1761585530
2013-12-23,676919.8915213579
2013-12-24,677784.8330290772
2013-12-25,677788.5879348335
2013-12-26,678988.3026782293
2013-12-27,677852.9983451518
2013-12-30,677062.0669880232
2013-12-31,678651.3597032377
2014-01-02,675398.1004528913
2014-01-03,674772.5571470098
2014-01-06,672802.5765447763
2014-01-07,676478.1787617845
2014-01-08,677539.3914428968
2014-01-09,676893.3610475899
2014-01-10,678686.2606091737
2014-01-13,672355.0286225133
2014-01-14,678849.6614415969
2014-01-15,682059.0335131511
2014-01-16,683187.3919825997
2014-01-17,680780.4303014879
2014-01-20,680784.1860939178
2014-01-21,683469.1722720547
2014-01-22,685206.4578465566
2014-01-23,682977.3889575584
2014-01-24,674285.9962170396
2014-01-27,669818.7029562450
2014-01-28,671339.3933523442
2014-01-29,667269.6267973359
2014-01-30,674503.0387818033
2014-01-31,672524.4900978231
2014-02-03,662361.7486880471
2014-02-04,665790.7700502992
2014-02-05,663757.3777169199
2014-02-06,668126.9025715233
2014-02-07,674988.0990462643
2014-02-10,676993.1307125025
2014-02-11,681196.2230797508
2014-02-12,682386.1920009980
2014-02-13,686283.3753975905
2014-02-14,686961.8243471263
2014-02-17,686965.5811829695
2014-02-18,689839.7645756513
2014-02-19,687015.3017300775
2014-02-20,690410.2492668831
2014-02-21,690541.5283770913
2014-02-24,693929.5765598780
2014-02-25,695201.1129691934
2014-02-26,695692.2654564041
2014-02-27,698541.9686790735
2014-02-28,698572.5515193853
2014-03-03,695742.3296028718
2014-03-04,702780.1060197691
2014-03-05,702451.7011823960
2014-03-06,701414.2722345737
2014-03-07,699501.8589490759
2014-03-10,700574.9924545195
2014-03-11,698310.5592800237
2014-03-12,701441.6084272738
2014-03-13,694925.0866789569
2014-03-14,694553.1371186777
2014-03-17,699587.3110534912
2014-03-18,705464.8800213295
2014-03-19,702532.6604714537
2014-03-20,705455.7150874897
2014-03-21,701613.3605190357
2014-03-24,693293.6142250734
2014-03-25,694313.2404350091
2014-03-26,688482.7438444864
2014-03-27,686032.5862565630
2014-03-28,686575.4896398679
2014-03-31,690833.1246980457
2014-04-01,696470.0591874487
2014-04-02,695700.7371905112
2014-04-03,693124.0255414526
2014-04-04,687215.9475619296
2014-04-07,683624.6366299654
2014-04-08,685696.9336223908
2014-04-09,690450.4640928083
2014-04-10,683619.2724106379
2014-04-11,679692.7548238942
2014-04-14,682448.4635453180
2014-04-15,681249.2264816719
2014-04-16,685109.4974524518
2014-04-17,684727.1855670192
2014-04-18,684731.4106947166
2014-04-21,686075.6869638853
2014-04-22,689359.0981061240
2014-04-23,687284.8643666268
2014-04-24,690057.8084740043
2014-04-25,686154.2778769280
2014-04-28,685965.8884548289
2014-04-29,687974.6016774722
2014-04-30,688877.9589925804
2014-05-01,688766.5489672562
2014-05-02,689992.0889189157
2014-05-05,690571.6404248109
2014-05-06,685463.2538543381
2014-05-07,683600.7255708720
2014-05-08,681982.3024830171
2014-05-09,683356.1822960372
2014-05-12,689467.0151141525
2014-05-13,688045.2302913067
2014-05-14,686836.2254613829
2014-05-15,683796.9214481330
2014-05-16,685427.2532364380
2014-05-19,688109.6426740875
2014-05-20,686231.0824536011
2014-05-21,687845.9281024276
2014-05-22,690021.9231247786
2014-05-23,692012.8920741060
2014-05-26,692017.1187278091
2014-05-27,694204.2024794270
2014-05-28,693274.6948465072
2014-05-29,693600.0215537753
2014-05-30,692866.8451658620
2014-06-02,692493.9424914403
2014-06-03,692717.9288199752
2014-06-04,693669.6227209268
2014-06-05,697634.0012951524
2014-06-06,695016.1863639441
2014-06-09,695025.8393665325
2014-06-10,695035.4925031904
2014-06-11,695045.1457739196
2014-06-12,695054.7991787221
2014-06-13,695064.4527175996
2014-06-16,695074.1063905540
2014-06-17,695083.7601975872
2014-06-18,695093.4141387010
2014-06-19,695103.0682138974
2014-06-20,695112.7224231781
2014-06-23,695122.3767665451
2014-06-24,695132.0312440002
2014-06-25,689594.0672739409
2014-06-26,688249.3947431055
2014-06-27,689196.3455608359
2014-06-30,688345.5344455426
2014-07-01,692515.8901992791
2014-07-02,693599.5615664663
2014-07-03,696305.0372788626
2014-07-04,696307.3504283756
2014-07-07,692821.3291373542
2014-07-08,687870.6747525079
2014-07-09,690511.7088847461
2014-07-10,688978.0577793723
2014-07-11,690286.4886420701
2014-07-14,692139.1277630387
2014-07-15,690078.1566476803
2014-07-16,691954.1427361820
2014-07-17,686035.2027750470
2014-07-18,692221.5098644232
2014-07-21,691523.4936487491
2014-07-22,693753.7973977553
2014-07-23,694528.4484999517
2014-07-24,693904.9585536097
2014-07-25,691820.5661960095
2014-07-28,690964.8630566082
2014-07-29,688866.8849320164
2014-07-30,688992.0993241555
2014-07-31,678970.0674028418
2014-08-01,678023.1500416737
2014-08-04,681319.4153092676
2014-08-05,676377.6407245542
2014-08-06,676417.3117582235
2014-08-07,673895.9382139719
2014-08-08,678471.7930352375
2014-08-11,680294.7207540539
2014-08-12,679493.9071612789
2014-08-13,683249.5001758093
2014-08-14,685302.4016059013
2014-08-15,685547.7767604281
2014-08-18,689262.5832371630
2014-08-19,691088.0041467535
2014-08-20,691532.0758448550
2014-08-21,693324.7418643006
2014-08-22,693044.1880992781
2014-08-25,695448.1631669279
2014-08-26,696955.1400009352
2014-08-27,695470.9324519837
2014-08-28,694469.0423520349
2014-08-29,696514.2228018739
2014-09-01,696516.5372689632
2014-09-02,697009.4981268969
2014-09-03,695239.6873125168
2014-09-04,693974.6109319397
2014-09-05,696569.0118662780
2014-09-08,695824.6147955497
2014-09-09,691559.7879046208
2014-09-10,693468.2970011773
2014-09-11,693803.2045995540
2014-09-12,691107.0746398629
2014-09-15,689664.1969111291
2014-09-16,693577.6578083792
2014-09-17,692171.2755748500
2014-09-18,695799.2054443266
2014-09-19,689278.8345104491
2014-09-22,677990.4747522734
2014-09-23,680394.3462481317
2014-09-24,688141.1317057672
2014-09-25,684314.3454967309
2014-09-26,686336.0445549536
2014-09-29,688716.0331248514
2014-09-30,688590.1619682355
2014-10-01,685351.2899848216
2014-10-02,685717.3256276899
2014-10-03,687445.5369513975
2014-10-06,686769.9303100407
2014-10-07,683611.7314562507
2014-10-08,690540.9744316560
2014-10-09,687488.1188986307
2014-10-10,680247.6915384075
2014-10-13,675875.9747120537
2014-10-14,675416.8730238972
2014-10-15,677411.9701576616
2014-10-16,674471.5989523735
2014-10-17,673926.4428161787
2014-10-20,679164.5550920194
2014-10-21,681168.2263720274
2014-10-22,677045.5065890368
2014-10-23,676042.2652536597
2014-10-24,677322.0182847052
2014-10-27,675342.6755188673
2014-10-28,686756.2489850152
2014-10-29,691783.5552277087
2014-10-30,695295.4789835943
2014-10-31,702722.2307120656
2014-11-03,704890.1407574400
2014-11-04,704175.9424977308
2014-11-05,701789.4313533357
2014-11-06,703600.7715056378
2014-11-07,702800.5726519707
2014-11-10,712769.3505412336
2014-11-11,712654.3755529105
2014-11-12,717571.0639404522
2014-11-13,716343.6690676879
2014-11-14,716088.3205114447
2014-11-17,714226.9629434333
2014-11-18,712798.5988605324
2014-11-19,710579.3230130567
2014-11-20,712240.9080934753
2014-11-21,718666.1665677346
2014-11-24,728833.3311802368
2014-11-25,734712.2466300246
2014-11-26,742195.1068674338
2014-11-27,746584.8625528357
2014-11-28,755322.0354821786
2014-12-01,753112.7599969937
2014-12-02,768050.0241261441
2014-12-03,771600.5264767722
2014-12-04,791883.7453892551
2014-12-05,798329.6984105294
2014-12-08,811283.2279079158
2014-12-09,786389.6043266876
2014-12-10,789083.9333982427
2014-12-11,788827.8520252442
2014-12-12,789054.6305781378
2014-12-15,789338.1375421501
2014-12-16,790554.7829998676
2014-12-17,791269.6396051053
2014-12-18,791211.0727201952
2014-12-19,792107.9182609883
2014-12-22,792443.7397388947
2014-12-23,790807.5141190914
2014-12-24,789741.0561958291
2014-12-25,791508.6395346974
2014-12-26,793027.7712160539
2014-12-29,793220.1188648911
2014-12-30,793194.6206404265
2014-12-31,793819.9924250700
2015-01-02,793831.0177027426
2015-01-05,793842.0431335440
2015-01-06,793853.0687174764
2015-01-07,793864.0944545419
2015-01-08,793875.1203447427
2015-01-09,793886.1463880808
2015-01-12,793897.1725845584
2015-01-13,793908.1989341776
2015-01-14,793919.2254369406
2015-01-15,793930.2520928493
2015-01-16,793941.2789019062
2015-01-19,793952.3058641132
2015-01-20,793963.3329794724
2015-01-21,793974.3602479859
2015-01-22,793985.3876696561
2015-01-23,793996.4152444848
2015-01-26,794007.4429724743
2015-01-27,794018.4708536266
2015-01-28,794029.4988879440
2015-01-29,794040.5270754286
2015-01-30,794051.5554160825
2015-02-02,794062.5839099077
2015-02-03,794073.6125569065
2015-02-04,794084.6413570809
2015-02-05,794095.6703104330
2015-02-06,794106.6994169651
2015-02-09,794117.7286766793
2015-02-10,794128.7580895775
2015-02-11,794139.7876556622
2015-02-12,794150.8173749351
2015-02-13,794161.8472473987
2015-02-16,794172.8772730549
2015-02-17,794183.9074519059
2015-02-18,794194.9377839539
2015-02-19,794205.9682692009
2015-02-20,794216.9989076491
2015-02-23,794228.0296993005
2015-02-24,794239.0606441575
2015-02-25,794250.0917422220
2015-02-26,794261.1229934961
2015-02-27,794272.1543979822
2015-03-02,794283.1859556822
2015-03-03,794294.2176665983
2015-03-04,794305.2495307325
2015-03-05,788419.6647768972
2015-03-06,782693.6858027561
2015-03-09,786995.4352167036
2015-03-10,779799.4656816045
2015-03-11,779175.1076157523
2015-03-12,785600.7182058044
2015-03-13,785033.4372292167
2015-03-16,793601.2766837209
2015-03-17,795847.0072851995
2015-03-18,802138.3885581158
2015-03-19,800832.2328622073
2015-03-20,806333.5803281805
2015-03-23,809625.5209187046
2015-03-24,808221.9891411552
2015-03-25,798605.3997952192
2015-03-26,798610.9774490513
2015-03-27,801383.8835247107
2015-03-30,810026.8021635870
2015-03-31,804290.7805810907
2015-04-01,806482.1182585452
2015-04-02,807190.1954793592
2015-04-03,809279.1576175964
2015-04-06,811823.0191159303
2015-04-07,815957.4285620118
2015-04-08,820587.8280274638
2015-04-09,820562.3743234808
2015-04-10,826458.7590607530
2015-04-13,830037.6873293689
2015-04-14,830026.1582575749
2015-04-15,829400.7626399999
2015-04-16,834665.6532493921
2015-04-17,833677.7294602641
2015-04-20,834918.0825738242
2015-04-21,840455.1496469923
2015-04-22,846858.8462660754
2015-04-23,849123.6001589115
2015-04-24,849605.3316378634
2015-04-27,855344.0392578463
2015-04-28,851488.6345264520
2015-04-29,849649.7417448472
2015-04-30,842064.1661711755
2015-05-01,846524.2898797700
2015-05-04,849898.6036360894
2015-05-05,832456.0480680385
2015-05-06,826540.8105175914
2015-05-07,823079.2763162962
2015-05-08,835206.5869898781
2015-05-11,842285.2549632832
2015-05-12,844653.6049670806
2015-05-13,843202.6486087446
2015-05-14,849884.1352615034
2015-05-15,845273.2125431754
2015-05-18,846482.1028268646
2015-05-19,854285.7292780635
2015-05-20,855887.3999097639
2015-05-21,862288.8231581465
2015-05-22,869674.2821054751
2015-05-25,879057.6144228118
2015-05-26,879417.0110105854
2015-05-27,887289.4327992500
2015-05-28,863494.9232620180
2015-05-29,860437.3319510121
2015-06-01,864597.0220983669
2015-06-02,865425.0263838382
2015-06-03,867481.4989166630
2015-06-04,863824.5776122278
2015-06-05,865691.7568248768
2015-06-08,862922.1270785899
2015-06-09,861827.7235283160
2015-06-10,868386.6953651280
2015-06-11,868855.3502530002
2015-06-12,866320.8833405194
2015-06-15,862949.5425978610
2015-06-16,863266.1877911321
2015-06-17,864894.8651652158
2015-06-18,869740.2487965758
2015-06-19,864197.8504576995
2015-06-22,867494.4575401825
2015-06-23,869350.9069228604
2015-06-24,867061.1219577279
2015-06-25,863747.9684832096
2015-06-26,855765.7320600497
2015-06-29,841596.2353447352
2015-06-30,846942.7065265278
2015-07-01,846676.9890520754
2015-07-02,844431.5848151178
2015-07-03,841367.0992638335
2015-07-06,841544.5438325442
2015-07-07,841170.0119128036
2015-07-08,828988.2189430160
2015-07-09,833114.4669307923
2015-07-10,843319.2857338971
2015-07-13,851984.9162230333
2015-07-14,854283.4026305844
2015-07-15,851850.5332664490
2015-07-16,858739.8836930748
2015-07-17,864992.6844059356
2015-07-20,865485.9824333822
2015-07-21,864586.1334279941
2015-07-22,857540.9853449117
2015-07-23,856813.5074173379
2015-07-24,853212.9021549145
2015-07-27,847287.3132338899
2015-07-28,848414.0907703675
2015-07-29,849730.2201388862
2015-07-30,849563.6477977908
2015-07-31,849508.3080927277
2015-08-03,849005.9153472520
2015-08-04,849537.3680372498
2015-08-05,849974.2055803012
2015-08-06,847578.9379719791
2015-08-07,847763.6236984148
2015-08-10,850578.4529542605
2015-08-11,851614.2176481208
2015-08-12,853237.6859461667
2015-08-13,853535.6373861326
2015-08-14,853795.5676327993
2015-08-17,855262.4475958853
2015-08-18,852831.7967425685
2015-08-19,852209.9269783859
2015-08-20,846301.0075426244
2015-08-21,837861.4633592846
2015-08-24,829452.0836885256
2015-08-25,828482.4857844785
2015-08-26,837689.7802123353
2015-08-27,843263.8529872382
2015-08-28,843558.2144213172
2015-08-31,840660.5750591350
2015-09-01,833113.0585325164
2015-09-02,838278.0992820726
2015-09-03,837405.2939231864
2015-09-04,834780.7069207144
2015-09-07,834788.7692702014
2015-09-08,841580.7092966717
2015-09-09,838879.6104406054
2015-09-10,838200.5742119193
2015-09-11,838212.2158865612
2015-09-14,838223.8577228930
2015-09-15,838235.4997209170
2015-09-16,838247.1418806353
2015-09-17,838258.7842020503
2015-09-18,838270.4266851642
2015-09-21,838282.0693299792
2015-09-22,838293.7121364977
2015-09-23,838305.3551047218
2015-09-24,838316.9982346538
2015-09-25,838328.6415262960
2015-09-28,838340.2849796505
2015-09-29,838351.9285947197
2015-09-30,838363.5723715058
2015-10-01,838375.2163100110
2015-10-02,838386.8604102376
2015-10-05,838398.5046721877
2015-10-06,838410.1490958637
2015-10-07,838421.7936812678
2015-10-08,838433.4384284022
2015-10-09,838445.0833372693
2015-10-12,838456.7284078712
2015-10-13,838468.3736402103
2015-10-14,838480.0190342886
2015-10-15,838491.6645901086
2015-10-16,838503.3103076724
2015-10-19,833478.9697373307
2015-10-20,831260.7540697856
2015-10-21,827688.0754765961
2015-10-22,835110.7315560037
2015-10-23,842285.2071254856
2015-10-26,842377.8976581946
2015-10-27,841816.7457510766
2015-10-28,848105.6026634573
2015-10-29,844288.6887818952
2015-10-30,840921.3564487230
2015-11-02,846326.8814019068
2015-11-03,847007.7787068291
2015-11-04,846370.6752715772
2015-11-05,845956.5771759150
2015-11-06,847106.4572930537
2015-11-09,843892.7961439893
2015-11-10,842268.2339818783
2015-11-11,841523.4743348610
2015-11-12,834252.4705578173
2015-11-13,834264.0573976861
2015-11-16,834275.6443984832
2015-11-17,834287.2315602109
2015-11-18,834298.8188828715
2015-11-19,834310.4063664671
2015-11-20,834321.9940110000
2015-11-23,834333.5818164725
2015-11-24,834345.1697828866
2015-11-25,834356.7579102447
2015-11-26,834368.3461985490
2015-11-27,834379.9346478018
2015-11-30,834391.5232580053
2015-12-01,834403.1120291617
2015-12-02,834414.7009612732
2015-12-03,834426.2900543421
2015-12-04,834437.8793083706
2015-12-07,834449.4687233610
2015-12-08,834461.0582993155
2015-12-09,834472.6480362363
2015-12-10,834484.2379341257
2015-12-11,834495.8279929860
2015-12-14,834507.4182128191
2015-12-15,834519.0085936276
2015-12-16,834530.5991354136
2015-12-17,834542.1898381794
2015-12-18,834553.7807019271
2015-12-21,834565.3717266591
2015-12-22,834576.9629123776
2015-12-23,834588.5542590846
2015-12-24,834600.1457667827
2015-12-25,834611.7374354739
2015-12-28,834623.3292651606
2015-12-29,834634.9212558449
2015-12-30,834646.5134075290
2015-12-31,834658.1057202152
2016-01-04,834669.6981939058
2016-01-05,834681.2908286029
2016-01-06,834692.8836243089
2016-01-07,834704.4765810259
2016-01-08,834716.0696987562
2016-01-11,834727.6629775020
2016-01-12,834739.2564172655
2016-01-13,834750.8500180491
2016-01-14,834762.4437798549
2016-01-15,834774.0377026852
2016-01-18,834785.6317865422
2016-01-19,834797.2260314282
2016-01-20,834808.8204373453
2016-01-21,834820.4150042959
2016-01-22,834832.0097322820
2016-01-25,834843.6046213061
2016-01-26,834855.1996713702
2016-01-27,834866.7948824768
2016-01-28,834878.3902546279
2016-01-29,834889.9857878259
2016-02-01,834901.5814820729
2016-02-02,834913.1773373713
2016-02-03,834924.7733537232
2016-02-04,834936.3695311309
2016-02-05,834947.9658695966
2016-02-08,834959.5623691225
2016-02-09,830564.1943638690
2016-02-10,830338.9406384225
2016-02-11,839566.3550851175
2016-02-12,841058.8018810665
2016-02-15,841064.5667099140
2016-02-16,835150.4408472010
2016-02-17,841186.1060968897
2016-02-18,842040.8598908432
2016-02-19,843419.1079087518
2016-02-22,842553.1344275250
2016-02-23,842128.0848338766
2016-02-24,847429.8168102936
2016-02-25,849069.0227553642
2016-02-26,846255.4266579543
2016-02-29,848172.4149307227
2016-03-01,853788.6684426235
2016-03-02,856362.2750130276
2016-03-03,859197.2602994270
2016-03-04,860476.2427318478
2016-03-07,858030.7159788826
2016-03-08,853122.0616216797
2016-03-09,851745.1184924545
2016-03-10,854898.5893308457
2016-03-11,852450.8211627509
2016-03-14,849320.6125147679
2016-03-15,846873.4651341328
2016-03-16,847292.4394396537
2016-03-17,854072.8982024977
2016-03-18,850441.1033050052
2016-03-21,848517.4954001277
2016-03-22,849855.7431889334
2016-03-23,845415.0192595792
2016-03-24,845593.3444619655
2016-03-25,845601.7803627671
2016-03-28,845479.5951820915
2016-03-29,848725.8580158807
2016-03-30,845367.0440957053
2016-03-31,846117.7520558051
2016-04-01,844034.7671103101
2016-04-04,844267.4988657264
2016-04-05,846038.8570981385
2016-04-06,845287.3043042251
2016-04-07,846997.0176158951
2016-04-08,848179.8624354363
2016-04-11,850636.8077393858
2016-04-12,851435.8537639619
2016-04-13,849779.0124966828
2016-04-14,845913.8593163178
2016-04-15,847386.6991216680
2016-04-18,847282.2478399934
2016-04-19,850201.1693054306
2016-04-20,850715.5993703891
2016-04-21,850355.4287048036
2016-04-22,846549.8183475692
2016-04-25,848811.5232180902
2016-04-26,849439.8145457290
2016-04-27,850734.2967330989
2016-04-28,852906.1742851200
2016-04-29,854863.3530694172
2016-05-02,856046.7168287002
2016-05-03,855182.3164814172
2016-05-04,853266.3450374006
2016-05-05,853290.7786996544
2016-05-06,855575.2612235032
2016-05-09,853594.7554668960
2016-05-10,854926.5666593951
2016-05-11,854166.7205779131
2016-05-12,854405.4692931967
2016-05-13,853702.0773470177
2016-05-16,855231.7148460569
2016-05-17,854443.3437522552
2016-05-18,854618.3908245615
2016-05-19,852763.4119837470
2016-05-20,853307.5559323751
2016-05-23,853244.7200121707
2016-05-24,852834.1493469812
2016-05-25,853152.4524787804
2016-05-26,852822.5485691412
2016-05-27,852817.9614175872
2016-05-30,852826.6784905486
2016-05-31,853561.1100298741
2016-06-01,853299.1380131782
2016-06-02,853679.7463024240
2016-06-03,856221.0051069397
2016-06-06,856488.1275633613
2016-06-07,854317.0551742640
2016-06-08,856980.7576666016
2016-06-09,857448.1030947438
2016-06-10,854800.1113807446
2016-06-13,855781.1388159413
2016-06-14,856190.0148806949
2016-06-15,854752.0780396219
2016-06-16,857514.0115022152
2016-06-17,855531.0516984286
2016-06-20,856137.3987837255
2016-06-21,854351.9748137707
2016-06-22,852972.2913355338
2016-06-23,856082.2739045650
2016-06-24,855606.3285570052
2016-06-27,853395.4881803975
2016-06-28,857457.9852181919
2016-06-29,863147.1999331608
2016-06-30,866431.3263528885
2016-07-01,870485.1015326916
2016-07-04,873462.4248508066
2016-07-05,873361.1961713000
2016-07-06,877353.0205156114
2016-07-07,876583.6569940549
2016-07-08,882325.9558318879
2016-07-11,882272.2865458144
2016-07-12,880727.3197553635
2016-07-13,881921.2193339439
2016-07-14,881952.0410129755
2016-07-15,881917.5575375361
2016-07-18,883182.5204651356
2016-07-19,882411.8576267159
2016-07-20,880626.7099498177
2016-07-21,881843.7666316088
2016-07-22,882298.0728428462
2016-07-25,877018.0288464588
2016-07-26,878086.7215527990
2016-07-27,884585.4497777100
2016-07-28,881699.7786008529
2016-07-29,885681.7199355017
2016-08-01,889275.1466393967
2016-08-02,889843.4164999228
2016-08-03,889254.5969176558
2016-08-04,890871.6935799198
2016-08-05,885625.9235013279
2016-08-08,886229.3314956727
2016-08-09,887864.0753492734
2016-08-10,887147.0171920427
2016-08-11,885838.8090307547
2016-08-12,885171.5925838579
2016-08-15,887094.4107640027
2016-08-16,886999.7340115991
2016-08-17,888648.0372285696
2016-08-18,889765.8907226602
2016-08-19,887998.9656036135
2016-08-22,887050.7465373904
2016-08-23,886182.7949903721
2016-08-24,882128.1891466631
2016-08-25,881275.6959107489
2016-08-26,882245.9217632497
2016-08-29,884356.1763305122
2016-08-30,880069.9317464754
2016-08-31,879152.2377861084
2016-09-01,880788.4784151847
2016-09-02,885387.6504234129
2016-09-05,885974.9556171198
2016-09-06,893397.1798126984
2016-09-07,891063.2049804302
2016-09-08,888443.7258454065
2016-09-09,881853.2945229833
2016-09-12,884887.7336708109
2016-09-13,880400.6436755687
2016-09-14,881626.6266546811
2016-09-15,881058.3761190458
2016-09-16,879488.0892626193
2016-09-19,879871.3966631681
2016-09-20,880928.6384108253
2016-09-21,888645.6386749801
2016-09-22,890140.1185648467
2016-09-23,889523.3326274273
2016-09-26,888183.4449378271
2016-09-27,886249.0228057798
2016-09-28,885283.2409795285
2016-09-29,883005.6904903160
2016-09-30,883034.2745037752
2016-10-03,881267.6025666364
2016-10-04,867985.3545573412
2016-10-05,868363.4717589921
2016-10-06,864187.8605020297
2016-10-07,864510.2661926490
2016-10-10,869372.5461418766
2016-10-11,866714.3037849570
2016-10-12,866483.2835311204
2016-10-13,867284.2268346354
2016-10-14,859062.0527662333
2016-10-17,859449.3839719754
2016-10-18,864719.1103519981
2016-10-19,865847.4626957648
2016-10-20,865118.2869047030
2016-10-21,869007.8828910788
2016-10-24,874646.8851716237
2016-10-25,874099.4914687467
2016-10-26,869246.0490102895
2016-10-27,867403.4816783913
2016-10-28,865934.7439130873
2016-10-31,865647.4124092893
2016-11-01,863648.1391828859
2016-11-02,859492.2336939282
2016-11-03,856906.8211073384
2016-11-04,855360.3758724305
2016-11-07,864419.7667582232
2016-11-08,867235.1748248760
2016-11-09,872150.5206557084
2016-11-10,867721.4776450470
2016-11-11,866196.3103705214
2016-11-14,867329.5363199296
2016-11-15,874782.1875167812
2016-11-16,878099.4688010688
2016-11-17,872262.3749593298
2016-11-18,872274.4897145376
2016-11-21,872286.6046380058
2016-11-22,872298.7197297369
2016-11-23,872310.8349897332
2016-11-24,872322.9504179970
2016-11-25,872335.0660145306
2016-11-28,872347.1817793364
2016-11-29,872359.2977124167
2016-11-30,866058.3021546346
2016-12-01,860100.0457924756
2016-12-02,860994.7464886205
2016-12-05,864170.2396401053
2016-12-06,865491.3399560724
2016-12-07,871100.1401829969
2016-12-08,872850.3508552443
2016-12-09,876802.3643120785
2016-12-12,874087.0162884224
2016-12-13,877703.6210711433
2016-12-14,874623.4241027574
2016-12-15,877904.6781439570
2016-12-16,878262.7581541413
2016-12-19,879781.5284153107
2016-12-20,881951.2773931664
2016-12-21,879996.3143407300
2016-12-22,877994.0817490602
2016-12-23,879353.1342237730
2016-12-26,879458.2315686443
2016-12-27,882330.9991553719
2016-12-28,878684.9146783364
2016-12-29,878751.4462067138
2016-12-30,873251.1900666511
2017-01-02,873255.6721248310
2017-01-03,879076.8755756463
2017-01-04,881671.3949869386
2017-01-05,879756.9558166955
2017-01-06,883756.7486585563
2017-01-09,887377.9007297520
2017-01-10,888563.7984182524
2017-01-11,890986.0897413346
2017-01-12,886089.1995258508
2017-01-13,889314.5299192672
2017-01-16,889880.1732177924
2017-01-17,884102.1432651674
2017-01-18,882774.7003233647
2017-01-19,883930.0001043961
2017-01-20,887020.0511319520
2017-01-23,885463.4244064090
2017-01-24,889221.6474837844
2017-01-25,895502.6611259887
2017-01-26,893964.5158067683
2017-01-27,895798.8010166036
2017-01-30,890570.0711453676
2017-01-31,892350.0093404012
2017-02-01,895445.5567060766
2017-02-02,894835.5041105208
2017-02-03,897382.9430772712
2017-02-06,898198.8864314646
2017-02-07,901021.3814150034
2017-02-08,901539.3753494389
2017-02-09,902489.2364794479
2017-02-10,906028.4784578769
2017-02-13,907435.0749520971
2017-02-14,908377.9362179935
2017-02-15,912921.7924072912
2017-02-16,911689.6359692146
2017-02-17,914343.8454656514
2017-02-20,914994.2796791868
2017-02-21,918783.0424402907
2017-02-22,917900.5046578877
2017-02-23,916546.6982060698
2017-02-24,917788.5252732871
2017-02-27,918969.6662232255
2017-02-28,914956.6761233686
2017-03-01,923421.8012981033
2017-03-02,918256.1846077662
2017-03-03,920012.3597606604
2017-03-06,917314.8727338339
2017-03-07,915184.1470172395
2017-03-08,915422.4668223829
2017-03-09,914893.1973469802
2017-03-10,917653.3817984852
2017-03-13,918842.9018126306
2017-03-14,916691.8722349002
2017-03-15,922899.7392191701
2017-03-16,922268.1463707471
2017-03-17,922907.5246407676
2017-03-20,923875.0364705096
2017-03-21,914091.3777156897
2017-03-22,916270.6495899487
2017-03-23,915511.6369315898
2017-03-24,916407.2350196653
2017-03-27,917620.5754427997
2017-03-28,920998.5544796288
2017-03-29,923991.5196974447
2017-03-30,923966.7168940476
2017-03-31,920750.1265101102
2017-04-03,918438.5945656734
2017-04-04,919320.3635464516
2017-04-05,915680.7497445724
2017-04-06,917820.0483721823
2017-04-07,917704.6943239068
2017-04-10,918838.7543861541
2017-04-11,917737.1421657469
2017-04-12,912936.7457221260
2017-04-13,908158.3232685021
2017-04-14,908031.7474294147
2017-04-17,915026.5952801327
2017-04-18,913472.1309775509
2017-04-19,915162.2177808128
2017-04-20,922522.7117631689
2017-04-21,922050.1865315229
2017-04-24,931696.6992017232
2017-04-25,936765.0815743055
2017-04-26,937943.8901707546
2017-04-27,941515.8537098340
2017-04-28,941520.6734898938
2017-05-01,946975.3430461559
2017-05-02,947552.0837340691
2017-05-03,943585.8634510890
2017-05-04,943127.7518303953
2017-05-05,947514.3270729071
2017-05-08,947783.9333324790
2017-05-09,950380.2750259069
2017-05-10,950838.9331726735
2017-05-11,949269.9582881182
2017-05-12,949921.3111908936
2017-05-15,953135.5495889758
2017-05-16,955804.4414206026
2017-05-17,934380.2912196239
2017-05-18,940503.9418921996
2017-05-19,944729.1105853331
2017-05-22,951987.4837104892
2017-05-23,952392.5948334242
2017-05-24,956145.0294293070
2017-05-25,959070.4689968514
2017-05-26,958896.7849874427
2017-05-29,958885.7443195165
2017-05-30,957317.4416852489
2017-05-31,951465.1820130270
2017-06-01,957362.7278327928
2017-06-02,967774.5356306079
2017-06-05,964284.7922028387
2017-06-06,960811.1387612907
2017-06-07,964145.9863592500
2017-06-08,967104.1098603976
2017-06-09,950812.4354597603
2017-06-12,946451.8485378359
2017-06-13,952630.3887051695
2017-06-14,948499.5772700376
2017-06-15,945236.4077522177
2017-06-16,944438.3379662812
2017-06-19,956612.3101929130
2017-06-20,950773.2548787659
2017-06-21,957295.0858210979
2017-06-22,958878.7176413512
2017-06-23,964014.3704545181
2017-06-26,961425.8521601468
2017-06-27,943845.5756983140
2017-06-28,954032.2258235950
2017-06-29,939168.2778890842
2017-06-30,938154.5258416792
2017-07-03,934783.5081572179
2017-07-04,934869.6702246116
2017-07-05,941709.2221766607
2017-07-06,933091.2600881654
2017-07-07,940820.0968327858
2017-07-10,944810.1956872292
2017-07-11,946969.0129755399
2017-07-12,954527.5312359384
2017-07-13,955663.6916175386
2017-07-14,961387.2208521601
2017-07-17,960032.8669070600
2017-07-18,961906.9791959716
2017-07-19,968241.2821680689
2017-07-20,971398.4644049702
2017-07-21,971431.7427790354
2017-07-24,972025.5318938531
2017-07-25,972050.2434072683
2017-07-26,974470.3778667183
2017-07-27,966824.0647604292
2017-07-28,966796.1337806078
2017-07-31,961489.1787262850
2017-08-01,962499.7335743986
2017-08-02,963154.8033872227
2017-08-03,959577.3570373938
2017-08-04,960371.4353307207
2017-08-07,964732.3532384504
2017-08-08,960356.9944133216
2017-08-09,955225.8443455702
2017-08-10,934164.9025460738
2017-08-11,940933.5467880081
2017-08-14,953113.4059277559
2017-08-15,953176.0086331706
2017-08-16,956976.0073253483
2017-08-17,938195.6404223372
2017-08-18,936500.3615620565
2017-08-21,936349.6288248732
2017-08-22,946375.3620519374
2017-08-23,943692.1621977135
2017-08-24,942584.9073009532
2017-08-25,941553.4589890863
2017-08-28,940405.7950932443
2017-08-29,939214.9553089307
2017-08-30,947610.2172886101
2017-08-31,957428.3315552605
2017-09-01,952647.0535906726
2017-09-04,952907.4239918676
2017-09-05,943960.9409872624
2017-09-06,942771.9160917435
2017-09-07,939108.7590864245
2017-09-08,930152.8680957687
2017-09-11,948133.0447385238
2017-09-12,952518.0415011676
2017-09-13,952273.9194482667
2017-09-14,951735.0734451483
2017-09-15,944217.8603226034
2017-09-18,946697.5395687416
2017-09-19,947496.1524237131
2017-09-20,946453.0264297227
2017-09-21,944420.6321144281
2017-09-22,944944.1241015439
2017-09-25,943389.4715715731
2017-09-26,943866.6450757188
2017-09-27,948517.3715526714
2017-09-28,950300.0614379512
2017-09-29,953102.4072855898
2017-10-02,953892.8902620076
2017-10-03,954245.5800049365
2017-10-04,953948.3438612013
2017-10-05,958160.5957149435
2017-10-06,959211.6078477397
2017-10-09,960194.1483347641
2017-10-10,957961.0315235606
2017-10-11,961440.7403219077
2017-10-12,961253.5024326677
2017-10-13,963625.2684194335
2017-10-16,963660.7379146379
2017-10-17,965268.0542620081
2017-10-18,967938.2648006921
2017-10-19,965433.4776193986
2017-10-20,966148.5427552565
2017-10-23,965521.0023724058
2017-10-24,967553.5266766367
2017-10-25,967466.3661559706
2017-10-26,966963.7898231199
2017-10-27,980632.0104926922
2017-10-30,978896.2275010861
2017-10-31,979085.6895737598
2017-11-01,976075.4616558637
2017-11-02,976256.9490261168
2017-11-03,979661.2956943975
2017-11-06,985051.0063536257
2017-11-07,986262.3977899784
2017-11-08,986948.6833157978
2017-11-09,987503.6388940285
2017-11-10,989893.9374400082
2017-11-13,991762.1700781917
2017-11-14,987977.1901313229
2017-11-15,982359.5212584817
2017-11-16,991298.2189409735
2017-11-17,987843.5140719637
2017-11-20,986323.0480031156
2017-11-21,990253.9872636882
2017-11-22,990679.8380351323
2017-11-23,989980.2403592921
2017-11-24,990455.2862884137
2017-11-27,990383.7644083947
2017-11-28,991999.1027224237
2017-11-29,986812.5999278183
2017-11-30,989267.7738280366
2017-12-01,988384.9133643752
2017-12-04,984860.4745261589
2017-12-05,982790.4765730074
2017-12-06,983172.4552404652
2017-12-07,983457.6749683908
2017-12-08,985075.3289297740
2017-12-11,985945.2425542716
2017-12-12,982308.7151311808
2017-12-13,983663.9255833908
2017-12-14,981704.5411259769
2017-12-15,984838.8588492759
2017-12-18,988156.8936390767
2017-12-19,986499.1944637623
2017-12-20,985084.1234583231
2017-12-21,986182.7283276543
2017-12-22,985843.3436800383
2017-12-25,985342.2458463958
2017-12-26,985064.9170235127
2017-12-27,984069.7733551149
2017-12-28,984006.1292980089
2017-12-29,980946.1462299047
2018-01-01,980953.9281828164
2018-01-02,985610.2780280202
2018-01-03,988382.2410854634
2018-01-04,989498.4072444252
2018-01-05,991448.0908637127
2018-01-08,993175.1698075685
2018-01-09,994987.8372104613
2018-01-10,993658.8623955732
2018-01-11,996216.3939642340
2018-01-12,997029.7622492886
2018-01-15,996899.1508293264
2018-01-16,994683.3610566861
2018-01-17,996783.3150114737
2018-01-18,995976.4950210850
2018-01-19,996921.0028980449
2018-01-22,1000507.5115410783
2018-01-23,1003279.2793491355
2018-01-24,1000732.6822762678
2018-01-25,997179.5444419186
2018-01-26,1001313.9715627141
2018-01-29,998533.7999235189
2018-01-30,994550.0218452780
2018-01-31,993393.5376555676
2018-02-01,993003.9531942678
2018-02-02,985523.0735073339
2018-02-05,973795.7299153655
2018-02-06,977409.4754707798
2018-02-07,973198.1428394766
2018-02-08,964352.0585538021
2018-02-09,965315.6439241404
2018-02-12,972201.6759809483
2018-02-13,975132.7957814515
2018-02-14,981879.7908105035
2018-02-15,986595.9017757738
2018-02-16,985739.8665213154
2018-02-19,985774.6848684485
2018-02-20,984090.8268422999
2018-02-21,982844.4689158679
2018-02-22,984753.5475129625
2018-02-23,988676.4819080748
2018-02-26,991460.8265556302
2018-02-27,986401.7725480977
2018-02-28,984127.2839390342
2018-03-01,981695.1987886876
2018-03-02,984120.4791909188
2018-03-05,987059.7810793817
2018-03-06,988777.7711374784
2018-03-07,988483.9118017746
2018-03-08,990984.3082859565
2018-03-09,994136.1222758216
2018-03-12,994987.8466718192
2018-03-13,991241.0723060993
2018-03-14,990087.9387723072
2018-03-15,989519.1880642946
2018-03-16,989940.1568401270
2018-03-19,984358.3925630169
2018-03-20,985177.1000213075
2018-03-21,984578.1849659097
2018-03-22,977039.6569739563
2018-03-23,968844.2014831081
2018-03-26,976838.1259569433
2018-03-27,967695.1597059176
2018-03-28,965191.0401792584
2018-03-29,970048.5188324668
2018-03-30,970086.1693478154
2018-04-02,962087.2353567178
2018-04-03,964896.6968865828
2018-04-04,970346.3527482024
2018-04-05,971685.3091514101
2018-04-06,964847.8202157789
2018-04-09,966835.7385667214
2018-04-10,971854.8231927879
2018-04-11,970697.0471570946
2018-04-12,973586.6157188544
2018-04-13,972087.3654552859
2018-04-16,974369.0984259184
2018-04-17,979802.8376948023
2018-04-18,980394.4542735484
2018-04-19,977574.5732580773
2018-04-20,974257.1327561191
2018-04-23,974201.9696861780
2018-04-24,968866.5427865920
2018-04-25,969493.8970275838
2018-04-26,974490.7340342177
2018-04-27,975367.9980108389
2018-04-30,972892.3103204735
2018-05-01,975481.6525011616
2018-05-02,975287.8030388504
2018-05-03,974350.4650473986
2018-05-04,980267.1021004069
2018-05-07,983058.6330476025
2018-05-08,983225.5533567505
2018-05-09,986267.9765180026
2018-05-10,988382.9674257323
2018-05-11,987308.0999434732
2018-05-14,987852.4596970209
2018-05-15,986246.9281436906
2018-05-16,988961.7070575774
2018-05-17,987836.1132715910
2018-05-18,987249.7526026866
2018-05-21,989402.7054348085
2018-05-22,987738.5223526019
2018-05-23,990971.3579579841
2018-05-24,990833.0949844308
2018-05-25,991615.4742047413
2018-05-28,991582.4813386216
2018-05-29,991404.8084950421
2018-05-30,994480.7027457471
2018-05-31,992931.7682075739
2018-06-01,998368.1704337035
2018-06-04,999897.6797416055
2018-06-05,1001386.0495375271
2018-06-06,1003054.1609905241
2018-06-07,1000609.1016793039
2018-06-08,1002049.9255758347
2018-06-11,1002504.9038913702
2018-06-12,1004296.2079857858
2018-06-13,1003778.4520583679
2018-06-14,1006421.5274465166
2018-06-15,1006901.2653383882
2018-06-18,1007862.3998116243
2018-06-19,1009286.9598325328
2018-06-20,1011161.7194104203
2018-06-21,1009480.0263747841
2018-06-22,1008664.5641114794
2018-06-25,1003514.7091518119
2018-06-26,1006935.4721532329
2018-06-27,1002836.7646782547
2018-06-28,1006801.1268443788
2018-06-29,1006935.4227857657
2018-07-02,1011911.8722960731
2018-07-03,1007859.2715687791
2018-07-04,1007908.8380984213
2018-07-05,1011318.2858114562
2018-07-06,1016676.2599177414
2018-07-09,1017906.4264548367
2018-07-10,1019454.8425578113
2018-07-11,1019435.5486752749
2018-07-12,1024135.0059182574
2018-07-13,1025740.5753088298
2018-07-16,1023636.2671173101
2018-07-17,1026324.4703391260
2018-07-18,1028017.0930354365
2018-07-19,1029876.9510604048
2018-07-20,1030290.2771909556
2018-07-23,1031199.1364919865
2018-07-24,1031691.0256011219
2018-07-25,1034142.6723809787
2018-07-26,1031430.8360251128
2018-07-27,1028953.2715255795
2018-07-30,1020328.8982330817
2018-07-31,1025087.1347272757
2018-08-01,1019899.6240261310
2018-08-02,1034352.6808177183
2018-08-03,1034895.3126582160
2018-08-06,1041479.7951487096
2018-08-07,1040767.2056243049
2018-08-08,1042926.4834679179
2018-08-09,1040443.2787371584
2018-08-10,1038626.5957683701
2018-08-13,1040357.8936073572
2018-08-14,1045183.6780532030
2018-08-15,1039262.9059988678
2018-08-16,1040479.0117511086
2018-08-17,1041167.2583134873
2018-08-20,1039221.1569247642
2018-08-21,1041219.2249053506
2018-08-22,1042936.7506624666
2018-08-23,1046120.7562066792
2018-08-24,1049379.8718621209
2018-08-27,1054691.9647801551
2018-08-28,1052002.5197415636
2018-08-29,1063918.5812445923
2018-08-30,1061520.8897006940
2018-08-31,1063894.3907731937
2018-09-03,1063820.1506626317
2018-09-04,1061894.3861428171
2018-09-05,1052437.7937826519
2018-09-06,1045477.9313792171
2018-09-07,1044917.0751452399
2018-09-10,1049806.8911081457
2018-09-11,1055674.2081416936
2018-09-12,1054582.2425431674
2018-09-13,1057184.4215512606
2018-09-14,1057877.5898291292
2018-09-17,1048994.8781850094
2018-09-18,1055060.6277872983
2018-09-19,1053596.2580920132
2018-09-20,1060602.7536582141
2018-09-21,1056850.9950138992
2018-09-24,1058058.1701443598
2018-09-25,1061397.6381764042
2018-09-26,1059010.1881189109
2018-09-27,1064185.8549895012
2018-09-28,1065030.2604805711
2018-10-01,1063195.6821623878
2018-10-02,1060709.2238547774
2018-10-03,1062678.4596979124
2018-10-04,1048865.6299335300
2018-10-05,1040212.3949983330
2018-10-08,1041349.0853961495
2018-10-09,1041192.7955122577
2018-10-10,1010880.2055231528
2018-10-11,1001155.7255791372
2018-10-12,1012821.4041791658
2018-10-15,1011079.2934152826
2018-10-16,1018888.3859551316
2018-10-17,1019509.2679887483
2018-10-18,1014274.6496379680
2018-10-19,1012533.9168299822
2018-10-22,1013538.7773551757
2018-10-23,1012524.6990214066
2018-10-24,1000414.2933692537
2018-10-25,1008480.0935903410
2018-10-26,1002577.7103940209
2018-10-29,998588.7368893799
2018-10-30,1002850.6028665120
2018-10-31,1008246.4971716555
2018-11-01,1012497.9473017070
2018-11-02,1007140.0034440039
2018-11-05,1008106.8073582996
2018-11-06,1008912.6105592262
2018-11-07,1013693.3878199665
2018-11-08,1013268.8549392479
2018-11-09,1009661.8786681162
2018-11-12,1004826.4569590979
2018-11-13,1004823.6498899923
2018-11-14,1004848.2312458754
2018-11-15,1006870.4932565544
2018-11-16,1008258.3222791424
2018-11-19,1004836.3866058006
2018-11-20,1002230.7460428736
2018-11-21,1003437.2391265752
2018-11-22,1003796.2043176544
2018-11-23,1003131.0799325068
2018-11-26,1005194.0618770872
2018-11-27,1004396.3999350191
2018-11-28,1009484.7263014050
2018-11-29,1009121.9072937650
2018-11-30,1011403.1002417903
2018-12-03,1011366.7000519601
2018-12-04,1005120.3179789656
2018-12-05,1005539.9527073088
2018-12-06,1007982.9877595725
2018-12-07,1005399.6565816535
2018-12-10,1007294.4507870063
2018-12-11,1006651.8911352498
2018-12-12,1007390.0280561015
2018-12-13,1006144.4065241456
2018-12-14,1003752.1144337002
2018-12-17,1001751.1402850552
2018-12-18,1002785.2325000730
2018-12-19,998989.7576587780
2018-12-20,999404.9262567773
2018-12-21,996183.8032399304
2018-12-24,995498.0344274326
2018-12-25,995138.0287135264
2018-12-26,1001202.8951537086
2018-12-27,1001888.4351775311
2018-12-28,1003443.9335037482
2018-12-31,1004608.0736613603
2019-01-01,1004616.3730081171
2019-01-02,1004592.9698540868
2019-01-03,1003181.5260342121
2019-01-04,1006210.4621017575
2019-01-07,1007585.5007290238
2019-01-08,1008324.6463871568
2019-01-09,1009185.7139041957
2019-01-10,1006704.5888776197
2019-01-11,1005371.8724194805
2019-01-14,1005236.6413145741
2019-01-15,1006563.5923317384
2019-01-16,1007355.9165502929
2019-01-17,1008736.4207062027
2019-01-18,1008566.9778634802
2019-01-21,1008938.3952200684
2019-01-22,1008233.1569714157
2019-01-23,1007003.2490159012
2019-01-24,1007510.0565798257
2019-01-25,1010920.3802897854
2019-01-28,1009136.6056398440
2019-01-29,1009004.9551087506
2019-01-30,1012251.6121260929
2019-01-31,1014186.3082924857
2019-02-01,1013591.7124781106
2019-02-04,1014904.0752404993
2019-02-05,1016768.2594288602
2019-02-06,1014289.6137435111
2019-02-07,1012650.9496824127
2019-02-08,1013947.2500587181
2019-02-11,1016189.8338569627
2019-02-12,1018399.9270261526
2019-02-13,1016680.9796541419
2019-02-14,1019168.9515214637
2019-02-15,1022619.9987554483
2019-02-18,1023424.0742668381
2019-02-19,1026682.5295523054
2019-02-20,1022993.3888504434
2019-02-21,1018582.5728982422
2019-02-22,1021220.2724039828
2019-02-25,1019586.8731161957
2019-02-26,1020489.8252749626
2019-02-27,1017407.9526836867
2019-02-28,1015597.9580732938
2019-03-01,1013916.6233576245
2019-03-04,1011764.7905658362
2019-03-05,1011962.2800774692
2019-03-06,1010063.2538402266
2019-03-07,1007654.9689428734
2019-03-08,1010898.4171162900
2019-03-11,1014087.6705872205
2019-03-12,1015664.6431618212
2019-03-13,1018826.3924734482
2019-03-14,1016665.8064897319
2019-03-15,1018916.0467439711
2019-03-18,1019874.7385616521
2019-03-19,1020697.1037013802
2019-03-20,1020861.4262568497
2019-03-21,1023209.2900653488
2019-03-22,1020351.5939004773
2019-03-25,1021683.1208444792
2019-03-26,1022113.9378794166
2019-03-27,1020079.1015776629
2019-03-28,1017417.3341726901
2019-03-29,1018721.9243440067
2019-04-01,1020425.2720004031
2019-04-02,1022770.0313680824
2019-04-03,1022554.3874542429
2019-04-04,1023510.0542664923
2019-04-05,1024323.8520257415
2019-04-08,1026489.5764864309
2019-04-09,1026309.7314381765
2019-04-10,1029034.3200846841
2019-04-11,1025055.5617818071
2019-04-12,1024567.4167145651
2019-04-15,1023897.9787868301
2019-04-16,1022183.5736220953
2019-04-17,1019546.4911830591
2019-04-18,1021518.7431314066
2019-04-19,1021314.6173141678
2019-04-22,1021956.3870956192
2019-04-23,1025251.3674486401
2019-04-24,1025352.0725493955
2019-04-25,1027970.8161829732
2019-04-26,1027242.9307189812
2019-04-29,1026604.9582329281
2019-04-30,1026497.4841643074
2019-05-01,1024856.7049127913
2019-05-02,1023799.5271090696
2019-05-03,1026569.7296426403
2019-05-06,1027626.3679740462
2019-05-07,1026311.4579128554
2019-05-08,1025853.2715718062
2019-05-09,1027711.1671758003
2019-05-10,1028038.5908890673
2019-05-13,1028780.4348757556
2019-05-14,1029448.1272180940
2019-05-15,1030489.2462465924
2019-05-16,1030336.7422237927
2019-05-17,1029426.9912349870
2019-05-20,1027927.6114630242
2019-05-21,1028227.3806540242
2019-05-22,1027616.0942338806
2019-05-23,1027746.3183624712
2019-05-24,1027508.3371600935
2019-05-27,1027510.3816071434
2019-05-28,1026650.3262761966
2019-05-29,1025971.0092282004
2019-05-30,1027140.7605326570
2019-05-31,1028772.9799511209
2019-06-03,1030110.1507588737
2019-06-04,1032744.1195002764
2019-06-05,1034093.5202665513
2019-06-06,1036105.1356496566
2019-06-07,1037916.9915646885
2019-06-10,1038277.0155381233
2019-06-11,1036982.8347593134
2019-06-12,1038209.0838411001
2019-06-13,1037004.4141298090
2019-06-14,1036586.0098606474
2019-06-17,1036426.1752397413
2019-06-18,1038716.1837491281
2019-06-19,1043622.7791362822
2019-06-20,1049509.1580598699
2019-06-21,1054472.0974756200
2019-06-24,1061536.8136850414
2019-06-25,1061526.3967175160
2019-06-26,1056875.6758774486
2019-06-27,1057525.6920358096
2019-06-28,1057142.2046104735
2019-07-01,1048234.2160642301
2019-07-02,1061961.8245916592
2019-07-03,1063497.3422563479
2019-07-04,1061695.3153476184
2019-07-05,1057331.2510902807
2019-07-08,1054621.1750911444
2019-07-09,1056316.0320595773
2019-07-10,1063184.1233765464
2019-07-11,1057466.1908879539
2019-07-12,1063134.7233547571
2019-07-15,1062400.8200615393
2019-07-16,1059154.4635968609
2019-07-17,1065313.1582720703
2019-07-18,1072579.7163726294
2019-07-19,1064320.1075626728
2019-07-22,1065074.6452830781
2019-07-23,1063353.5390455432
2019-07-24,1066690.4592778359
2019-07-25,1061315.6207511434
2019-07-26,1064903.4073510810
2019-07-29,1068315.7515017204
2019-07-30,1072682.6284083473
2019-07-31,1065041.5296843832
2019-08-01,1075731.8764190595
2019-08-02,1076093.9794800170
2019-08-05,1088825.9739363268
2019-08-06,1091940.6587389479
2019-08-07,1105232.2148300514
2019-08-08,1107163.3631065274
2019-08-09,1105685.0141866331
2019-08-12,1108431.8473092841
2019-08-13,1106995.8919380442
2019-08-14,1104922.5203067809
2019-08-15,1108267.5587610770
2019-08-16,1108008.3587630477
2019-08-19,1104687.8164501204
2019-08-20,1108483.1678844001
2019-08-21,1108527.8450649804
2019-08-22,1108564.2078085165
2019-08-23,1114771.0612894590
2019-08-26,1122215.5518605220
2019-08-27,1128254.3228385972
2019-08-28,1127782.5945170107
2019-08-29,1123881.8283967017
2019-08-30,1122204.7514556651
2019-09-02,1126560.8664396429
2019-09-03,1132374.6610574829
2019-09-04,1133168.8162762546
2019-09-05,1123807.8226252408
2019-09-06,1116208.3071411366
2019-09-09,1113938.4806542485
2019-09-10,1108087.5799602745
2019-09-11,1114202.5250623238
2019-09-12,1111932.6818900353
2019-09-13,1107627.9422403597
2019-09-16,1109485.9123722336
2019-09-17,1113696.2593238726
2019-09-18,1110256.6777070453
2019-09-19,1113035.5971607547
2019-09-20,1117397.8395346459
2019-09-23,1122073.2093658426
2019-09-24,1122739.8383272579
2019-09-25,1115969.1878233114
2019-09-26,1115523.6422455346
2019-09-27,1110299.6498048475
2019-09-30,1104857.7175236791
2019-10-01,1105549.4793866100
2019-10-02,1110209.3105687941
2019-10-03,1114051.6567621864
2019-10-04,1115691.5988446460
2019-10-07,1111112.0633411454
2019-10-08,1112405.8550554821
2019-10-09,1112683.9811807380
2019-10-10,1108065.4202984583
2019-10-11,1105079.0899707570
2019-10-14,1103985.8766979435
2019-10-15,1102863.8559877961
2019-10-16,1106925.6091977973
2019-10-17,1106354.0203275967
2019-10-18,1104968.5540148208
2019-10-21,1103716.7839612078
2019-10-22,1103988.8327598034
2019-10-23,1104865.6574242015
2019-10-24,1110190.6480280871
2019-10-25,1111008.0071432302
2019-10-28,1108378.6799918148
2019-10-29,1105705.9548000854
2019-10-30,1108082.5192957020
2019-10-31,1112148.7281116773
2019-11-01,1114319.5292757968
2019-11-04,1112739.2941206140
2019-11-05,1101148.5997780506
2019-11-06,1102475.2840087796
2019-11-07,1093210.8790955108
2019-11-08,1092238.1608263140
2019-11-11,1092444.5024856348
2019-11-12,1092720.3367228229
2019-11-13,1096609.9395033717
2019-11-14,1099134.2426447792
2019-11-15,1098131.9276205159
2019-11-18,1100856.9165339824
2019-11-19,1101686.2559316508
2019-11-20,1101317.0306338384
2019-11-21,1097806.7650379343
2019-11-22,1098098.8945026037
2019-11-25,1097657.9002952231
2019-11-26,1099952.4082749295
2019-11-27,1100243.3832511953
2019-11-28,1101111.5968554842
2019-11-29,1102946.1629127474
2019-12-02,1101301.7311853701
2019-12-03,1107455.3947004583
2019-12-04,1106358.1196881589
2019-12-05,1106227.4848045437
2019-12-06,1101253.8909398047
2019-12-09,1101620.4239190957
2019-12-10,1102065.4223837557
2019-12-11,1106675.2623923896
2019-12-12,1103770.7476982416
2019-12-13,1102783.8475097932
2019-12-16,1105973.5589863942
2019-12-17,1106258.6835574999
2019-12-18,1106449.6935419654
2019-12-19,1109454.1880079764
2019-12-20,1109574.3291089144
2019-12-23,1113143.9863682454
2019-12-24,1117713.9665697794
2019-12-25,1117719.8149180789
2019-12-26,1122290.9885749319
2019-12-27,1121524.5762041186
2019-12-30,1120383.9422123116
2019-12-31,1119138.3073712019
2020-01-02,1125362.5397949193
2020-01-03,1132381.8039752326
2020-01-06,1137565.6975369267
2020-01-07,1137499.9696318654
2020-01-08,1132014.3106952514
2020-01-09,1130456.5584432483
2020-01-10,1132286.1502228011
2020-01-13,1126172.1291042976
2020-01-14,1124470.6140959994
2020-01-15,1128366.8664156576
2020-01-16,1127439.0675011920
2020-01-17,1127459.4182005338
2020-01-20,1129151.6978772609
2020-01-21,1131704.8848420214
2020-01-22,1132100.4064735211
2020-01-23,1136823.7728419695
2020-01-24,1136256.9490448292
2020-01-27,1137433.7401092227
2020-01-28,1134101.7724086817
2020-01-29,1137688.1181766645
2020-01-30,1138757.2612443110
2020-01-31,1141748.2881580137
2020-02-03,1148813.0769398957
2020-02-04,1140955.5391134087
2020-02-05,1140197.6991568801
2020-02-06,1144518.0536414084
2020-02-07,1147948.9507481288
2020-02-10,1148415.8521007618
2020-02-11,1145514.4286923746
2020-02-12,1146379.1733992840
2020-02-13,1150201.2118289985
2020-02-14,1154007.5476629962
2020-02-17,1152716.7906581042
2020-02-18,1161129.5315319416
2020-02-19,1165720.0529325448
2020-02-20,1170078.3335547838
2020-02-21,1176363.5117928660
2020-02-24,1177164.2792816695
2020-02-25,1163656.2386634061
2020-02-26,1166594.3027487597
2020-02-27,1160535.2608141780
2020-02-28,1138626.3581132644
2020-03-02,1142390.3873971798
2020-03-03,1156695.6383300570
2020-03-04,1155876.9625665047
2020-03-05,1165292.8262476171
2020-03-06,1162976.5043148426
2020-03-09,1158282.9621324090
2020-03-10,1154007.6700750445
2020-03-11,1143933.9551856113
2020-03-12,1119866.5768629513
2020-03-13,1110932.9876552224
2020-03-16,1091956.2052577757
2020-03-17,1103610.3815879326
2020-03-18,1087877.9909497462
2020-03-19,1090643.9847329718
2020-03-20,1095520.3674072833
2020-03-23,1115114.5343605205
2020-03-24,1157920.2499427469
2020-03-25,1153000.9317311172
2020-03-26,1153875.9694919463
2020-03-27,1156380.9028551572
2020-03-30,1154364.9361043216
2020-03-31,1143666.0420481989
2020-04-01,1142051.4679625055
2020-04-02,1148634.0134124823
2020-04-03,1149615.8568725639
2020-04-06,1166978.7308384245
2020-04-07,1159313.2479017014
2020-04-08,1159566.3235759037
2020-04-09,1175776.4503191095
2020-04-10,1175782.5544162302
2020-04-13,1183461.7606371939
2020-04-14,1195534.7470598542
2020-04-15,1186627.7683849519
2020-04-16,1190519.6340240720
2020-04-17,1184038.9184360208
2020-04-20,1185559.9002697924
2020-04-21,1174363.7112000033
2020-04-22,1189337.9963630466
2020-04-23,1191961.8747237662
2020-04-24,1194367.4789622719
2020-04-27,1191292.9359395618
2020-04-28,1188004.7179325502
2020-04-29,1195631.3340474814
2020-04-30,1184155.7125354656
2020-05-01,1182580.4485741970
2020-05-04,1185319.9963875816
2020-05-05,1188390.9235165487
2020-05-06,1185654.9958044325
2020-05-07,1197271.2184333717
2020-05-08,1193616.0240770276
2020-05-11,1195946.8177941416
2020-05-12,1192126.7780838825
2020-05-13,1194474.7138255425
2020-05-14,1200640.6477752160
2020-05-15,1206534.0335822501
2020-05-18,1206876.2080123778
2020-05-19,1208587.1048428444
2020-05-20,1213823.0357522904
2020-05-21,1206130.9705282403
2020-05-22,1210729.6064176597
2020-05-25,1209524.0626911891
2020-05-26,1203201.8569434579
2020-05-27,1212695.0160252238
2020-05-28,1212403.6530463556
2020-05-29,1216933.6884020772
2020-06-01,1219688.4928672966
2020-06-02,1214102.7546078721
2020-06-03,1208518.4580251114
2020-06-04,1211638.7095478526
2020-06-05,1205071.3561857357
2020-06-08,1210516.2181266826
2020-06-09,1215604.8620096603
2020-06-10,1222455.2085930435
2020-06-11,1208310.3481604140
2020-06-12,1212615.9991105932
2020-06-15,1215061.3538723481
2020-06-16,1218680.6409490877
2020-06-17,1219340.4348882455
2020-06-18,1218855.5361408622
2020-06-19,1224236.2710938663
2020-06-22,1225491.7362903478
2020-06-23,1228670.0698127514
2020-06-24,1225042.0835286486
2020-06-25,1226661.8727197906
2020-06-26,1224984.1055681605
2020-06-29,1226595.9756447650
2020-06-30,1230300.4387609959
2020-07-01,1228853.7641103908
2020-07-02,1230516.0850512576
2020-07-03,1230578.3223835141
2020-07-06,1231735.2435265095
2020-07-07,1232471.9164639334
2020-07-08,1235308.1939400157
2020-07-09,1233633.3207935365
2020-07-10,1234121.3785084868
2020-07-13,1231670.2291238350
2020-07-14,1234660.5643407158
2020-07-15,1234317.8841927121
2020-07-16,1231248.7908611093
2020-07-17,1233925.7638731604
2020-07-20,1237669.2857584658
2020-07-21,1235516.3156337626
2020-07-22,1242654.4061657656
2020-07-23,1240151.4887174077
2020-07-24,1226043.2545650334
2020-07-27,1235339.6748838814
2020-07-28,1237599.1793900910
2020-07-29,1250386.9885053239
2020-07-30,1251311.9020035628
2020-07-31,1258080.3006605459
2020-08-03,1267198.9624211243
2020-08-04,1274249.2235032020
2020-08-05,1274830.3864105479
2020-08-06,1280240.9607891038
2020-08-07,1271020.3332703493
2020-08-10,1270243.9564580803
2020-08-11,1245539.3541170848
2020-08-12,1247886.8347094930
2020-08-13,1253138.8513534665
2020-08-14,1256703.2702193684
2020-08-17,1271720.2197555047
2020-08-18,1274461.7304901949
2020-08-19,1256753.8877374593
2020-08-20,1257625.5419956050
2020-08-21,1260647.9979398400
2020-08-24,1262699.8623682905
2020-08-25,1264447.0948803816
2020-08-26,1266519.8502124427
2020-08-27,1264028.8063857541
2020-08-28,1276688.1872349547
2020-08-31,1275166.7845809660
2020-09-01,1279010.9285978973
2020-09-02,1278243.7798846695
2020-09-03,1263828.9622201808
2020-09-04,1257793.9201911166
2020-09-07,1249084.4624728784
2020-09-08,1243108.3251785303
2020-09-09,1242675.6659390433
2020-09-10,1237927.8546492925
2020-09-11,1238999.4565123979
2020-09-14,1239456.9249309811
2020-09-15,1238711.7918797196
2020-09-16,1233175.5396465405
2020-09-17,1226781.0646113749
2020-09-18,1223553.6821280748
2020-09-21,1216521.3868319984
2020-09-22,1218920.4844355022
2020-09-23,1203170.8057805691
2020-09-24,1207986.6013471994
2020-09-25,1215847.7792442837
2020-09-28,1225883.8733627754
2020-09-29,1226841.9790823748
2020-09-30,1227444.2409771290
2020-10-01,1233610.5644697435
2020-10-02,1224944.3961874926
2020-10-05,1238376.2736357618
2020-10-06,1224501.2626023085
2020-10-07,1234711.1909611910
2020-10-08,1239139.4205370469
2020-10-09,1240304.4285401343
2020-10-12,1256162.0914606240
2020-10-13,1248952.0667988858
2020-10-14,1244898.1522674647
2020-10-15,1244831.4368982231
2020-10-16,1238851.2784905995
2020-10-19,1229022.0002506645
2020-10-20,1231416.8518136642
2020-10-21,1229691.0898115858
2020-10-22,1231810.6403693084
2020-10-23,1232406.9209088504
2020-10-26,1227038.5040828772
2020-10-27,1227664.1368097987
2020-10-28,1207556.1728838268
2020-10-29,1211750.7968863347
2020-10-30,1200999.6007174412
2020-11-02,1208555.7332547782
2020-11-03,1218648.8480403232
2020-11-04,1229572.0291198632
2020-11-05,1233505.1414330893
2020-11-06,1233522.2734489425
2020-11-09,1233539.4057027404
2020-11-10,1233556.5381944864
2020-11-11,1233573.6709241834
2020-11-12,1233590.8038918353
2020-11-13,1233607.9370974449
2020-11-16,1233625.0705410156
2020-11-17,1233642.2042225508
2020-11-18,1233659.3381420539
2020-11-19,1233676.4722995281
2020-11-20,1220746.2974792870
2020-11-23,1214595.0205524093
2020-11-24,1216934.8634301221
2020-11-25,1216240.0113010043
2020-11-26,1218371.4988922358
2020-11-27,1215452.9320735584
2020-11-30,1210779.1287917707
2020-12-01,1229627.0590513132
2020-12-02,1233215.0943296105
2020-12-03,1233657.9886794244
2020-12-04,1235408.9443523153
2020-12-07,1236547.9371503214
2020-12-08,1238044.4170063711
2020-12-09,1229786.5260385852
2020-12-10,1230087.1363006262
2020-12-11,1229031.4844383146
2020-12-14,1228115.8688755753
2020-12-15,1235884.5736080888
2020-12-16,1237263.1907655168
2020-12-17,1243274.8080034952
2020-12-18,1241893.3951316667
2020-12-21,1242444.9842223721
2020-12-22,1238342.8341693515
2020-12-23,1239897.6764781172
2020-12-24,1240834.7453644921
2020-12-25,1241699.2584924474
2020-12-28,1246034.5839709658
2020-12-29,1244210.6073927132
2020-12-30,1247024.4640379045
2020-12-31,1252316.8205859065
2021-01-04,1244417.9424489886
2021-01-05,1250174.7196092536
2021-01-06,1248986.2217189283
2021-01-07,1259350.2334485883
2021-01-08,1256131.5799766188
2021-01-11,1252138.8907318832
2021-01-12,1255121.5723252736
2021-01-13,1255886.0869401344
2021-01-14,1245102.7191182652
2021-01-15,1245120.0122115863
2021-01-18,1245137.3055450893
2021-01-19,1245154.5991187773
2021-01-20,1245171.8929326539
2021-01-21,1245189.1869867225
2021-01-22,1245206.4812809862
2021-01-25,1245223.7758154485
2021-01-26,1245241.0705901126
2021-01-27,1245258.3656049820
2021-01-28,1245275.6608600598
2021-01-29,1245292.9563553494
2021-02-01,1245310.2520908543
2021-02-02,1245327.5480665779
2021-02-03,1245344.8442825233
2021-02-04,1245362.1407386938
2021-02-05,1245379.4374350929
2021-02-08,1245396.7343717238
2021-02-09,1245414.0315485902
2021-02-10,1245431.3289656951
2021-02-11,1245448.6266230419
2021-02-12,1245465.9245206339
2021-02-15,1245483.2226584745
2021-02-16,1245500.5210365669
2021-02-17,1245517.8196549146
2021-02-18,1245535.1185135208
2021-02-19,1245552.4176123890
2021-02-22,1245569.7169515225
2021-02-23,1245587.0165309247
2021-02-24,1245604.3163505988
2021-02-25,1245621.6164105481
2021-02-26,1245638.9167107760
2021-03-01,1245656.2172512859
2021-03-02,1245673.5180320810
2021-03-03,1241332.4854796617
2021-03-04,1234947.5610256132
2021-03-05,1240885.1353925099
2021-03-08,1235682.4633785384
2021-03-09,1246512.1370526827
2021-03-10,1247448.7554172450
2021-03-11,1251953.3894268484
2021-03-12,1252252.7402954735
2021-03-15,1255010.7553273379
2021-03-16,1255217.7810622887
2021-03-17,1257592.1088279278
2021-03-18,1249141.8748649755
2021-03-19,1251988.0070237587
2021-03-22,1254369.8308494522
2021-03-23,1250772.4239991526
2021-03-24,1247202.8873833225
2021-03-25,1248286.9333438678
2021-03-26,1252039.3538465807
2021-03-29,1250575.7954343325
2021-03-30,1248275.5996859788
2021-03-31,1252763.9713412500
2021-04-01,1260448.0911489441
2021-04-02,1260459.6279006966
2021-04-05,1264981.4992205903
2021-04-06,1264671.1887754202
2021-04-07,1263729.6998574508
2021-04-08,1268411.2262037173
2021-04-09,1269262.0468329499
2021-04-12,1266770.7254857845
2021-04-13,1270795.6832950360
2021-04-14,1264817.5944592229
2021-04-15,1268501.9799088091
2021-04-16,1268730.3760092463
2021-04-19,1265509.0914443810
2021-04-20,1262705.6907693460
2021-04-21,1266018.4522860381
2021-04-22,1263029.7195394947
2021-04-23,1266794.8531636242
2021-04-26,1268812.9485217310
2021-04-27,1267789.7034506463
2021-04-28,1267187.1111237991
2021-04-29,1267104.5921813278
2021-04-30,1264700.4171190313
2021-05-03,1264194.1418350379
2021-05-04,1260287.4868654311
2021-05-05,1258167.6951228750
2021-05-06,1259832.4169548887
2021-05-07,1261433.0982619389
2021-05-10,1253409.9372173410
2021-05-11,1253484.1340107305
2021-05-12,1247156.8359230396
2021-05-13,1249757.6389117725
2021-05-14,1254969.2261284902
2021-05-17,1254604.1567359194
2021-05-18,1252286.4043261725
2021-05-19,1252725.6089479895
2021-05-20,1257338.9942089969
2021-05-21,1256003.1705908282
2021-05-24,1259340.8511265568
2021-05-25,1256906.4687537113
2021-05-26,1257512.0558510583
2021-05-27,1256883.9668742307
2021-05-28,1257156.2610431318
2021-05-31,1257272.7091929091
2021-06-01,1257347.3164455830
2021-06-02,1258261.2957725697
2021-06-03,1254785.4397206563
2021-06-04,1261225.2218125281
2021-06-07,1261737.7330986764
2021-06-08,1262437.1223097525
2021-06-09,1260970.5705025950
2021-06-10,1264388.7560970588
2021-06-11,1264974.5956311186
2021-06-14,1267117.8884829166
2021-06-15,1265027.5071913188
2021-06-16,1262065.3709873524
2021-06-17,1266017.2379152416
2021-06-18,1261422.1072505082
2021-06-21,1267997.5340909732
2021-06-22,1271183.1491890948
2021-06-23,1271345.3359075950
2021-06-24,1273333.5795818858
2021-06-25,1272983.7886931873
2021-06-28,1275997.5774749233
2021-06-29,1276285.7656026001
2021-06-30,1276033.0317037143
2021-07-01,1278023.1816844954
2021-07-02,1282421.2767848801
2021-07-05,1282493.3134139553
2021-07-06,1282080.3631006766
2021-07-07,1282683.9400994172
2021-07-08,1281263.1221292226
2021-07-09,1284957.3753755309
2021-07-12,1285757.4365721873
2021-07-13,1283628.6058435452
2021-07-14,1283177.7236666104
2021-07-15,1281151.8871606735
2021-07-16,1278159.9758231654
2021-07-19,1274161.2282751491
2021-07-20,1279872.5295103779
2021-07-21,1282756.3422798174
2021-07-22,1283773.7601682930
2021-07-23,1288731.9712889795
2021-07-26,1289474.4505960953
2021-07-27,1287023.1248743362
2021-07-28,1288559.0498201188
2021-07-29,1287475.6910701864
2021-07-30,1284504.5482275407
2021-08-02,1284376.4911675192
2021-08-03,1287186.2839039993
2021-08-04,1286631.6649771133
2021-08-05,1289325.0147408752
2021-08-06,1288053.2551688156
2021-08-09,1288041.4056951557
2021-08-10,1287091.5950145710
2021-08-11,1287988.2718579122
2021-08-12,1288879.2094792211
2021-08-13,1290237.1419245794
2021-08-16,1290131.9739344430
2021-08-17,1283167.9866287829
2021-08-18,1272094.4318905591
2021-08-19,1274791.9652850102
2021-08-20,1287965.3973270231
2021-08-23,1299807.5063683614
2021-08-24,1302513.0754851669
2021-08-25,1304611.3490117434
2021-08-26,1298455.1869317971
2021-08-27,1310243.3148087235
2021-08-30,1316608.0534848089
2021-08-31,1314279.8087099120
2021-09-01,1317629.3582053930
2021-09-02,1318282.6213659525
2021-09-03,1318049.2160553725
2021-09-06,1318005.7025520199
2021-09-07,1319442.8292894831
2021-09-08,1313646.0646552758
2021-09-09,1309164.3174778139
2021-09-10,1296682.8041879763
2021-09-13,1300735.7068228647
2021-09-14,1293535.3876187967
2021-09-15,1300310.0702011271
2021-09-16,1302666.1724333146
2021-09-17,1293626.1063407231
2021-09-20,1273195.8658912880
2021-09-21,1275042.6780308627
2021-09-22,1285405.5684690208
2021-09-23,1295777.9468366127
2021-09-24,1298376.1030464373
2021-09-27,1292740.2500723582
2021-09-28,1263700.7542602145
2021-09-29,1263837.1484147806
2021-09-30,1255690.0994715802
2021-10-01,1263157.6343907253
2021-10-04,1243642.4921007867
2021-10-05,1256280.9958858574
2021-10-06,1261001.7938528827
2021-10-07,1271390.7731169360
2021-10-08,1267392.6159054411
2021-10-11,1260427.5769913287
2021-10-12,1258511.1799055720
2021-10-13,1263657.7715577285
2021-10-14,1281731.2162581666
2021-10-15,1287758.0702332046
2021-10-18,1293861.4573802205
2021-10-19,1294637.4353791769
2021-10-20,1296868.7574179857
2021-10-21,1303479.9336672777
2021-10-22,1296324.7267883208
2021-10-25,1304383.2688365250
2021-10-26,1303703.9560104653
2021-10-27,1303603.2303071425
2021-10-28,1318500.0298390395
2021-10-29,1321283.8939933220
2021-11-01,1326785.7594219844
2021-11-02,1330859.2170296255
2021-11-03,1340882.6085867903
2021-11-04,1348121.9208052433
2021-11-05,1353124.3665799026
2021-11-08,1352600.7565673203
2021-11-09,1333470.8185960064
2021-11-10,1333489.3390240425
2021-11-11,1333507.8597093066
2021-11-12,1333526.3806518025
2021-11-15,1333544.9018515339
2021-11-16,1333563.4233085040
2021-11-17,1333581.9450227167
2021-11-18,1333600.4669941752
2021-11-19,1333618.9892228835
2021-11-22,1333637.5117088449
2021-11-23,1333656.0344520630
2021-11-24,1333674.5574525415
2021-11-25,1333693.0807102839
2021-11-26,1333711.6042252937
2021-11-29,1333730.1279975746
2021-11-30,1333748.6520271301
2021-12-01,1333767.1763139640
2021-12-02,1333785.7008580794
2021-12-03,1333804.2256594801
2021-12-06,1333822.7507181698
2021-12-07,1333841.2760341521
2021-12-08,1333859.8016074304
2021-12-09,1333878.3274380083
2021-12-10,1333896.8535258893
2021-12-13,1333915.3798710771
2021-12-14,1333933.9064735754
2021-12-15,1333952.4333333876
2021-12-16,1333970.9604505172
2021-12-17,1333989.4878249681
2021-12-20,1334008.0154567433
2021-12-21,1334026.5433458469
2021-12-22,1334045.0714922822
2021-12-23,1334063.5998960529
2021-12-24,1334082.1285571626
2021-12-27,1334100.6574756147
2021-12-28,1334119.1866514129
2021-12-29,1334137.7160845608
2021-12-30,1334156.2457750621
2021-12-31,1334174.7757229202
2022-01-03,1334193.3059281386
2022-01-04,1334211.8363907209
2022-01-05,1334230.3671106708
2022-01-06,1334248.8980879919
2022-01-07,1334267.4293226874
2022-01-10,1334285.9608147615
2022-01-11,1334304.4925642172
2022-01-12,1334323.0245710583
2022-01-13,1334341.5568352884
2022-01-14,1334360.0893569111
2022-01-17,1334378.6221359300
2022-01-18,1334397.1551723485
2022-01-19,1334415.6884661703
2022-01-20,1334434.2220173990
2022-01-21,1334452.7558260381
2022-01-24,1334471.2898920912
2022-01-25,1334489.8242155618
2022-01-26,1334508.3587964538
2022-01-27,1334526.8936347705
2022-01-28,1334545.4287305155
2022-01-31,1334563.9640836923
2022-02-01,1334582.4996943045
2022-02-02,1334601.0355623558
2022-02-03,1334619.5716878497
2022-02-04,1334638.1080707898
2022-02-07,1334656.6447111797
2022-02-08,1334675.1816090229
2022-02-09,1334693.7187643230
2022-02-10,1334712.2561770836
2022-02-11,1334730.7938473083
2022-02-14,1334749.3317750006
2022-02-15,1334767.8699601642
2022-02-16,1334786.4084028024
2022-02-17,1334804.9471029192
2022-02-18,1334823.4860605178
2022-02-21,1334842.0252756020
2022-02-22,1334860.5647481752
2022-02-23,1334879.1044782412
2022-02-24,1334897.6444658034
2022-02-25,1334916.1847108654
2022-02-28,1334934.7252134308
2022-03-01,1334953.2659735032
2022-03-02,1334971.8069910861
2022-03-03,1334990.3482661832
2022-03-04,1335008.8897987979
2022-03-07,1335027.4315889340
2022-03-08,1335045.9736365951
2022-03-09,1335064.5159417845
2022-03-10,1335083.0585045060
2022-03-11,1335101.6013247629
2022-03-14,1335120.1444025591
2022-03-15,1335138.6877378980
2022-03-16,1335157.2313307831
2022-03-17,1335175.7751812183
2022-03-18,1335194.3192892070
2022-03-21,1335212.8636547527
2022-03-22,1335231.4082778590
2022-03-23,1335249.9531585295
2022-03-24,1335268.4982967677
2022-03-25,1335287.0436925774
2022-03-28,1335305.5893459620
2022-03-29,1335324.1352569251
2022-03-30,1335342.6814254704
2022-03-31,1335361.2278516013
2022-04-01,1335379.7745353214
2022-04-04,1335398.3214766344
2022-04-05,1335416.8686755437
2022-04-06,1335435.4161320531
2022-04-07,1335453.9638461662
2022-04-08,1335472.5118178863
2022-04-11,1335491.0600472172
2022-04-12,1335509.6085341622
2022-04-13,1335528.1572787252
2022-04-14,1335546.7062809097
2022-04-15,1335565.2555407193
2022-04-18,1335583.8050581573
2022-04-19,1335602.3548332276
2022-04-20,1335620.9048659336
2022-04-21,1335639.4551562790
2022-04-22,1335658.0057042674
2022-04-25,1335676.5565099022
2022-04-26,1335695.1075731870
2022-04-27,1335713.6588941256
2022-04-28,1335732.2104727214
2022-04-29,1335750.7623089780
2022-05-02,1335769.3144028990
2022-05-03,1335787.8667544879
2022-05-04,1335806.4193637483
2022-05-05,1335824.9722306838
2022-05-06,1335843.5253552981
2022-05-09,1335862.0787375947
2022-05-10,1335880.6323775770
2022-05-11,1335899.1862752489
2022-05-12,1335917.7404306137
2022-05-13,1335936.2948436753
2022-05-16,1335954.8495144371
2022-05-17,1335973.4044429027
2022-05-18,1335991.9596290754
2022-05-19,1336010.5150729590
2022-05-20,1336029.0707745573
2022-05-23,1336047.6267338735
2022-05-24,1336066.1829509116
2022-05-25,1336084.7394256748
2022-05-26,1336103.2961581668
2022-05-27,1336121.8531483912
2022-05-30,1336140.4103963517
2022-05-31,1336158.9679020518
2022-06-01,1336177.5256654948
2022-06-02,1336196.0836866847
2022-06-03,1336214.6419656249
2022-06-06,1336233.2005023188
2022-06-07,1336251.7592967702
2022-06-08,1336270.3183489826
2022-06-09,1336288.8776589597
2022-06-10,1336307.4372267050
2022-06-13,1336325.9970522220
2022-06-14,1336344.5571355144
2022-06-15,1336363.1174765858
2022-06-16,1336381.6780754395
2022-06-17,1336400.2389320794
2022-06-20,1336418.8000465089
2022-06-21,1336437.3614187317
2022-06-22,1336455.9230487514
2022-06-23,1336474.4849365714
2022-06-24,1336493.0470821955
2022-06-27,1336511.6094856272
2022-06-28,1336530.1721468701
2022-06-29,1336548.7350659277
2022-06-30,1336567.2982428037
2022-07-01,1336585.8616775016
2022-07-04,1336604.4253700250
2022-07-05,1336622.9893203774
2022-07-06,1336641.5535285624
2022-07-07,1336660.1179945837
2022-07-08,1336678.6827184446
2022-07-11,1336697.2477001490
2022-07-12,1336715.8129397004
2022-07-13,1336734.3784371023
2022-07-14,1336752.9441923583
2022-07-15,1336771.5102054721
2022-07-18,1336790.0764764473
2022-07-19,1336808.6430052873
2022-07-20,1333262.7614630742
2022-07-21,1338495.4110678958
2022-07-22,1339188.7712556077
2022-07-25,1337764.4345187552
2022-07-26,1337787.8191554814
2022-07-27,1341012.3973273293
2022-07-28,1348449.1349647446
2022-07-29,1350316.9024828181
2022-08-01,1352836.7935925731
2022-08-02,1349508.1689119400
2022-08-03,1351004.9439895910
2022-08-04,1355668.6564159561
2022-08-05,1353085.8387810250
2022-08-08,1355287.8041316702
2022-08-09,1356333.7443572951
2022-08-10,1354497.3794928263
2022-08-11,1355060.8936585253
2022-08-12,1357617.3170701729
2022-08-15,1354746.8657756897
2022-08-16,1354572.4864420420
2022-08-17,1351357.6706694427
2022-08-18,1350868.5104787699
2022-08-19,1350049.5342283188
2022-08-22,1349403.6635348876
2022-08-23,1350997.1562401494
2022-08-24,1352958.7969865790
2022-08-25,1353958.4110032329
2022-08-26,1350619.4062290974
2022-08-29,1352377.0394447281
2022-08-30,1349695.1462018189
2022-08-31,1345985.7874550982
2022-09-01,1344103.6682316638
2022-09-02,1346522.1944987597
2022-09-05,1347914.7953682283
2022-09-06,1347259.7454134463
2022-09-07,1351358.2654231230
2022-09-08,1348893.9290491797
2022-09-09,1349049.2702109329
2022-09-12,1350717.3960990636
2022-09-13,1345760.2145108180
2022-09-14,1346628.1134168790
2022-09-15,1341468.1519424818
2022-09-16,1342872.2028680863
2022-09-19,1344285.5442243924
2022-09-20,1342544.7344576777
2022-09-21,1345825.3077027153
2022-09-22,1346147.5471547120
2022-09-23,1343229.7487632395
2022-09-26,1338944.1184492772
2022-09-27,1342438.1606159788
2022-09-28,1350390.5965608307
2022-09-29,1346445.1775353372
2022-09-30,1345938.6648854341
2022-10-03,1354373.8277971414
2022-10-04,1359918.8279284292
2022-10-05,1357923.8321777158
2022-10-06,1357040.0428663660
2022-10-07,1352957.8752881950
2022-10-10,1349580.9569270406
2022-10-11,1349576.0725605483
2022-10-12,1351308.5632094529
2022-10-13,1349820.5736859743
2022-10-14,1345998.9231169187
2022-10-17,1347440.8798223226
2022-10-18,1348176.8182778079
2022-10-19,1344654.1472138634
2022-10-20,1343545.4670748347
2022-10-21,1350412.3913842672
2022-10-24,1350628.4030428138
2022-10-25,1351764.2371334555
2022-10-26,1349259.2063689188
2022-10-27,1351513.1335637504
2022-10-28,1348862.6581799877
2022-10-31,1348868.6649436755
2022-11-01,1350530.8030670020
2022-11-02,1348357.8270843865
2022-11-03,1347652.9878619392
2022-11-04,1356208.1545772371
2022-11-07,1353932.4652623632
2022-11-08,1362874.5512830657
2022-11-09,1361076.0408164866
2022-11-10,1368902.8031534809
2022-11-11,1368034.3557013043
2022-11-14,1366371.2888707037
2022-11-15,1366558.5771710300
2022-11-16,1367543.0935285117
2022-11-17,1368236.9695830275
2022-11-18,1364214.6590822483
2022-11-21,1363841.0311262195
2022-11-22,1362923.6607092044
2022-11-23,1365985.6201736298
2022-11-24,1366541.3311913935
2022-11-25,1367235.1867590626
2022-11-28,1366299.8815287184
2022-11-29,1368539.9189480734
2022-11-30,1369142.7756309942
2022-12-01,1373870.5289297781
2022-12-02,1371346.0525658061
2022-12-05,1362147.4497267797
2022-12-06,1364151.0412155315
2022-12-07,1366123.7461281845
2022-12-08,1366353.0053316287
2022-12-09,1367406.1629669457
2022-12-12,1365380.8340146602
2022-12-13,1369636.7122740461
2022-12-14,1369164.8773315251
2022-12-15,1363828.5960980849
2022-12-16,1366864.8849597641
2022-12-19,1365973.5509202103
2022-12-20,1371296.3106312945
2022-12-21,1371807.4973810702
2022-12-22,1366993.6822715777
2022-12-23,1368330.9462481458
2022-12-26,1368344.8176173067
2022-12-27,1370102.9646160314
2022-12-28,1368982.1221244084
2022-12-29,1370315.1887431960
2022-12-30,1368476.6442989309
2023-01-03,1372034.9768930718
2023-01-04,1374011.2555187498
2023-01-05,1364434.8357264050
2023-01-06,1373420.3097025161
2023-01-09,1368422.5705029028
2023-01-10,1371535.9319504548
2023-01-11,1369398.8643155231
2023-01-12,1373504.1458611027
2023-01-13,1379999.1902858550
2023-01-16,1382554.5223000241
2023-01-17,1383322.0296018980
2023-01-18,1380286.8058138303
2023-01-19,1394032.0639162783
2023-01-20,1393527.9121096509
2023-01-23,1394251.5052171932
2023-01-24,1396999.6525681496
2023-01-25,1400443.1866746331
2023-01-26,1393060.4543956218
2023-01-27,1392326.9497340457
2023-01-30,1392899.7169228406
2023-01-31,1395592.9249306121
2023-02-01,1404213.4154400900
2023-02-02,1386701.2314221864
2023-02-03,1373458.6120052692
2023-02-06,1374341.6908044475
2023-02-07,1375178.9027892454
2023-02-08,1377123.7873910787
2023-02-09,1368911.5229005585
2023-02-10,1374641.3403664115
2023-02-13,1369936.4222908872
2023-02-14,1371660.3214960597
2023-02-15,1366325.7002204414
2023-02-16,1366107.0510841929
2023-02-17,1369912.2554562474
2023-02-20,1368356.7074632188
2023-02-21,1369028.8265899317
2023-02-22,1365138.0096705658
2023-02-23,1365456.1738074129
2023-02-24,1366325.1293845121
2023-02-27,1367011.9154134323
2023-02-28,1370042.0841746740
2023-03-01,1367152.7347468042
2023-03-02,1371999.2401121263
2023-03-03,1379128.2315437994
2023-03-06,1378311.1637488552
2023-03-07,1367589.2550353683
2023-03-08,1365941.5970397014
2023-03-09,1373960.5889081601
2023-03-10,1385027.5141777629
2023-03-13,1396456.2476374903
2023-03-14,1395941.7939748529
2023-03-15,1405630.2073930576
2023-03-16,1405224.2651843198
2023-03-17,1433553.8408152983
2023-03-20,1428063.0295610209
2023-03-21,1411302.9083157508
2023-03-22,1421418.5400124001
2023-03-23,1427551.9561582250
2023-03-24,1426085.6689061322
2023-03-27,1416559.9396673092
2023-03-28,1423250.1330113548
2023-03-29,1424650.6845719435
2023-03-30,1432129.2320374039
2023-03-31,1426690.3382308765
2023-04-03,1437150.1731296901
2023-04-04,1461484.2170964449
2023-04-05,1459323.4850473795
2023-04-06,1449520.0397128318
2023-04-07,1449520.3009277226
2023-04-10,1440812.8386053911
2023-04-11,1449219.4259852599
2023-04-12,1452808.2630083936
2023-04-13,1470241.6196683219
2023-04-14,1445837.3905126473
2023-04-17,1441557.5198103010
2023-04-18,1447387.0401261882
2023-04-19,1442505.0019467319
2023-04-20,1445329.9283289327
2023-04-21,1433782.9794505767
2023-04-24,1438108.1806410409
2023-04-25,1449538.7212068804
2023-04-26,1442983.9173090609
2023-04-27,1442548.8953845948
2023-04-28,1443846.8778508047
2023-05-01,1437407.5056592813
2023-05-02,1459429.2047786969
2023-05-03,1474307.4388385955
2023-05-04,1479493.7823940096
2023-05-05,1458967.3825871935
2023-05-08,1463352.3809513291
2023-05-09,1472739.8307642317
2023-05-10,1472028.3441263193
2023-05-11,1465226.1393293885
2023-05-12,1463899.2831359056
2023-05-15,1466999.4450668576
2023-05-16,1453131.5662200910
2023-05-17,1452804.1245197458
2023-05-18,1445527.1168034899
2023-05-19,1453992.1377387717
2023-05-22,1453647.5263871860
2023-05-23,1460077.0744810659
2023-05-24,1447967.8793025890
2023-05-25,1441187.4386664566
2023-05-26,1443299.5594096100
2023-05-29,1455063.5117651948
2023-05-30,1468420.8333119152
2023-05-31,1476378.2835936290
2023-06-01,1485434.8927661327
2023-06-02,1461590.7162849756
2023-06-05,1475036.7772818669
2023-06-06,1479933.2606789020
2023-06-07,1464830.7809820543
2023-06-08,1478926.9131051647
2023-06-09,1479197.9993632287
2023-06-12,1481881.2857824373
2023-06-13,1475879.5628405905
2023-06-14,1472749.9564903320
2023-06-15,1478880.8170198149
2023-06-16,1477920.7359327399
2023-06-19,1479358.3779543182
2023-06-20,1474081.4004727555
2023-06-21,1468282.2074263876
2023-06-22,1456581.7647667727
2023-06-23,1459905.0610672093
2023-06-26,1473089.4580057049
2023-06-27,1464793.9925074221
2023-06-28,1463130.7544268128
2023-06-29,1464422.1777690800
2023-06-30,1475031.2235113257
2023-07-03,1474895.9979273546
2023-07-04,1472746.4672194079
2023-07-05,1471299.1176345558
2023-07-06,1465564.6771114171
2023-07-07,1470879.6826782224
2023-07-10,1471035.4653957402
2023-07-11,1472874.3577311374
2023-07-12,1483259.1327793128
2023-07-13,1482821.3180641897
2023-07-14,1476970.9816473215
2023-07-17,1484195.7536315552
2023-07-18,1504122.0938246471
2023-07-19,1510416.5749166326
2023-07-20,1492688.4344949066
2023-07-21,1488826.2864790268
2023-07-24,1483724.4865058225
2023-07-25,1481642.5253825895
2023-07-26,1486079.8882302328
2023-07-27,1472211.7147920039
2023-07-28,1507028.4965665028
2023-07-31,1509871.5404653582
2023-08-01,1500760.3742701868
2023-08-02,1494043.7751729798
2023-08-03,1488877.3177843296
2023-08-04,1495267.2096322209
2023-08-07,1495386.5468902397
2023-08-08,1491355.7318918086
2023-08-09,1480092.9911398906
2023-08-10,1479288.2125078957
2023-08-11,1483716.0597762880
2023-08-14,1484072.2965159721
2023-08-15,1485116.9554762475
2023-08-16,1477779.1595478412
2023-08-17,1472309.1132640243
2023-08-18,1471278.6893731006
2023-08-21,1476211.2647412040
2023-08-22,1480212.9689515235
2023-08-23,1492171.8849468827
2023-08-24,1489744.8398369586
2023-08-25,1491117.7492765135
2023-08-28,1496232.6734007706
2023-08-29,1508448.1644608132
2023-08-30,1514115.5510257853
2023-08-31,1505933.9008134799
2023-09-01,1506537.2506298597
2023-09-04,1506932.0349473336
2023-09-05,1503535.5262370075
2023-09-06,1498718.1251103226
2023-09-07,1501658.6667932263
2023-09-08,1503731.6325838570
2023-09-11,1495782.4978120704
2023-09-12,1488646.3639857406
2023-09-13,1481549.9348468259
2023-09-14,1484301.5835333981
2023-09-15,1491503.5344139829
2023-09-18,1501836.8175284225
2023-09-19,1500561.4252410932
2023-09-20,1496487.6393469116
2023-09-21,1483178.8438708615
2023-09-22,1483943.6077040988
2023-09-25,1472768.0826130246
2023-09-26,1467469.6355316399
2023-09-27,1454631.8248554000
2023-09-28,1449559.4772874701
2023-09-29,1440698.9366467677
2023-10-02,1431775.7639255528
2023-10-03,1421182.7419900771
2023-10-04,1425508.1096063487
2023-10-05,1423485.3779389297
2023-10-06,1437052.7434699691
2023-10-09,1452045.5871719774
2023-10-10,1454748.1669269963
2023-10-11,1466088.0922567230
2023-10-12,1460726.5340582314
2023-10-13,1490769.4199299910
2023-10-16,1490257.7124477124
2023-10-17,1491637.7568438735
2023-10-18,1497815.9958238970
2023-10-19,1507221.7100836630
2023-10-20,1504645.9697581544
2023-10-23,1499745.4669793849
2023-10-24,1502435.5944546368
2023-10-25,1499052.4597807541
2023-10-26,1494237.7970345379
2023-10-27,1506621.4499064207
2023-10-30,1505012.1950951971
2023-10-31,1500920.9202492633
2023-11-01,1506824.3537024769
2023-11-02,1515022.3427747290
2023-11-03,1518653.7619334501
2023-11-06,1508012.3281245281
2023-11-07,1508773.5652970516
2023-11-08,1497964.0060473990
2023-11-09,1499539.6210871323
2023-11-10,1497174.6682557086
2023-11-13,1501034.2276624637
2023-11-14,1514913.9901103340
2023-11-15,1509460.3828193110
2023-11-16,1520994.3455302380
2023-11-17,1514307.8329242631
2023-11-20,1507904.1530212390
2023-11-21,1510106.2443976267
2023-11-22,1510640.6696646102
2023-11-23,1510634.9679874824
2023-11-24,1515911.2890495486
2023-11-27,1521741.6273702658
2023-11-28,1545599.5103121959
2023-11-29,1543094.9454680260
2023-11-30,1539965.2498129546
2023-12-01,1560601.7203377886
2023-12-04,1536096.3879855296
2023-12-05,1532722.8061869992
2023-12-06,1535685.3928361954
2023-12-07,1540959.3800006323
2023-12-08,1533531.4446008529
2023-12-11,1524199.1311406465
2023-12-12,1525442.9640862893
2023-12-13,1557034.2401549614
2023-12-14,1550105.7206895857
2023-12-15,1542699.9581459609
2023-12-18,1552462.9519981160
2023-12-19,1560460.6831711794
2023-12-20,1551149.5388180197
2023-12-21,1564540.5532780301
2023-12-22,1567693.4412976112
2023-12-25,1567693.4412976112
2023-12-26,1578986.2052608340
2023-12-27,1586252.1820036105
2023-12-28,1571219.2452950682
2023-12-29,1564648.6262627542
2024-01-02,1565229.5153963268
2024-01-03,1551702.3471021769
2024-01-04,1552165.9406157583
2024-01-05,1551409.8456611792
2024-01-08,1552788.1287098913
2024-01-09,1556470.5807884017
2024-01-10,1557435.4836134543
2024-01-11,1557618.6976529430
2024-01-12,1569596.3972155217
2024-01-15,1573006.7145648818
2024-01-16,1561088.4418744044
2024-01-17,1547871.4843975708
2024-01-18,1562335.2743168985
2024-01-19,1573085.6982364969
2024-01-22,1569821.9672290280
2024-01-23,1571078.5087677205
2024-01-24,1560853.6063660299
2024-01-25,1569276.2729151363
2024-01-26,1567294.6548944477
2024-01-29,1590802.1791449168
2024-01-30,1589444.3118686259
2024-01-31,1578739.5937866145
2024-02-01,1594627.0286752437
2024-02-02,1596315.1457006482
2024-02-05,1589085.4113765424
2024-02-06,1593241.4657024029
2024-02-07,1598567.8877907966
2024-02-08,1599265.5952567055
2024-02-09,1598241.8182430277
2024-02-12,1594481.8332008927
2024-02-13,1570839.1076164457
2024-02-14,1576506.0291604616
2024-02-15,1584210.0450289405
2024-02-16,1585344.0417366899
2024-02-19,1588277.2889985761
2024-02-20,1586532.8352056204
2024-02-21,1585392.2792699244
2024-02-22,1598572.6474563545
2024-02-23,1604189.2379472328
2024-02-26,1601075.7075099766
2024-02-27,1602067.1465495315
2024-02-28,1601839.7582748812
2024-02-29,1609101.7364488724
2024-03-01,1636848.5976840938
2024-03-04,1652054.5789873903
2024-03-05,1650932.1935288713
2024-03-06,1664496.2456317309
2024-03-07,1676812.8940622434
2024-03-08,1679798.0781789999
2024-03-11,1677925.9002642643
2024-03-12,1672089.6362409014
2024-03-13,1679666.6793450336
2024-03-14,1672342.2909316174
2024-03-15,1664597.8748701650
2024-03-18,1671436.6552315617
2024-03-19,1672356.1077274056
2024-03-20,1693152.5468702053
2024-03-21,1691562.4145180874
2024-03-22,1690210.7142462309
2024-03-25,1688109.0438524573
2024-03-26,1690504.4083003560
2024-03-27,1715333.2828731160
2024-03-28,1735703.2180692868
2024-03-29,1735703.2180692868
2024-04-01,1746238.0701724784
2024-04-02,1757392.5656299805
2024-04-03,1768989.1662340085
2024-04-04,1756100.2761500336
2024-04-05,1783165.2162504231
2024-04-08,1787770.7678198633
2024-04-09,1796662.2139540480
2024-04-10,1782091.4305739594
2024-04-11,1810720.7425361390
2024-04-12,1786213.2938262278
2024-04-15,1798553.7648743838
2024-04-16,1797938.3949205589
2024-04-17,1780154.4726241110
2024-04-18,1780883.4608229611
2024-04-19,1785337.1178573093
2024-04-22,1751750.3053117006
2024-04-23,1761879.0214177261
2024-04-24,1758845.7681653451
2024-04-25,1762976.7250387827
2024-04-26,1776105.4389323338
2024-04-29,1772465.1908999346
2024-04-30,1738588.6781243423
2024-05-01,1753987.8072791744
2024-05-02,1752180.7936151128
2024-05-03,1760308.8158985430
2024-05-06,1770030.9999452194
2024-05-07,1766888.2760536328
2024-05-08,1764374.6481547125
2024-05-09,1785329.8313980114
2024-05-10,1793626.5742787549
2024-05-13,1783430.1064950528
2024-05-14,1798492.6367218553
2024-05-15,1816920.0797675413
2024-05-16,1810074.6493040356
2024-05-17,1832244.9868147231
2024-05-20,1842748.0727335985
2024-05-21,1842115.6353042289
2024-05-22,1819062.9079871827
2024-05-23,1789127.8917836924
2024-05-24,1797612.5472741269
2024-05-27,1806991.1260695828
2024-05-28,1814885.6302570915
2024-05-29,1799154.1582162506
2024-05-30,1793223.4365999268
2024-05-31,1798471.1840127141
2024-06-03,1813829.9695569614
2024-06-04,1800576.9705379191
2024-06-05,1827947.4029925347
2024-06-06,1837375.8769454886
2024-06-07,1791764.0167417473
2024-06-10,1803007.7362873789
2024-06-11,1812006.4722716610
2024-06-12,1820594.3249322174
2024-06-13,1813499.0609023648
2024-06-14,1830115.7532214951
2024-06-17,1827670.7263127253
2024-06-18,1833247.4382829014
2024-06-19,1833086.1769930555
2024-06-20,1846611.7050204277
2024-06-21,1824903.4096533319
2024-06-24,1826042.4844895466
2024-06-25,1824569.3284086653
2024-06-26,1816253.9773160764
2024-06-27,1833715.9263946710
2024-06-28,1828389.5676332652
2024-07-01,1835653.3567718547
2024-07-02,1839412.2040551635
2024-07-03,1858297.5163514211
2024-07-04,1858155.6499231299
2024-07-05,1880858.1650605972
2024-07-08,1858419.0478502004
2024-07-09,1868721.7588641925
2024-07-10,1880176.6386624319
2024-07-11,1888596.1910029466
2024-07-12,1887432.3315150365
2024-07-15,1897962.5580637013
2024-07-16,1926666.2284629717
2024-07-17,1904550.5208515699
2024-07-18,1891853.4961349538
2024-07-19,1865528.7363867778
2024-07-22,1872461.2953382446
2024-07-23,1879061.4742665994
2024-07-24,1850597.8339228081
2024-07-25,1819794.8763873973
2024-07-26,1840993.5914096560
2024-07-29,1838974.3046176638
2024-07-30,1871701.0376810520
2024-07-31,1899307.0487166510
2024-08-01,1891638.2689705889
2024-08-02,1859174.2292305161
2024-08-05,1810795.3710800931
2024-08-06,1811645.7177020903
2024-08-07,1806803.2999288379
2024-08-08,1844001.4502418158
2024-08-09,1847192.2559752436
2024-08-12,1872307.5178008038
2024-08-13,1875117.0842234502
2024-08-14,1861072.4441364862
2024-08-15,1874960.3055801475
2024-08-16,1888966.5769848123
2024-08-19,1894116.5353302180
2024-08-20,1893617.6275236066
2024-08-21,1896393.3417600079
2024-08-22,1879533.0647069099
2024-08-23,1895635.7147102740
2024-08-26,1889875.5227847798
2024-08-27,1893554.6031855671
2024-08-28,1881398.5201599621
2024-08-29,1877029.7119184090
2024-08-30,1880743.3190762345
2024-09-02,1881929.5996399533
2024-09-03,1860806.9954305552
2024-09-04,1857735.2909758729
2024-09-05,1857660.1207871882
2024-09-06,1833530.7162954998
2024-09-09,1850918.9871246926
2024-09-10,1859822.0384468653
2024-09-11,1871581.7024359861
2024-09-12,1891843.0477260244
2024-09-13,1896897.0423856648
2024-09-16,1895925.5488384070
2024-09-17,1893773.5683408864
2024-09-18,1885010.3707967252
2024-09-19,1906867.0724316866
2024-09-20,1910146.0453443145
2024-09-23,1913948.6316521075
2024-09-24,1919774.9183357398
2024-09-25,1918836.9406034884
2024-09-26,1922196.3660549936
2024-09-27,1916394.2035082781
2024-09-30,1915311.6407469662
2024-10-01,1911331.9899655723
2024-10-02,1910650.0439102720
2024-10-03,1908852.8956879606
2024-10-04,1917739.4371533466
2024-10-07,1905226.9050901113
2024-10-08,1919635.4487530063
2024-10-09,1925459.7354484336
2024-10-10,1930488.8428372606
2024-10-11,1938938.0935067162
2024-10-14,1949234.3395138429
2024-10-15,1950907.5366176339
2024-10-16,1956979.8266984257
2024-10-17,1963000.6327606740
2024-10-18,1970573.7296833820
2024-10-21,1973203.4359620968
2024-10-22,1982147.3868395304
2024-10-23,1963842.8199333753
2024-10-24,1970192.0930671650
2024-10-25,1976959.8767417937
2024-10-28,1975249.2120655384
2024-10-29,1992685.5767130144
2024-10-30,1988437.2323879483
2024-10-31,1954726.1879020995
2024-11-01,1958811.2685652387
2024-11-04,1951097.4693585094
2024-11-05,1966735.0841849339
2024-11-06,1988543.7926284340
2024-11-07,1984977.7185336314
2024-11-08,1981159.2857480210
2024-11-11,1947444.5010782594
2024-11-12,1938732.4870734701
2024-11-13,1920272.5525222858
2024-11-14,1913128.1089234613
2024-11-15,1905805.9624951023
2024-11-18,1935607.9735759541
2024-11-19,1955646.1173268550
2024-11-20,1984206.5320034851
2024-11-21,1995490.3547817701
2024-11-22,2026519.5941880455
2024-11-25,1966978.0722387997
2024-11-26,1974952.2346787439
2024-11-27,1975029.6734736743
2024-11-28,1974728.6153274891
2024-11-29,1985099.1328889690
2024-12-02,1986834.0039763493
2024-12-03,1993765.8123656134
2024-12-04,1996536.4829315089
2024-12-05,1980580.3298548143
2024-12-06,1986599.6731354196
2024-12-09,1999190.1255326788
2024-12-10,2021292.5618868899
2024-12-11,2049031.5889691624
2024-12-12,2018899.1320036161
2024-12-13,1993998.8507573453
2024-12-16,2001770.8804559454
2024-12-17,1996776.6741466017
2024-12-18,1947558.0716206699
2024-12-19,1956587.3986988908
2024-12-20,1978801.7864195884
2024-12-23,1974394.3053159125
2024-12-24,1979845.3639035693
2024-12-25,1979852.3843795974
2024-12-26,1983855.1041708321
2024-12-27,1978420.8778978176
2024-12-30,1966218.7579788037
2024-12-31,1976286.3094100622
2025-01-02,1995550.8892546780
2025-01-03,1992840.7510371178
2025-01-06,1992656.1974469721
2025-01-07,2000073.1256808252
2025-01-08,2011907.9228704567
2025-01-09,2020002.0865354687
2025-01-10,2031994.9131311844
2025-01-13,2007758.7633949940
2025-01-14,2015771.4286966766
2025-01-15,2040254.9566610134
2025-01-16,2054330.2406174387
2025-01-17,2051559.3757850323
2025-01-20,2034714.4825473253
2025-01-21,2048576.2390264990
2025-01-22,2058793.0287879268
2025-01-23,2059526.1488204489
2025-01-24,2067676.7298243383
2025-01-27,2048907.2539920702
2025-01-28,2070399.2755643039
2025-01-29,2067742.1297622460
2025-01-30,2104023.4753128616
2025-01-31,2090173.0842577072
2025-02-03,2099963.3972128048
2025-02-04,2117784.5510222916
2025-02-05,2131328.9656585343
2025-02-06,2133190.9935501418
2025-02-07,2137366.3222763101
2025-02-10,2175303.4826306696
2025-02-11,2168331.5507419659
2025-02-12,2169980.4645429305
2025-02-13,2187133.8534530611
2025-02-14,2138218.0963620855
2025-02-17,2150961.0311225322
2025-02-18,2181353.9074897105
2025-02-19,2180023.9299141844
2025-02-20,2171901.8417965579
2025-02-21,2166890.5393467941
2025-02-24,2174843.2286998830
2025-02-25,2147943.8485661452
2025-02-26,2152056.9322774336
2025-02-27,2125881.6708539394
2025-02-28,2114098.4680313352
2025-03-03,2134758.4256664510
2025-03-04,2140972.6583422427
2025-03-05,2138111.6486175410
2025-03-06,2128534.3209704352
2025-03-07,2128459.4250481077
2025-03-10,2109406.7850672626
2025-03-11,2118762.5412475937
2025-03-12,2137191.4198125801
2025-03-13,2171822.2280775290
2025-03-14,2170309.1748946127
2025-03-17,2178583.8572088722
2025-03-18,2195058.8715589293
2025-03-19,2209474.0945340241
2025-03-20,2211820.7755304426
2025-03-21,2196900.6245042947
2025-03-24,2191608.7305970467
2025-03-25,2221998.3778843642
2025-03-26,2221886.7656993261
2025-03-27,2246570.8204262555
2025-03-28,2253156.4575675018
2025-03-31,2276508.1893466124
2025-04-01,2276728.3109440235
2025-04-02,2304068.5372331860
2025-04-03,2261836.3046015692
2025-04-04,2197679.7488833931
2025-04-07,2169878.5568397366
2025-04-08,2171286.2196925399
2025-04-09,2261422.1784047056
2025-04-10,2304546.9606927764
2025-04-11,2341801.5480994969
2025-04-14,2330321.1539044962
2025-04-15,2345066.1438367083
2025-04-16,2405474.8130918830
2025-04-17,2394915.7005329104
2025-04-18,2394898.0826838203
2025-04-21,2431927.8850503792
2025-04-22,2430350.7039807243
2025-04-23,2370817.6190274120
2025-04-24,2415022.5655033034
2025-04-25,2384216.4188451264
2025-04-28,2388793.4353784542
2025-04-29,2380941.7942837160
2025-04-30,2371938.1439941637
2025-05-01,2364913.2339413334
2025-05-02,2370701.0614304449
2025-05-05,2392901.1478548739
2025-05-06,2406190.4463016046
2025-05-07,2390418.8165054801
2025-05-08,2381238.8425199366
2025-05-09,2385733.4191416427
2025-05-12,2367176.5448425906
2025-05-13,2382436.4403633466
2025-05-14,2366981.0760593861
2025-05-15,2382626.9318287028
2025-05-16,2374854.4755808990
2025-05-19,2381295.0443820646
2025-05-20,2394695.1831052005
2025-05-21,2403111.0939780944
2025-05-22,2398978.9849439012
2025-05-23,2407069.6682353467
2025-05-26,2403918.7135515306
2025-05-27,2403856.0434960453
2025-05-28,2397985.7260340769
2025-05-29,2405858.7058390221
2025-05-30,2398543.4504434383
2025-06-02,2417260.1179742320
2025-06-03,2419529.3630380072
2025-06-04,2424635.0962886466
2025-06-05,2415729.6991225150
2025-06-06,2410950.4915154660
2025-06-09,2414249.9568603868
2025-06-10,2417502.9993308969
2025-06-11,2423926.1719126981
2025-06-12,2429937.1093385811
2025-06-13,2438650.5236525591
2025-06-16,2431646.0722364765
2025-06-17,2429453.2263889099
2025-06-18,2425535.7135851081
2025-06-19,2425316.6299763015
2025-06-20,2421354.1521458589
2025-06-23,2424966.6247648466
2025-06-24,2415123.2579732528
2025-06-25,2418352.8342634188
2025-06-26,2417686.7541456190
2025-06-27,2405296.2409773543
2025-06-30,2412159.1814708831
2025-07-01,2419740.6774549456
2025-07-02,2426101.0241574706
2025-07-03,2420605.4632693622
2025-07-04,2422553.8545343759
2025-07-07,2422326.2022336451
2025-07-08,2413630.0542095210
2025-07-09,2418900.0020941198
2025-07-10,2421289.1262369677
2025-07-11,2429369.5245563360
2025-07-14,2425443.8519705907
2025-07-15,2421385.7683745958
2025-07-16,2427698.1767200958
2025-07-17,2427604.2167831305
2025-07-18,2415027.0301163285
2025-07-21,2442366.3493645531
2025-07-22,2456969.0105325351
2025-07-23,2435317.7200762560
2025-07-24,2453119.9885441493
2025-07-25,2441730.5639630915
2025-07-28,2436078.6436497322
2025-07-29,2440303.9570277380
2025-07-30,2422114.3569481289
2025-07-31,2424551.7795539196
2025-08-01,2442396.7748958371
2025-08-04,2455683.0297401836
2025-08-05,2459408.5584455235
2025-08-06,2466200.6591520975
2025-08-07,2490055.9772685007
2025-08-08,2484723.5382514885
2025-08-11,2457363.3587630168
2025-08-12,2469209.0059985779
2025-08-13,2473149.1430643355
2025-08-14,2461082.7976901373
2025-08-15,2462621.9109609150
2025-08-18,2464604.7811066164
2025-08-19,2446363.8983612680
2025-08-20,2459443.2317285724
2025-08-21,2455081.5673636831
2025-08-22,2484336.0966393864
2025-08-25,2481886.0746294479
2025-08-26,2496906.0973931784
2025-08-27,2496843.6174669587
2025-08-28,2508336.4909775415
2025-08-29,2520598.1563583580
2025-09-01,2536986.7769642756
2025-09-02,2555057.2791830809
2025-09-03,2567012.8779895073
2025-09-04,2558898.0807037335
2025-09-05,2578687.2543047345
2025-09-08,2597642.7051777910
2025-09-09,2580318.1479258440
2025-09-10,2597502.0155072492
2025-09-11,2605213.3472689302
2025-09-12,2611396.0684355311
2025-09-15,2632156.5695907101
2025-09-16,2633760.0753831435
2025-09-17,2615993.3009363702
2025-09-18,2612093.4258399685
2025-09-19,2636377.0684561101
2025-09-22,2667483.6471847314
2025-09-23,2667383.2494304227
2025-09-24,2662042.5179051640
2025-09-25,2665340.2464833274
2025-09-26,2670783.5543485512
2025-09-29,2705399.5355915637
2025-09-30,2719686.2243047012
2025-10-01,2724200.2547955220
2025-10-02,2721555.5622559870
2025-10-03,2733428.6277940907
2025-10-06,2769684.3452167185
2025-10-07,2775640.0335325161
2025-10-08,2805762.8082070858
2025-10-09,2783274.0157296206
2025-10-10,2776146.0437380713
2025-10-13,2830178.0973204365
2025-10-14,2837540.5734543088
2025-10-15,2871422.0826137085
2025-10-16,2920079.0988853150
2025-10-17,2882825.7483007666
2025-10-20,2939515.9959902116
2025-10-21,2840316.8701529913
2025-10-22,2824380.5140687167
2025-10-23,2842373.0233653849
2025-10-24,2844821.7721219868
2025-10-27,2800783.1316616405
2025-10-28,2783580.1466778656
2025-10-29,2775344.9883216838
2025-10-30,2812859.1167533584
2025-10-31,2806776.3681687643
2025-11-03,2809907.1022837535
2025-11-04,2769944.9899244998
2025-11-05,2794197.1157460953
2025-11-06,2780752.3268828727
2025-11-07,2790223.5543774310
2025-11-10,2851926.5571586750
2025-11-11,2854413.6204236238
2025-11-12,2881270.7009992842
2025-11-13,2853296.3653508765
2025-11-14,2813160.7875899603
2025-11-17,2795149.4330223678
2025-11-18,2798126.7940055765
2025-11-19,2807664.8461286109
2025-11-20,2797417.0680765561
2025-11-21,2806323.3258055095
2025-11-24,2848193.7326085223
2025-11-25,2844868.1415486946
2025-11-26,2860019.9837440089
2025-11-27,2858292.8312960025
2025-11-28,2888868.4053455815
2025-12-01,2890801.5801224941
2025-12-02,2881382.9450333538
2025-12-03,2877989.8504855153
2025-12-04,2883236.8751227027
2025-12-05,2880982.9812891018
2025-12-08,2877574.2526869085
2025-12-09,2881894.7589157787
2025-12-10,2893366.2589765284
2025-12-11,2911861.7608879609
2025-12-12,2911054.2938977326
2025-12-15,2907400.1788844354
2025-12-16,2904888.3535387758
2025-12-17,2914111.7645774754
2025-12-18,2916595.2626520162
2025-12-19,2925682.1762102731
2025-12-22,2976152.3599168067
2025-12-23,2991161.8100983081
2025-12-24,2984207.8846694254
2025-12-25,2984511.8088344513
2025-12-26,2997968.3475152445
2025-12-29,2910881.1268039895
2025-12-30,2906737.9171344349
2025-12-31,2892737.7138657006
2026-01-02,2897777.5457950272
2026-01-05,2943049.0742320479
2026-01-06,2957423.9700712049
2026-01-07,2952038.6300749630
2026-01-08,2951483.4386379994
2026-01-09,2968456.5626294855
2026-01-12,2996649.9821300176
2026-01-13,2989015.7234183881
2026-01-14,2990441.0673345793
2026-01-15,2984980.1450966112
2026-01-16,2978642.0928988243
2026-01-19,2997284.7470933339
2026-01-20,3005136.7836956279
2026-01-21,3027771.9232783588
2026-01-22,3058123.8993035452
2026-01-23,3079034.3457743926
2026-01-26,3095135.5399710946
2026-01-27,3097918.1966378093
2026-01-28,3182854.1597079788
2026-01-29,3172434.6089990200
2026-01-30,3047619.3871773276
2026-02-02,2965400.5952401389
2026-02-03,3030766.4056716375
2026-02-04,3048561.5481683919
2026-02-05,2991224.3816982568
2026-02-06,3043330.5945018092
2026-02-09,3071673.0616818694
2026-02-10,3064274.2090160646
2026-02-11,3077087.8627747609
2026-02-12,3027955.9626194551
2026-02-13,3046614.2749397415
2026-02-16,3035325.3641442005
2026-02-17,3009525.5015411917
2026-02-18,3035787.6229389152
2026-02-19,3038553.9013751354
2026-02-20,3069028.7441904792
2026-02-23,3090294.2720879861
2026-02-24,3075305.5721626868
2026-02-25,3086789.9354446447
2026-02-26,3081924.8855088935
2026-02-27,3105274.4342571935
2026-03-02,3115173.0960447602
2026-03-03,3081765.0489710006
2026-03-04,3086370.9367404147
2026-03-05,3084354.7479639454
2026-03-06,3082565.2101412052
2026-03-09,3086095.6081267055
2026-03-10,3085161.9827109794
2026-03-11,3084614.8306681244
2026-03-12,3076645.2123955274
2026-03-13,3073746.9419248486
2026-03-16,3076519.3010776355
2026-03-17,3077379.9786273548
2026-03-18,3067374.1966280621
2026-03-19,3061918.8036535508
2026-03-20,3052181.2837729584
2026-03-23,3052762.4898715732
2026-03-24,3052749.1348747108
2026-03-25,3056290.9398410823
2026-03-26,3046243.3023993149
2026-03-27,3044182.4750251090
2026-03-30,3032939.7492262693
2026-03-31,3066473.1537996642
2026-04-01,3083042.5087345410
2026-04-02,3077533.8692500899
2026-04-03,3075052.1210711771
2026-04-06,3076563.3221409442
2026-04-07,3076440.2570184553
2026-04-08,3103261.0781612941
2026-04-09,3111236.7776022898
2026-04-10,3116212.5231027952
2026-04-13,3125870.2622521222
2026-04-14,3149362.9680204140
2026-04-15,3157058.8422395140
2026-04-16,3163253.8636449343
2026-04-17,3177393.1938330932
2026-04-20,3173269.2457876364
2026-04-21,3164449.0275670909
2026-04-22,3181686.4273689026
2026-04-23,3171246.0634410968
2026-04-24,3184301.7531579500
2026-04-27,3182097.1660844795
2026-04-28,3169355.2087626485
2026-04-29,3165231.0171795175
2026-04-30,3175825.6091496162
2026-05-01,3182481.1101201512
2026-05-04,3176232.3680640385
2026-05-05,3186820.8403863851
2026-05-06,3210835.6429292057
2026-05-07,3208682.6762342062
2026-05-08,3223305.8034002911
2026-05-11,3227832.5095794788
2026-05-12,3219883.5410167212
2026-05-13,3230571.8064997606
2026-05-14,3232104.7166433604
2026-05-15,3214720.2057094928
2026-05-18,3208927.7329355525
2026-05-19,3199080.6220855974
2026-05-20,3214636.6350391321
2026-05-21,3212587.0074701775
2026-05-22,3216025.5134641668
2026-05-25,3221742.9449195941
2026-05-26,3228598.4536298527
2026-05-27,3224258.1849147016
2026-05-28,3234312.1603295151
2026-05-29,3228148.4299000921
2026-06-01,3226972.9015785260
2026-06-02,3228605.6351864114
2026-06-03,3214459.0611787145
2026-06-04,3217432.3255223688
2026-06-05,3148097.1546703884
2026-06-06,3148116.7740545627
2026-06-07,3146134.2078457209
2026-06-08,3159130.2535111727
2026-06-09,3139991.8182309452
2026-06-10,3114543.2235898264
2026-06-11,3140557.8358064028
2026-06-12,3142767.0225113016
2026-06-13,3142786.7238526912
2026-06-14,3142806.2530270861
2026-06-15,3189530.3040898163
2026-06-16,3172281.9710883857
2026-06-17,3136673.7380424291
2026-06-18,3162710.9280059580
2026-06-19,3156448.5635541724
2026-06-20,3154746.9536786517
2026-06-21,3154759.2713984717
2026-06-22,3147476.3477362669
2026-06-23,3109506.2053665812
2026-06-24,3101894.8364525083
2026-06-25,3096547.3589266669
2026-06-26,3098546.1626463458
2026-06-27,3096723.3436333714
2026-06-28,3096735.6625507977
2026-06-29,3119447.0819033738
2026-06-30,3136960.6997079933
2026-07-01,3133609.1333075613
2026-07-02,3127015.3794721505
2026-07-03,3135561.8477986567
2026-07-04,3133461.2643475747
2026-07-05,3133473.5844627232
2026-07-06,3155771.4134977078
2026-07-07,3134635.9412784101
2026-07-08,3132937.3001011517
2026-07-09,3155591.3718002243
2026-07-10,3154260.6925528706
2026-07-11,3152437.5480359150
2026-07-12,3152449.8693489023
2026-07-13,3131159.5318265143
2026-07-14,3138656.0971179027
2026-07-15,3146812.7546337065
2026-07-16,3117921.5614458737
2026-07-17,3096664.1071386850
2026-07-18,3101169.0893801884
2026-07-19,3097838.0347409099
2026-07-20,3093994.6977949543
2026-07-21,3108447.9195165201
2026-07-22,3112487.6764920494
2026-07-23,3094218.9529293180
2026-07-24,3083244.3498761822
2026-07-25,3083234.3919694745
2026-07-26,3083251.0941710351
2026-07-27,3081572.3708301201
2026-07-28,3084361.0939156944
2026-07-29,3055834.7362139812
2026-07-30,3086317.8288754001
2026-07-31,3100582.2631831132
2026-08-01,3094515.4127824502
2026-08-02,3094532.1166079035
2026-08-03,3119812.7628169656
2026-08-04,3153082.9155087359
2026-08-05,3148254.7549320590
2026-08-06,3162252.6409998587
2026-08-07,3174907.5192834884
2026-08-08,3184711.4532447280
2026-08-09,3184728.1586942319
2026-08-10,3184744.8643757561
