date,split,b_short,b_long,ic,top2_bottom2
2003-09-19,dev,0.19948690622802379,-0.013787446575298621,0.3,0.005339729149441141
2003-09-22,dev,0.19294308060915413,-0.0029039150854806846,0.3,0.01347699107657041
2003-09-23,dev,0.19294308060915413,-0.0029039150854806846,0.8,0.024077986639544136
2003-09-24,dev,0.19294308060915413,-0.0029039150854806846,-0.1,0.011082478295822262
2003-09-25,dev,0.18650150226557932,0.007809561224808846,-0.1,0.011541603074747775
2003-09-26,dev,0.18650150226557932,0.007809561224808846,0.6,0.023278319539886683
2003-09-29,dev,0.18015979335368787,0.01835693712718691,0.7,0.011740998092302668
2003-09-30,dev,0.18015979335368787,0.01835693712718691,0.0,0.03543641972141287
2003-10-01,dev,0.18015979335368787,0.01835693712718691,0.7,0.03553208815173009
2003-10-02,dev,0.18015979335368787,0.01835693712718691,0.7,0.04332441148325061
2003-10-03,dev,0.18015979335368787,0.01835693712718691,1.0,0.04795295255161014
2003-10-06,dev,0.17391564919428704,0.028742045707989928,0.6,0.02813426123377466
2003-10-07,dev,0.17218628104053393,0.035754460786956654,-0.4,0.0005298070858538173
2003-10-08,dev,0.17048311543456499,0.0426606271526057,0.8,0.018635337760663284
2003-10-09,dev,0.16880556134146774,0.049462941392455516,1.0,0.04118366938955759
2003-10-10,dev,0.16243976964253298,0.058913139394632795,0.9,0.07430253515168961
2003-10-13,dev,0.16084664854186703,0.06549428962913649,0.6,0.04320881652552827
2003-10-14,dev,0.1592769556926815,0.07197865824254453,0.5,0.026085124687481254
2003-10-15,dev,0.14889421955815943,0.08413094617700156,0.6,0.05983561407147708
2003-10-16,dev,0.14743388768493096,0.09038629019783946,0.6,0.039714547883870466
2003-10-17,dev,0.13728574536534985,0.10223129606161872,0.5,0.03685472704677656
2003-10-20,dev,0.12728257650747704,0.11390708755591543,0.5,0.017906137028656677
2003-10-21,dev,0.1260065895893576,0.11981816084312617,0.6,0.015941025754399374
2003-10-22,dev,0.11793888231663496,0.12822595893716107,0.6,0.05619294072417197
2003-10-23,dev,0.1099840101106637,0.13651616544946119,0.6,0.020778624938548096
2003-10-24,dev,0.10881173553064684,0.14210408423514712,0.8,0.03481902990349928
2003-10-27,dev,0.10806130976836652,0.1480206077921461,0.1,0.0015059074177153908
2003-10-28,dev,0.10074044933347709,0.15640778869499333,-0.9,-0.017307261139382968
2003-10-29,dev,0.10005514015433778,0.16214651122087773,-1.0,-0.02352330513817058
2003-10-30,dev,0.09937909191005172,0.16780768344235827,-0.9,-0.017056343439045163
2003-10-31,dev,0.10542352753481647,0.16668145737898676,-0.8,-0.021423958296210355
2003-11-03,dev,0.1043285471551726,0.17184475746704841,-0.6,-0.03434081349385831
2003-11-04,dev,0.0975345261312908,0.17564113681637714,-0.7,-0.014620219227132858
2003-11-05,dev,0.09998882684946728,0.1775815782537307,-0.7,-0.029993842028196882
2003-11-06,dev,0.10587125281777142,0.1764209143435756,-0.9,-0.0584776135700667
2003-11-07,dev,0.10843053039687679,0.17852207723744848,-1.0,-0.08083877529663436
2003-11-10,dev,0.10671230286630272,0.18280325908209652,-0.9,-0.03438590116368101
2003-11-11,dev,0.10467872197748364,0.18669217206368902,-0.9,-0.044890822974047895
2003-11-12,dev,0.10300627956462001,0.19086677773944827,-0.9,-0.10496960869738697
2003-11-13,dev,0.10135500730888126,0.19498854030538781,-0.9,-0.09320605318276587
2003-11-14,dev,0.0993934895535457,0.19872744058152075,-0.7,-0.07144187357393461
2003-11-17,dev,0.09745649077015181,0.20241960460420202,-0.7,-0.06978437092363787
2003-11-18,dev,0.10175473420766966,0.1998547231110736,-0.9,-0.07851907272459557
2003-11-19,dev,0.10632479920118956,0.19764639311136264,-0.6,-0.03814616705114282
2003-11-20,dev,0.11282996403226611,0.1943888487773461,-0.3,-0.00864635081719789
2003-11-21,dev,0.11823953742231327,0.19320355091894764,-0.8,-0.021577987279660205
2003-11-24,dev,0.1144926311349053,0.19506292333762068,-0.9,-0.030883685642233205
2003-11-25,dev,0.11729055123903871,0.18532728746462934,-0.4,-0.021288971244010635
2003-11-26,dev,0.11658821260886483,0.17822951927621838,-0.7,-0.03782455974795729
2003-11-27,dev,0.11934035044108025,0.16870998266398524,-1.0,-0.055711791744945005
2003-11-28,dev,0.12237134805603492,0.15961453275099377,-0.9,-0.04856357480937168
2003-12-01,dev,0.12288990668976103,0.1540316608865142,-0.5,-0.01620452746722667
2003-12-02,dev,0.12309461329883906,0.14820629875759955,-0.7,-0.015471723422501804
2003-12-03,dev,0.12329693959850921,0.14244867339762576,0.3,0.005660975707807769
2003-12-04,dev,0.12593075710615398,0.1334110936000733,-0.3,-0.005434060625915893
2003-12-05,dev,0.12520701712278526,0.12689723674030276,-0.2,-0.0106431227906153
2003-12-08,dev,0.12479230033321147,0.12075857583862887,-0.9,-0.039866860841527685
2003-12-09,dev,0.12438229623442826,0.11468967244720124,-0.7,-0.043317218899317944
2003-12-10,dev,0.12085471263988345,0.11121684943902496,-0.6,-0.033613749930165415
2003-12-11,dev,0.12204841275613879,0.1040377285620267,-0.5,-0.021166739720418493
2003-12-12,dev,0.12171574005917712,0.09821908203374723,-0.9,-0.05202764809529192
2003-12-15,dev,0.12196546742921874,0.09304379083726343,-0.7,-0.05160742878073743
2003-12-16,dev,0.12313324569388234,0.08608406455271134,-0.6,-0.04235033137512856
2003-12-17,dev,0.12091135972853134,0.08269211914308106,-0.1,-0.015447085210621658
2003-12-18,dev,0.12844736322728253,0.07404352832809154,-0.6,-0.026007937694446537
2003-12-19,dev,0.132882129973028,0.06518701156785432,-0.8,-0.07784128179966332
2003-12-22,dev,0.13064357791911974,0.0619630277215416,-0.8,-0.05924688003670542
2003-12-23,dev,0.13262936513460835,0.0562535490778774,-0.6,-0.04722670579689092
2003-12-24,dev,0.13225434179164253,0.05093935897585666,-0.9,-0.052548465331256455
2003-12-25,dev,0.1315508612501976,0.04534925600258083,-0.9,-0.056849875768677616
2003-12-26,dev,0.12979662388908547,0.04087650861632378,-0.9,-0.04835887048162213
2003-12-29,dev,0.13338979955282712,0.0344113690972905,-0.9,-0.044908413895396626
2003-12-30,dev,0.13304046377855402,0.03039176332540242,-0.7,-0.0689701363322382
2003-12-31,dev,0.1380441592797074,0.02681550414141595,-0.7,-0.059500082633781204
2004-01-02,dev,0.14186258332489024,0.020847548161408606,-0.7,-0.06502962491624581
2004-01-05,dev,0.13975676244864513,0.020396443961263888,-0.4,-0.06058718189825907
2004-01-06,dev,0.13493749700019053,0.01926620578710356,-0.4,-0.053056540192123025
2004-01-07,dev,0.13131150173101824,0.01793105043908649,-0.4,-0.04779324698394227
2004-01-08,dev,0.1261328195451304,0.018404045670924178,-0.4,-0.03511577554801065
2004-01-09,dev,0.12405278365998183,0.016868094502312008,-0.4,-0.049095802460526694
2004-01-12,dev,0.12013007793020475,0.013940834903523677,-0.4,-0.032984148661481694
2004-01-13,dev,0.11594356895469513,0.0130125448704202,-0.3,-0.017923794816820104
2004-01-14,dev,0.1109444024977619,0.013500597438781846,-0.7,-0.017512985621454924
2004-01-15,dev,0.10418278683794963,0.01877253196903055,-0.2,-0.036406965814977654
2004-01-16,dev,0.09932300492654854,0.019259598603781777,-0.6,-0.056771237204426284
2004-01-20,dev,0.09451086793584747,0.019741890075447206,-0.2,-0.04914230248193263
2004-01-21,dev,0.08965959540933113,0.020133393050688925,-0.2,-0.05670180768366001
2004-01-22,dev,0.08284704645008156,0.024985210769555757,0.5,0.055269129708405806
2004-01-23,dev,0.0776159012981488,0.024864509268253555,0.5,0.07200007428869892
2004-01-26,dev,0.07243505561883079,0.024744968358310027,0.1,-0.0006826671985373234
2004-01-27,dev,0.06730378741012825,0.02462657138051907,0.8,0.08645716891179495
2004-01-28,dev,0.06332768952876208,0.02128659877028957,0.6,0.03860679937212541
2004-01-29,dev,0.059389279778972834,0.017978284668213898,0.8,0.02912321853706684
2004-01-30,dev,0.05548802483814388,0.014701181076535166,0.6,0.0486098563372076
2004-02-02,dev,0.05162340139910673,0.011454848410599898,0.8,0.04365464168681271
2004-02-03,dev,0.04916372440776756,0.007908448429827247,0.9,0.04108142442079449
2004-02-04,dev,0.0467269281326269,0.004395038216317596,0.1,-0.0037869149066072083
2004-02-05,dev,0.04431269478595977,0.0009141595788589612,-0.3,-0.010980687480350582
2004-02-06,dev,0.04192071243787942,-0.002534637227839687,-0.2,-0.0003009327925057037
2004-02-09,dev,0.0395506748819833,-0.005951793696862199,-0.7,-0.018089457790519015
2004-02-10,dev,0.03689671441829083,-0.009159015339037868,-0.1,-0.011824061775872141
2004-02-11,dev,0.03309263844366224,-0.013662837996587695,0.7,0.03897923378941287
2004-02-12,dev,0.03001771860244817,-0.016023429387343115,0.7,0.059875664363566616
2004-02-13,dev,0.031083704854989697,-0.020155455981694423,1.0,0.051973031419054794
2004-02-16,dev,0.030047455057433687,-0.023652516717202518,0.7,0.058679779938199006
2004-02-17,dev,0.031103790823546335,-0.02771359179138167,0.7,0.06700943594825687
2004-02-18,dev,0.032150736938404645,-0.03173856842045701,0.7,0.04108218798277702
2004-02-19,dev,0.033575586184989875,-0.03482453345694467,0.6,0.026282547133555656
2004-02-20,dev,0.034987881693719726,-0.03788330937416812,0.6,0.047389689346424346
2004-02-23,dev,0.03638778864535546,-0.04091525392369662,0.6,0.08113172844298522
2004-02-24,dev,0.038283860464782375,-0.04279155515238841,0.6,0.07554888250963199
2004-02-25,dev,0.038283860464782375,-0.04279155515238841,0.7,0.05016921320857887
2004-02-26,dev,0.040163444703170785,-0.04465154071822201,0.4,0.03304125096049543
2004-02-27,dev,0.04114397813158419,-0.047344246891159014,0.7,0.06380287744349172
2004-03-01,dev,0.04392999546722392,-0.047948366516628156,0.4,0.0041436485110009635
2004-03-02,dev,0.0477650598643603,-0.047474339192522454,0.2,-0.012067891630339889
2004-03-03,dev,0.05103315789912798,-0.04219667107631509,-0.1,0.00546692323910597
2004-03-04,dev,0.05241174020594021,-0.037229876731309494,-0.1,0.009425264056204863
2004-03-05,dev,0.053248978594898085,-0.0338941569146514,0.1,-0.002049042133095813
2004-03-08,dev,0.05196944703964535,-0.030586586632311098,0.3,0.004959676490606579
2004-03-09,dev,0.05227629810250398,-0.0288824413103266,0.3,0.011821988442252351
2004-03-10,dev,0.05310359392634288,-0.03189966958936289,0.3,0.0024668993162084707
2004-03-11,dev,0.05392399561831645,-0.034891754299407204,-0.6,-0.012365786905176646
2004-03-12,dev,0.057849622192514306,-0.03474697523592419,-0.7,-0.034498426113015124
2004-03-15,dev,0.058643632018165075,-0.03770256624734599,-0.8,-0.07143333456139755
2004-03-16,dev,0.059431106783522425,-0.04063383140682193,-0.6,-0.056971949146143896
2004-03-17,dev,0.06021212683768832,-0.04354106980269561,-0.6,-0.04293434878485142
2004-03-18,dev,0.0576704446873304,-0.04718988176268461,-0.7,-0.04374702133916342
2004-03-19,dev,0.05514942661949573,-0.050809028584787516,-0.9,-0.06159611301771156
2004-03-22,dev,0.052648821653424896,-0.0543988705743228,-1.0,-0.09164986990578056
2004-03-23,dev,0.050168382856435274,-0.05795976222523279,-0.8,-0.08347994599093705
2004-03-24,dev,0.050291433852225016,-0.06097229654593791,-0.8,-0.09763244647885927
2004-03-25,dev,0.04912057114711915,-0.06303143766278446,-0.9,-0.08228299925906574
2004-03-26,dev,0.05072160629058427,-0.06762368800878853,-0.9,-0.10468560980950353
2004-03-29,dev,0.05052033007514544,-0.07052994321510285,-0.9,-0.07883280460641479
2004-03-30,dev,0.048763572272716424,-0.07396418825928798,-1.0,-0.08169030482997358
2004-03-31,dev,0.04636513474235313,-0.07709083266823515,-0.7,-0.07996563149488128
2004-04-01,dev,0.044083885055702585,-0.07932367115371128,-0.9,-0.09386030356477809
2004-04-02,dev,0.04308308389485527,-0.08244657821478224,-0.9,-0.04998672213364541
2004-04-05,dev,0.04291544543612042,-0.08601682499215663,-0.7,-0.05657726844359173
2004-04-06,dev,0.04274910650032151,-0.08955939543792346,-0.9,-0.06659517188446801
2004-04-07,dev,0.041136175587192854,-0.0935572356099778,-0.9,-0.08031930716200758
2004-04-08,dev,0.03879093086962522,-0.09357447399488665,-0.9,-0.06821835621494166
2004-04-09,dev,0.03481088898889868,-0.09513165991827788,-0.6,-0.03468998768231085
2004-04-12,dev,0.032053977198864714,-0.09405291312469667,-0.8,-0.03855923718094417
2004-04-13,dev,0.031219171201910853,-0.09108122904437463,-0.9,-0.04921103663343124
2004-04-14,dev,0.030390689492812706,-0.08813205772223685,-0.8,-0.020258961250700924
2004-04-15,dev,0.03015808311736813,-0.08485137071196426,-0.9,-0.02277544343824217
2004-04-16,dev,0.028517451225949453,-0.08206527533334784,-1.0,-0.048466511154469205
2004-04-19,dev,0.02841064429251893,-0.07801259639951509,-0.7,-0.022039833241177254
2004-04-20,dev,0.027682743878492122,-0.07523394243285023,-0.9,-0.037197752857219046
2004-04-21,dev,0.026960255363454356,-0.072475947603484,-0.7,-0.018872741176030938
2004-04-22,dev,0.02912377705140864,-0.06706348524610484,-0.5,-0.016807510046240426
2004-04-23,dev,0.031152646392256032,-0.06157228186298656,0.5,0.011638056416910736
2004-04-26,dev,0.03316659757618543,-0.05612145497533239,-0.1,-0.013416980191891692
2004-04-27,dev,0.033045108207774496,-0.05225287821718099,-0.5,-0.021714931410826366
2004-04-28,dev,0.033500763786731905,-0.048988797409242765,-0.7,-0.050452251724638464
2004-04-29,dev,0.033570330387316036,-0.04536568025119958,-0.6,-0.015294825645796872
2004-04-30,dev,0.034656428224076975,-0.04097425870439572,-0.6,-0.03957384543294851
2004-05-03,dev,0.03351597180449547,-0.03890846715672642,-0.4,-0.01862827095908881
2004-05-04,dev,0.034594451522225095,-0.03457186595592285,-0.6,-0.021038893701384065
2004-05-05,dev,0.03566520020255165,-0.03026635150207844,-0.6,-0.01824408689072521
2004-05-06,dev,0.03672830067801872,-0.02599159072290435,-0.3,-0.02103790196154587
2004-05-07,dev,0.03734679895243671,-0.023089579068336984,-0.1,-0.0020755395535898002
2004-05-10,dev,0.03945400515249339,-0.018155144204152887,0.8,0.08388433758689695
2004-05-11,dev,0.04049244800825608,-0.013968494695775435,0.9,0.08695826175415328
2004-05-12,dev,0.04367537757317223,-0.008442001561087648,0.6,0.07543065650603298
2004-05-13,dev,0.04483792010800321,-0.004465012081925937,0.7,0.06080564674128658
2004-05-14,dev,0.04468114416356963,-0.0009528966550660568,0.8,0.09867756345982992
2004-05-17,dev,0.0450756166119269,0.001984588222331016,0.7,0.10428212730899405
2004-05-18,dev,0.04510185259225829,0.005267170975214003,1.0,0.10467111335926493
2004-05-19,dev,0.04286966625110861,0.006633028515092156,0.7,0.08324116425496392
2004-05-20,dev,0.04306666740196685,0.009023949106419425,0.6,0.10282443674329073
2004-05-21,dev,0.04288396060642398,0.008645825222857497,0.7,0.12341233910314642
2004-05-24,dev,0.04443060969511942,0.009820491409246178,0.7,0.09700266144302994
2004-05-25,dev,0.04769193867226919,0.00978697437371974,0.7,0.0635307740867514
2004-05-26,dev,0.04769193867226919,0.00978697437371974,0.6,0.07809463367731834
2004-05-27,dev,0.04769193867226919,0.00978697437371974,0.6,0.10744142773714421
2004-05-28,dev,0.04684944908494854,0.013155045889455387,1.0,0.11839593347401511
2004-05-31,dev,0.046155400997060225,0.015965046625958573,0.9,0.12866185696833848
2004-06-01,dev,0.045800742448381754,0.0190907608961014,1.0,0.12911611823897728
2004-06-02,dev,0.04544847217275837,0.022195426585300503,1.0,0.1343055441387484
2004-06-03,dev,0.04444058481384202,0.025739842511353254,0.7,0.0872152297865641
2004-06-04,dev,0.04200362457595027,0.03005438977280094,0.5,0.0723058517107823
2004-06-07,dev,0.04168817389753921,0.03311210321040037,0.6,0.03955684037959073
2004-06-08,dev,0.04627078006923824,0.0310786830388673,0.3,0.005193026893841934
2004-06-09,dev,0.04559473531125366,0.03376420151608263,0.2,-0.001137274921829301
2004-06-10,dev,0.04559473531125366,0.03376420151608263,-0.6,-0.006508114610693727
2004-06-11,dev,0.04559473531125366,0.03376420151608263,0.7,0.005003064112029498
2004-06-14,dev,0.04544425763695909,0.03695309854078203,0.6,0.015302257899989735
2004-06-15,dev,0.04544425763695909,0.03695309854078203,0.6,0.01999674458044448
2004-06-16,dev,0.046117138368416466,0.03929864755873997,0.6,0.017555351246912987
2004-06-17,dev,0.045965934636061,0.04244848805854738,-0.6,-0.0160076140726913
2004-06-18,dev,0.045815719163394136,0.04557774136554559,-0.6,-0.06424682580382929
2004-06-21,dev,0.04700773540677837,0.046770532780909785,-0.6,-0.056120113133705074
2004-06-22,dev,0.04819201128494582,0.04795557879747291,-0.6,-0.03205699373552079
2004-06-23,dev,0.04784568267427685,0.05084626129517765,-0.8,-0.060754419345620314
2004-06-24,dev,0.04750158844174123,0.053718294228381064,-0.9,-0.04085005827087518
2004-06-25,dev,0.050564284298841744,0.0535455665942062,-0.9,-0.07013472540709681
2004-06-28,dev,0.05495687515550875,0.05151834564864448,-0.7,-0.044080969129214775
2004-06-29,dev,0.05495687515550875,0.05151834564864448,-0.9,-0.04959375620756301
2004-06-30,dev,0.05495687515550875,0.05151834564864448,-0.9,-0.06690350965107994
2004-07-01,dev,0.052931621981142735,0.05589385454938026,-0.8,-0.0305729899995984
2004-07-02,dev,0.05209258396276497,0.0582300960451164,0.5,0.011033007109042259
2004-07-05,dev,0.05142595754751141,0.06071858863912523,0.5,0.023316706963159406
2004-07-06,dev,0.05142595754751141,0.06071858863912523,0.6,0.04601338114058612
2004-07-07,dev,0.0530953291009087,0.05919399617008069,-0.3,-0.00467341794436793
2004-07-08,dev,0.0530953291009087,0.05919399617008069,-0.5,-0.005780442232472038
2004-07-09,dev,0.055584319429164177,0.05850917366846496,-0.3,-0.008870503000540875
2004-07-12,dev,0.05789214762030054,0.05766315011671043,-0.6,-0.03488154364488094
2004-07-13,dev,0.060185506669172724,0.056822430787850924,-0.6,-0.024700647386354357
2004-07-14,dev,0.062464532223989455,0.055986965954796776,-0.6,-0.020307173764650355
2004-07-15,dev,0.062464532223989455,0.055986965954796776,0.1,3.087307422156016e-05
2004-07-16,dev,0.062464532223989455,0.055986965954796776,0.7,0.03187949042613225
2004-07-19,dev,0.062464532223989455,0.055986965954796776,0.7,0.04317479952195391
2004-07-20,dev,0.062464532223989455,0.055986965954796776,0.6,0.04382146213891863
2004-07-21,dev,0.062464532223989455,0.055986965954796776,0.9,0.06091628760917278
2004-07-22,dev,0.062464532223989455,0.055986965954796776,0.7,0.05318057075019039
2004-07-23,dev,0.062464532223989455,0.055986965954796776,1.0,0.07392063474350696
2004-07-26,dev,0.05933792473859312,0.05599580260108016,1.0,0.073898345231034
2004-07-27,dev,0.056211507515639,0.05598535470153448,0.9,0.046495900259992895
2004-07-28,dev,0.056211507515639,0.05598535470153448,0.9,0.06388013256912589
2004-07-29,dev,0.056211507515639,0.05598535470153448,0.9,0.07756673570149186
2004-07-30,dev,0.050334365810767376,0.06249281408896659,0.8,0.0653713500028622
2004-08-02,dev,0.04824243572989415,0.06550739085497136,0.8,0.056890170331594936
2004-08-03,dev,0.05068509058351876,0.0648199996928265,0.8,0.038575242306127744
2004-08-04,dev,0.04681634393820284,0.06704286375576424,0.8,0.0811454961491953
2004-08-05,dev,0.04681634393820284,0.06704286375576424,0.9,0.07955678830832863
2004-08-06,dev,0.04637336057543685,0.06551865760048788,0.6,0.06725859396501277
2004-08-09,dev,0.04637336057543685,0.06551865760048788,0.6,0.07298699998606861
2004-08-10,dev,0.04671336477137182,0.06275151150061474,0.8,0.06969637807252538
2004-08-11,dev,0.04705130207249868,0.060001186957579764,0.6,0.07581916079083317
2004-08-12,dev,0.0513744320981163,0.055194165816878964,0.6,0.09078642474300713
2004-08-13,dev,0.05405154861745734,0.05483859431894277,0.5,0.09027440141590498
2004-08-16,dev,0.05439075078025617,0.05668144995854434,0.7,0.09247551887616695
2004-08-17,dev,0.05659820703680352,0.05587902423557732,0.5,0.06818208946817556
2004-08-18,dev,0.059265183725473666,0.05555414219011941,0.5,0.016096856643166346
2004-08-19,dev,0.05955651972957088,0.05685158080576493,-0.2,-0.008672032116687711
2004-08-20,dev,0.06235545865894715,0.05668237967241444,-1.0,-0.04734358575854403
2004-08-23,dev,0.06411775700120546,0.057719672314336064,-1.0,-0.09810523406978044
2004-08-24,dev,0.06688663937694155,0.05754890405305105,-0.9,-0.05663297906932985
2004-08-25,dev,0.06963918616344024,0.05737914327413349,-0.9,-0.05991522525198839
2004-08-26,dev,0.07237554149825366,0.0572103810880331,-0.8,-0.09327914420005479
2004-08-27,dev,0.0750958478281708,0.05704260870947581,-0.6,-0.08368347397198939
2004-08-30,dev,0.07780024593393638,0.05687581745593934,-0.9,-0.08045064423963233
2004-08-31,dev,0.08048887495453716,0.05670999874615526,-0.9,-0.06757629553634836
2004-09-01,dev,0.08316187241106467,0.05654514409863736,-0.8,-0.0685218476687649
2004-09-02,dev,0.08437009886784419,0.057830520492554355,-0.6,-0.04260471078199701
2004-09-03,dev,0.08656008489180388,0.05720703708985302,-0.6,-0.025958056209073432
2004-09-06,dev,0.08873744851793093,0.05658714725143239,-0.6,-0.035404745706421825
2004-09-07,dev,0.08896138305284108,0.058340249318717556,-0.8,-0.027743623042145837
2004-09-08,dev,0.08966158921410325,0.059128195118186365,-0.8,-0.03545712731564332
2004-09-09,dev,0.09035779419730104,0.05991163837022965,-0.6,-0.061859605178222865
2004-09-10,dev,0.09234957735973189,0.05914115986835014,-0.6,-0.08468873021121792
2004-09-13,dev,0.09161373575738417,0.061340569452057486,-0.6,-0.10599622073526938
2004-09-14,dev,0.0908820632292707,0.0635275177916645,-0.6,-0.06271981910568203
2004-09-15,dev,0.09015452444425394,0.06570211049093475,-0.1,-0.010833665965334416
2004-09-16,dev,0.087083666628918,0.06833393553180535,0.3,0.021781633714298698
2004-09-17,dev,0.0840300608237806,0.06814198627469355,0.4,0.036251116539767037
2004-09-20,dev,0.08099356205396607,0.06795111236355995,-0.5,-0.0630146572691021
2004-09-21,dev,0.0793706750091226,0.06636465674243269,0.4,0.04099529134915053
2004-09-22,dev,0.07775682911773228,0.0647870393141808,0.3,0.028567063776127055
2004-09-23,dev,0.07754083792573858,0.06182929753830806,-0.3,-0.04756584813113229
2004-09-24,dev,0.07824940439501171,0.058426261626382925,0.1,-0.01669087048832385
2004-09-27,dev,0.07665203034972162,0.0568836476439896,0.1,-0.02085007853418419
2004-09-28,dev,0.07506345726335875,0.05534953291218798,0.1,-0.032633354424636773
2004-09-29,dev,0.07485723897417369,0.05245022100858306,0.0,0.026760141502502666
2004-09-30,dev,0.07556539265734948,0.04911017474097964,-0.2,0.010835830702089322
2004-10-01,dev,0.07626967664826746,0.045788380092324873,0.9,0.06421474275091843
2004-10-04,dev,0.07697012257928944,0.04248468786682353,0.5,0.03968885444110759
2004-10-05,dev,0.07676096463749789,0.03965184904109847,0.7,0.06754724506660348
2004-10-06,dev,0.07655294034308732,0.03683436435535023,0.7,0.057484715917136275
2004-10-07,dev,0.07724694140522313,0.03358165886610154,0.6,0.09565317943634433
2004-10-08,dev,0.07793720122174094,0.03034648817733397,0.5,0.11677974737732838
2004-10-11,dev,0.0786237499639764,0.027128710879366226,0.5,0.10981056593453192
2004-10-12,dev,0.07930661747971195,0.023928187078974712,0.6,0.10146556128232892
2004-10-13,dev,0.0801478815878929,0.021352459468084572,0.8,0.07893737937209133
2004-10-14,dev,0.08087859834810297,0.0220177417983919,0.6,0.051705181273980716
2004-10-15,dev,0.08101810562199986,0.023732233619850076,0.6,0.05495417871266817
2004-10-18,dev,0.07870910883199317,0.023110858157225873,0.6,0.04259318122245459
2004-10-19,dev,0.07910714469928067,0.02475827211271822,0.6,0.04372460332124306
2004-10-20,dev,0.07916227096656489,0.02548450358471633,0.6,0.05326183731891265
2004-10-21,dev,0.07796710709560023,0.025746386470019707,0.2,0.02131871092024462
2004-10-22,dev,0.07743438502973252,0.02666306262101703,0.6,0.033443386600919056
2004-10-25,dev,0.0769044520846285,0.027574939420438455,0.2,0.019064778749407707
2004-10-26,dev,0.07637728641338927,0.02848205446111616,0.6,0.03498767678696413
2004-10-27,dev,0.07602520095551125,0.028254696169780533,0.8,0.05220284089673777
2004-10-28,dev,0.0749619320352805,0.02904710821436119,0.8,0.04757544514804901
2004-10-29,dev,0.07547889543394963,0.030546579792186425,0.9,0.03095777036774594
2004-11-01,dev,0.07614518597115735,0.03132897450417905,0.9,0.039332281078519715
2004-11-02,dev,0.07811930988143244,0.03084128452648244,0.6,0.019496971221556914
2004-11-03,dev,0.08074121195291019,0.029300233792531608,0.8,0.06313734807059213
2004-11-04,dev,0.08012932490471784,0.031384349252442795,0.9,0.02055440187454627
2004-11-05,dev,0.08216224223232725,0.029705616901413528,0.3,0.013140431114455287
2004-11-08,dev,0.08418478753275499,0.028035449511358904,0.3,0.013100486287742075
2004-11-09,dev,0.08481875329815088,0.028812288910397006,0.6,0.024778696577464343
2004-11-10,dev,0.08634840113241952,0.029215049598441678,0.8,0.04980066691132784
2004-11-11,dev,0.08684182290170454,0.030486024156420308,0.9,0.030290578207605667
2004-11-12,dev,0.08733275264185175,0.0317505796509748,0.9,0.0384695155237037
2004-11-15,dev,0.08795240145971443,0.032510233942366136,1.0,0.06361910483804445
2004-11-16,dev,0.088568936464422,0.033266070875509264,0.8,0.06071181071263715
2004-11-17,dev,0.08918238106810349,0.03401811915234592,0.8,0.04077552518437738
2004-11-18,dev,0.08868164733765545,0.03490529607668728,0.8,0.05062607088741894
2004-11-19,dev,0.08995675544903287,0.034818250450560875,0.7,0.07367357896767651
2004-11-22,dev,0.08945658662674397,0.035699023182994526,0.9,0.08073093913343049
2004-11-23,dev,0.09006173984437817,0.03643756985830554,0.8,0.07988986435946244
2004-11-24,dev,0.09148897976225513,0.036759919107831183,0.8,0.042036351417575335
2004-11-25,dev,0.09290917158177218,0.03708067650921103,0.8,0.06155026675547842
2004-11-26,dev,0.09452762189807325,0.03760510834046913,0.8,0.05926822843966939
2004-11-29,dev,0.09613811914156692,0.03812696311113137,0.8,0.04643195341045536
2004-11-30,dev,0.09659182473190622,0.03933559800546683,0.6,0.05878942589378133
2004-12-01,dev,0.09782265156630254,0.04021741805924319,0.5,0.03688852511475571
2004-12-02,dev,0.09987064509906765,0.03996688777129382,0.5,0.04059778020729643
2004-12-03,dev,0.10099626396743976,0.03880516784970916,0.5,0.04002769061079536
2004-12-06,dev,0.1021164186665479,0.03764908734521957,0.1,0.027551786068390538
2004-12-07,dev,0.10316052741876772,0.037880768328241644,0.5,0.033951105158043504
2004-12-08,dev,0.10436062276316684,0.038755452462714494,0.9,0.046138202596409716
2004-12-09,dev,0.10591638029867728,0.039264475468828434,0.9,0.06401766235921269
2004-12-10,dev,0.10746465823065161,0.039771051248951445,0.8,0.04598023646307764
2004-12-13,dev,0.10960503075288026,0.039675677025332846,0.5,0.02707937030224622
2004-12-14,dev,0.11077822445921309,0.0405376969367555,0.2,0.009929729359261119
2004-12-15,dev,0.11194581819558728,0.041395602194663,0.8,0.022285568387779175
2004-12-16,dev,0.11310785196178827,0.04224942218943762,0.2,0.00737743658553458
2004-12-17,dev,0.11481860132371592,0.041753184448686774,0.5,0.01890322430414626
2004-12-20,dev,0.11676808331110049,0.04150613898790789,0.6,0.030194335505358605
2004-12-21,dev,0.11791047554913571,0.042353642205430565,0.5,0.021715792609196594
2004-12-22,dev,0.119253847069067,0.0426959685209838,0.8,0.0368702317710069
2004-12-23,dev,0.12038501448772801,0.043536683889169724,0.6,0.018812638577760832
2004-12-24,dev,0.121510871261231,0.04437345223684772,-0.7,-0.010403232562301412
2004-12-27,dev,0.12263145470090026,0.04520630129484105,-0.9,-0.03422532307116938
2004-12-28,dev,0.12300205877870189,0.04634191741331105,-0.9,-0.03865257865397764
2004-12-29,dev,0.12232684030447025,0.04817639623829945,-0.9,-0.025841362351101627
2004-12-30,dev,0.12189701044329707,0.05024459066565225,-0.5,-0.0127890966359262
2004-12-31,dev,0.12146917515224533,0.052303187903086926,-0.5,-0.012572045351573469
2005-01-03,dev,0.11977338745256165,0.0542397288775911,0.5,0.022535907855504744
2005-01-04,dev,0.11911186307815233,0.05603902126663438,0.6,0.02660222394850542
2005-01-05,dev,0.11998948551345613,0.05706197283053614,-0.5,-0.007330033041074324
2005-01-06,dev,0.12086307290308036,0.05808022116885675,-0.7,-0.013166832792258998
2005-01-07,dev,0.12058586402027513,0.0602405876340658,-0.6,-0.019830810615398764
2005-01-10,dev,0.1198281702449668,0.06190931325552222,-0.6,-0.016949266916016392
2005-01-11,dev,0.1165505043912472,0.06561319730360503,-0.3,-0.004620289062812533
2005-01-12,dev,0.11616512379138705,0.06762175134403561,-0.7,-0.02857690243221872
2005-01-13,dev,0.11291068152439704,0.07129581674169869,-0.3,-0.010982452537566245
2005-01-14,dev,0.1139440528837077,0.07091183707632913,-0.7,-0.017754005288493302
2005-01-17,dev,0.1147953018102861,0.07110629614425155,-0.7,-0.0391201733664287
2005-01-18,dev,0.11406094149967717,0.07272789295704224,-0.7,-0.03748513360389427
2005-01-19,dev,0.11368550789506672,0.07469780405635662,-0.6,-0.0398991313785555
2005-01-20,dev,0.11201075631020495,0.07760504731158185,-0.6,-0.04685618113658685
2005-01-21,dev,0.10880941050304258,0.0789651492824433,0.1,-0.006948251598077215
2005-01-24,dev,0.10646044880037753,0.0789200897301599,0.1,-0.008712071332977578
2005-01-25,dev,0.10412197353388508,0.07887523133659205,-0.6,-0.024931634582826545
2005-01-26,dev,0.10178012410273471,0.07881678222213945,-0.6,-0.03796983774681162
2005-01-27,dev,0.09886388756964092,0.08039601978211364,-0.5,-0.050084057406462934
2005-01-28,dev,0.09596058334933247,0.08196825407131189,-0.6,-0.05293502307880338
2005-01-31,dev,0.09528251498840588,0.0835335315716199,-0.9,-0.08560720058447774
2005-02-01,dev,0.09494232504491766,0.08542678309262787,-0.9,-0.0805345314745105
2005-02-02,dev,0.09378304118133941,0.08502267296315894,-0.8,-0.01585010822165195
2005-02-03,dev,0.09172614380916527,0.08518283134531045,-0.9,-0.02947447142118087
2005-02-04,dev,0.091871250372834,0.08314930482227711,-0.4,-0.02767981777378531
2005-02-07,dev,0.09201572189683678,0.08112467775886317,-0.4,-0.023836711857644133
2005-02-08,dev,0.09250431087453848,0.0794536401953814,-0.6,-0.031232154786905275
2005-02-09,dev,0.0924309322656871,0.07723004518278093,-0.6,-0.024996023487927066
2005-02-10,dev,0.09291649431224912,0.07557473959256664,-0.3,-0.0027949124075465903
2005-02-11,dev,0.090888247549841,0.07575330791631835,-0.6,-0.024054132827223573
2005-02-14,dev,0.08886878107644763,0.07593110321702352,-0.6,-0.023982539698864325
2005-02-15,dev,0.08685803800034754,0.07610813050347078,-0.6,-0.016504959410584275
2005-02-16,dev,0.08701113433405822,0.07412922232747646,-0.3,-0.007240202764703552
2005-02-17,dev,0.08593849811853907,0.07308428914853059,0.6,0.011102756262519886
2005-02-18,dev,0.0872294026290143,0.07118389367825477,0.6,0.008834958453416142
2005-02-21,dev,0.08918394352274232,0.0688901380172735,0.5,0.03048524380529294
2005-02-22,dev,0.08752436244683903,0.06834229584202292,0.5,0.04024110245027934
2005-02-23,dev,0.08587185847573703,0.06779678988073928,0.4,0.032447893092957814
2005-02-24,dev,0.0850907481385546,0.06652222224269516,-0.3,-0.024510204360502164
2005-02-25,dev,0.08378216905545789,0.0657838523440907,-0.3,-0.026797372222053584
2005-02-28,dev,0.08113291304757202,0.06635069446483063,-0.3,-0.023733203008771186
2005-03-01,dev,0.07849485896783791,0.06691513979013403,-0.3,-0.0261063620552488
2005-03-02,dev,0.07668322470794842,0.06663486720421799,0.6,0.03986446842134511
2005-03-03,dev,0.07555012642111388,0.06552292335423339,0.6,0.04432623602067409
2005-03-04,dev,0.07368447489501909,0.06682959788500181,0.6,0.015939412696713895
2005-03-07,dev,0.07182664580718887,0.06813079369656365,0.5,0.005854251757745399
2005-03-08,dev,0.06967628889955049,0.06837908322191225,0.7,0.03234875793191422
2005-03-09,dev,0.06753491051762249,0.06862633604778129,0.7,0.027309169508077213
2005-03-10,dev,0.06558560472876938,0.06965094693193083,0.9,0.016118671158131814
2005-03-11,dev,0.06346163474795291,0.06989452747222451,0.3,-0.003091104660508215
2005-03-14,dev,0.06134647792058381,0.0701370973048821,0.7,0.006786461441405212
2005-03-15,dev,0.05924007950657855,0.0703786627075908,0.5,0.007568330167684267
2005-03-16,dev,0.05732402176352391,0.07139118522356595,-0.3,-0.009031795185452107
2005-03-17,dev,0.057205827904217674,0.07330584257362045,-0.2,-0.007622232224377967
2005-03-18,dev,0.05708812043939418,0.07521262067532082,-0.2,-0.0070896868137683144
2005-03-21,dev,0.05697089637278351,0.07711156806613126,0.2,0.016946964766345607
2005-03-22,dev,0.05685415273267535,0.07900273288566786,0.5,0.01100610796905771
2005-03-23,dev,0.0578090716919327,0.08049664101785221,0.5,0.023410996591292976
2005-03-24,dev,0.05707884909664305,0.0819650152198566,0.9,0.026818010984296092
2005-03-25,dev,0.05635160093147677,0.08342740826421532,1.0,0.03296271209669127
2005-03-28,dev,0.05562730905966482,0.0848838566214019,0.9,0.03305890446918858
2005-03-29,dev,0.05490595549159248,0.08633439646598322,1.0,0.032306217118738545
2005-03-30,dev,0.05517436448857306,0.08755133088609257,-0.1,0.013315619197352024
2005-03-31,dev,0.055441689004757766,0.08876334839945399,0.5,0.0180888856480122
2005-04-01,dev,0.055707935599506236,0.08997047874542284,0.9,0.04606837893573884
2005-04-04,dev,0.05579484337274888,0.09113820347698068,1.0,0.034559301925336405
2005-04-05,dev,0.05477722241787014,0.0933963321336731,0.9,0.02427872089802041
2005-04-06,dev,0.05466744842504876,0.09521317315144129,0.9,0.03144101970053409
2005-04-07,dev,0.054558113528198664,0.09702274680513841,0.8,0.03728090357111857
2005-04-08,dev,0.05276508336147571,0.09863797086341158,0.9,0.03868845806356269
2005-04-11,dev,0.052659973633664,0.10043351275412192,0.8,0.04369711697738338
2005-04-12,dev,0.05183433280608741,0.10180682344687474,0.9,0.035513132506952094
2005-04-13,dev,0.05191749881242454,0.10030274244797222,0.3,0.04677089807699608
2005-04-14,dev,0.05279391068508408,0.09882025850579475,0.3,0.044399748908394654
2005-04-15,dev,0.054418823905074035,0.09640164139412322,0.3,0.0264088666205618
2005-04-18,dev,0.054558037270152786,0.0959649517661269,0.1,0.019927866001858863
2005-04-19,dev,0.05646240731879032,0.09497566365911995,0.1,0.01672809168097611
2005-04-20,dev,0.058447091521831335,0.09413419215225856,0.1,0.009031567106222216
2005-04-21,dev,0.05890686054419891,0.09577175830351477,0.1,0.008015539092472157
2005-04-22,dev,0.059938077227788704,0.09726454519252133,0.1,-0.0029892767673214693
2005-04-25,dev,0.06031465764872516,0.09868429378428559,0.3,0.003441445557984757
2005-04-26,dev,0.06139666536360994,0.09969150688682034,0.3,-0.00047031463698471443
2005-04-27,dev,0.06441167401292415,0.09679543607791817,0.3,0.0004920481831299228
2005-04-28,dev,0.06641871778316366,0.09550335280207681,0.3,0.0097561431517178
2005-04-29,dev,0.06628999933784745,0.09725625328114254,0.3,0.006801593219354918
2005-05-02,dev,0.06718578611805641,0.09809214401890799,0.6,0.08833501470602922
2005-05-03,dev,0.06898658575875515,0.09790277694551242,0.6,0.08431803917731523
2005-05-04,dev,0.06885366362819878,0.09964092188396037,0.6,0.09738447720304783
2005-05-05,dev,0.06860813056466039,0.10125925947762245,0.6,0.12810057428569943
2005-05-06,dev,0.06847644509332708,0.10298428968975752,0.6,0.1318069929098002
2005-05-09,dev,0.06778651576045351,0.10462288939022416,0.6,0.08951310004117113
2005-05-10,dev,0.06765690483165723,0.106334891513761,0.6,0.09806905151664186
2005-05-11,dev,0.06609649089113881,0.1075632600414065,0.3,0.008822661441095225
2005-05-12,dev,0.06444678328944141,0.10773933002228,-0.1,-0.006361768564821735
2005-05-13,dev,0.06309524064732336,0.10855228478526718,0.6,0.023408351351078105
2005-05-16,dev,0.06092915599230184,0.11072752136211547,0.6,0.012437570148751798
2005-05-17,dev,0.058771276203397824,0.11289451840647569,0.7,0.024113687332179667
2005-05-18,dev,0.057084878075729144,0.1139413466640564,0.7,0.04080157390753375
2005-05-19,dev,0.05494239458398433,0.116094102539755,0.9,0.03771745423702427
2005-05-20,dev,0.05280798070991088,0.11823875010707055,1.0,0.044255574786689955
2005-05-23,dev,0.051204958189779465,0.11989619606551591,0.2,-0.010281820153154264
2005-05-24,dev,0.04970175939392622,0.1210783795625787,0.2,0.004988054835931788
2005-05-25,dev,0.04769930695472925,0.12331180111807218,0.1,0.0005932523664832212
2005-05-26,dev,0.046208280212757795,0.12448318092906643,0.2,-0.007937426977011719
2005-05-27,dev,0.04421981729606001,0.126701916580684,-0.1,-0.030806053256037802
2005-05-30,dev,0.04421981729606001,0.126701916580684,-0.5,-0.04468187941876067
2005-05-31,dev,0.04421981729606001,0.126701916580684,-0.1,-0.022092802571894055
2005-06-01,dev,0.04421981729606001,0.126701916580684,-0.5,-0.04389988793885191
2005-06-02,dev,0.04421981729606001,0.126701916580684,-0.5,-0.0585369780821432
2005-06-03,dev,0.04421981729606001,0.126701916580684,-0.5,-0.041860388328326226
2005-06-06,dev,0.04421981729606001,0.126701916580684,-0.5,-0.016085834995768822
2005-06-07,dev,0.04421981729606001,0.126701916580684,-0.8,-0.01034066987346366
2005-06-08,dev,0.04421981729606001,0.126701916580684,0.7,0.07036564830415443
2005-06-09,dev,0.04421981729606001,0.126701916580684,0.6,0.07572393716064846
2005-06-10,dev,0.04475820373188362,0.12708670506625688,0.7,0.07758208421097396
2005-06-13,dev,0.04624026146315873,0.12655699978389934,0.6,0.08472783144379115
2005-06-14,dev,0.04790062548750952,0.1262130655924417,0.6,0.04577775141776974
2005-06-15,dev,0.049200809514384505,0.12644230065615938,0.6,0.029267250466072203
2005-06-16,dev,0.04957197252822113,0.12759490268821824,0.3,0.0252394290431342
2005-06-17,dev,0.04948051132429452,0.1292045061887935,0.6,0.03417288464990581
2005-06-20,dev,0.047317563789627315,0.1305779785530867,0.6,0.06846911109668236
2005-06-21,dev,0.04516256826795521,0.13194640138662883,0.6,0.057954993593615944
2005-06-22,dev,0.04347419658305987,0.13285108688867173,0.6,0.05900810366467529
2005-06-23,dev,0.04133413395195537,0.13421033398228222,0.3,0.033738657115365056
2005-06-24,dev,0.03943041524271962,0.13487905366421588,-0.1,0.026445622823611736
2005-06-27,dev,0.03764769550687524,0.1347469750991352,0.6,0.04690948763116953
2005-06-28,dev,0.035757626844749785,0.13541228115542092,-0.1,0.0087066911238603
2005-06-29,dev,0.03398806752321387,0.13527971337150196,-0.1,-0.008581415352876265
2005-06-30,dev,0.03222493128451476,0.1351476267773613,-0.1,-0.018173474680770407
2005-07-01,dev,0.030468183220593536,0.13501601875783711,-0.1,-0.0036915090438778275
2005-07-04,dev,0.02871778867589083,0.1348848867166837,-0.1,-0.011893183604525848
2005-07-05,dev,0.028327503858786334,0.13340043746268246,-0.6,-0.03521972063356804
2005-07-06,dev,0.02965966469449441,0.13437947753350227,-0.6,-0.040751965358637565
2005-07-07,dev,0.030460182338474594,0.13548216686792897,-0.8,-0.044180565774585956
2005-07-08,dev,0.03178373096565286,0.13645395413884412,-0.8,-0.11117796893990001
2005-07-11,dev,0.03351888556965706,0.13620941300239459,-0.9,-0.13780106384421026
2005-07-12,dev,0.03524783210709954,0.13596574678951015,-0.9,-0.10825576961397848
2005-07-13,dev,0.03697060383547972,0.13572295081310032,-0.9,-0.13224820543928056
2005-07-14,dev,0.038966846511527056,0.13457227902632363,-0.9,-0.1420950945607672
2005-07-15,dev,0.04057220171451053,0.13422815837073984,-1.0,-0.14750594583593057
2005-07-18,dev,0.04217185405709263,0.13388526016863947,-1.0,-0.170859428070961
2005-07-19,dev,0.04387013091160133,0.1336478749555745,-1.0,-0.1792292725121939
2005-07-20,dev,0.045562396166625045,0.1334113300441487,-1.0,-0.1866043920930312
2005-07-21,dev,0.04717939602096933,0.1325174071649049,-1.0,-0.12199729713895596
2005-07-22,dev,0.04872152870426741,0.13096958450814902,-1.0,-0.10304401128029744
2005-07-25,dev,0.0501183310536576,0.13046102056210984,-1.0,-0.10710897105162481
2005-07-26,dev,0.05164987814750175,0.12892225244299244,-1.0,-0.07820589959969537
2005-07-27,dev,0.05317605139189382,0.12738888351025793,-1.0,-0.08150157158824495
2005-07-28,dev,0.053912493001586334,0.12624404170117923,-1.0,-0.08966510693760904
2005-07-29,dev,0.05648662463877532,0.12344696433714515,-1.0,-0.09111666627224324
2005-08-01,dev,0.05905177152330395,0.12065964989584764,-1.0,-0.06810715602347217
2005-08-02,dev,0.05931566445756557,0.11907405175280518,-1.0,-0.060400603927763585
2005-08-03,dev,0.059578639503360196,0.11749396873373853,-1.0,-0.06011683481341834
2005-08-04,dev,0.06057169559340371,0.11491425515497927,-1.0,-0.07631636896928362
2005-08-05,dev,0.06057169559340371,0.11491425515497927,-1.0,-0.05278117115026604
2005-08-08,dev,0.06057169559340371,0.11491425515497927,-0.9,-0.04462177246663157
2005-08-09,dev,0.06057169559340371,0.11491425515497927,-0.9,-0.022240152837249616
2005-08-10,dev,0.06057169559340371,0.11491425515497927,-0.7,-0.012280194594679994
2005-08-11,dev,0.06057169559340371,0.11491425515497927,-0.4,-0.0033790513521217425
2005-08-12,dev,0.06057169559340371,0.11491425515497927,-0.9,-0.007986801294265322
2005-08-15,dev,0.06057169559340371,0.11491425515497927,0.2,-0.0021933871493948764
2005-08-16,dev,0.06057169559340371,0.11491425515497927,-0.2,-0.010350868525563661
2005-08-17,dev,0.06057169559340371,0.11491425515497927,-0.4,-0.008545334633138335
2005-08-18,dev,0.06057169559340371,0.11491425515497927,-0.9,-0.03833501282323393
2005-08-19,dev,0.06046671865130076,0.11298199474743166,-0.9,-0.02260003553020762
2005-08-22,dev,0.06046671865130076,0.11298199474743166,-0.5,-0.008488615137145106
2005-08-23,dev,0.060362104951212,0.11105642036205547,-0.4,-0.019686874304815527
2005-08-24,dev,0.060257852611054465,0.10913749735624882,-0.4,0.012986344596759791
2005-08-25,dev,0.060153959761725065,0.10722519132632424,-0.3,0.03010234989604199
2005-08-26,dev,0.060153959761725065,0.10722519132632424,0.2,0.03221014720410853
2005-08-29,dev,0.060153959761725065,0.10722519132632424,-0.3,0.0269347789203635
2005-08-30,dev,0.060050424546988876,0.10531946810545278,0.1,-0.03053456083941969
2005-08-31,dev,0.05994724512336862,0.10342029376162898,0.3,-0.038211128255025206
2005-09-01,dev,0.05994724512336862,0.10342029376162898,0.6,0.05924309943887479
2005-09-02,dev,0.05994724512336862,0.10342029376162898,0.1,0.03950630955403256
2005-09-05,dev,0.059844419660035224,0.10152763459565706,0.1,0.04098080838832696
2005-09-06,dev,0.05874308789121096,0.10035492745879236,-0.1,-0.030907010348792563
2005-09-07,dev,0.05869609115977299,0.09884791048877732,0.3,-0.03741540317293307
2005-09-08,dev,0.05888034128862434,0.09754157161991138,0.1,-0.04358291704061901
2005-09-09,dev,0.057530743887224074,0.09555825264497683,-0.5,-0.045915614538931226
2005-09-12,dev,0.05686600906201905,0.09596263203390261,-0.3,-0.05040758785189742
2005-09-13,dev,0.0574685535387938,0.09510061618005498,-0.4,-0.05831025637799453
2005-09-14,dev,0.05710353101272449,0.09351213163880422,-0.4,-0.05142313360916495
2005-09-15,dev,0.05700690913283832,0.09166185730438998,0.1,-0.03962948305559455
2005-09-16,dev,0.05691061367822204,0.08981783389678122,0.1,-0.030645572941011057
2005-09-19,dev,0.05653358622401481,0.08826108656587041,0.2,0.0004386917029316484
2005-09-20,dev,0.05617259578114256,0.08669481324983713,0.9,0.0362702227426423
2005-09-21,dev,0.05581281875152365,0.08513380471805944,0.8,0.02080861779294224
2005-09-22,dev,0.05506119176914677,0.08453037584450301,0.9,0.011846888563717906
2005-09-23,dev,0.05427923884175732,0.08507850705059657,0.5,0.01683881150278399
2005-09-26,dev,0.0526207451313196,0.08399559984817082,0.9,0.010751383766647582
2005-09-27,dev,0.05105985416920309,0.08365896769679904,0.9,0.022617935891428076
2005-09-28,dev,0.04969529313279314,0.08464748221191716,0.9,0.023432755951049933
2005-09-29,dev,0.04829900531691407,0.08415634444485993,0.7,0.024964273750634314
2005-09-30,dev,0.04707674783299893,0.08432801164677878,0.5,0.02891582628214806
2005-10-03,dev,0.04585854427108683,0.08449910947157682,-0.1,-0.004887972445071942
2005-10-04,dev,0.04581508284536856,0.08487862334694851,0.1,0.015203652290771419
2005-10-05,dev,0.04527447940264894,0.08561642727530067,0.3,0.01714106060318138
2005-10-06,dev,0.044838795443238634,0.08542357838540743,0.1,0.003974385290310911
2005-10-07,dev,0.044353064314007595,0.08404726277027495,0.1,-0.0065009033716662
2005-10-10,dev,0.04356054282664903,0.08298386266703438,-0.5,-0.009257803270152798
2005-10-11,dev,0.0420522332325166,0.08182132758876338,0.3,-0.008185824687788112
2005-10-12,dev,0.04054886891574198,0.08066260410091294,0.3,0.0009636377734155155
2005-10-13,dev,0.03935729957218102,0.08083746072267906,0.3,0.011274486210146484
2005-10-14,dev,0.03816962424608269,0.08101174591757664,0.3,0.00801452875454739
2005-10-17,dev,0.03756358353225004,0.0814233635153185,0.3,0.0008975559137644473
2005-10-18,dev,0.03750240505744182,0.08291941666920234,0.3,0.011224926120386503
2005-10-19,dev,0.036967170794475784,0.08434285393207083,0.4,0.02771013539848438
2005-10-20,dev,0.03785412885054536,0.08515290341161834,0.7,0.09366118913127214
2005-10-21,dev,0.03941352248287835,0.08501489222294473,0.5,0.037372176108331434
2005-10-24,dev,0.040281393119245175,0.08610317841283602,0.9,0.07725179315268038
2005-10-25,dev,0.04145650680996815,0.08705740215815885,0.7,0.07935567147498895
2005-10-26,dev,0.041389641476403685,0.08852989021919408,0.7,0.05612589336454832
2005-10-27,dev,0.04118879932695161,0.08986344380445573,0.3,0.005731910169217147
2005-10-28,dev,0.04085462655204226,0.09105873301591694,0.6,0.024366291488024383
2005-10-31,dev,0.03945143560519575,0.09064504858624987,0.9,0.04635604572877183
2005-11-01,dev,0.038352211114699206,0.09135772244324872,0.9,0.06398986446377697
2005-11-02,dev,0.03709488798095609,0.09205195412774357,0.9,0.05619731391254934
2005-11-03,dev,0.03598680404398067,0.09280851101516979,0.9,0.06394852014195374
2005-11-04,dev,0.03488225466501793,0.09356265464298702,0.6,0.049144402500971185
2005-11-07,dev,0.0334112815064926,0.09323674100325119,1.0,0.0923227372278198
2005-11-08,dev,0.03216579457246002,0.09428087972979611,0.6,0.056639162196589043
2005-11-09,dev,0.03092426156520215,0.095321703730225,0.8,0.07459508616728783
2005-11-10,dev,0.029686663686334953,0.09635922876393305,0.6,0.009558034013131045
2005-11-11,dev,0.02845298225645151,0.09739347049057238,-0.3,-0.002573820404285554
2005-11-14,dev,0.027223198714182235,0.09842444447084005,-0.3,-0.004351793897442335
2005-11-15,dev,0.025997294615263965,0.09945216616725829,0.3,0.03794899523893114
2005-11-16,dev,0.02523456921691972,0.1005422677428479,0.3,0.011467281780428773
2005-11-17,dev,0.02492489666828121,0.10151181090232726,-0.3,-0.004412938774195574
2005-11-18,dev,0.023839195626939064,0.10266066729546855,0.4,0.008908975330354951
2005-11-21,dev,0.02318437025144324,0.1039721614523627,0.1,-0.0003931234929014371
2005-11-22,dev,0.022088983636389847,0.10501082280795647,-0.6,-0.038734752500367065
2005-11-23,dev,0.02099702010450849,0.10604623834681397,-0.6,-0.02739991727013802
2005-11-24,dev,0.019794216641006918,0.10705084639931504,-0.3,-0.013914078224722015
2005-11-25,dev,0.019794216641006918,0.10705084639931504,-0.6,-0.020637054044305214
2005-11-28,dev,0.019794216641006918,0.10705084639931504,-0.6,-0.03619741568747403
2005-11-29,dev,0.019794216641006918,0.10705084639931504,-0.6,-0.04569360829057767
2005-11-30,dev,0.021321016926612826,0.10688410053264943,-0.6,-0.030914675200833353
2005-12-01,dev,0.02284306822221685,0.10671787331564687,-0.6,-0.05815578056592391
2005-12-02,dev,0.02436039265044322,0.10655216233223748,-0.6,-0.05531337185758384
2005-12-05,dev,0.02436039265044322,0.10655216233223748,-0.5,-0.052328523857543385
2005-12-06,dev,0.025781812926315765,0.10629576591092894,-0.6,-0.060181031455361134
2005-12-07,dev,0.02720841758285805,0.1060497483492288,-0.7,-0.07720224996882052
2005-12-08,dev,0.02862104208518475,0.10579492102656886,-0.7,-0.07554979214791013
2005-12-09,dev,0.030120083686905146,0.10408844738300933,-0.6,-0.06212072354759546
2005-12-12,dev,0.03161450574593919,0.1023872325180124,-0.6,-0.07013361059980505
2005-12-13,dev,0.032618499623738965,0.10174388373923973,-0.7,-0.05246192313020348
2005-12-14,dev,0.03361940903494027,0.1011025114544111,-0.7,-0.04701001628905266
2005-12-15,dev,0.03251844287642688,0.10143178593635864,0.0,-0.031621770680539174
2005-12-16,dev,0.031985046373271236,0.10232424955102852,0.0,-0.005678410038140735
2005-12-19,dev,0.031211851790855963,0.1029725546579439,0.1,-0.00990754510046854
2005-12-20,dev,0.029878543218415123,0.10305640531776705,0.0,-0.02816080755071304
2005-12-21,dev,0.028549299611134164,0.10314000033533463,0.0,-0.02794592338111812
2005-12-22,dev,0.027464429252036866,0.10346366772247144,-0.4,-0.0533624767106482
2005-12-23,dev,0.027464429252036866,0.10346366772247144,0.0,-0.040806584653408584
2005-12-26,dev,0.02614289476509168,0.10354638971201494,0.2,-0.026684577429219147
2005-12-27,dev,0.02482537100496575,0.10362886064847943,0.2,-0.03445058027397074
2005-12-28,dev,0.02351183974108263,0.10371108167301522,-0.4,-0.04253163169080321
2005-12-29,dev,0.02220228285318705,0.10379305391986711,-0.2,-0.027557884396219423
2005-12-30,dev,0.020896682330511698,0.10387477851642636,0.0,-0.0275552134247552
2006-01-03,dev,0.019674404251264276,0.10403564056359538,-0.7,-0.04705120618300429
2006-01-04,dev,0.01837654330637097,0.10411675366040037,-0.1,-0.026113370992460583
2006-01-05,dev,0.01837654330637097,0.10411675366040037,0.2,-0.0073114058377421465
2006-01-06,dev,0.01858634510116155,0.10269386340954577,0.1,-0.024639662417175523
2006-01-09,dev,0.01858634510116155,0.10269386340954577,-0.6,-0.05399418795430205
2006-01-10,dev,0.01858634510116155,0.10269386340954577,-0.6,-0.0629251373728163
2006-01-11,dev,0.018795516860532335,0.10127524610238746,-0.7,-0.07765159496378077
2006-01-12,dev,0.01786778744994683,0.10052370900178417,-0.6,-0.03538170010459302
2006-01-13,dev,0.01684303527312555,0.10087222640347812,-0.6,-0.07186106465643266
2006-01-16,dev,0.015416513546259891,0.10156225297088697,-0.8,-0.1031813433368447
2006-01-17,dev,0.016257604374431224,0.10078223075514095,-0.8,-0.08885175983282001
2006-01-18,dev,0.014836207050475291,0.10147033473315117,-1.0,-0.06285516705092209
2006-01-19,dev,0.013419040075697795,0.10215639078265541,-1.0,-0.03717040049474063
2006-01-20,dev,0.012098952348987993,0.10219033373840185,-0.9,-0.018349112529689127
2006-01-23,dev,0.010690051826215012,0.1028732857654962,-0.7,-0.01759685877199796
2006-01-24,dev,0.009007548045731732,0.10401717719399177,-1.0,-0.0398074334766908
2006-01-25,dev,0.008371364348062087,0.10471973664846967,-0.9,-0.02869353648341111
2006-01-26,dev,0.0072973298364696765,0.10461121414234194,-0.9,-0.04056425650453427
2006-01-27,dev,0.005667039946318135,0.10529560387219157,-0.8,-0.04062208994601452
2006-01-30,dev,0.004277986868341231,0.10596895349830027,-0.9,-0.04680347156516251
2006-01-31,dev,0.0028011074758877877,0.10581311680197925,-0.9,-0.053801359235662094
2006-02-01,dev,0.0012709800254466746,0.10657910485424088,-0.9,-0.04992216330475091
2006-02-02,dev,-0.0005709157821922709,0.10800410817930653,-0.9,-0.02571655937441142
2006-02-03,dev,-0.0024935432703531587,0.10933881350135333,-0.9,-0.025416151783635654
2006-02-06,dev,-0.003951886043349719,0.10917896143483088,0.0,-0.01310505651893179
2006-02-07,dev,-0.005066812877851059,0.10803159407979071,0.6,0.020882389524391087
2006-02-08,dev,-0.006517152800769644,0.10787411362194846,0.6,0.019229980272064018
2006-02-09,dev,-0.006517152800769644,0.10787411362194846,-0.1,-0.001962455041054134
2006-02-10,dev,-0.006517152800769644,0.10787411362194846,0.6,0.01641325006315858
2006-02-13,dev,-0.005588337516680574,0.10572521236102629,0.7,0.026631708390190467
2006-02-14,dev,-0.006957203917168875,0.10564804138222737,0.6,0.03325846082518635
2006-02-15,dev,-0.006947106378827556,0.10404332724379163,0.9,0.03389704399939325
2006-02-16,dev,-0.006937038108713313,0.10244326445068469,0.4,0.0020619399265521254
2006-02-17,dev,-0.007515412013901002,0.10081602669897888,-0.1,0.0019334647121094228
2006-02-20,dev,-0.00856428184239729,0.0991289129802424,-0.9,-0.008666694323088975
2006-02-21,dev,-0.008551923571340441,0.09754286837276731,0.0,0.0010594152145525504
2006-02-22,dev,-0.008699703380475559,0.09612149696460931,-1.0,-0.010251571030438222
2006-02-23,dev,-0.008847057923972874,0.09470421583388483,-0.9,-0.005505145608449058
2006-02-24,dev,-0.008403312151093604,0.09341872127090511,0.6,0.008930941642660728
2006-02-27,dev,-0.008260826637377414,0.09198040042390108,0.7,0.009191996847365436
2006-02-28,dev,-0.008118749391608835,0.09054620084006897,0.7,0.005531673039659402
2006-03-01,dev,-0.007977078661564916,0.08911610483158403,0.9,0.007808733354883635
2006-03-02,dev,-0.007638301882524584,0.08776855801515795,0.7,0.008524684717536535
2006-03-03,dev,-0.00727077220794181,0.08657345308218341,0.5,0.0077158779538417654
2006-03-06,dev,-0.008299113937939993,0.08624238928387071,0.2,0.007967025091930813
2006-03-07,dev,-0.009265260290802099,0.08638642571447686,-0.5,-0.021376120182431735
2006-03-08,dev,-0.01022866190970721,0.0865300529506779,-0.1,-0.024159808367276936
2006-03-09,dev,-0.011455287921182803,0.08552079046422302,-0.1,-0.022561793034723276
2006-03-10,dev,-0.012412858334892177,0.0856652369366533,-0.1,-0.029422330741140645
2006-03-13,dev,-0.01279310888887394,0.08629548412627615,-0.1,-0.03195421398288534
2006-03-14,dev,-0.013746084723776662,0.0864384283577362,-0.5,-0.05530726842899991
2006-03-15,dev,-0.013638544406817879,0.08763879728812021,-0.1,-0.03908022549043777
2006-03-16,dev,-0.012651025330188559,0.0886597285595454,0.2,-0.013851836596745937
2006-03-17,dev,-0.01386389308640489,0.08765598773175419,-0.1,-0.0402870671721588
2006-03-20,dev,-0.013932202225328478,0.08621616190628825,0.2,-0.02427598903572703
2006-03-21,dev,-0.015227528729921285,0.08530632156700874,0.5,0.032373399752887
2006-03-22,dev,-0.015206201658870976,0.08378628470206896,0.2,0.0042564175811359295
2006-03-23,dev,-0.015709409768438987,0.08209567451367446,0.2,0.002061092689978783
2006-03-24,dev,-0.01708411729669536,0.0819810157503872,0.2,-0.029008806641163343
2006-03-27,dev,-0.016362940006183928,0.08326137695575625,0.1,-0.03760875930613505
2006-03-28,dev,-0.01738471864127281,0.08349360345024684,0.2,-0.0179882949019059
2006-03-29,dev,-0.016838981897682723,0.08494215198508656,0.0,-0.029709528158213483
2006-03-30,dev,-0.015687122200602605,0.08647348232955171,-0.6,-0.054364060949567805
2006-03-31,dev,-0.014365087357051146,0.08782719455933043,0.0,-0.05089159503317575
2006-04-03,dev,-0.012787019369021987,0.08891746160287707,0.0,-0.03841746149369352
2006-04-04,dev,-0.011472652813878112,0.08888092292846092,0.0,-0.019998219640026238
2006-04-05,dev,-0.00985977622159375,0.08957825590784149,0.0,-0.014997296211715694
2006-04-06,dev,-0.008251348944046723,0.09027366521003757,0.0,-0.009799806226615804
2006-04-07,dev,-0.006647352595638945,0.09096715878412844,0.1,0.0327176313243297
2006-04-10,dev,-0.00504776889193105,0.091658744535457,0.1,0.007600292376998663
2006-04-11,dev,-0.003753060418178397,0.09161869131494127,0.5,0.06732388367388709
2006-04-12,dev,-0.0021618353695937896,0.09230748597706069,0.5,0.07323761122395145
2006-04-13,dev,-0.0006177780608683179,0.0933796675031195,0.3,0.007543314904528531
2006-04-14,dev,0.0009648043988592727,0.09406416864196612,0.3,-0.013460016064911484
2006-04-17,dev,0.002500371605964657,0.09513102087059733,-0.2,-0.06879928784909983
2006-04-18,dev,0.0036213476667693767,0.0960206821617053,-0.1,-0.04656506755746198
2006-04-19,dev,0.0051491114982860405,0.09708196188628064,-0.1,-0.05801301628189098
2006-04-20,dev,0.006672718149308782,0.09814035377487072,-0.1,-0.05468031797097073
2006-04-21,dev,0.008192184564866785,0.09919586959854618,-0.1,-0.08100864975349675
2006-04-24,dev,0.009368314572241458,0.09990930803871097,0.6,0.18242935846591074
2006-04-25,dev,0.010800968165865342,0.10076760617596656,0.3,0.05443499280744557
2006-04-26,dev,0.011688472494012569,0.1010823094603473,0.6,0.11781196007143024
2006-04-27,dev,0.012682778271013561,0.10023591103505962,0.6,0.12319822836519467
2006-04-28,dev,0.01356534762107517,0.10055048245516526,0.6,0.10282760004420599
2006-05-01,dev,0.014445538078009931,0.100864205973869,0.6,0.10783369726129838
2006-05-02,dev,0.015687872481673443,0.1014855192901895,0.6,0.1308502508294095
2006-05-03,dev,0.016926867276724957,0.1021051624094231,0.4,0.10648530380134474
2006-05-04,dev,0.018162535911252845,0.1027231420571957,-0.1,0.09624435700131845
2006-05-05,dev,0.01882874097725856,0.10278854689561119,-0.1,0.09903971512531212
2006-05-08,dev,0.019493162361695314,0.10285377662067083,0.2,0.11020341678770573
2006-05-09,dev,0.01991273478278039,0.10316190437028668,-0.1,0.0693222344888389
2006-05-10,dev,0.020331186850271115,0.10346920934887552,0.0,0.028243603974794917
2006-05-11,dev,0.020915189712248535,0.10360902818085481,0.0,-0.0033162912927007238
2006-05-12,dev,0.021497637306950375,0.10374847465908713,-0.1,-0.03429167790092624
2006-05-15,dev,0.02263261385308475,0.10311184104916812,0.2,-0.0003790096516095298
2006-05-16,dev,0.023875244290641525,0.10258756680253354,0.4,-0.04321703654123915
2006-05-17,dev,0.02511457862624191,0.10206468320376805,-0.2,-0.07168510373850256
2006-05-18,dev,0.026350629956979777,0.10154318472711846,-0.6,-0.08877475621634545
2006-05-19,dev,0.027638525949100174,0.10140886834520428,-0.5,-0.020419926973918312
2006-05-22,dev,0.028923019309801495,0.10127490682823571,-0.1,-0.010063632228208885
2006-05-23,dev,0.03020412350596271,0.10114129877173408,0.7,0.024233694775508907
2006-05-24,dev,0.03148185193349108,0.10100804277862244,0.7,0.023868539752386897
2006-05-25,dev,0.03275621791778913,0.10087513745917688,0.7,0.041958958249502465
2006-05-26,dev,0.034027234714217786,0.10074258143097824,0.7,0.03695592012211529
2006-05-29,dev,0.03529491550855608,0.10061037331886409,0.7,0.025441752082078217
2006-05-30,dev,0.03677770941570957,0.10004163975837627,0.6,0.015910320783687315
2006-05-31,dev,0.03907181409476038,0.09832623667519846,0.6,0.025662444564050813
2006-06-01,dev,0.040763659217948056,0.09667265118063392,0.7,0.011299873107696479
2006-06-02,dev,0.04132882965046551,0.09585935034427058,0.7,0.02303803431095275
2006-06-05,dev,0.04278458702620428,0.09463644993553244,0.5,0.0013626334286246378
2006-06-06,dev,0.04334565424430339,0.09382791837380168,-0.5,-0.005060155934096033
2006-06-07,dev,0.04334565424430339,0.09382791837380168,0.6,0.06472513236702854
2006-06-08,dev,0.04334565424430339,0.09382791837380168,0.9,0.07607071570836965
2006-06-09,dev,0.044742665173535145,0.09255850243160366,0.9,0.10150464996226527
2006-06-12,dev,0.044742665173535145,0.09255850243160366,0.9,0.08713280365054488
2006-06-13,dev,0.04700854961384293,0.09086618448586202,0.6,0.07848346391231409
2006-06-14,dev,0.04749369109499093,0.0899974250138686,0.6,0.10991578101775579
2006-06-15,dev,0.04770487325133094,0.08885821373248985,0.6,0.09044343747880895
2006-06-16,dev,0.04770487325133094,0.08885821373248985,0.6,0.07176359966410711
2006-06-19,dev,0.04770487325133094,0.08885821373248985,0.6,0.06453290820931368
2006-06-20,dev,0.04770487325133094,0.08885821373248985,0.6,0.05871990631679924
2006-06-21,dev,0.04770487325133094,0.08885821373248985,0.3,0.0265525887361045
2006-06-22,dev,0.04770487325133094,0.08885821373248985,0.6,0.04258388042897465
2006-06-23,dev,0.04770487325133094,0.08885821373248985,0.6,0.05184307835340596
2006-06-26,dev,0.04770487325133094,0.08885821373248985,0.3,0.023081449541331622
2006-06-27,dev,0.04770487325133094,0.08885821373248985,0.3,0.013582951806093979
2006-06-28,dev,0.04770487325133094,0.08885821373248985,0.3,0.019810054220551543
2006-06-29,dev,0.04770487325133094,0.08885821373248985,0.3,0.020591278937296564
2006-06-30,dev,0.04770487325133094,0.08885821373248985,0.1,-0.004164839329448167
2006-07-03,dev,0.04770487325133094,0.08885821373248985,-0.6,-0.04255706414185062
2006-07-04,dev,0.04770487325133094,0.08885821373248985,-0.3,-0.03447832946652862
2006-07-05,dev,0.04770487325133094,0.08885821373248985,-0.5,-0.05942063852585683
2006-07-06,dev,0.04770487325133094,0.08885821373248985,-0.5,-0.07759756654175332
2006-07-07,dev,0.04770487325133094,0.08885821373248985,-0.5,-0.09901973752124477
2006-07-10,dev,0.04770487325133094,0.08885821373248985,-0.5,-0.11056491950157121
2006-07-11,dev,0.04770487325133094,0.08885821373248985,-0.5,-0.0871394498239279
2006-07-12,dev,0.04770487325133094,0.08885821373248985,-0.6,-0.09950059344572076
2006-07-13,dev,0.04770487325133094,0.08885821373248985,-0.8,-0.055869328497832826
2006-07-14,dev,0.04770487325133094,0.08885821373248985,-0.6,-0.06267553150529886
2006-07-17,dev,0.04770487325133094,0.08885821373248985,-0.8,-0.09846891447457667
2006-07-18,dev,0.04770487325133094,0.08885821373248985,-0.8,-0.1027025751889532
2006-07-19,dev,0.04770487325133094,0.08885821373248985,-0.7,-0.057482725066381635
2006-07-20,dev,0.04770487325133094,0.08885821373248985,-0.9,-0.08827050354857857
2006-07-21,dev,0.04770487325133094,0.08885821373248985,-0.9,-0.11122311905268062
2006-07-24,dev,0.04770487325133094,0.08885821373248985,-0.9,-0.08458353699530075
2006-07-25,dev,0.04770487325133094,0.08885821373248985,-0.9,-0.08122887843257143
2006-07-26,dev,0.04770487325133094,0.08885821373248985,-0.9,-0.07613956160268859
2006-07-27,dev,0.04770487325133094,0.08885821373248985,-0.9,-0.07090504362826155
2006-07-28,dev,0.04770487325133094,0.08885821373248985,-0.9,-0.0470792150591795
2006-07-31,dev,0.04770487325133094,0.08885821373248985,-0.5,-0.03043268993027315
2006-08-01,dev,0.04770487325133094,0.08885821373248985,-0.5,-0.05095985299672634
2006-08-02,dev,0.04770487325133094,0.08885821373248985,-0.5,-0.04437677144745489
2006-08-03,dev,0.04770487325133094,0.08885821373248985,-0.3,-0.02619306430735968
2006-08-04,dev,0.04770487325133094,0.08885821373248985,-0.3,-0.030544776323107703
2006-08-07,dev,0.04770487325133094,0.08885821373248985,-0.5,-0.05870801496777456
2006-08-08,dev,0.04770487325133094,0.08885821373248985,-0.3,-0.029540848466045877
2006-08-09,dev,0.04770487325133094,0.08885821373248985,-0.2,-0.047178947161779894
2006-08-10,dev,0.04770487325133094,0.08885821373248985,-0.6,-0.03932992492881948
2006-08-11,dev,0.04770487325133094,0.08885821373248985,-0.1,0.03767682307454956
2006-08-14,dev,0.04770487325133094,0.08885821373248985,-0.2,-0.06151331503643265
2006-08-15,dev,0.04770487325133094,0.08885821373248985,0.6,0.07444393264301619
2006-08-16,dev,0.04770487325133094,0.08885821373248985,0.2,-0.008167901454879667
2006-08-17,dev,0.04770487325133094,0.08885821373248985,0.7,0.06928047454495456
2006-08-18,dev,0.04770487325133094,0.08885821373248985,0.7,0.09222397628590778
2006-08-21,dev,0.04770487325133094,0.08885821373248985,-0.2,-0.05286928348010872
2006-08-22,dev,0.04770487325133094,0.08885821373248985,0.5,0.06926885740449734
2006-08-23,dev,0.04771124673864793,0.08751768768490237,0.5,0.059880037908827066
2006-08-24,dev,0.04771124673864793,0.08751768768490237,-0.2,-0.054342078397333016
2006-08-25,dev,0.04771124673864793,0.08751768768490237,0.7,0.07723116013830233
2006-08-28,dev,0.04934959070110989,0.08522863314484981,0.7,0.04587330462066719
2006-08-29,dev,0.05001962664985735,0.08370183592055157,0.3,0.029767888846207735
2006-08-30,dev,0.050231309752480885,0.08258145432050669,0.4,0.040800764253202226
2006-08-31,dev,0.05077951974789657,0.08158652813672715,0.2,-0.0005919412410929636
2006-09-01,dev,0.05078487390624768,0.08081780057294792,0.5,0.0534121972623568
2006-09-04,dev,0.04992501191272539,0.08077518343180042,0.7,0.06974604128700651
2006-09-05,dev,0.050021261897452665,0.08019085627355452,0.1,-0.05334784660671238
2006-09-06,dev,0.05011241536648554,0.07981657705665982,-0.3,-0.07660345653465966
2006-09-07,dev,0.04989375611297452,0.0793772511732929,-0.5,-0.06518861670927445
2006-09-08,dev,0.04893182704604007,0.07928990987037556,-0.5,-0.052219269899048404
2006-09-11,dev,0.047825814743453515,0.07942068572745184,0.3,0.03328724994806814
2006-09-12,dev,0.04795790307055122,0.07997575684773728,0.6,0.05405244065264109
2006-09-13,dev,0.048373987163336775,0.0803511057576002,0.6,0.06654661987130372
2006-09-14,dev,0.04868312652738167,0.08093727546650625,0.6,0.040152338851959624
2006-09-15,dev,0.04908281337650474,0.08164213125444678,0.2,0.011189715265773725
2006-09-18,dev,0.04864933795659879,0.08162827186211803,-0.4,-0.004933538310401442
2006-09-19,dev,0.048904212212349925,0.08247431202431789,-0.7,-0.014309853872332301
2006-09-20,dev,0.049000414219666805,0.08316018520759941,0.2,0.013129407845475671
2006-09-21,dev,0.04801788002662851,0.08350236510843156,-0.3,-0.0023214707047946037
2006-09-22,dev,0.04756931736872317,0.08427008935458448,-0.3,0.01366229880710279
2006-09-25,dev,0.04818111083971134,0.08525547547210599,-0.3,0.015324256802457692
2006-09-26,dev,0.048670820134252585,0.0858557830501285,0.3,0.029827767938795546
2006-09-27,dev,0.049155333468686224,0.08617937420639007,0.6,0.03885549469087651
2006-09-28,dev,0.04884271699005551,0.0868240675888162,0.2,0.03001508301573902
2006-09-29,dev,0.04893815218179729,0.08749847351915602,0.4,0.012203627189166177
2006-10-02,dev,0.0493320172774851,0.08818541364787252,-0.1,0.001529024728156303
2006-10-03,dev,0.04841097725588825,0.08830955688081268,-0.2,-0.00878918551172625
2006-10-04,dev,0.04726855822477395,0.08861545422969222,-0.3,-0.01962834762701171
2006-10-05,dev,0.04584049366877514,0.08921397292888261,-0.3,-0.017857370679720153
2006-10-06,dev,0.045181269537784785,0.08903444736490511,-0.3,-0.013831714572988818
2006-10-09,dev,0.04486595286754707,0.08949377433750266,-0.3,-0.011749894991427312
2006-10-10,dev,0.044998436344127944,0.09002254171739583,-0.3,-0.01699784919741132
2006-10-11,dev,0.04513059107759076,0.09054999701942329,-0.2,-0.0173060967794213
2006-10-12,dev,0.04526241829002887,0.09107614512119787,-0.5,-0.015886651273757657
2006-10-13,dev,0.04521890169573553,0.09108843962106038,-0.3,-0.004754031545154747
2006-10-16,dev,0.04569989617366841,0.0901642689212004,0.1,0.000856412032107623
2006-10-17,dev,0.045780650760010935,0.08895556131896573,0.3,0.001547964904175303
2006-10-18,dev,0.045970810253525105,0.08909248417800524,0.3,0.0007833897817538515
2006-10-19,dev,0.04610079096936454,0.08838566032452433,0.4,0.014750203696869746
2006-10-20,dev,0.04623045192944546,0.08768057527511104,0.3,0.018644924566731058
2006-10-23,dev,0.04651917373297194,0.0869202183030286,0.3,0.027368911893631664
2006-10-24,dev,0.04627037720078424,0.08731203398609236,0.3,0.014933620600742215
2006-10-25,dev,0.046622170039181975,0.08802202740849503,0.3,0.017541018174139333
2006-10-26,dev,0.046809903001190326,0.08815908735046749,0.3,0.032400620131688096
2006-10-27,dev,0.04760471937523495,0.08801426813573215,0.5,0.09198801744184126
2006-10-30,dev,0.04844199485015326,0.087988202688273,0.5,0.11138649661568334
2006-10-31,dev,0.04822278128166145,0.08749903254702958,0.8,0.09009000075968365
2006-11-01,dev,0.04708135415599696,0.08752779269144381,0.6,0.08975065854273212
2006-11-02,dev,0.045942704225285416,0.08755648285983757,0.9,0.12217193324138087
2006-11-03,dev,0.04480682136609444,0.08758510330728748,0.9,0.12298542720939554
2006-11-06,dev,0.0436736955041345,0.08761365428763192,0.6,0.14239513425774752
2006-11-07,dev,0.042543316613961144,0.08764213605347856,0.6,0.14605013588452997
2006-11-08,dev,0.04125454986021783,0.08802827560619035,0.6,0.15444861931365284
2006-11-09,dev,0.03999547543475202,0.08792183270944767,0.5,0.1351179656818482
2006-11-10,dev,0.03887363441503749,0.0879498390843289,0.6,0.10955977956570662
2006-11-13,dev,0.03823023377701513,0.08826793137933979,0.6,0.177587410833137
2006-11-14,dev,0.037800219858390625,0.0888897719492389,0.6,0.18884941682858836
2006-11-15,dev,0.03737124087097822,0.08951011591126821,0.6,0.16734808835206505
2006-11-16,dev,0.03743198708136417,0.09015538455365088,0.8,0.1788396762211083
2006-11-17,dev,0.037004480111661076,0.09077271975154037,0.9,0.18292528541421776
2006-11-20,dev,0.0363181995175781,0.0914390170257767,0.9,0.19553506308129415
2006-11-21,dev,0.03563356270934922,0.0921037183783981,0.8,0.19263522449386206
2006-11-22,dev,0.034950563788221374,0.09276682953639602,0.9,0.19789423327156896
2006-11-23,dev,0.03421187334960542,0.09335293049672688,0.9,0.17633805371115308
2006-11-24,dev,0.03459221858006005,0.09366270167330668,0.9,0.17486270121248348
2006-11-27,dev,0.03497165714727164,0.09397173442038328,0.7,0.17590701200968184
2006-11-28,dev,0.035146474438546536,0.09483388928200405,0.7,0.18963223580938554
2006-11-29,dev,0.03592216234052211,0.09494407490711462,0.9,0.22046453757142304
2006-11-30,dev,0.036551300586740686,0.09561108391145967,0.9,0.2026350981798774
2006-12-01,dev,0.037178946215530514,0.0962765104507885,0.7,0.2223732857537668
2006-12-04,dev,0.03794946879110453,0.09638459515404586,0.7,0.198290232585757
2006-12-05,dev,0.038718167644606186,0.09649242403552036,0.7,0.19174397065371052
2006-12-06,dev,0.03961802796653927,0.09661477341609304,0.7,0.20883345315663504
2006-12-07,dev,0.04075189097956579,0.09650070638726649,0.6,0.19623109025592816
2006-12-08,dev,0.04151456563642951,0.09660801687501734,0.7,0.2689336405254198
2006-12-11,dev,0.04187985867060138,0.09707668292640777,0.6,0.26238280389993346
2006-12-12,dev,0.041806821166045366,0.0979012748264706,0.6,0.2585625049719198
2006-12-13,dev,0.04173395531249887,0.09872392879022303,0.6,0.23106414855858837
2006-12-14,dev,0.04156760090485509,0.09966439366253498,0.7,0.1787331836517913
2006-12-15,dev,0.04177008403894754,0.10038493448389861,0.6,0.2129393040535582
2006-12-18,dev,0.04197209297366272,0.10110378785603187,0.5,0.20150830350374294
2006-12-19,dev,0.04247339840327729,0.10153593340859106,0.5,0.17589895411270284
2006-12-20,dev,0.04235506087078308,0.10251682188660466,0.6,0.17640114931480222
2006-12-21,dev,0.04223699950522585,0.10349542124331601,0.6,0.21606645658805357
2006-12-22,dev,0.04211921334098693,0.10447173948264574,0.6,0.27070254864220755
2006-12-25,dev,0.04294328876201023,0.10464115538545989,0.6,0.2298774182750707
2006-12-26,dev,0.04376544772856603,0.10481017729780238,0.6,0.22990605148634746
2006-12-27,dev,0.04432949687720403,0.10530332664438552,0.6,0.17145625671672032
2006-12-28,dev,0.04489223732712129,0.10579533179294874,0.6,0.1905231613217065
2006-12-29,dev,0.04570927992581524,0.10596242874336248,0.6,0.17429166406940877
2007-01-02,dev,0.0465244312221974,0.10612913889527988,0.5,0.1633774688663041
2007-01-03,dev,0.04733769777569775,0.10629546359019863,0.6,0.08157238453424365
2007-01-04,dev,0.04814908611544868,0.1064614041634201,0.5,0.06871010530168858
2007-01-05,dev,0.04906483718470179,0.10615649511958443,0.3,0.02444797202760618
2007-01-08,dev,0.05016038460730006,0.10603419500999967,-0.1,-0.019593010229777996
2007-01-09,dev,0.05089380188623297,0.10612794162103534,-0.3,-0.02926196795663516
2007-01-10,dev,0.05191711529853412,0.10593834222904362,-0.3,-0.02590866418551513
2007-01-11,dev,0.052938078967064206,0.10574917819730906,0.1,0.0024177763779174577
2007-01-12,dev,0.0536418961547931,0.10581903770243445,0.4,0.04450464489951489
2007-01-15,dev,0.05396227580791858,0.10607964972492118,0.4,0.03175423525743726
2007-01-16,dev,0.05485400470668907,0.10576758300136099,0.3,0.017456006266965807
2007-01-17,dev,0.05569357005469346,0.10540610425988575,0.7,0.05563834120601241
2007-01-18,dev,0.0553896660754193,0.10618700332375636,0.7,0.07762850976205038
2007-01-19,dev,0.05508645514968966,0.10696612154597615,0.7,0.05636862391737307
2007-01-22,dev,0.05478393490944004,0.10774346501142554,0.2,0.016385503617321606
2007-01-23,dev,0.05448210299738212,0.10851903977729481,0.2,0.0011096712922155083
2007-01-24,dev,0.05418095706694251,0.10929285187324168,0.2,-0.001392896016152556
2007-01-25,dev,0.05567271653977411,0.10845190771973241,0.5,0.02955840607296123
2007-01-26,dev,0.057161093338064135,0.10761287046906556,0.5,0.02287233678522982
2007-01-29,dev,0.05864609895447808,0.10677573364252256,-0.8,-0.07318407914788178
2007-01-30,dev,0.05947282699209805,0.10641679467257685,0.2,-0.018067058777702816
2007-01-31,dev,0.0609518645351935,0.1055829011787452,0.5,0.02862610735700355
2007-02-01,dev,0.06236815980511339,0.10469148647502678,0.9,0.06603674341986066
2007-02-02,dev,0.06248574549492348,0.10476135702766673,0.9,0.09501109805141089
2007-02-05,dev,0.06297844172747424,0.10408031946344638,0.7,0.12329303795387714
2007-02-06,dev,0.06272012327033798,0.10377576717308631,0.9,0.12424063000889302
2007-02-07,dev,0.06188087534945469,0.10401398482085161,0.9,0.11419862981787615
2007-02-08,dev,0.06127979220032363,0.10448794868690418,0.9,0.10514971384004079
2007-02-09,dev,0.0608570688080764,0.10513786189052401,0.9,0.11270423478109398
2007-02-12,dev,0.06043529216474797,0.10578631952145935,1.0,0.10064262925393863
2007-02-13,dev,0.05936686695862939,0.10690430256214534,0.9,0.06913080311673431
2007-02-14,dev,0.05944020006817282,0.10748318043637758,0.9,0.05913125316091877
2007-02-15,dev,0.06095985679976967,0.1067170749130992,0.8,0.01585668400337803
2007-02-16,dev,0.062476125222042996,0.1059526775403744,0.8,0.032865847043931806
2007-02-20,dev,0.062476125222042996,0.1059526775403744,0.5,0.026274012734071706
2007-02-21,dev,0.062476125222042996,0.1059526775403744,0.8,0.0441175573402402
2007-02-22,dev,0.062476125222042996,0.1059526775403744,0.9,0.04739054389558195
2007-02-23,dev,0.061527406057864185,0.10718271499944912,0.8,0.05452134041891471
2007-02-26,dev,0.06058079750361681,0.10841001600144023,0.8,0.05238372364618016
2007-02-27,dev,0.0594608539274432,0.10834803996026905,0.7,0.1169980042610903
2007-02-28,dev,0.057759250082322494,0.10992181104740935,0.6,0.09791861829372062
2007-03-01,dev,0.05681996745006878,0.11114199342517218,0.6,0.12658120447519006
2007-03-02,dev,0.05681996745006878,0.11114199342517218,0.9,0.09534149368749834
2007-03-05,dev,0.05611590617003432,0.11259261428691501,0.9,0.12588530022733313
2007-03-06,dev,0.05587916873307398,0.1133995973055776,0.9,0.1248746207127287
2007-03-07,dev,0.05587916873307398,0.1133995973055776,0.5,0.09670107352415946
2007-03-08,dev,0.05587916873307398,0.1133995973055776,0.6,0.09684533119415262
2007-03-09,dev,0.05587916873307398,0.1133995973055776,0.9,0.10525050674358849
2007-03-12,dev,0.055177702946163344,0.11484451778543768,0.9,0.13202838492092728
2007-03-13,dev,0.055177702946163344,0.11484451778543768,0.6,0.11295800342833484
2007-03-14,dev,0.055177702946163344,0.11484451778543768,0.9,0.1668262631519023
2007-03-15,dev,0.05622055316366206,0.11471775783203213,0.9,0.1595946078550724
2007-03-16,dev,0.05720307561998948,0.11453324919170202,0.9,0.1618093980028985
2007-03-19,dev,0.05818343392993733,0.11434914695806868,0.9,0.15952954103162986
2007-03-20,dev,0.05818343392993733,0.11434914695806868,0.9,0.16695530818272952
2007-03-21,dev,0.05818343392993733,0.11434914695806868,1.0,0.17957269000516363
2007-03-22,dev,0.05806152522490179,0.11526555980085698,1.0,0.1202461994559928
2007-03-23,dev,0.05806152522490179,0.11526555980085698,1.0,0.1571477943249372
2007-03-26,dev,0.05806152522490179,0.11526555980085698,1.0,0.18771855307267815
2007-03-27,dev,0.05806152522490179,0.11526555980085698,0.7,0.17638493664343713
2007-03-28,dev,0.05806152522490179,0.11526555980085698,0.7,0.15344038973765872
2007-03-29,dev,0.05806152522490179,0.11526555980085698,0.6,0.165800012732363
2007-03-30,dev,0.05806152522490179,0.11526555980085698,0.7,0.17614777127167236
2007-04-02,dev,0.05806152522490179,0.11526555980085698,0.7,0.18621161150885068
2007-04-03,dev,0.05806152522490179,0.11526555980085698,0.9,0.1790001052507102
2007-04-04,dev,0.05806152522490179,0.11526555980085698,0.7,0.17757166883819342
2007-04-05,dev,0.05806152522490179,0.11526555980085698,0.9,0.16091864432112646
2007-04-06,dev,0.05806152522490179,0.11526555980085698,0.9,0.14931968399821638
2007-04-09,dev,0.05806152522490179,0.11526555980085698,0.9,0.1220350743640668
2007-04-10,dev,0.05806152522490179,0.11526555980085698,0.9,0.1509225239566211
2007-04-11,dev,0.0579398844510861,0.1161799585494853,0.9,0.14483165783657814
2007-04-12,dev,0.05897397897967986,0.11605242840837719,0.9,0.16137652979483813
2007-04-13,dev,0.06000580575711442,0.11592517793863116,0.9,0.1582514761457569
2007-04-16,dev,0.061035372234927006,0.11579820622128327,0.9,0.15266673475198544
2007-04-17,dev,0.06206268583204415,0.11567151234139127,0.9,0.1033819162567231
2007-04-18,dev,0.0625734498526713,0.11612368748058743,0.9,0.1299978516989208
2007-04-19,dev,0.06250513822619458,0.1170886179527702,0.9,0.20641964026853094
2007-04-20,dev,0.0630143057577973,0.11753826151520544,0.9,0.15865531844481645
2007-04-23,dev,0.06294566272320275,0.11849954881202984,0.9,0.12435493910850276
2007-04-24,dev,0.06270535760942113,0.11928693261436484,0.9,0.12874729816565367
2007-04-25,dev,0.06246557489806077,0.12007260471278171,0.9,0.1478561632911065
2007-04-26,dev,0.06246557489806077,0.12007260471278171,1.0,0.13823513754143596
2007-04-27,dev,0.062226312887485126,0.12085657068286328,1.0,0.15566640319758485
2007-04-30,dev,0.061987569883440015,0.12163883607600322,0.9,0.14728050527807224
2007-05-01,dev,0.061293165833272635,0.1230466516724311,1.0,0.16206565775571385
2007-05-02,dev,0.061055949488385865,0.12382485363291322,1.0,0.08850725101717116
2007-05-03,dev,0.06036405400956485,0.12522726204150353,1.0,0.10195962732372443
2007-05-04,dev,0.05967365290542811,0.12662664149024805,1.0,0.06622728348203549
2007-05-07,dev,0.058984741339811624,0.1280230017816059,-0.1,-0.018648500544240887
2007-05-08,dev,0.058297314497396904,0.12941635267578405,-0.1,-0.019156129270675892
2007-05-09,dev,0.057611367583598784,0.13080670389096505,-0.2,-0.02001637085089042
2007-05-10,dev,0.056926895824453996,0.1321940651035328,0.3,-0.0025988630950204983
2007-05-11,dev,0.05624389446651039,0.13357844594829693,0.6,0.024046347110669775
2007-05-14,dev,0.055562358776716864,0.13495985601871607,0.6,0.029418943273228526
2007-05-15,dev,0.05550280640932488,0.13588701587292967,0.9,0.10134137903038637
2007-05-16,dev,0.054823523566894065,0.1372629961895314,0.9,0.08924197070973244
2007-05-17,dev,0.054764888782330545,0.13818570956259071,0.7,0.0439491413559836
2007-05-18,dev,0.05470637928576823,0.13910645132587854,0.9,0.05274174505121115
2007-05-21,dev,0.054647994676071565,0.14002522779191282,0.9,0.07480260814818229
2007-05-22,dev,0.054589734553815626,0.14094204524629245,0.9,0.06486220850299224
2007-05-23,dev,0.05453159852127695,0.1418569099478406,0.7,0.03304335267591013
2007-05-24,dev,0.05453159852127695,0.1418569099478406,0.7,0.03527301687656975
2007-05-25,dev,0.05453159852127695,0.1418569099478406,0.1,-0.0033552167998611715
2007-05-28,dev,0.05447358618242453,0.14276982812874714,-0.8,-0.059117578401229165
2007-05-29,dev,0.05441569714291079,0.14368080599471023,-0.6,-0.05549269426174114
2007-05-30,dev,0.05441569714291079,0.14368080599471023,0.9,0.03317660186751903
2007-05-31,dev,0.0543579310100627,0.14458984972507677,0.0,-0.01897789739603306
2007-06-01,dev,0.054300287392872806,0.14549696547298233,0.0,-0.00419398837079854
2007-06-04,dev,0.054300287392872806,0.14549696547298233,0.7,0.03972674602382659
2007-06-05,dev,0.054300287392872806,0.14549696547298233,0.7,0.033819060580419946
2007-06-06,dev,0.05301618249431881,0.14623489799171635,0.7,0.02149273453452416
2007-06-07,dev,0.05089937339003633,0.14825224897685457,-0.6,-0.07706887359589765
2007-06-08,dev,0.05089937339003633,0.14825224897685457,-0.6,-0.049875172316199146
2007-06-11,dev,0.05089937339003633,0.14825224897685457,-0.6,-0.043584796952786276
2007-06-12,dev,0.0502335734515468,0.1495977039267511,-0.9,-0.07863201963496491
2007-06-13,dev,0.0502335734515468,0.1495977039267511,-0.9,-0.09098010015509017
2007-06-14,dev,0.0502335734515468,0.1495977039267511,-0.9,-0.07839112569225326
2007-06-15,dev,0.0502335734515468,0.1495977039267511,-0.9,-0.07695879974863395
2007-06-18,dev,0.0502335734515468,0.1495977039267511,-0.9,-0.12585883364182365
2007-06-19,dev,0.0502335734515468,0.1495977039267511,-0.7,-0.11039196134486207
2007-06-20,dev,0.0502335734515468,0.1495977039267511,-0.9,-0.0964036444428461
2007-06-21,dev,0.0502335734515468,0.1495977039267511,-1.0,-0.11664515099980344
2007-06-22,dev,0.0502335734515468,0.1495977039267511,-1.0,-0.04914931339229628
2007-06-25,dev,0.0502335734515468,0.1495977039267511,0.6,0.033476871859727586
2007-06-26,dev,0.0502335734515468,0.1495977039267511,0.6,0.028450942630437792
2007-06-27,dev,0.0502335734515468,0.1495977039267511,0.6,0.035596480503378714
2007-06-28,dev,0.0502335734515468,0.1495977039267511,0.7,0.11571482627719443
2007-06-29,dev,0.0502335734515468,0.1495977039267511,0.7,0.15321002828540414
2007-07-02,dev,0.0499693352536043,0.15049570001552962,0.7,0.1786286779743565
2007-07-03,dev,0.04982872062429319,0.15130389723773544,0.7,0.1703979212550647
2007-07-04,dev,0.04960983394624641,0.1520318228077251,0.7,0.15075884415120883
2007-07-05,dev,0.04960983394624641,0.1520318228077251,0.7,0.2455970274218745
2007-07-06,dev,0.04960983394624641,0.1520318228077251,0.7,0.24386236796107102
2007-07-09,dev,0.04960983394624641,0.1520318228077251,0.6,0.22730017761841248
2007-07-10,dev,0.04960983394624641,0.1520318228077251,0.6,0.23394567320656967
2007-07-11,dev,0.04960983394624641,0.1520318228077251,0.6,0.21455414326716432
2007-07-12,dev,0.04960983394624641,0.1520318228077251,0.7,0.26725801243773123
2007-07-13,dev,0.05016703135095673,0.1503759444346865,0.7,0.2532266442874115
2007-07-16,dev,0.05072305694198732,0.14872354845570263,0.5,0.13630239430665309
2007-07-17,dev,0.05072305694198732,0.14872354845570263,0.5,0.12887624320023816
2007-07-18,dev,0.05127791441202836,0.14707462389684273,0.7,0.2936345665792932
2007-07-19,dev,0.051224107576338926,0.14587097791164141,0.3,0.13611295745452195
2007-07-20,dev,0.051170413543240034,0.14466985529328538,0.6,0.20161985337187255
2007-07-23,dev,0.05199861757425015,0.14435303373083996,0.6,0.21524597782075378
2007-07-24,dev,0.05199861757425015,0.14435303373083996,0.6,0.2225543926598441
2007-07-25,dev,0.05199861757425015,0.14435303373083996,0.6,0.19388277205693683
2007-07-26,dev,0.05199861757425015,0.14435303373083996,0.6,0.18326353665282064
2007-07-27,dev,0.05199861757425015,0.14435303373083996,0.7,0.17952216860714432
2007-07-30,dev,0.05122852432750324,0.14557838565547737,0.6,0.17625891384081638
2007-07-31,dev,0.05122852432750324,0.14557838565547737,0.6,0.18177581456576003
2007-08-01,dev,0.050580816934287044,0.14657364253116265,0.9,0.19867392560551744
2007-08-02,dev,0.04983212436267854,0.1472905106844008,0.7,0.18494533389932954
2007-08-03,dev,0.04915451005156,0.1481796759495891,1.0,0.13632195228825328
2007-08-06,dev,0.04826997410358962,0.1490669887871416,1.0,0.15034978400680243
2007-08-07,dev,0.04690532491645078,0.15071920014663803,0.8,0.12632090787871997
2007-08-08,dev,0.0455435128378091,0.15236797655528306,0.7,0.15035731580685774
2007-08-09,dev,0.04478572048147099,0.15357609856683957,0.6,0.10334719978929119
2007-08-10,dev,0.04414939976418691,0.15455583209082238,0.7,0.09770699922397735
2007-08-13,dev,0.043412802804154924,0.15525922846516696,0.7,0.10795623758416328
2007-08-14,dev,0.042746744002080235,0.1561337013135467,0.4,0.01871940483055401
2007-08-15,dev,0.04211450595142618,0.15710775044940267,0.9,0.028753859151235517
2007-08-16,dev,0.04124455294941024,0.15797850690555,0.7,0.059029422543078525
2007-08-17,dev,0.03989842039245848,0.15960788110406146,0.7,0.1112939599516336
2007-08-20,dev,0.03880614589397424,0.16079769307219755,0.7,0.06883901967370909
2007-08-21,dev,0.03880614589397424,0.16079769307219755,0.7,0.039089608038686885
2007-08-22,dev,0.03880614589397424,0.16079769307219755,-0.1,0.019171721094745076
2007-08-23,dev,0.03880614589397424,0.16079769307219755,-0.1,0.013270522384278616
2007-08-24,dev,0.03880614589397424,0.16079769307219755,-0.1,0.003953500604576998
2007-08-27,dev,0.03880614589397424,0.16079769307219755,-0.1,-0.0014972785631938157
2007-08-28,dev,0.03880614589397424,0.16079769307219755,-0.9,-0.03300116581774615
2007-08-29,dev,0.03880614589397424,0.16079769307219755,-0.7,-0.022368440727193573
2007-08-30,dev,0.04022967471548297,0.16003585469784817,-0.9,-0.0303653514168305
2007-08-31,dev,0.040188286161248934,0.16090001534116316,0.3,-0.00546947582921109
2007-09-03,dev,0.04014698268112432,0.161762399703608,-0.6,-0.010560604946007746
2007-09-04,dev,0.04107842152955502,0.16154228268240575,0.6,0.009546285231032847
2007-09-05,dev,0.04249377969370825,0.16078280611717144,0.3,0.002521093989996115
2007-09-06,dev,0.043414561139296905,0.1605577996258508,-0.5,-0.00977216060885977
2007-09-07,dev,0.04439366598971727,0.1603934620622624,-0.6,-0.019763968954775613
2007-09-10,dev,0.04537076858072983,0.16022946056731122,-0.6,-0.019999887607100475
2007-09-11,dev,0.04656618789219978,0.15960513998230186,0.6,0.04202056416073752
2007-09-12,dev,0.04753907953720774,0.1594422775945648,0.6,0.03249833369299826
2007-09-13,dev,0.04850998771301079,0.15927974724023805,0.8,0.04300874849171221
2007-09-14,dev,0.049478918479087156,0.15911754790496285,0.5,0.022396677609723303
2007-09-17,dev,0.05044587787025797,0.15895567857850817,0.5,0.021834799800442672
2007-09-18,dev,0.051410871896812586,0.15879413825474953,0.9,0.07133079058865144
2007-09-19,dev,0.05269240958036514,0.15759779106551905,0.9,0.06884056239015557
2007-09-20,dev,0.053971347795999734,0.15640387054401522,0.3,0.009589948897551825
2007-09-21,dev,0.05524769444483467,0.1552123693143483,0.7,0.04420388485475063
2007-09-24,dev,0.05652145739599989,0.15402328003049037,0.3,0.0007978561790454863
2007-09-25,dev,0.056523785072456686,0.152915899089521,0.3,0.01837764898843186
2007-09-26,dev,0.057689444194393064,0.15095388940941995,0.9,0.06054240595446986
2007-09-27,dev,0.05821543604527769,0.1493676063408141,-0.1,0.007793813405642613
2007-09-28,dev,0.0599076000263441,0.14794368950505035,-0.3,-0.03394591239197009
2007-10-01,dev,0.0599076000263441,0.14794368950505035,-0.1,0.0034029181597367564
2007-10-02,dev,0.06069531167098816,0.1476356951179938,0.3,0.029538772579846995
2007-10-03,dev,0.06069531167098816,0.1476356951179938,0.3,0.024851342668151366
2007-10-04,dev,0.05984001087030253,0.14769896536011803,0.3,0.04184627446777961
2007-10-05,dev,0.05984001087030253,0.14769896536011803,0.3,0.027261232753592546
2007-10-08,dev,0.05984001087030253,0.14769896536011803,-0.3,-0.009481811891609682
2007-10-09,dev,0.06062620710375739,0.14739183601117106,-0.3,-0.028290394753035963
2007-10-10,dev,0.06062620710375739,0.14739183601117106,0.3,0.0036812771009815948
2007-10-11,dev,0.06062620710375739,0.14739183601117106,-0.6,-0.05692164981638842
2007-10-12,dev,0.06062620710375739,0.14739183601117106,-0.6,-0.03157212993872599
2007-10-15,dev,0.06062620710375739,0.14739183601117106,-0.6,-0.05733264615668077
2007-10-16,dev,0.06156935348216728,0.14724385224007552,-0.6,-0.11059402004052338
2007-10-17,dev,0.06251060789191434,0.14709616532709652,-0.7,-0.04899701657855232
2007-10-18,dev,0.06418829476302783,0.14568308510659156,-0.7,-0.014881578435101517
2007-10-19,dev,0.06554651732240312,0.1449577292972546,-0.7,-0.056409978110192494
2007-10-22,dev,0.06721781291034387,0.14354961367322047,-0.7,-0.015282081873176423
2007-10-23,dev,0.06888576924636065,0.14214431146701662,-0.7,-0.011222627878193225
2007-10-24,dev,0.06981502496567567,0.14200245087673016,-0.6,-0.02551834505951983
2007-10-25,dev,0.07126716929718914,0.14039159677762444,-0.7,-0.029186730862208632
2007-10-26,dev,0.07208735821432866,0.139150904790899,-0.7,-0.020584238525731602
2007-10-29,dev,0.0735343516782683,0.13754609373088184,-0.6,-0.031049983126160197
2007-10-30,dev,0.0735343516782683,0.13754609373088184,-0.6,-0.08071968367522986
2007-10-31,dev,0.0735343516782683,0.13754609373088184,-0.6,-0.11919335995065328
2007-11-01,dev,0.0735343516782683,0.13754609373088184,-0.6,-0.10049475444115535
2007-11-02,dev,0.0735343516782683,0.13754609373088184,-0.8,-0.10236440914594891
2007-11-05,dev,0.0735343516782683,0.13754609373088184,-0.8,-0.0778071657514548
2007-11-06,dev,0.07435065634072059,0.13631069686047867,-0.2,0.000581571813970394
2007-11-07,dev,0.07547893405616125,0.13539134792197716,-1.0,-0.06686290267594497
2007-11-08,dev,0.07547893405616125,0.13539134792197716,-0.9,-0.051631720186723185
2007-11-09,dev,0.07547893405616125,0.13539134792197716,-0.6,-0.05229290929757463
2007-11-12,dev,0.07547893405616125,0.13539134792197716,-0.7,-0.03722135332720872
2007-11-13,dev,0.07547893405616125,0.13539134792197716,0.6,0.019147671833440127
2007-11-14,dev,0.07547893405616125,0.13539134792197716,-0.9,-0.0398997511276965
2007-11-15,dev,0.0755606957652743,0.13442160922050903,-1.0,-0.07231557385461201
2007-11-16,dev,0.0755606957652743,0.13442160922050903,-0.5,-0.02754453260748596
2007-11-19,dev,0.07564229540955261,0.13345379269684363,-0.7,-0.046219945834964804
2007-11-20,dev,0.07572373347037693,0.1324878926415419,0.0,-0.03714485562057934
2007-11-21,dev,0.07481589074374165,0.13251302305123583,-1.0,-0.04692591064672069
2007-11-22,dev,0.07554482761059567,0.13120866235652118,-0.6,-0.020810193178605663
2007-11-23,dev,0.07627232531285569,0.129906876905034,-0.6,-0.03136470733019947
2007-11-26,dev,0.07675183978493375,0.12885420740118286,-0.6,-0.04183739384724244
2007-11-27,dev,0.07723040940090918,0.1278036121229551,0.0,0.007201916980678402
2007-11-28,dev,0.07770803695071143,0.12675508494566873,0.7,0.06514853792042863
2007-11-29,dev,0.07818472521329677,0.12570861976873102,0.6,0.07544077122713072
2007-11-30,dev,0.07823071271308724,0.12472560540746506,0.7,0.10462407689615855
2007-12-03,dev,0.07800680193069963,0.12450169462507744,0.7,0.09357485185679049
2007-12-04,dev,0.07828710572040096,0.12375501618446046,0.7,0.10625599862081264
2007-12-05,dev,0.0779625622317072,0.12282567222332291,0.9,0.12018924978556433
2007-12-06,dev,0.07788440125389223,0.12125358033981236,0.6,0.16657829526172435
2007-12-07,dev,0.07682868685501476,0.12113482071166368,0.8,0.16672040879561156
2007-12-10,dev,0.07521777907626329,0.12197249275661444,0.8,0.18093885419955819
2007-12-11,dev,0.07507966572498115,0.12261657033730246,0.9,0.15131026957001575
2007-12-12,dev,0.07476189479074363,0.12176357271233931,0.6,0.1457607294867202
2007-12-13,dev,0.07444206163885107,0.12083980377006572,0.6,0.22181484816537356
2007-12-14,dev,0.07446592411422887,0.12040028168866046,0.9,0.1977532765701397
2007-12-17,dev,0.07469324027756033,0.11960816865357629,0.8,0.21415702934073377
2007-12-18,dev,0.07496291419320862,0.11901020014027631,0.8,0.19208904598784676
2007-12-19,dev,0.07464412998412256,0.11809270400767312,0.9,0.18764049651716525
2007-12-20,dev,0.07388811362524907,0.11796726016413892,0.8,0.19775648214494346
2007-12-21,dev,0.07313356525930544,0.11784205990088344,0.9,0.1721727647040897
2007-12-24,dev,0.07233653248054792,0.11868804429912368,0.8,0.1467875443862694
2007-12-25,dev,0.07099519369669507,0.12025932687449416,0.8,0.14954131729757997
2007-12-26,dev,0.07185184703764312,0.12111598021544218,0.8,0.14500463834833283
2007-12-27,dev,0.07149490814558143,0.12270078889619604,0.8,0.14247693708754905
2007-12-28,dev,0.0713806877001217,0.12452831602355183,0.1,0.10312833723824427
2007-12-31,dev,0.07131145327946203,0.12537746411664247,0.1,0.09697013522887221
2008-01-02,dev,0.0712423530340362,0.1262249665738938,-0.2,0.06112134842200173
2008-01-03,dev,0.0715487255830558,0.12822707555702192,-0.2,0.02823480638994952
2008-01-04,dev,0.07125547792903703,0.12987181239912718,-0.2,-0.028001548233679674
2008-01-07,dev,0.07126260287203748,0.13157467377623616,-0.2,0.012771940175682117
2008-01-08,dev,0.07138372690304523,0.13339153424135244,-0.2,0.0009012277361024612
2008-01-09,dev,0.07130542449916144,0.13514355052825247,-0.2,0.0240865852133178
2008-01-10,dev,0.07124153490038812,0.1368685696951321,-0.2,0.01530333242687898
2008-01-11,dev,0.07094228729436897,0.13850730658523697,-0.2,0.0018398948781201407
2008-01-14,dev,0.07114368568318186,0.1403236920541532,-0.2,0.004802748746686458
2008-01-15,dev,0.07094988723356946,0.14206787810066485,-0.6,-0.10595651675574419
2008-01-16,dev,0.07075608878395705,0.14381206414717645,-0.6,-0.12727940918530845
2008-01-17,dev,0.07121208513598623,0.14523705274726767,-0.6,-0.0981591036996658
2008-01-18,dev,0.07149470787500432,0.14673091579636327,-0.6,-0.11870261318869935
2008-01-21,dev,0.071255343718489,0.1481469133969539,-0.6,-0.05527190598168624
2008-01-22,dev,0.0707058286340902,0.14921238539265846,0.8,0.033304971080943324
2008-01-23,dev,0.07020402907705808,0.15024482356172453,-0.6,-0.019096860663538495
2008-01-24,dev,0.06970222952002597,0.15127726173079062,-0.3,-0.006850988875214403
2008-01-25,dev,0.06983902842563472,0.15141406063639937,-0.6,-0.0720640980237256
2008-01-28,dev,0.07003282687524713,0.15063886683794975,-0.8,-0.04364571600258549
2008-01-29,dev,0.07042042377447193,0.1490884792410505,-0.7,-0.049637636987336975
2008-01-30,dev,0.07053632284727934,0.14791238864977527,-0.6,-0.019986196319850824
2008-01-31,dev,0.07065222192008676,0.1467362980585,0.6,0.043179522316519336
2008-02-01,dev,0.07076812099289417,0.14556020746722473,0.8,0.10362808073695606
2008-02-04,dev,0.07233750843779463,0.14486861299998044,0.3,0.014071209002603446
2008-02-05,dev,0.07390689588269506,0.14417701853273618,-0.2,0.03756913830367553
2008-02-06,dev,0.07471031802674649,0.14384994972071527,-0.2,0.02077267675923239
2008-02-07,dev,0.0761543064748389,0.14303295625666299,-0.2,0.0471475139696419
2008-02-08,dev,0.07758357004073037,0.1425242353264304,-0.2,0.03712511151966558
2008-02-11,dev,0.07910973283142804,0.14162791749697307,-0.4,0.03708967409456748
2008-02-12,dev,0.08053899639731953,0.1411191965667405,-0.4,0.016954817289302093
2008-02-13,dev,0.0820651591880172,0.14022287873728312,-0.4,0.04191039835211091
2008-02-14,dev,0.08349442275390867,0.13971415780705057,-0.4,0.010208538002638101
2008-02-15,dev,0.08489040779814953,0.13926024855953667,-0.4,0.036744198602212175
2008-02-18,dev,0.08634511964530324,0.13842461509308923,-0.4,0.022327018833743717
2008-02-19,dev,0.08752913763528053,0.13945447522542032,-0.4,-0.06362544423525901
2008-02-20,dev,0.08898384948243424,0.13861884175897288,-0.4,-0.045389116284708986
2008-02-21,dev,0.09062024737609957,0.13796489433903708,-0.9,-0.08338593356144924
2008-02-22,dev,0.09207495922325327,0.13712926087258967,-0.9,-0.059171831292752275
2008-02-25,dev,0.09325714200063955,0.13626334639839033,-0.6,-0.06832520263801678
2008-02-26,dev,0.09481768444054245,0.13509309250284574,-0.1,-0.05410147914893493
2008-02-27,dev,0.09572255220160036,0.13394597667977232,0.2,-0.05553760241736938
2008-02-28,dev,0.09623254812163301,0.13343598075973967,0.2,-0.0691376280517435
2008-02-29,dev,0.09672236837889513,0.13309523623294864,-0.5,-0.08702979086203616
2008-03-03,dev,0.09821711878352925,0.13246565747836989,-0.5,-0.13119761801086594
2008-03-04,dev,0.09952501362340083,0.13113084618716325,-0.6,-0.18925502156210683
2008-03-05,dev,0.09978071991108386,0.12869490734134068,-0.6,-0.18797839123818216
2008-03-06,dev,0.10062858812813813,0.1266357988142089,-0.6,-0.1957318101082804
2008-03-07,dev,0.10132072544818242,0.12497466924610258,-0.6,-0.19506366550557513
2008-03-10,dev,0.10130053810968113,0.12269349999545658,-0.6,-0.16598266027971287
2008-03-11,dev,0.10138801657652007,0.12030466493947037,-0.5,-0.12233787523880546
2008-03-12,dev,0.10136782923801878,0.11802349568882436,-0.6,-0.12305515938106576
2008-03-13,dev,0.10172447221820827,0.1163344883675496,-0.6,-0.11289278036599026
2008-03-14,dev,0.10169578494770642,0.11503081129696616,-0.6,-0.1106696169711765
2008-03-17,dev,0.1016670976772046,0.11372713422638274,-0.6,-0.1285186928892903
2008-03-18,dev,0.10163841040670275,0.1124234571557993,0.1,-0.01831399797404043
2008-03-19,dev,0.10200390748272614,0.11092746912370355,-0.3,-0.020276297762912343
2008-03-20,dev,0.10213310644913443,0.11057217196608082,-0.5,-0.007277838474889664
2008-03-21,dev,0.10197160774112408,0.10992617713403947,-0.1,-0.0290464116281563
2008-03-24,dev,0.10099411556106153,0.1107251707420906,-0.1,-0.022982781995063872
2008-03-25,dev,0.09976162542098264,0.11223815863818744,-0.2,-0.027437754283808735
2008-03-26,dev,0.09886913256092551,0.11328365027425434,-0.1,-0.04940874954949509
2008-03-27,dev,0.098267337375287,0.11461983958473985,-0.7,-0.07740969434785872
2008-03-28,dev,0.09756290551074193,0.11573226818531106,-0.6,-0.06628652964269754
2008-03-31,dev,0.09685847364619685,0.11684469678588225,-0.6,-0.0509018197566114
2008-04-01,dev,0.09610304218964849,0.11790612579445019,-0.6,-0.014924542993290213
2008-04-02,dev,0.09510536267108465,0.11872530674100261,-0.3,-0.017112511573521783
2008-04-03,dev,0.09428936919903243,0.11984729776507441,-0.3,-0.03904857607016626
2008-04-04,dev,0.09310423582295657,0.12053093515311818,-0.3,-0.03840926048246862
2008-04-07,dev,0.09228824235090435,0.12165292617718998,-0.3,-0.03510099150057472
2008-04-08,dev,0.09084175941727331,0.12184627627874081,-0.6,-0.04132522019368895
2008-04-09,dev,0.09049476219325112,0.12098628315868577,-0.7,-0.0525021671939071
2008-04-10,dev,0.08974189321620292,0.11982966741161175,-0.6,-0.04558125489920145
2008-04-11,dev,0.08898902423915474,0.11867305166453773,-0.6,-0.04684030099883191
2008-04-14,dev,0.08863378465682897,0.11846462908949408,-0.3,-0.04826233527132001
2008-04-15,dev,0.08853590665197422,0.11819057067590077,-0.2,-0.05134125515600768
2008-04-16,dev,0.08849020784174053,0.1178449456936479,-0.3,-0.0450411938175746
2008-04-17,dev,0.0876103687266073,0.11673710840250007,-0.3,-0.03591897372948866
2008-04-18,dev,0.0876495199285492,0.11537660413501906,-0.3,-0.0037656855614692786
2008-04-21,dev,0.08734609811349947,0.11453485329326822,-0.5,-0.07619411053729702
2008-04-22,dev,0.08707326317496686,0.11407360319539021,-0.3,-0.03957940920126268
2008-04-23,dev,0.08698547883936275,0.11352823918709015,-0.1,-0.026645872859740627
2008-04-24,dev,0.0857248101368336,0.11340882802116736,0.9,0.03137800789724271
2008-04-25,dev,0.0852941469154727,0.11287049899446625,0.6,0.04064489881374489
2008-04-28,dev,0.08452029893958984,0.11279647875329485,0.7,0.04234904338593459
2008-04-29,dev,0.08231314993011524,0.1134963064880063,0.7,0.05018427447327417
2008-04-30,dev,0.08078625305438117,0.11390739410839625,0.4,0.014296262660170367
2008-05-01,dev,0.0794208548866574,0.11351098818873451,-0.1,0.012419693098531748
2008-05-02,dev,0.07790405168017397,0.11320542529232859,0.0,0.014056613112022498
2008-05-05,dev,0.07686165092847089,0.11264752066465651,-0.1,0.005980757488560751
2008-05-06,dev,0.07626948899909966,0.11130169809790372,0.7,0.052911071582946834
2008-05-07,dev,0.07541795035686334,0.11012716203964674,0.6,0.04957322004724979
2008-05-08,dev,0.07444895810880132,0.10915816979158473,0.3,0.04985421986109073
2008-05-09,dev,0.074902287815497,0.1069198543647748,0.7,0.05647001802890478
2008-05-12,dev,0.07402138577180427,0.10603895232108206,0.7,0.051142070555355135
2008-05-13,dev,0.07264748767207997,0.10595704388544044,0.7,0.06870413864487152
2008-05-14,dev,0.07169711168295802,0.10594247665119423,-0.1,0.01511226144966793
2008-05-15,dev,0.0707485739452657,0.10592793759341657,-0.1,0.007435575844868203
2008-05-16,dev,0.06977442073372436,0.1052821134991234,0.1,-0.010653634966285408
2008-05-19,dev,0.06906357026326067,0.10485873951569441,0.1,-0.010679322244083578
2008-05-20,dev,0.06809292072588047,0.10421519203303703,0.1,-0.019524903177614517
2008-05-21,dev,0.0674492859274933,0.10450014849543295,-0.3,-0.019731355863840117
2008-05-22,dev,0.06841099659230483,0.10510537773974277,0.1,-0.010901496154576196
2008-05-23,dev,0.06892213986481223,0.10558123795345455,0.1,-0.012092674285271554
2008-05-26,dev,0.07019045488312725,0.10524698886920546,0.3,0.07172606284833216
2008-05-27,dev,0.07117561007880875,0.1049500927828357,0.7,0.07186188979431751
2008-05-28,dev,0.0706046966172703,0.10528062162898953,0.4,-0.00239375763776406
2008-05-29,dev,0.0705512778138515,0.10437250197086988,0.7,0.09169708659949594
2008-05-30,dev,0.06999459765190817,0.10300610520973627,0.7,0.11981321976927894
2008-06-02,dev,0.06987399231741492,0.10296052350978029,0.3,0.11739371168475704
2008-06-03,dev,0.07070652513842038,0.10251223660616197,-0.3,0.05387020675114984
2008-06-04,dev,0.0706424841521892,0.10276840055108673,-0.3,0.06276515049021125
2008-06-05,dev,0.07134244338045004,0.1024778358672565,-0.3,0.07554291315151368
2008-06-06,dev,0.07272978890356685,0.1016258979610707,-0.3,0.048147939367861714
2008-06-09,dev,0.07416764457922433,0.10082447020742555,-0.3,0.05110042061652936
2008-06-10,dev,0.07492747106252964,0.10123914792854338,-0.3,0.05725550292825882
2008-06-11,dev,0.07547974660597438,0.09998040823815411,0.3,0.04006338200237064
2008-06-12,dev,0.07549496522138475,0.09914338439058376,0.3,0.05163416021605999
2008-06-13,dev,0.07644028153229625,0.09849074608340642,0.6,0.04842118180413246
2008-06-16,dev,0.0765583656787065,0.09818936714256835,0.4,0.03963475307838321
2008-06-17,dev,0.077503681989618,0.09753672883539101,0.7,0.05083576831056319
2008-06-18,dev,0.07736832583373283,0.09740137267950583,0.6,0.07993566656253248
2008-06-19,dev,0.07781199323357867,0.09720585823211614,0.7,0.045007227271905315
2008-06-20,dev,0.07819926223513902,0.09695394538644095,0.4,0.031851105917933664
2008-06-23,dev,0.0784586948672523,0.0962546052477009,0.4,0.021850392522995976
2008-06-24,dev,0.07934009299344023,0.09585763967941777,0.7,0.023248930239820997
2008-06-25,dev,0.07978005615638115,0.09527890677332704,0.4,0.035132520840811365
2008-06-26,dev,0.0806614542825691,0.09488194120504391,0.9,0.02723387833869434
2008-06-27,dev,0.08154285240875705,0.09448497563676078,0.4,0.03290554203909729
2008-06-30,dev,0.08108869688572126,0.09312250906765346,0.1,-0.02142621752954199
2008-07-01,dev,0.08060650707114007,0.09178807679009154,-0.3,-0.04149405570417808
2008-07-02,dev,0.08067939622915817,0.09004995071427561,-0.4,-0.048682833730213815
2008-07-03,dev,0.0800699757772571,0.0895379829028209,-0.1,-0.004795715036170933
2008-07-04,dev,0.0794617216802879,0.08902699493406753,-0.1,-0.004021833787261009
2008-07-07,dev,0.07953447133752509,0.08729219541533449,-0.8,-0.03836923334260156
2008-07-08,dev,0.07892731069996,0.08678384298717028,-0.2,0.006493283227731239
2008-07-09,dev,0.07933991007602924,0.08624041941868883,-0.6,-0.122832624555752
2008-07-10,dev,0.07907310977987257,0.08692213821580566,-0.8,-0.10695483370650855
2008-07-11,dev,0.07905729574382307,0.08773375831292798,-0.8,-0.17776953410150037
2008-07-14,dev,0.07874360909392429,0.08836508933455531,-0.8,-0.24591168418755743
2008-07-15,dev,0.0786686151805015,0.08923331305899859,-0.9,-0.24048207025275925
2008-07-16,dev,0.08040107132085238,0.08870386443744471,-0.9,-0.17744330571515238
2008-07-17,dev,0.0804511966341356,0.08875398975072792,-0.4,-0.015495822936129888
2008-07-18,dev,0.08026322670932357,0.08856601982591589,-0.4,-0.004029773310131879
2008-07-21,dev,0.08007525678451154,0.08837804990110386,-0.6,-0.22803028771073397
2008-07-22,dev,0.08072688585719323,0.08807729802140461,-0.6,-0.18540222022188968
2008-07-23,dev,0.08068177307523836,0.08793694714421162,-0.2,0.013213968189900949
2008-07-24,dev,0.08096999362661679,0.08774897721939959,0.1,0.04785682698858801
2008-07-25,dev,0.08181585828827093,0.08669007997629183,0.1,0.037513554352318346
2008-07-28,dev,0.0813272630628336,0.0864131249624947,-0.6,-0.18863814531053208
2008-07-29,dev,0.08166446971582973,0.08484556971072894,0.1,0.04286589807212027
2008-07-30,dev,0.08210749647464596,0.08317219435314305,0.1,0.05802047391935017
2008-07-31,dev,0.08217855323743205,0.08188270689824206,0.7,0.13164290278247814
2008-08-01,dev,0.08265771926281655,0.08068386838847919,0.7,0.11761133939648405
2008-08-04,dev,0.08434306006580443,0.07824222506448292,0.6,0.13464459155788777
2008-08-05,dev,0.08496423161134571,0.07641441701818748,0.7,0.10449867196869611
2008-08-06,dev,0.08516473286447855,0.07471015636655841,0.5,0.11476042713761925
2008-08-07,dev,0.08668126930361561,0.07209970867871132,0.5,0.10273005050053663
2008-08-08,dev,0.0872827730630141,0.06984406958096696,0.7,0.08511123059160897
2008-08-11,dev,0.0878842768224126,0.0675884304832226,0.6,0.07993556007775626
2008-08-12,dev,0.08698202118331484,0.06668617484412487,0.6,0.06343743011416486
2008-08-13,dev,0.08739518644942129,0.06471838772927893,0.6,0.037296900939815136
2008-08-14,dev,0.08849265107629768,0.06327616981647277,0.7,0.06420746448687742
2008-08-15,dev,0.0883992803946917,0.061912957865025535,0.6,0.09089461621189543
2008-08-18,dev,0.08828023277564409,0.06084152929359696,0.6,0.039754316571792625
2008-08-19,dev,0.08863737563278695,0.05929391024597791,0.5,0.08878587828132051
2008-08-20,dev,0.0895615610964461,0.057837143328684684,0.7,0.19483067875441468
2008-08-21,dev,0.09052770193874793,0.05626360163130397,0.9,0.21749098505844383
2008-08-22,dev,0.09144371746776656,0.054639934620640054,0.7,0.12681966334165756
2008-08-25,dev,0.09242742674094952,0.05276650103668016,0.0,0.08382147051219885
2008-08-26,dev,0.0935803089464633,0.05153843086124157,0.3,0.06639322079741061
2008-08-27,dev,0.09473319115197708,0.05031036068580297,0.3,0.054291633709792675
2008-08-28,dev,0.0949336924051099,0.050034671462745324,0.1,0.016811659045196603
2008-08-29,dev,0.09508406834495954,0.04970885692640447,-0.1,0.04764539798842271
2008-09-01,dev,0.09488798991358699,0.049671508653762075,-0.3,-0.023007962388624292
2008-09-02,dev,0.09473761397373737,0.04952113271391245,-0.3,0.00041914887130101164
2008-09-03,dev,0.09620353367495119,0.048447369875443735,-0.3,-0.01031719624525429
2008-09-04,dev,0.09664188445385923,0.04920318097181211,0.1,-0.03768505876399958
2008-09-05,dev,0.09743553524751003,0.0499968317654629,-0.2,-0.08267576806714444
2008-09-08,dev,0.09739010918234713,0.05161807236696666,0.2,-0.05176401242540585
2008-09-09,dev,0.09672908161342482,0.05381418765518721,0.2,-0.03376444595044126
2008-09-10,dev,0.09703453274124438,0.05483392449729248,-0.5,-0.17064449584464947
2008-09-11,dev,0.09777701394425188,0.05557640570029999,-0.9,-0.36871674988626973
2008-09-12,dev,0.09756711419487846,0.057271267855688465,-0.9,-0.32044605477973315
2008-09-15,dev,0.09695621193923937,0.05951750845719222,-0.7,-0.13504214761790434
2008-09-16,dev,0.0972240690820965,0.06097584179052556,-0.5,-0.1783514184749211
2008-09-17,dev,0.09735251519738472,0.06253285933438521,-0.5,-0.12750302255049223
2008-09-18,dev,0.09820464552319925,0.06338498966019974,-0.6,-0.1440901639309965
2008-09-19,dev,0.0988395661581199,0.06449610077131085,-0.7,-0.1564695907545816
2008-09-22,dev,0.09788718520573894,0.06640086267607276,-0.2,-0.027118384531030104
2008-09-23,dev,0.09888029297516249,0.06644158949311536,-0.6,-0.05935292420918897
2008-09-24,dev,0.09977419439537971,0.06638310996095162,-0.9,-0.06809592065237563
2008-09-25,dev,0.09995798721075147,0.06704309325251386,-1.0,-0.0764818769185911
2008-09-26,dev,0.09974965387741813,0.06802523610965672,-0.6,-0.08174754630924952
2008-09-29,dev,0.09752743165519592,0.07008872817314878,1.0,0.05677211031228652
2008-09-30,dev,0.09583430996207422,0.0722051302895509,1.0,0.05809223742284436
2008-10-01,dev,0.09520930996207422,0.07324679695621757,1.0,0.0825628832098575
2008-10-02,dev,0.09523437261871583,0.07374805008904965,0.7,0.10359463449681972
2008-10-03,dev,0.09588446598939743,0.07376322282481063,0.7,0.12450479177762885
2008-10-06,dev,0.0957356564655879,0.07480488949147729,0.6,0.09470252780589888
2008-10-07,dev,0.09577732313225458,0.07565607996766777,0.6,0.15545197406937294
2008-10-08,dev,0.09442631303124448,0.0768447524063402,0.0,0.05592885520741686
2008-10-09,dev,0.09341044001537147,0.0775431651047529,-0.3,0.008120933319938461
2008-10-10,dev,0.09141639239632383,0.0781681651047529,-0.2,0.049195282917092076
2008-10-13,dev,0.08945210668203811,0.08001340319999099,-0.6,-0.023324843321681443
2008-10-14,dev,0.08907115430108574,0.08039435558094336,-0.9,-0.031052320252216492
2008-10-15,dev,0.08999178922172066,0.07979118097776877,-0.7,-0.03752160853501679
2008-10-16,dev,0.09069050570991083,0.07922005619611767,-0.7,-0.09830608836320687
2008-10-17,dev,0.09083865385805899,0.07917772815378964,-0.7,-0.10885664102986842
2008-10-20,dev,0.09191276771412772,0.07834708010509646,-0.6,-0.13613232435711003
2008-10-21,dev,0.09268844427927797,0.07808379563128569,-0.6,-0.04701759614303985
2008-10-22,dev,0.09226035385118755,0.07856479611228616,-0.6,-0.11333081358099228
2008-10-23,dev,0.09215453374536745,0.07845897600646605,-0.7,-0.11635233196338113
2008-10-24,dev,0.09252428164452711,0.07793983501673683,-0.1,-0.0760926499152112
2008-10-27,dev,0.09431699873136183,0.07782779019880966,-0.3,-0.05466648085036857
2008-10-28,dev,0.09610971581819658,0.07771574538088248,-0.1,-0.06249703410976504
2008-10-29,dev,0.09791923962772038,0.0776205072856444,-0.6,-0.09493685321964235
2008-10-30,dev,0.09932913691997061,0.07728437283186287,-0.3,-0.0824704808093758
2008-10-31,dev,0.1011743750152087,0.07722484902233907,-0.1,-0.06067782250694137
2008-11-03,dev,0.10287863566683778,0.07702434776920625,-0.6,-0.1517578161243498
2008-11-04,dev,0.10458289631846686,0.07682384651607341,-0.5,-0.18160746786146376
2008-11-05,dev,0.105257994640624,0.07741236475165046,-0.5,-0.1518891951550838
2008-11-06,dev,0.10549722630842709,0.0781092340199483,-0.5,-0.185767868043005
2008-11-07,dev,0.1056992465104473,0.07917705508776939,-0.5,-0.18683235764442485
2008-11-10,dev,0.10505470586590665,0.08082688673760102,0.1,-0.05394610828487445
2008-11-11,dev,0.10460459067894937,0.08158889276276494,0.1,-0.0362478587334219
2008-11-12,dev,0.10380359829900962,0.08295240254732736,0.3,-0.01108693381909065
2008-11-13,dev,0.10407716732257864,0.08300952135444617,0.3,0.04810525403689275
2008-11-14,dev,0.10363645063186194,0.08378092587585069,0.3,0.04449999102317925
2008-11-17,dev,0.10324825494954862,0.08460485140565857,0.6,0.06953204374649863
2008-11-18,dev,0.10292379183096785,0.08539149939818892,0.2,0.029599181938550156
2008-11-19,dev,0.10284536045841883,0.08645592516849704,0.0,-0.05143548814300175
2008-11-20,dev,0.10256468253068209,0.08702180808732114,-0.7,-0.09675232530179856
2008-11-21,dev,0.10111556955215734,0.08893777447387577,-0.5,-0.016732612924070578
2008-11-24,dev,0.1003163165176102,0.09029725159805876,-0.6,-0.03962842449361237
2008-11-25,dev,0.09886720353908544,0.09221321798461339,-0.5,-0.02592346763329012
2008-11-26,dev,0.09786135558586907,0.0933026081266351,0.6,0.04773841071630047
2008-11-27,dev,0.09653432477354412,0.0945946249333578,0.7,0.04407824675138683
2008-11-28,dev,0.09500187846168605,0.09631614687546798,0.4,0.02886887618619305
2008-12-01,dev,0.09391269717513634,0.09721109257304525,0.7,0.06549715299170639
2008-12-02,dev,0.09355361658589041,0.09775236933936285,0.7,0.05650946001955298
2008-12-03,dev,0.09355361658589041,0.09775236933936285,0.7,0.09748936038097805
2008-12-04,dev,0.0931938507283444,0.09829467907660853,0.4,0.1013097882484904
2008-12-05,dev,0.0930281651352801,0.09902530118333565,0.7,0.0916846481652121
2008-12-08,dev,0.0928438341844735,0.09858513724030638,0.3,0.0383942096299148
2008-12-09,dev,0.09254536236021371,0.09768972176752701,0.4,0.06261389831058506
2008-12-10,dev,0.09230658490080587,0.0961376682813761,0.1,0.01096348371220418
2008-12-11,dev,0.09198821495492877,0.09526215093021405,-0.3,-0.0033356820952797905
2008-12-12,dev,0.09166260932846354,0.09541410022256448,0.3,0.005123872696132348
2008-12-15,dev,0.09190138678787138,0.09565287768197232,0.3,0.004718121656773155
2008-12-16,dev,0.09201353983698718,0.09584462321755739,-0.3,-0.016017542592038025
2008-12-17,dev,0.09153598491817153,0.0972772879740044,-0.7,-0.033026623841820146
2008-12-18,dev,0.09034209762113236,0.09799362035222789,0.0,-0.007450440719495577
2008-12-19,dev,0.08848976339057463,0.09836987574280992,0.1,0.0004841462225491644
2008-12-22,dev,0.08842464226528159,0.09830475461751687,0.3,-0.005526265484569304
2008-12-23,dev,0.08788679000823162,0.09914650545926772,0.1,0.015920199509861677
2008-12-24,dev,0.088284752440578,0.10002202281042977,0.1,0.02922970411131265
2008-12-25,dev,0.08929955664306129,0.1013949932020248,-0.6,-0.0737886257618473
2008-12-26,dev,0.09047354581848313,0.10244959364774271,-0.6,-0.0830405524586027
2008-12-29,dev,0.09093120261568148,0.10422052647168414,0.1,0.02652748772237401
2008-12-30,dev,0.09138885941287982,0.10599145929562556,-0.6,-0.09442590785240368
2008-12-31,dev,0.09123208633347063,0.10763878257618667,-0.6,-0.12351230657044493
2009-01-02,dev,0.09137679994523296,0.10905697597145743,-0.8,-0.13196933481411788
2009-01-05,dev,0.09086647164963584,0.11109360724287716,-0.6,-0.10467502690638109
2009-01-06,dev,0.09067544968210957,0.1126217829830873,-0.3,-0.02654791636750714
2009-01-07,dev,0.09081292761328377,0.11423533975423719,0.1,0.07525622560909528
2009-01-08,dev,0.09096616501580483,0.11563756694442999,-0.6,-0.1281612858839437
2009-01-09,dev,0.09071339857392664,0.1164460336554755,-0.3,-0.056494637017870664
2009-01-12,dev,0.09072497566286764,0.11804946047380203,0.2,0.057172783186669573
2009-01-13,dev,0.09000864328464414,0.11972090268965685,-0.3,-0.07009831818653323
2009-01-14,dev,0.09072497566286764,0.11995968014906469,0.1,0.08024684357450096
2009-01-15,dev,0.09116273433844865,0.12015866136523788,0.3,0.01721959472817458
2009-01-16,dev,0.09166603976759262,0.1204512808007867,-0.1,-0.01728983067843648
2009-01-19,dev,0.09341707446991672,0.1207696507466638,-0.1,-0.024920387159783064
2009-01-20,dev,0.09494922983445031,0.12051097516563865,0.2,0.08262529636404581
2009-01-21,dev,0.09586152856193529,0.11920794968639542,0.7,0.11213236024161816
2009-01-22,dev,0.09677382728942026,0.11790492420715216,0.9,0.10477349720871976
2009-01-23,dev,0.09763939557977365,0.11608424607916745,0.2,0.1051618568387015
2009-01-26,dev,0.09822848470660218,0.11470342116588136,-0.1,-0.010492437773446495
2009-01-27,dev,0.09896170033953128,0.11310192386237833,0.2,0.09520478876805571
2009-01-28,dev,0.09932196106776064,0.1117111498882836,0.5,0.11860870219935843
2009-01-29,dev,0.0995762522988643,0.11118059968103848,0.2,0.08046004637612819
2009-01-30,dev,0.09809222975421865,0.10990902667962632,0.2,0.06580555308088204
2009-02-02,dev,0.09748563040051253,0.10801934390033904,0.2,0.09903869036132923
2009-02-03,dev,0.09764916064102779,0.10594376777072244,0.7,0.10188370943896663
2009-02-04,dev,0.09838307724492526,0.10434073939905163,0.2,0.08043519900348939
2009-02-05,dev,0.09832612828837294,0.10363474463947378,0.2,0.1105634053844814
2009-02-06,dev,0.09899346649033718,0.10201046863846648,0.5,0.022162350774421635
2009-02-09,dev,0.09937225436912506,0.10055512573575516,0.7,0.1284273952980146
2009-02-10,dev,0.10035909647438822,0.09932904918073124,0.9,0.06073393880912353
2009-02-11,dev,0.10077473612447763,0.09756499717744478,0.9,0.052989145876835175
2009-02-12,dev,0.10137282224887954,0.09616946288717365,0.9,0.04086529499087782
2009-02-13,dev,0.10185129114840107,0.09441507692226137,0.9,0.03685635162454881
2009-02-16,dev,0.10244727872499806,0.09302164117979515,0.5,0.03773885128763366
2009-02-17,dev,0.10266451021898605,0.09131583977618464,-0.5,-0.01034113979371687
2009-02-18,dev,0.10323480648306221,0.09047972745681873,-0.1,-0.039783611150844445
2009-02-19,dev,0.10335176554738969,0.08969291193316109,0.0,-0.002976203233645891
2009-02-20,dev,0.1038145271345532,0.08822004933589658,0.0,-0.018780352700937475
2009-02-23,dev,0.10461197530042242,0.08662515300415814,-0.5,-0.07297148983532714
2009-02-24,dev,0.10528249312027291,0.08542300307372819,-0.1,-0.04376357930752989
2009-02-25,dev,0.10618906577199791,0.08451643042200319,-0.5,-0.04588486104140738
2009-02-26,dev,0.1075848417132284,0.0837373477290449,0.0,-0.039995428305075076
2009-02-27,dev,0.10831076119512874,0.08267118369637368,-0.1,-0.050996731841393694
2009-03-02,dev,0.10914204049530757,0.08237153650677434,-0.1,-0.06793641726742439
2009-03-03,dev,0.10955810502620464,0.08231534601996185,0.0,-0.05505962998369107
2009-03-04,dev,0.10942278048896621,0.08191903844662078,-0.5,-0.04791197106968237
2009-03-05,dev,0.11013899758083705,0.08144479327206243,-0.5,-0.10877944335577455
2009-03-06,dev,0.11098891257837207,0.08136700454878444,-0.8,-0.21165547672714685
2009-03-09,dev,0.11206751136470725,0.08069167436056025,-0.8,-0.19184125437485477
2009-03-10,dev,0.11317342801880667,0.07988737133939704,-0.1,-0.06407020223643234
2009-03-11,dev,0.1142483947772388,0.07968885831432072,-0.5,-0.07642172457527235
2009-03-12,dev,0.1152596875464955,0.07878993140831476,-0.5,-0.0823260535121152
2009-03-13,dev,0.11605305864156894,0.07848347905399455,0.0,-0.07721841544480346
2009-03-16,dev,0.11670655484626405,0.07818186542105834,0.0,-0.07556086737752366
2009-03-17,dev,0.11612008389333255,0.07695865457637262,0.0,-0.03377015189386734
2009-03-18,dev,0.11483035556394201,0.07723183325401517,-0.1,-0.02822842291297667
2009-03-19,dev,0.11522235173334733,0.07597409424933001,0.3,-0.09239662994613085
2009-03-20,dev,0.11511240674123535,0.07542450064794705,-0.6,-0.12955379014037205
2009-03-23,dev,0.11442492055171978,0.07529482423111769,0.4,-0.0025789851194781277
2009-03-24,dev,0.11458380202613985,0.07354712801249678,0.4,-0.04549253653808588
2009-03-25,dev,0.11368102380198797,0.07363581328740552,-0.2,-0.04339630052368154
2009-03-26,dev,0.11344292856389274,0.07244533709692932,0.0,-0.03833262464246756
2009-03-27,dev,0.1136016587226229,0.07069930535089758,-0.8,-0.06889217572771811
2009-03-30,dev,0.11336356348452765,0.06950882916042138,-0.8,-0.09286788073965696
2009-03-31,dev,0.11297140662178255,0.06892619610720009,-0.8,-0.09695492162717417
2009-04-01,dev,0.11147747571608695,0.06901956678880607,-0.8,-0.09288991054265394
2009-04-02,dev,0.11043172408210002,0.06860873578973978,-0.8,-0.058285813026230315
2009-04-03,dev,0.11059307322747072,0.06777692670032273,-0.8,-0.04440581753081885
2009-04-06,dev,0.10788372597946509,0.06888073483839909,-0.8,-0.04588991909212803
2009-04-07,dev,0.10666523647639378,0.06929645478650577,-0.6,-0.07286423871987613
2009-04-08,dev,0.10546187649394194,0.06971598570725064,0.1,-0.03671975884288248
2009-04-09,dev,0.10426080644485347,0.07013471828180952,0.3,0.020057270094565816
2009-04-10,dev,0.10481166026827979,0.06859232757621585,-0.1,0.007863599484697281
2009-04-13,dev,0.10495600164447172,0.06778519416648959,-0.7,-0.025088172299997713
2009-04-14,dev,0.10564993438307368,0.06644025236383834,-0.3,-0.01751078910050674
2009-04-15,dev,0.10592973482567533,0.06580675402508945,0.6,0.020102244829526272
2009-04-16,dev,0.105894296896251,0.06600895868121646,0.1,-0.002059040051782479
2009-04-17,dev,0.10590545811365583,0.06510833009635635,-0.2,-0.014068112564509905
2009-04-20,dev,0.10585755821195476,0.06482301329057172,-0.5,-0.008033229448079382
2009-04-21,dev,0.10585964081637654,0.06458767899090993,-0.1,-0.00048247141348112255
2009-04-22,dev,0.10522861167657548,0.06466890056335958,0.3,0.010226003543969409
2009-04-23,dev,0.10466113352625132,0.06479208977036943,0.4,-0.0027671266317272902
2009-04-24,dev,0.10395807397227609,0.06438561116182415,0.4,-0.00442764014467123
2009-04-27,dev,0.10334610739347141,0.06404812085108624,0.4,0.006286492536485722
2009-04-28,dev,0.1027352998422781,0.06371126972654292,0.4,-0.0035467319645843265
2009-04-29,dev,0.1021256480291192,0.06337505597404225,-0.1,-0.006264115162485928
2009-04-30,dev,0.10151714867685477,0.0630394777862911,-0.2,-0.023820309089547242
2009-05-01,dev,0.10090979852072302,0.06270453336282278,-0.2,-0.033698582354051876
2009-05-04,dev,0.10050013518878521,0.06214223348858113,-0.2,-0.0182273154817556
2009-05-05,dev,0.1014990253108718,0.0612543311578375,0.0,-0.01838678213579714
2009-05-06,dev,0.10333616533073275,0.060261282498453195,0.8,0.02954351576451697
2009-05-07,dev,0.10447696582542206,0.05924349821415941,0.2,0.00914964672240215
2009-05-08,dev,0.1046476224354869,0.05851512795756819,0.5,0.01790169619459614
2009-05-11,dev,0.10638218483017418,0.055541592423818564,0.7,0.03441755176241512
2009-05-12,dev,0.1070015388892092,0.05390676626257166,0.6,0.036770440338163346
2009-05-13,dev,0.10681909669070992,0.05358980698040274,-0.2,0.011281483577932239
2009-05-14,dev,0.10781628234445222,0.05330296592638953,0.5,0.01170783580531265
2009-05-15,dev,0.10760114085506033,0.05350092763646467,-0.2,-0.0037629508510168552
2009-05-18,dev,0.10704209242926409,0.053617277816452716,0.3,0.01936847186870483
2009-05-19,dev,0.10707575319094442,0.052761300246002237,0.9,0.03317454706610168
2009-05-20,dev,0.10754442886737632,0.053021120450420775,0.8,0.06025858300946696
2009-05-21,dev,0.10798472857558264,0.05389519690819332,0.8,0.0927760414821765
2009-05-22,dev,0.10718838404160455,0.055412328371901756,0.9,0.10714366490044436
2009-05-25,dev,0.1068959720363166,0.05555369311618003,0.8,0.12928526536216295
2009-05-26,dev,0.10732802744957502,0.05500975084291445,0.8,0.14878156383133462
2009-05-27,dev,0.10668932108273253,0.055238597975204404,0.6,0.08824473708577102
2009-05-28,dev,0.10568532903204479,0.05553593617321534,0.2,-0.013651925856075886
2009-05-29,dev,0.10542429344372038,0.055323098001509405,0.3,0.026758653549851352
2009-06-01,dev,0.10437083562334529,0.05557097042983296,0.5,0.07865625444740765
2009-06-02,dev,0.10337811945793174,0.05575306629449461,0.8,0.1374576994716203
2009-06-03,dev,0.10303635595827351,0.05609482979415285,0.8,0.10868197009533681
2009-06-04,dev,0.10200252137180733,0.05647076964377691,0.8,0.15886147753534552
2009-06-05,dev,0.10134462663496523,0.056752724530994954,0.9,0.1661076343210196
2009-06-08,dev,0.101002863135307,0.057094488030653194,0.8,0.17306876928502918
2009-06-09,dev,0.10086859890329841,0.0569602237986446,0.9,0.16417635933754143
2009-06-10,dev,0.09994773614033038,0.05621024278550569,0.8,0.16325216693715017
2009-06-11,dev,0.09954901205739577,0.0559824004524002,0.8,0.1883960387362874
2009-06-12,dev,0.09909807410645782,0.05476249462723122,-0.3,-0.030018169159729047
2009-06-15,dev,0.09880127948833356,0.05535608386347973,0.8,0.1338632375711874
2009-06-16,dev,0.09880727533920476,0.055960165838752844,0.8,0.15861617512458104
2009-06-17,dev,0.09950504248434033,0.05541904029762731,0.8,0.13416518968179936
2009-06-18,dev,0.10009029682899317,0.05528133339300311,0.9,0.1182426843694625
2009-06-19,dev,0.100675551173646,0.055143626488378915,0.9,0.11455207227096476
2009-06-22,dev,0.10078797337748095,0.05542693044204297,0.8,0.09958096885237966
2009-06-23,dev,0.10166757623076801,0.054860610796775955,0.8,0.08427494530844393
2009-06-24,dev,0.10241291485204648,0.05416002691950036,0.8,0.10274887060672788
2009-06-25,dev,0.10262484172806005,0.053321533627446696,0.8,0.11637638373122583
2009-06-26,dev,0.10405934904899397,0.05282687593057293,0.8,0.12311797809448533
2009-06-29,dev,0.1055520513930895,0.05321387283459769,0.8,0.1296085694278638
2009-06-30,dev,0.10734630976629525,0.053299313709512255,0.9,0.13477011692127638
2009-07-01,dev,0.10867064332747091,0.05385467939645689,1.0,0.07183591904417441
2009-07-02,dev,0.10999497688864658,0.05441004508340152,0.2,0.04368653950132617
2009-07-03,dev,0.1107924250545158,0.055805579373672656,0.6,0.05052529324067667
2009-07-06,dev,0.11111520169308191,0.057623571323243555,0.3,0.04025334846061246
2009-07-07,dev,0.1119963107156383,0.0588571239548225,-0.1,0.0374026509764408
2009-07-08,dev,0.11310229537425454,0.060048549488353295,-0.1,0.014361083118599294
2009-07-09,dev,0.11373835522084069,0.06170989983391417,-0.6,-0.05102658741545307
2009-07-10,dev,0.11357346932188277,0.06359784337698236,-1.0,-0.09744508707869615
2009-07-13,dev,0.1138962459604489,0.06541583532655326,-0.4,-0.01673922348311896
2009-07-14,dev,0.11443737150157443,0.06659776742953799,-0.4,-0.028132081115282648
2009-07-15,dev,0.11514225871961956,0.06777257945961318,-0.9,-0.07142348784836683
2009-07-16,dev,0.1160821083436797,0.06871242908367332,-0.9,-0.06449738107086489
2009-07-17,dev,0.11670867475971979,0.06980892031174352,-0.9,-0.08673985030816639
2009-07-20,dev,0.11710027876974485,0.07114037394582873,-0.9,-0.13158136201463222
2009-07-21,dev,0.11749188277976992,0.07247182757991392,-0.9,-0.11327351202240143
2009-07-22,dev,0.11788348678979498,0.07380328121399915,-0.9,-0.17702327236455218
2009-07-23,dev,0.11821813021654368,0.07492113266079796,-0.9,-0.14058771672616482
2009-07-24,dev,0.11859015402606747,0.07490155246029671,-0.9,-0.14838584747881806
2009-07-27,dev,0.11916972796090458,0.07450994845027165,-0.9,-0.14935420382648507
2009-07-28,dev,0.12061660172426034,0.07494277393503619,-0.9,-0.18960882042746963
2009-07-29,dev,0.1213410691428067,0.07433578771949734,-0.9,-0.13629693056861913
2009-07-30,dev,0.12135151191640738,0.07415826056828598,-0.9,-0.15029113588592147
2009-07-31,dev,0.12201723873344997,0.0743540625732985,-0.9,-0.195386187828
2009-08-03,dev,0.12318514010452472,0.07317233988422289,-0.9,-0.24750054460982107
2009-08-04,dev,0.1250339232465904,0.0707917997180179,-1.0,-0.22751644120284786
2009-08-05,dev,0.1261649677696628,0.06925993697291986,-0.8,-0.12253842346712068
2009-08-06,dev,0.12633899269645626,0.0693804294154266,-0.9,-0.18079713939527364
2009-08-07,dev,0.12677182916164437,0.06913188619139846,-0.3,-0.0210671032177302
2009-08-10,dev,0.12741803868123375,0.0672671101491548,-0.7,-0.08612674502625034
2009-08-11,dev,0.12824402077394198,0.0652682334848009,-0.7,-0.147431245283571
2009-08-12,dev,0.12745107796494207,0.06447529067580099,-0.3,-0.011251832185126431
2009-08-13,dev,0.12641714273359908,0.06406910183491625,-0.3,-0.008641077778144601
2009-08-14,dev,0.12656581951028656,0.06233453944022896,-0.3,-0.01298741398354697
2009-08-17,dev,0.1257419023728101,0.06198143209559619,0.3,0.0035911468039816485
2009-08-18,dev,0.12491798523533364,0.06162832475096342,0.1,0.0014292172684762239
2009-08-19,dev,0.12460411204010449,0.06037283197004691,0.6,0.003279535417254009
2009-08-20,dev,0.12395674857494442,0.05925465871204315,-0.1,-0.0014571120166524398
2009-08-21,dev,0.12369191806646984,0.05781280372145935,-0.3,-0.0026005250012923198
2009-08-24,dev,0.12342708755799527,0.05637094873087554,-0.1,-0.0014877473374591
2009-08-25,dev,0.12311321436276616,0.055115455949959036,-0.1,-0.00017110958852900593
2009-08-26,dev,0.12279934116753702,0.05385996316904252,-0.3,-0.017098919905752852
2009-08-27,dev,0.12248546797230789,0.05260447038812601,-0.3,-0.014262057442495868
2009-08-28,dev,0.1225900923707176,0.05129666540800465,-0.2,0.0034463574083223314
2009-08-31,dev,0.12202512061930518,0.050355045822317264,-0.2,-0.0013644978369947713
2009-09-01,dev,0.12163124053117451,0.049490355941342906,0.3,0.015130767616812424
2009-09-02,dev,0.12076808924429439,0.048627204654462804,0.5,0.0151559099924643
2009-09-03,dev,0.11944982182433206,0.048156394861619115,0.9,0.039226683430400144
2009-09-04,dev,0.11831987832150721,0.04718338795640882,0.9,0.03697983217523848
2009-09-07,dev,0.11727125651017353,0.04634877059636773,1.0,0.05717000157885671
2009-09-08,dev,0.11606284470854139,0.04579949250471676,0.6,0.08223671396858434
2009-09-09,dev,0.11529581708770022,0.044483186792224606,0.5,0.08152651419128748
2009-09-10,dev,0.11422864822392118,0.04329046865035392,0.5,0.06919436305783794
2009-09-11,dev,0.11284368274997265,0.04253324956686365,0.6,0.05185540034021335
2009-09-14,dev,0.11249057540533988,0.04229784467044181,0.6,0.06665312239531362
2009-09-15,dev,0.1118981397493449,0.042019282209675955,0.7,0.06976739096751522
2009-09-16,dev,0.11280837201550938,0.04330616231011537,0.7,0.04082932892931368
2009-09-17,dev,0.11215512342793876,0.04278238641557677,0.7,0.05480808082245098
2009-09-18,dev,0.11103695016993498,0.042017320502205774,0.5,0.0055931591244468
2009-09-21,dev,0.11024245864451125,0.041634787545520274,-0.1,0.004621943574107057
2009-09-22,dev,0.10921256222266568,0.04148765948525662,-0.8,-0.04608305814192637
2009-09-23,dev,0.10833371727602413,0.04079713845575254,-0.8,-0.06092100022430902
2009-09-24,dev,0.10745487232938257,0.04010661742624846,-0.8,-0.043867159024198465
2009-09-25,dev,0.10699064506484854,0.03976741536915727,-0.9,-0.07326806438855127
2009-09-28,dev,0.10633458622283859,0.04010930518823288,-0.8,-0.13236966980005704
2009-09-29,dev,0.10578363539953095,0.03983556232633788,-0.7,-0.06999053073496109
2009-09-30,dev,0.10586610476805121,0.03928183942341611,-0.9,-0.12067391393478732
2009-10-01,dev,0.10616063822705214,0.03910511934801554,-0.6,-0.03144611021397248
2009-10-02,dev,0.10653764105457336,0.038728116520494335,-0.6,-0.06107475710220611
2009-10-05,dev,0.10691464388209455,0.03835111369297313,-0.9,-0.12121842615680001
2009-10-06,dev,0.10666330866374708,0.037659941842517586,-0.7,-0.11405970877658383
2009-10-07,dev,0.1061998060098456,0.0364151504342136,-0.8,-0.15565414971917024
2009-10-08,dev,0.1061998060098456,0.03484430531954191,-0.6,-0.1274580136140555
2009-10-09,dev,0.10700279722964817,0.03415912748333972,-0.6,-0.07196864933516661
2009-10-12,dev,0.10737587294438271,0.032961358083402545,-0.5,-0.07415183762373012
2009-10-13,dev,0.10865872978803125,0.03235920078944507,-0.6,-0.061804235304989574
2009-10-14,dev,0.10952269460110069,0.031809404999309975,-0.5,-0.04949203737538632
2009-10-15,dev,0.10975832136830144,0.031573778232109224,-0.5,-0.05025881433952112
2009-10-16,dev,0.11034045808726801,0.031934148581945675,-0.5,-0.044471977479509484
2009-10-19,dev,0.1104288181249683,0.031610161777044635,-0.5,-0.039827377362514405
2009-10-20,dev,0.10987323501072652,0.031054578662802854,0.1,-0.022122667793107342
2009-10-21,dev,0.11035937023568806,0.02965569975015838,-0.5,-0.027333688825966207
2009-10-22,dev,0.10996544313262799,0.02920633105481577,-0.6,-0.047848804636749565
2009-10-23,dev,0.11047022135455487,0.02768109405162847,0.1,-0.015783371205607022
2009-10-26,dev,0.1091345829950212,0.028230469829700813,0.0,-0.00653919006364756
2009-10-27,dev,0.10773006265719708,0.02827112699737467,0.2,0.014303409648801169
2009-10-28,dev,0.10686816474559432,0.02788048262017342,0.2,0.020932495143304752
2009-10-29,dev,0.10626979677099242,0.027164301261971127,0.2,0.015495299374499782
2009-10-30,dev,0.10621709078359225,0.026051274822167566,0.9,0.059190152453063805
2009-11-02,dev,0.10668608951639375,0.025235036642964954,0.9,0.0489030075028708
2009-11-03,dev,0.10668608951639375,0.025124153458399894,0.9,0.04546036632101569
2009-11-04,dev,0.10683779233483716,0.025130855189335145,0.8,0.04409225151539253
2009-11-05,dev,0.10713091654283809,0.025423979397336084,0.1,0.03896197554986691
2009-11-06,dev,0.10764005569972762,0.024773109854160372,0.2,0.005738433539173804
2009-11-09,dev,0.10821548106804948,0.02393477461927769,0.1,-0.012317396298155425
2009-11-10,dev,0.10782354203828119,0.023273547855565686,-0.4,-0.017597544200179505
2009-11-11,dev,0.1073134793892819,0.022292231672164896,0.1,0.00845951579652704
2009-11-12,dev,0.10715454682473866,0.022290383619088812,0.3,0.003257510649131823
2009-11-13,dev,0.10733716097629968,0.022607641637621693,-0.2,-0.0016903388727060875
2009-11-16,dev,0.10665520875905304,0.024020149573270658,-0.6,-0.01390336755616578
2009-11-17,dev,0.10650639185345256,0.025756346805276217,-0.9,-0.011868155731499352
2009-11-18,dev,0.10567562273060546,0.027020037835324705,-0.6,-0.014724875585845232
2009-11-19,dev,0.10500136336587652,0.02844023862349134,-0.6,-0.043257228506778544
2009-11-20,dev,0.10472277010152006,0.029837213481451366,-0.7,-0.06881629578958015
2009-11-23,dev,0.10535937575325544,0.03047381913318674,-0.7,-0.08387727810982465
2009-11-24,dev,0.10625778892410276,0.0311627862887445,-0.9,-0.09291316410287287
2009-11-25,dev,0.10715620209495008,0.03185175344430226,-0.9,-0.10601765666506302
2009-11-26,dev,0.1069970279688133,0.0333083057218278,-0.2,-0.01713946719502435
2009-11-27,dev,0.10824194372279376,0.033610714407005235,-0.2,-0.026383234831794777
2009-11-30,dev,0.10849504829964952,0.03420042865129064,-0.7,-0.04956637253809737
2009-12-01,dev,0.10840936583884925,0.03505725325929338,-0.5,-0.05696923968311973
2009-12-02,dev,0.1097927021067284,0.03529611665791173,-0.7,-0.06515777209533474
2009-12-03,dev,0.11023870991607267,0.03621337800165752,-1.0,-0.08038435493378959
2009-12-04,dev,0.11049343280863723,0.03737694699628212,-1.0,-0.0608889512322866
2009-12-07,dev,0.11053212641991775,0.03843668993209924,-0.9,-0.051746230794618264
2009-12-08,dev,0.11153931534638371,0.03771594923242634,-0.9,-0.07069292317180875
2009-12-09,dev,0.11270554884060967,0.037125692280246675,-0.7,-0.04047965848169255
2009-12-10,dev,0.11356657910786047,0.03750200462639879,-0.5,-0.026967984972119385
2009-12-11,dev,0.11381308095662435,0.03793700788892326,-0.7,-0.051249026948870235
2009-12-14,dev,0.11383478342202442,0.03748745681992183,-0.7,-0.043264948906829026
2009-12-15,dev,0.11350097883515668,0.03715365223305409,-0.7,-0.035074495239659775
2009-12-16,dev,0.11499732464421641,0.035687832968732916,-0.7,-0.05849244555883221
2009-12-17,dev,0.11426141686926901,0.03670229546441968,-0.9,-0.04066641589834563
2009-12-18,dev,0.11428594712843392,0.036322894122669015,-0.7,-0.007415051754996349
2009-12-21,dev,0.11439333515188921,0.03629563827915245,0.5,0.010109753334475835
2009-12-22,dev,0.11440734786202654,0.03617500712231793,-0.8,-0.03341878668529752
2009-12-23,dev,0.11441552461508152,0.03604854000840104,-0.7,-0.004982158075180876
2009-12-24,dev,0.11524410225798527,0.0348574596467269,-0.6,-0.0029533012030090733
2009-12-25,dev,0.11525445947852157,0.03325209046360088,-0.7,-0.016778841945596035
2009-12-28,dev,0.1148729685221013,0.03161392341544326,-0.3,-0.004450971554793015
2009-12-29,dev,0.1146261214326529,0.030110400234257494,-0.1,0.002578075571228411
2009-12-30,dev,0.11424463047623264,0.02847223318609987,-0.6,-0.04143538161581828
2009-12-31,dev,0.11280842922853279,0.027709251273259336,-0.9,-0.07473420842507889
2010-01-01,dev,0.11234546147056032,0.026613457340519127,-0.7,-0.04575026788926062
2010-01-04,dev,0.11162287271781134,0.02516827983502117,-0.6,-0.05100897679641647
2010-01-05,dev,0.11096311776964922,0.024414274179978757,-0.1,0.018745810749608238
2010-01-06,dev,0.11069607410015504,0.02311047273480125,-0.5,-0.03400663384522118
2010-01-07,dev,0.10982818217429893,0.021457158251609293,-0.3,-0.001958755156465597
2010-01-08,dev,0.10910166630876328,0.020259388851672125,0.7,0.014829843211517535
2010-01-11,dev,0.10837515044322762,0.01906161945173496,0.7,0.01356087035182224
2010-01-12,dev,0.10773213966826585,0.01788003320888576,0.7,0.043638976156318676
2010-01-13,dev,0.10760739608563016,0.01618444451157837,-0.5,-0.007848634009818778
2010-01-14,dev,0.10688385530553896,0.014604079123484427,0.7,0.012116455779212332
2010-01-15,dev,0.10547009470233443,0.012719064985878391,0.6,0.017108955798463943
2010-01-18,dev,0.10685559199381664,0.012112445063754229,0.6,0.036066604201373365
2010-01-19,dev,0.1064120592555564,0.011613470733211456,0.6,0.030226751155939924
2010-01-20,dev,0.10625117709655925,0.011181919877532418,0.6,0.018593964944592645
2010-01-21,dev,0.10567192796052408,0.012173515856168925,0.6,0.03827506177462231
2010-01-22,dev,0.1045460980882286,0.01269034116093014,0.6,0.05552480280916616
2010-01-25,dev,0.10326978643255785,0.012906332364197498,0.7,0.03708689344941152
2010-01-26,dev,0.10332804579807452,0.012123067561140045,0.7,0.012626476745947857
2010-01-27,dev,0.10251364119379938,0.01171259455778049,-0.9,-0.02164985632382488
2010-01-28,dev,0.10103704678600799,0.011555510046313321,0.1,0.0013643366009036262
2010-01-29,dev,0.10037286771078495,0.010291553745488362,0.6,0.013625119314524592
2010-02-01,dev,0.09996950875789477,0.008688640341394343,0.1,-0.00757017281918948
2010-02-02,dev,0.10020254621996144,0.006969341732369062,-0.6,-0.025677540141152866
2010-02-03,dev,0.099779626381396,0.005603914825000589,1.0,0.02851685910064672
2010-02-04,dev,0.09806121702867937,0.0060846886328243515,0.9,0.07043894546451845
2010-02-05,dev,0.09774984808616335,0.005982765705597881,0.8,0.03788701788379223
2010-02-08,dev,0.09846386859283231,0.004497603051726462,0.9,0.042627777448443815
2010-02-09,dev,0.09866939449553623,0.0035511758703378115,0.6,0.04891781127817196
2010-02-10,dev,0.09733655621642086,0.0027419526294463334,1.0,0.06797426358812164
2010-02-11,dev,0.09804105644966755,0.001351992709797441,0.9,0.06871177194008804
2010-02-12,dev,0.09860702270421838,0.00019002933820940897,1.0,0.09136716689848379
2010-02-16,dev,0.09911754736648669,-0.0010273756256611534,1.0,0.07684849007771755
2010-02-17,dev,0.09990296992382253,-0.0022055094616649238,0.7,0.056962362324888716
2010-02-18,dev,0.10078657030082536,-0.0036781767566696363,0.9,0.051846017989405135
2010-02-19,dev,0.10227024214264988,-0.005089348054740087,0.7,0.03618839498897064
2010-02-22,dev,0.10390784817469513,-0.005808009694702386,0.9,0.05565797585752169
2010-02-23,dev,0.10533536609608675,-0.00684080243343292,0.6,0.05801879696145629
2010-02-24,dev,0.1065874220551339,-0.007316676100524638,0.7,0.05394422383412856
2010-02-25,dev,0.10672025086997745,-0.008440523377418432,0.9,0.08137478168866302
2010-02-26,dev,0.10791802026991464,-0.009599021649488806,0.7,0.06305709883102922
2010-03-01,dev,0.10893444946176102,-0.00983926854937977,0.7,0.043596902802997994
2010-03-02,dev,0.1099301642125348,-0.010638805358230767,0.7,0.035558453027166426
2010-03-03,dev,0.1100938082970083,-0.011498454662743407,0.7,0.04482596182727172
2010-03-04,dev,0.11174319566741357,-0.01220533496434567,0.5,0.006326180889572375
2010-03-05,dev,0.1134110635685797,-0.013207903758121427,-0.7,-0.009912591105406987
2010-03-08,dev,0.1149426375553846,-0.014032597443324066,0.5,0.006679155883281607
2010-03-09,dev,0.11661050545655072,-0.015035166237099823,0.5,0.012331564286344188
2010-03-10,dev,0.11650070272071593,-0.014079389244409522,-0.7,-0.0012929007339762544
2010-03-11,dev,0.11733184034750735,-0.014066144287453352,0.6,0.008112312100604702
2010-03-12,dev,0.11792645327951157,-0.013817961821017775,-0.7,-0.0071851006975584
2010-03-15,dev,0.11875469135154959,-0.01380498720897926,-0.9,-0.011835532432107443
2010-03-16,dev,0.11958137550600405,-0.01379203693955245,-0.6,-0.022660050012204835
2010-03-17,dev,0.11970360476982222,-0.013076205602214539,0.3,0.004452464718794458
2010-03-18,dev,0.12029376993389543,-0.012829879567006472,0.7,0.006709350101237965
2010-03-19,dev,0.12041510410608074,-0.012116287537477,1.0,0.016568721504895634
2010-03-22,dev,0.12079734397580018,-0.011610186554071991,0.9,0.06574874094440586
2010-03-23,dev,0.12048581749604939,-0.010987133594570432,0.9,0.05917482133719265
2010-03-24,dev,0.11993244809122894,-0.01013863384051239,0.7,0.04850734522285666
2010-03-25,dev,0.11975377849254834,-0.009850013719566817,0.9,0.05120247136977729
2010-03-26,dev,0.11928648877292218,-0.009382723999940648,0.7,0.07541640986866743
2010-03-29,dev,0.11928648877292218,-0.009382723999940648,0.7,0.0937064951491074
2010-03-30,dev,0.11952013363273527,-0.009616368859753732,0.7,0.09066350364040543
2010-03-31,dev,0.12080518036170722,-0.009733191289660274,0.7,0.09534336443482072
2010-04-01,dev,0.12179817101591284,-0.009674780074707004,0.9,0.1281034003082776
2010-04-02,dev,0.12150611494114648,-0.00949954642984719,0.7,0.11106157385313248
2010-04-05,dev,0.12249910559535208,-0.009441135214893918,0.7,0.11570161935453854
2010-04-06,dev,0.12337527381965115,-0.009032256710221022,0.7,0.0986929024608168
2010-04-07,dev,0.12401779718413714,-0.009791602504613545,0.6,0.08514408565853376
2010-04-08,dev,0.12600377849254835,-0.011076649233585508,0.7,0.07966173546539335
2010-04-09,dev,0.12664630185703432,-0.011835995027978033,0.6,0.07980248813511148
2010-04-12,dev,0.12664630185703432,-0.011835995027978033,0.6,0.11020284563435973
2010-04-13,dev,0.12647106821217452,-0.01107664923358551,0.6,0.13311474187907296
2010-04-14,dev,0.12699676914675395,-0.010083658579379902,0.6,0.13481763418866644
2010-04-15,dev,0.12740564765142684,-0.008740200635454668,0.6,0.10034496536392007
2010-04-16,dev,0.1276227721676168,-0.00937269379131231,0.6,0.09142842394602912
2010-04-19,dev,0.12831523833561895,-0.0104927453236783,0.6,0.09265931467744903
2010-04-20,dev,0.1287339388092947,-0.011546715481551702,0.5,0.05580222411063962
2010-04-21,dev,0.1290821154631338,-0.012444644746715711,0.5,0.0678565974528294
2010-04-22,dev,0.1294756225954506,-0.012985717053651275,0.6,0.02916332266349536
2010-04-23,dev,0.12921277212816087,-0.013014922661127911,0.5,0.020348194991150204
2010-04-26,dev,0.12880332096451785,-0.012567676005456297,-0.7,-0.02125339443204144
2010-04-27,dev,0.12920647287948941,-0.013410630009487815,-0.2,-0.0019238487019559436
2010-04-28,dev,0.12960962479446103,-0.014253584013519335,-0.7,-0.014016081040366446
2010-04-29,dev,0.12956043640292142,-0.014302772405058931,-0.7,-0.019116699245199487
2010-04-30,dev,0.12874618049684372,-0.01431615198635459,-0.4,0.045664999409363194
2010-05-03,dev,0.12796711857434498,-0.013980727953001135,0.2,0.06125490347352891
2010-05-04,dev,0.1272233495875815,-0.013295519601302274,0.9,0.07564012925685526
2010-05-05,dev,0.12628614246480738,-0.01235831247852814,0.9,0.09076764111290164
2010-05-06,dev,0.12554009885787848,-0.011670939376523302,0.9,0.06340979274061143
2010-05-07,dev,0.12479265423009155,-0.010982275433012351,0.7,0.03410314164529715
2010-05-10,dev,0.12446474863206877,-0.010497939423575629,0.1,0.03752809114797939
2010-05-11,dev,0.12426494571921388,-0.01007117592039042,0.0,0.010283264118878144
2010-05-12,dev,0.12371154742083636,-0.009214799782677719,0.1,-0.040514632900095604
2010-05-13,dev,0.12474838875016589,-0.009431091285428402,0.1,0.011672532236917166
2010-05-14,dev,0.1257852300794954,-0.009647382788179086,0.7,0.021937351888278833
2010-05-17,dev,0.1253094128478031,-0.00836913850798774,-0.6,-0.03451907046134162
2010-05-18,dev,0.1253094128478031,-0.00836913850798774,1.0,0.01321558111737603
2010-05-19,dev,0.1253094128478031,-0.00836913850798774,1.0,0.021547487739045634
2010-05-20,dev,0.1253094128478031,-0.00836913850798774,1.0,0.04489390361700407
2010-05-21,dev,0.1253094128478031,-0.00836913850798774,1.0,0.07956326703628286
2010-05-24,dev,0.1253094128478031,-0.00836913850798774,0.9,0.06493733359331905
2010-05-25,dev,0.1253094128478031,-0.00836913850798774,1.0,0.038273228226027134
2010-05-26,dev,0.1253094128478031,-0.00836913850798774,0.7,0.03890383900874511
2010-05-27,dev,0.1253094128478031,-0.00836913850798774,0.9,0.03020357016033154
2010-05-28,dev,0.12632935354605654,-0.010043108945678095,0.8,0.0440619760554426
2010-05-31,dev,0.1261064047529512,-0.009668524910152682,0.7,0.018981757400532262
2010-06-01,dev,0.12699013852815144,-0.00878479113495246,0.8,0.036679640226478294
2010-06-02,dev,0.12775391557511212,-0.008831731789996375,0.1,0.03449583042856197
2010-06-03,dev,0.1286426289156868,-0.007943018449421673,0.1,0.021465137897124675
2010-06-04,dev,0.12876342011654662,-0.0070115095465572794,0.8,0.031280004303642917
2010-06-07,dev,0.12888443836853586,-0.006078249687108555,0.8,0.023181363314369985
2010-06-08,dev,0.12938939820731343,-0.0068550150238655735,-0.2,0.0015278819200518767
2010-06-09,dev,0.13109481942949477,-0.008774129999403569,0.5,0.04815374387640586
2010-06-10,dev,0.13292161907400946,-0.009761589266708793,0.6,0.03440603357470634
2010-06-11,dev,0.1330464281060038,-0.008831787942076594,0.6,0.012728806714532859
2010-06-14,dev,0.1330464281060038,-0.008831787942076594,0.7,0.0013309432320082748
2010-06-15,dev,0.1330464281060038,-0.008831787942076594,0.9,0.01519974014360126
2010-06-16,dev,0.13317147174144178,-0.007900238870593584,0.7,0.009124311854329714
2010-06-17,dev,0.13384551200962128,-0.007358909524908976,0.6,0.015191218023708652
2010-06-18,dev,0.13394211795313316,-0.006630198516928664,-0.8,-0.030564765292092566
2010-06-21,dev,0.13391127483464724,-0.006008109480029759,-0.4,-0.007894318035105596
2010-06-22,dev,0.13472943012537178,-0.005007488199665008,-0.4,-0.013856962211010015
2010-06-23,dev,0.13517141573770294,-0.005326979060413825,-0.9,-0.02748322598988784
2010-06-24,dev,0.13490998540675334,-0.004942822418805188,-0.1,-0.019488969710916404
2010-06-25,dev,0.13518700028116098,-0.004150804972505197,-0.3,-0.03252768015053792
2010-06-28,dev,0.13531501827385148,-0.003207765962062494,-0.3,-0.035928124656166405
2010-06-29,dev,0.13544327895467975,-0.002262939199941226,-0.3,-0.06957932306759979
2010-06-30,dev,0.135729910781645,-0.0014744473649000575,-0.8,-0.10559229808116533
2010-07-01,dev,0.13600875660085082,-0.0006761275018487808,-0.9,-0.10750653512255026
2010-07-02,dev,0.13628813254518823,0.0001237100795733155,-0.8,-0.09060136023562948
2010-07-05,dev,0.13679093463395162,0.00038501694351350773,-0.9,-0.10666119309661276
2010-07-06,dev,0.13731336857730048,-6.773236428244189e-06,-0.8,-0.06389827526401853
2010-07-07,dev,0.13833797617365634,0.000529445282888793,-0.9,-0.07328932146246325
2010-07-08,dev,0.13993170984895373,0.0004409045231500468,-0.9,-0.06987966529667355
2010-07-09,dev,0.140797748472547,-0.00020444545036572308,-0.9,-0.06813417508908554
2010-07-12,dev,0.14168625986956998,-3.564962935819888e-06,-0.9,-0.05888307311836183
2010-07-13,dev,0.14247898095931144,-0.0001828226732254334,-0.8,-0.06248502590087612
2010-07-14,dev,0.14327321921860267,-0.00036242346047253896,-0.8,-0.07789070551504829
2010-07-15,dev,0.14339167264396793,-0.0006632739524807296,-0.5,-0.07288490776617301
2010-07-16,dev,0.14379880751706856,-0.0011732579160018042,-0.5,-0.06299779238582537
2010-07-19,dev,0.14414674303291988,-0.0011443934802206157,-0.5,-0.05618275807299711
2010-07-20,dev,0.14452536622507448,-0.0004250317064263993,-0.5,-0.043926559066637005
2010-07-21,dev,0.14508500600029087,0.00011542499385588326,0.2,0.01807513747123124
2010-07-22,dev,0.14606680100125363,0.0007170760284986706,0.3,0.03112215907044852
2010-07-23,dev,0.14705048770742055,0.0013198863136899028,-0.2,-0.03413795072158837
2010-07-26,dev,0.14785526156249038,0.0011403490777339626,0.6,0.04552562262212023
2010-07-27,dev,0.14866158903504104,0.0009604652447974126,0.1,-0.0366546307997106
2010-07-28,dev,0.14912728461220856,0.0006393320389147695,0.6,0.06079795189285869
2010-07-29,dev,0.14927150829171745,-0.0003271676399644232,-0.3,-0.050029304855776
2010-07-30,dev,0.14969836034879236,-0.001255202974885331,-0.4,-0.042406565164077314
2010-08-02,dev,0.14927817142148178,-0.001821664734873915,0.7,0.06432634962616435
2010-08-03,dev,0.14845302900772958,-0.0018234316259843652,0.0,0.01414601968366036
2010-08-04,dev,0.14697570020383993,-0.002507179616894539,0.0,-0.0018339101858509954
2010-08-05,dev,0.1453122228141897,-0.0031125492559055078,0.0,0.011415021568328465
2010-08-06,dev,0.14439333976758192,-0.004031432302513299,0.0,-0.00895575185896913
2010-08-09,dev,0.14461443362496146,-0.0049253139519979386,0.0,0.0038360850686564585
2010-08-10,dev,0.14482734454303334,-0.006654150606741594,0.0,0.03307747987517706
2010-08-11,dev,0.14577793801035732,-0.006498647675682386,0.6,0.028009280926989177
2010-08-12,dev,0.14661077665200367,-0.007786137684976906,0.8,0.0137300028860311
2010-08-13,dev,0.14754177865711954,-0.009063811357924478,-0.5,-0.00038038404665297065
2010-08-16,dev,0.14838443363511286,-0.010380750376259846,-0.4,-0.013251103128777197
2010-08-17,dev,0.14922708861310618,-0.011697689394595213,-0.5,-0.006398305298494833
2010-08-18,dev,0.1509412663476921,-0.01268300415542018,-0.9,-0.020482618487176918
2010-08-19,dev,0.15244758316013135,-0.014383684427529022,-0.9,-0.04724519543735589
2010-08-20,dev,0.15332545045892526,-0.015127248322886542,-0.7,-0.03760608377561908
2010-08-23,dev,0.1550659326440172,-0.016467181183190197,-0.9,-0.08465591005549211
2010-08-24,dev,0.1559472042434758,-0.01721349781530625,-0.9,-0.10093348954755343
2010-08-25,dev,0.1576893811531881,-0.018554735381413515,-0.7,-0.0523534257170063
2010-08-26,dev,0.15811827715170435,-0.019308201324752874,-0.6,-0.05384007143691549
2010-08-27,dev,0.1581686568272057,-0.020100455159849942,-0.7,-0.06116933215567444
2010-08-30,dev,0.15949213995448633,-0.020007633073356967,-0.8,-0.07171780305222208
2010-08-31,dev,0.16060251081835486,-0.020306579075167728,-0.9,-0.09968283304282588
2010-09-01,dev,0.16144732445464086,-0.02070879733214948,-0.4,-0.019658877398449293
2010-09-02,dev,0.1625675307713828,-0.020943812890282958,-0.7,-0.027243375035777118
2010-09-03,dev,0.16368773708812479,-0.021178828448416436,-0.8,-0.029508075886332086
2010-09-06,dev,0.16487925043819907,-0.02139663196402142,-0.6,-0.036483497177098756
2010-09-07,dev,0.1651796443682459,-0.020863837779743495,-0.9,-0.07480537157641076
2010-09-08,dev,0.16611241439315527,-0.019993221805224795,-0.7,-0.06070868508960231
2010-09-09,dev,0.16665906900701305,-0.02031766204295435,-0.6,-0.039627838170687546
2010-09-10,dev,0.16516843450666982,-0.01997442383563847,-0.7,-0.027179533374628972
2010-09-13,dev,0.1636427756994576,-0.019419638814834033,-0.1,-0.0034990772658810565
2010-09-14,dev,0.16234827731758059,-0.018610577326160893,0.9,0.025114911631178183
2010-09-15,dev,0.16155429256751505,-0.018198491412168498,0.9,0.04985854936024581
2010-09-16,dev,0.15985334545734214,-0.017717091286647873,-0.4,-0.008515137631875502
2010-09-17,dev,0.15836866868296198,-0.017100248500730605,0.1,-0.005836539517722228
2010-09-20,dev,0.15672834232933616,-0.016800710644851103,-0.4,-0.008246453507995355
2010-09-21,dev,0.15503096114601897,-0.01558829551391027,0.1,-0.0016216924044699654
2010-09-22,dev,0.1534952353134939,-0.014052569681385215,0.7,0.13561788037630862
2010-09-23,dev,0.15217517886045465,-0.0130016809894735,0.4,0.053924889101145235
2010-09-24,dev,0.15094574737679886,-0.012129592912831848,0.4,0.02728264583131612
2010-09-27,dev,0.1509627637295138,-0.012274231910909,1.0,0.1499394531576259
2010-09-28,dev,0.15054160899981858,-0.012695386640604236,-0.3,0.014580704269112288
2010-09-29,dev,0.15061307768122142,-0.012526924748726142,-0.1,0.006576665596732978
2010-09-30,dev,0.15086406888376708,-0.012114278195388385,0.0,0.04396749691157742
2010-10-01,dev,0.1512868188965293,-0.01163090742607908,0.4,0.04897593406994005
2010-10-04,dev,0.15195045665241275,-0.010967269670195677,0.0,0.04664268473210509
2010-10-05,dev,0.15116731667503638,-0.010562989370127658,0.0,0.05672086093438189
2010-10-06,dev,0.1517410620850731,-0.009989243960090937,-0.1,0.030604547758141865
2010-10-07,dev,0.15255705555712532,-0.009173250488038716,0.3,0.044531901619468184
2010-10-08,dev,0.15393404454121346,-0.007949260279960381,-0.1,0.035194342153908265
2010-10-11,dev,0.15515803474929177,-0.007541263543934271,-0.1,0.020170681253684708
2010-10-12,dev,0.15688245845390214,-0.007633700304440188,0.4,0.03562096503162315
2010-10-13,dev,0.15855588256650924,-0.007777136656949368,-0.1,0.012194461170350612
2010-10-14,dev,0.15902930302156984,-0.008380374255291007,-0.1,0.014718590921546926
2010-10-15,dev,0.15876010948616887,-0.008902386523794159,-0.8,-0.028707278793044133
2010-10-18,dev,0.15826501743352855,-0.008536985944402649,-0.6,-0.01212360964257686
2010-10-19,dev,0.1579968233943785,-0.009058341903469037,-0.9,-0.05953937294256478
2010-10-20,dev,0.15865779773231428,-0.008897034581009546,-0.6,-0.04895624068436322
2010-10-21,dev,0.1588175441925947,-0.008825122991172708,-0.3,-0.03886241900558757
2010-10-22,dev,0.1598657069798879,-0.009258441685360965,-0.6,-0.05594495867820326
2010-10-25,dev,0.16147601293801994,-0.009580502876987375,-0.7,-0.08267800373065542
2010-10-26,dev,0.16287437421489784,-0.011241722920560361,-0.6,-0.08166457010973749
2010-10-27,dev,0.16270147820676156,-0.011801092358648334,-0.6,-0.0668815278863713
2010-10-28,dev,0.16376830590402405,-0.013149723598583922,-0.6,-0.04939249652173938
2010-10-29,dev,0.16519745244186623,-0.014377581891659606,-0.8,-0.035762986488071524
2010-11-01,dev,0.16620389366569877,-0.015303507817585533,-0.6,-0.07085295066096486
2010-11-02,dev,0.16727072136296126,-0.01665213905752112,-0.6,-0.05664275756727011
2010-11-03,dev,0.1683381590246018,-0.01826854465943397,-0.2,0.019554127534947896
2010-11-04,dev,0.1688858749327296,-0.019572680603158015,-0.1,0.03844843487724259
2010-11-05,dev,0.16956080051707548,-0.020373868813766516,0.3,0.0459350027379406
2010-11-08,dev,0.17060218911174624,-0.02169426229102274,-0.1,0.04125781049115296
2010-11-09,dev,0.17203133564958845,-0.022922120584098423,0.1,-0.040023263155834043
2010-11-10,dev,0.17307803452237427,-0.023807788861071048,0.1,-0.038956275131916185
2010-11-11,dev,0.17416262294711615,-0.02529968996934044,0.7,0.08132080058000385
2010-11-12,dev,0.1745296779816904,-0.025979333807552057,0.6,0.05421802835980233
2010-11-15,dev,0.1753158861847784,-0.027447553945848923,0.6,0.03981680449491437
2010-11-16,dev,0.17550912289975423,-0.027254317230873078,0.7,0.019443860204260588
2010-11-17,dev,0.17552620190234047,-0.025875797736411552,0.7,0.012167473162983278
2010-11-18,dev,0.1762874374461847,-0.025026727322123746,0.6,0.027947183650662066
2010-11-19,dev,0.17592422563397797,-0.02423036947721822,0.6,0.026183262270395025
2010-11-22,dev,0.17536885029585456,-0.023628411551010683,0.9,0.053378288213900504
2010-11-23,dev,0.17456694195702288,-0.02153735942696866,0.6,0.03181163868690817
2010-11-24,dev,0.17528764438812477,-0.020816656995866798,0.9,0.039981767966343784
2010-11-25,dev,0.17509478035726653,-0.019080880718142592,0.8,0.05979590100643073
2010-11-26,dev,0.17437397539345287,-0.017610048967657995,0.9,0.06165479484729064
2010-11-29,dev,0.17457319757917458,-0.015853078840388928,0.9,0.08173656415150837
2010-11-30,dev,0.1747738540961281,-0.014103665711997981,0.9,0.0894946158479431
2010-12-01,dev,0.17458099006526986,-0.012367889434273775,0.9,0.06340550544638218
2010-12-02,dev,0.17459170473365088,-0.010642827824930586,0.9,0.050989576551950855
2010-12-03,dev,0.17498814746374838,-0.009014198231016518,0.6,0.020569433334310494
2010-12-06,dev,0.1746024194020319,-0.007374853968721435,0.5,0.026437568170987358
2010-12-07,dev,0.17481146782708804,-0.005830593022338985,0.1,0.003992058832786749
2010-12-08,dev,0.17502051625214415,-0.004286332075956534,0.6,0.032038205584111135
2010-12-09,dev,0.1756731369626241,-0.0027570566797573185,0.6,0.021788534205692045
2010-12-10,dev,0.1761047676377456,-0.0011930803689150485,0.5,0.02049136149654729
2010-12-13,dev,0.176213386116663,0.00029313833041840485,0.5,0.025176866582255986
2010-12-14,dev,0.17723797628059743,0.0011409364660661067,0.4,0.016555492678071215
2010-12-15,dev,0.17842019570052178,0.0014793757509856233,0.2,-0.010330550244715131
2010-12-16,dev,0.17940460585802742,0.0018128698043446718,0.7,0.03757563075641651
2010-12-17,dev,0.18059808451052245,0.0031785484843917223,0.2,-0.005147504413925197
2010-12-20,dev,0.18174321469374327,0.00347989853260773,0.7,0.07018523989727565
2010-12-21,dev,0.18276445652380865,0.002753310083020245,0.7,0.07777723883950866
2010-12-22,dev,0.18390958670702948,0.0030546601312362526,0.6,0.041789446813948916
2010-12-23,dev,0.1844921968002471,0.0023113300123034333,0.5,0.05567103487243069
2010-12-24,dev,0.18519957638711204,0.0009695292712995253,0.5,0.045556660640305
2010-12-27,dev,0.18695095196144978,0.0015155046527732337,0.6,0.053867087200817676
2010-12-28,dev,0.1879188174104259,0.002362830082462949,0.5,0.04456848960269044
2010-12-29,dev,0.18954610767079233,0.0031463402078245697,0.5,0.043617433291044394
2010-12-30,dev,0.19026934778651075,0.0043517404006886,0.6,0.03892646557569235
2010-12-31,dev,0.1909524078958004,0.005758040625696636,0.6,0.03726448174752589
2011-01-03,dev,0.19171371328076714,0.0065193460106633926,0.6,0.019544729268671734
2011-01-04,dev,0.19171371328076714,0.005072865779226555,0.6,0.051337773009977716
2011-01-05,dev,0.19370380536388776,0.003848557348043088,0.7,0.03685759216036061
2011-01-06,dev,0.19424623545067657,0.0022212670876766458,0.7,0.03233790880122078
2011-01-07,dev,0.19430650546031977,0.00047343680802380085,0.7,0.04217556970431913
2011-01-10,dev,0.19412304620019705,0.0002436160020217026,0.6,0.028976004355870832
2011-01-11,dev,0.1931667620471916,-8.586005069446614e-05,0.7,0.03747445165668739
2011-01-12,dev,0.19276783198336278,0.0006345100645647522,0.9,0.045348582533232484
2011-01-13,dev,0.1923931229840154,0.0007145656834342571,0.6,0.029748744140587813
2011-01-14,dev,0.19178324788643536,0.0009226407167262623,0.7,0.013023565420763439
2011-01-17,dev,0.19140853888708798,0.001002696335595767,-0.6,-0.04929115966126185
2011-01-18,dev,0.19103382988774062,0.001082751954465272,-0.6,-0.054742191831692155
2011-01-19,dev,0.19070837183566733,0.0016010740373968051,-0.6,-0.02349093379174161
2011-01-20,dev,0.1900755367344137,0.0015106690229320025,-0.7,-0.0515229290025343
2011-01-21,dev,0.1894728366379817,0.0011490489650727927,-0.7,-0.02428536066421072
2011-01-24,dev,0.18935997809051255,-2.8579752759567375e-05,-0.7,-0.05542543182989179
2011-01-25,dev,0.1894852451693788,-0.0019123129953333576,-0.9,-0.05571854959427225
2011-01-26,dev,0.18990060306389037,-0.003672856987427637,-0.8,-0.06153113223599549
2011-01-27,dev,0.19008259485771495,-0.00549986551504312,-0.6,-0.05249303536080585
2011-01-28,dev,0.19008259485771495,-0.007187425785052764,-0.7,-0.017739505167762237
2011-01-31,dev,0.19008259485771495,-0.008874986055062407,-0.5,-0.019445876283581853
2011-02-01,dev,0.190913686569637,-0.010695774767441234,-0.6,-0.055994547617917334
2011-02-02,dev,0.19084939855935093,-0.011885102957733745,-0.6,-0.048048578065184644
2011-02-03,dev,0.19113302213414246,-0.012565799537233434,-0.5,-0.027089003370530107
2011-02-04,dev,0.19133872084798118,-0.012418544469109342,-0.6,-0.0529040773957119
2011-02-07,dev,0.19169797737605043,-0.013345048146761695,-0.8,-0.09158445047364439
2011-02-08,dev,0.19201941742748085,-0.014148648275337716,-0.8,-0.08726597067890596
2011-02-09,dev,0.19224040746283924,-0.015012518413556938,-0.8,-0.09973869879676917
2011-02-10,dev,0.19272926420772302,-0.016572841996542045,-0.8,-0.08092050491166386
2011-02-11,dev,0.192628814191651,-0.017275992109046064,-0.5,-0.06787061283255114
2011-02-14,dev,0.19181060315164633,-0.017743541274763023,-0.8,-0.06590516587296436
2011-02-15,dev,0.19099239211164165,-0.018211090440479978,-0.9,-0.048690351031299484
2011-02-16,dev,0.19034951200878084,-0.018853970543340797,-0.8,-0.07483569485613983
2011-02-17,dev,0.18922447182877442,-0.019014690569055998,-0.8,-0.058262413523362255
2011-02-18,dev,0.18797889162948156,-0.0190548705754848,-0.5,-0.05945591739627126
2011-02-21,dev,0.18673331143018873,-0.019095050581913603,-0.8,-0.047147405352149785
2011-02-22,dev,0.1854073712180383,-0.0192155906012,-0.5,-0.0449488111842728
2011-02-23,dev,0.18384035096731507,-0.0190950505819136,-0.5,-0.032339663187792855
2011-02-24,dev,0.18259477076802225,-0.019135230588342402,-0.6,-0.016562643533843846
2011-02-25,dev,0.18085857154286195,-0.01870170946634744,-0.5,-0.03193758583985501
2011-02-28,dev,0.1800972661578952,-0.019463014851314197,-0.6,-0.03366627178702025
2011-03-01,dev,0.17881150595217354,-0.019784454902744605,0.7,0.012433701861683744
2011-03-02,dev,0.1775257457464519,-0.020105894954175016,0.0,-0.008429934008710505
2011-03-03,dev,0.17676444036148517,-0.02086720033914177,-0.8,-0.014549819253357688
2011-03-04,dev,0.17595238128418728,-0.021679259416439643,0.3,0.003796037220091919
2011-03-07,dev,0.1750388148222272,-0.02259282587839975,0.9,0.025794354871761682
2011-03-08,dev,0.17412524836026708,-0.02350639234035986,0.0,0.007681228709897792
2011-03-09,dev,0.17305096187259175,-0.024098518750889558,0.3,0.004717216898699861
2011-03-10,dev,0.1713760900256649,-0.023844750289233968,0.2,0.006471306368024177
2011-03-11,dev,0.17029334458926773,-0.023481015494194294,-0.8,-0.010620529990492011
2011-03-14,dev,0.16917359125221246,-0.02315428859981273,0.3,0.00022464104694952525
2011-03-15,dev,0.16733376990520946,-0.02258330956108766,-0.4,-0.00686328529788538
2011-03-16,dev,0.16629839458165468,-0.02246150069949298,-0.3,-0.004994726271541405
2011-03-17,dev,0.16556014950016945,-0.02282521794352044,0.5,0.0015284339984298345
2011-03-18,dev,0.16556121448300534,-0.02360530275140284,0.8,0.012697090408554934
2011-03-21,dev,0.16390804118288646,-0.02314105545479411,0.9,0.04415065091341214
2011-03-22,dev,0.16310941165610804,-0.023920086491215783,0.2,-0.005962754678174309
2011-03-23,dev,0.16084486333892814,-0.023387432011192883,-0.8,-0.02130120720419304
2011-03-24,dev,0.15995923580856378,-0.023311521080018792,-0.3,-0.00785864852551843
2011-03-25,dev,0.15921290611486566,-0.023183724899591033,-0.7,-0.026754857975988422
2011-03-28,dev,0.15848359496586,-0.02373782314656549,-0.9,-0.04698797247787484
2011-03-29,dev,0.15895190691547498,-0.02422881711221517,-0.2,-0.004957661029857396
2011-03-30,dev,0.16007787184972028,-0.02580354180018684,0.0,0.017634729623980605
2011-03-31,dev,0.1591601920893472,-0.025759475169916526,0.3,0.019045622946152918
2011-04-01,dev,0.15938486118202666,-0.026633766523240954,0.0,0.03412958610660338
2011-04-04,dev,0.16005331337839745,-0.026212375337137075,-0.6,-0.03748034821355822
2011-04-05,dev,0.15998727305130164,-0.025319057969010957,-0.6,-0.025472728616304174
2011-04-06,dev,0.1599737673836318,-0.024559370572730093,-0.6,-0.05315425658758122
2011-04-07,dev,0.159567055816377,-0.023646222141933085,-0.6,-0.05365246757587128
2011-04-08,dev,0.15878016655686933,-0.023782432089099498,-0.5,-0.03175065180475578
2011-04-11,dev,0.15875595453667568,-0.02407696196659163,-0.8,-0.0696884608182719
2011-04-12,dev,0.15790796091702738,-0.024687788682086,-0.8,-0.07961931567175584
2011-04-13,dev,0.15680833322384882,-0.025614011104990002,-0.6,-0.08034588964266232
2011-04-14,dev,0.15707164925906666,-0.02621263695457318,-0.9,-0.09647802442635839
2011-04-15,dev,0.15755467771158568,-0.026503746619387168,-0.9,-0.07689247842461766
2011-04-18,dev,0.15829674380332495,-0.026422944274660697,-0.8,-0.08736932383233564
2011-04-19,dev,0.15959099077179265,-0.02500373220767775,-0.6,-0.040680802129424765
2011-04-20,dev,0.15948989491940663,-0.024084665900248346,-0.5,-0.026921045795037846
2011-04-21,dev,0.15948989491940663,-0.024084665900248346,-0.5,-0.036591279011872146
2011-04-22,dev,0.15948989491940663,-0.024084665900248346,0.2,-0.019454336584205645
2011-04-25,dev,0.15948989491940663,-0.024084665900248346,0.1,-0.011295603700705925
2011-04-26,dev,0.15965405302933477,-0.023054683527663912,0.1,0.00969227907067749
2011-04-27,dev,0.15978334476864983,-0.02209990459130669,0.2,0.005719582412828272
2011-04-28,dev,0.1598326735785957,-0.02125081148727353,1.0,0.03819013248309955
2011-04-29,dev,0.15996155363803516,-0.020299529189252565,0.5,0.007347374169424492
2011-05-02,dev,0.15963468481993728,-0.01963367826809617,0.1,-0.019596273280906795
2011-05-03,dev,0.15930843041691103,-0.01896907894641563,-0.3,-0.02723464155300226
2011-05-04,dev,0.1592140783971879,-0.018067533829481685,0.0,0.011494266021014998
2011-05-05,dev,0.15911990339813967,-0.017167680166800897,0.0,0.0053485200403358135
2011-05-06,dev,0.15864120775142318,-0.016688136422965568,0.1,0.026839407739534027
2011-05-09,dev,0.1578489407029668,-0.016496949029311106,0.3,0.03689556269091421
2011-05-10,dev,0.15705815591278627,-0.016306119329564325,0.0,0.02644594890511559
2011-05-11,dev,0.15640514205990827,-0.01601829429592299,0.0,0.024608167103175205
2011-05-12,dev,0.15536644075448916,-0.01617776665121455,0.3,0.026119358888178013
2011-05-13,dev,0.1543275417114968,-0.01643475256540807,0.2,0.0339603262359629
2011-05-16,dev,0.15362453375090826,-0.01679222250709921,0.7,0.03446852408087564
2011-05-17,dev,0.15292283492991116,-0.016217928072735054,0.3,0.031683346070013496
2011-05-18,dev,0.1523013704182075,-0.01606189730102539,0.0,0.03043705937526059
2011-05-19,dev,0.15169514237878534,-0.015582285872306968,0.6,0.046313927702391455
2011-05-20,dev,0.15173999368576885,-0.014825013554876785,0.9,0.057381274306098795
2011-05-23,dev,0.15161797330220322,-0.014071020223211966,0.5,0.033415657132554955
2011-05-24,dev,0.15149617909173038,-0.01331842446954838,0.9,0.03584082217875345
2011-05-25,dev,0.15154109003701582,-0.012565351854298797,0.3,0.021902065220289868
2011-05-26,dev,0.15232597339498344,-0.012553728032046903,0.0,-0.009390040174155734
2011-05-27,dev,0.15257728249927868,-0.011841963257917693,-0.6,-0.05582643411201049
2011-05-30,dev,0.1525287346853366,-0.011000003919729405,-0.7,-0.05763090631852774
2011-05-31,dev,0.15205256762046415,-0.010402804989578698,-0.7,-0.04143675073808867
2011-06-01,dev,0.1518286398245844,-0.009555345345264884,-1.0,-0.0145572254506664
2011-06-02,dev,0.15178013145689095,-0.007760535740608082,-1.0,-0.03807878325041458
2011-06-03,dev,0.15173245177783304,-0.006924660477495182,-0.1,-0.022988457784691663
2011-06-06,dev,0.15211034280655628,-0.007320773945317174,-0.6,-0.03919813536947836
2011-06-07,dev,0.15046409286708018,-0.005287171078905515,-0.3,-0.02209461837851917
2011-06-08,dev,0.1505542853378127,-0.005043651407927648,-0.1,-0.003153451129460638
2011-06-09,dev,0.15112378636729534,-0.0049341319791809885,-0.3,-0.012751443966176279
2011-06-10,dev,0.1508622672465306,-0.004373259753175368,-0.1,0.0008663756584738058
2011-06-13,dev,0.15119052819495496,-0.003519305546767025,-0.3,-0.007072801689730457
2011-06-14,dev,0.15208526874010952,-0.003070607765962528,0.8,0.014683012791643746
2011-06-15,dev,0.15227692774041618,-0.0033389303663918443,0.5,0.010830156555663106
2011-06-16,dev,0.15285538945043262,-0.0033737774573566904,-0.8,-0.02974615976058992
2011-06-17,dev,0.1529665937934677,-0.0022111865983536877,-0.9,-0.04425467120331228
2011-06-20,dev,0.15305140114598434,-0.000943569415373119,-0.8,-0.05158875299573229
2011-06-21,dev,0.153804098310825,-0.00019087225053244012,-0.8,-0.0308754618269389
2011-06-22,dev,0.1541821892477936,-0.0010672765882983235,-0.9,-0.03131164058004099
2011-06-23,dev,0.15435468234806957,-0.0022747282902302467,0.7,0.015605410423939148
2011-06-24,dev,0.15390236710734587,-0.0035090122522051007,0.9,0.05771041258936105
2011-06-27,dev,0.153414507833838,-0.004707752181395812,1.0,0.08542083142398538
2011-06-28,dev,0.15345400120359817,-0.005462772485634147,0.9,0.07512993846653981
2011-06-29,dev,0.15230404720175825,-0.006152744886738103,0.7,0.036938176949470325
2011-06-30,dev,0.15126908860010232,-0.006727721887658066,0.9,0.05238305314768177
2011-07-01,dev,0.15145570394250618,-0.006617770145376881,-0.6,-0.007970244425096584
2011-07-04,dev,0.15014093871934991,-0.0060926089655892555,0.6,0.07038352502941142
2011-07-05,dev,0.14863349024535905,-0.006066785437126886,0.1,0.06084866252369642
2011-07-06,dev,0.14774681518604563,-0.006148492695152355,0.1,0.062410930222967065
2011-07-07,dev,0.1471939080094034,-0.0066177668534789505,0.1,0.02367717339873937
2011-07-08,dev,0.14732679158294937,-0.007220853841110556,0.0,0.03759510956577716
2011-07-11,dev,0.14837385496357203,-0.00939366166563968,0.0,0.06763617264246008
2011-07-12,dev,0.14973399194565254,-0.011044313342921873,0.0,0.08132417505698242
2011-07-13,dev,0.15191587835440673,-0.012427284339871468,0.1,0.06588886253364784
2011-07-14,dev,0.15285379966658083,-0.012745664282480314,0.2,0.07288308904051599
2011-07-15,dev,0.15299253888815878,-0.013220798602952711,0.1,0.0684330298155672
2011-07-18,dev,0.15357918314843955,-0.013182343067153539,0.2,0.06332109224809485
2011-07-19,dev,0.15391305078357034,-0.013617320628408598,0.1,0.05535754823083838
2011-07-20,dev,0.15391526491031865,-0.014105565167448233,0.1,0.06393118798356134
2011-07-21,dev,0.15455292890998876,-0.014727029850729509,0.1,0.056990611426466276
2011-07-22,dev,0.15455573646765497,-0.015216751241674284,0.1,0.0630204660004659
2011-07-25,dev,0.15468936711184242,-0.015324269143849838,0.1,0.055643494642466984
2011-07-26,dev,0.15443042816070207,-0.014730527118459276,0.1,0.05242241893046512
2011-07-27,dev,0.154470575813204,-0.013920371083454243,0.3,0.06701127967924736
2011-07-28,dev,0.1544283407258322,-0.014118812986129062,0.1,0.004851154909352007
2011-07-29,dev,0.1534181225889907,-0.013147246673653657,0.3,0.059219737305533926
2011-08-01,dev,0.1537322978458703,-0.012551967239565974,0.3,0.06738978067941481
2011-08-02,dev,0.1536138970082156,-0.012070353467272163,0.6,0.07440935750487926
2011-08-03,dev,0.1539018746076656,-0.01245912702997409,0.3,0.06157748536768631
2011-08-04,dev,0.15373496162280453,-0.013090871954343056,0.1,0.035376539255654205
2011-08-05,dev,0.15369188430587974,-0.01328928058744766,0.7,0.08162393173038118
2011-08-08,dev,0.15318556761187807,-0.013273424343537517,0.7,0.02461946808476867
2011-08-09,dev,0.1526443849946006,-0.013347995323957484,0.9,0.054251402392141046
2011-08-10,dev,0.1529095180630485,-0.013068085596779747,0.6,0.05611966754436404
2011-08-11,dev,0.15388316143403163,-0.013184140920805812,0.9,0.07164965338518081
2011-08-12,dev,0.15485862640159284,-0.01330041337359526,0.9,0.06471343433047139
2011-08-15,dev,0.15583591808257644,-0.01341690356506034,0.4,0.029775027573828827
2011-08-16,dev,0.1568150416130089,-0.013533612107399768,0.4,0.017182501433143593
2011-08-17,dev,0.15779600214818892,-0.01365053961510944,0.1,0.0078048262820530345
2011-08-18,dev,0.15890377118492716,-0.014045134869765325,-0.6,-0.10746320602892684
2011-08-19,dev,0.1599929664585972,-0.014058335184492548,-0.6,-0.12190785195070603
2011-08-22,dev,0.16097968504311977,-0.014176086309888224,-0.7,-0.06807352157219837
2011-08-23,dev,0.16159690272631058,-0.014520553765592782,0.3,0.018407166866247493
2011-08-24,dev,0.16293771673438595,-0.015932166238757442,0.9,0.040130028268049234
2011-08-25,dev,0.16339164607973533,-0.016516829547555144,-0.4,-0.040030406222065995
2011-08-26,dev,0.1643505066546483,-0.017950486916526766,-0.9,-0.06805255290477752
2011-08-29,dev,0.16569258438940423,-0.01936342984442579,-0.1,0.01833113824984922
2011-08-30,dev,0.16676266312206542,-0.019972727343449962,-0.1,0.014045499966807096
2011-08-31,dev,0.16830895595264816,-0.021425320640876835,-0.1,0.002944743059573096
2011-09-01,dev,0.168734988188294,-0.021170653326831573,-0.3,-0.014415994774214846
2011-09-02,dev,0.16928478397842905,-0.020777942048163654,-0.1,-0.006962311812910016
2011-09-05,dev,0.1689521344247339,-0.020168084533055818,-0.7,-0.03298891756097222
2011-09-06,dev,0.1687785598567661,-0.02052007440192718,-0.1,-0.0374549992633868
2011-09-07,dev,0.16876624671043805,-0.021312049749031756,-0.1,-0.0018679501376392404
2011-09-08,dev,0.1682759501572343,-0.021509414635372995,-0.1,-0.0003137419266195929
2011-09-09,dev,0.16789999877076375,-0.022150923690435465,-0.4,-0.03103344333316782
2011-09-12,dev,0.16693818518721276,-0.021621954326249894,-0.4,-0.012527830221644831
2011-09-13,dev,0.1658610987234882,-0.020649214236836647,-0.3,-0.022854543097896918
2011-09-14,dev,0.16483224347277864,-0.01988052927940997,-0.2,-0.00918958313720919
2011-09-15,dev,0.16336582909245698,-0.019360188692844213,-0.1,-0.009580082803700707
2011-09-16,dev,0.16171019995338412,-0.01865063334752728,-0.1,-0.002524275371270257
2011-09-19,dev,0.16023984359892182,-0.018512664252604543,-0.7,-0.028382567595604535
2011-09-20,dev,0.1587121177272234,-0.017337322142143178,-0.1,0.0010156829505651999
2011-09-21,dev,0.15888154399420187,-0.018109402748319257,-0.7,-0.02273319304748006
2011-09-22,dev,0.15844153787237758,-0.01806157599594705,-0.5,-0.02317226408783296
2011-09-23,dev,0.157668179286519,-0.018834934581805636,0.1,0.008731909867712051
2011-09-26,dev,0.15761451337656715,-0.01952983567077959,0.5,0.062164618245233616
2011-09-27,dev,0.1575607456337691,-0.02022605535764533,0.5,0.030786240916888807
2011-09-28,dev,0.15726347356381623,-0.020692165795111395,0.7,0.04301255187323483
2011-09-29,dev,0.15626970373619709,-0.020736268006396268,0.6,0.06039953136664
2011-09-30,dev,0.1564741649844366,-0.021650633727493825,0.7,0.05339954954007631
2011-10-03,dev,0.1566790153121209,-0.02256673944044885,-0.2,0.04000661164108421
2011-10-04,dev,0.15611394770765624,-0.022826326811344513,0.6,0.023700017235694593
2011-10-05,dev,0.15554780275790187,-0.023086409105730926,-0.1,-0.0016205468441534698
2011-10-06,dev,0.15519106233619578,-0.023613602019673302,0.6,0.005200618110948629
2011-10-07,dev,0.15406847589703995,-0.023781989985546675,-0.2,0.003498762203598127
2011-10-10,dev,0.15273540450054243,-0.023683763672120543,0.0,-0.009395832618252942
2011-10-11,dev,0.1509651152277421,-0.023068556761714754,0.1,-0.0015088572294802427
2011-10-12,dev,0.14969703567772202,-0.022905338601811178,0.0,-0.009168855799329911
2011-10-13,dev,0.14912368041093857,-0.023165993175451878,0.3,0.007339929487956476
2011-10-14,dev,0.14846117411768145,-0.023037189405216072,0.3,0.009081038779885142
2011-10-17,dev,0.1476463044278419,-0.02305923456254164,0.3,0.0007166979882700097
2011-10-18,dev,0.1471292031868724,-0.023260919653118786,0.0,-0.021433783311951005
2011-10-19,dev,0.14517593145672442,-0.0226599129669194,0.0,0.004059004276701472
2011-10-20,dev,0.14266119295394275,-0.02134323384517996,0.0,-0.03025027991031054
2011-10-21,dev,0.14142161666365655,-0.020507458922183943,0.0,-0.031043724262036
2011-10-24,dev,0.14090067830242778,-0.020070542877282417,-0.7,-0.043869015311021164
2011-10-25,dev,0.13990081273813393,-0.019154699629315756,-0.4,-0.02057296560377342
2011-10-26,dev,0.13995122612793026,-0.019104286239519427,-0.4,-0.02420730239384483
2011-10-27,dev,0.14047216448915897,-0.019541202284420953,-0.6,-0.0425135267379651
2011-10-28,dev,0.14147203005345288,-0.020457045532387613,-0.4,-0.026623152335396416
2011-10-31,dev,0.14114154227589915,-0.020787533309941333,-0.3,-0.009521453854472839
2011-11-01,dev,0.14119195566569548,-0.020737119920145004,-0.3,-0.0135161596287251
2011-11-02,dev,0.14179691634325145,-0.02204786805484958,-0.1,0.03697913953976534
2011-11-03,dev,0.1412423690554918,-0.021644560936478943,0.6,0.03508427898085659
2011-11-04,dev,0.1393770736330276,-0.020636293140552344,0.6,0.05638507306010654
2011-11-07,dev,0.13761260499015607,-0.01952719856503309,0.9,0.06485613447312316
2011-11-08,dev,0.1373605380411744,-0.019779265514014734,0.9,0.051333021647731236
2011-11-09,dev,0.13559606939830288,-0.01867017093849548,0.9,0.09924515353210211
2011-11-10,dev,0.13403325431461666,-0.0173594228037909,0.8,0.03895627086625958
2011-11-11,dev,0.13357113157481695,-0.016863691137460324,0.8,0.04570016478459199
2011-11-14,dev,0.13278972403297384,-0.015729389867042903,0.6,0.0660714510246807
2011-11-15,dev,0.13249564592582858,-0.015065613568057893,0.6,0.06188741918889007
2011-11-16,dev,0.1326972994850139,-0.014863960008872575,0.6,0.07190113937191905
2011-11-17,dev,0.1326972994850139,-0.014863960008872575,0.9,0.10654473968846484
2011-11-18,dev,0.1325460593156249,-0.015015200178261566,0.9,0.07561806390813436
2011-11-21,dev,0.1320419254176616,-0.015519334076224864,1.0,0.08438698167177128
2011-11-22,dev,0.1330263729416529,-0.01659390981157574,1.0,0.12183991829633217
2011-11-23,dev,0.1330340757947639,-0.01720964293039683,0.9,0.1457353953043079
2011-11-24,dev,0.13182183213378806,-0.017462193693100134,0.9,0.15660621113601475
2011-11-25,dev,0.12843765191356377,-0.01508821652368908,0.7,0.14347386624927866
2011-11-28,dev,0.1277751997065517,-0.014654287265277106,0.6,0.12171564114702327
2011-11-29,dev,0.12729361426621977,-0.01428105518935251,0.7,0.14203770930669152
2011-11-30,dev,0.12715247011840328,-0.013503772076271984,0.7,0.06350498013807487
2011-12-01,dev,0.12808737316549468,-0.014004275727745165,1.0,0.111040595809132
2011-12-02,dev,0.12902227621258613,-0.014504779379218345,0.9,0.09280875508573538
2011-12-05,dev,0.130825978050914,-0.014614953138976592,0.7,0.0621795449416771
2011-12-06,dev,0.13313333136242242,-0.016135351023640408,1.0,0.08116326143005481
2011-12-07,dev,0.13478593775879613,-0.017353558024395883,1.0,0.09536025783349172
2011-12-08,dev,0.1353541793734308,-0.016998376165226606,1.0,0.1072268398467297
2011-12-09,dev,0.13662226935038663,-0.017854781620605595,0.7,0.058342052341681494
2011-12-12,dev,0.13742022576875165,-0.01792593697001394,0.7,0.039383453808812696
2011-12-13,dev,0.13786204026180918,-0.017335749828686322,0.7,0.035633116181697955
2011-12-14,dev,0.13898404737052508,-0.01829211632993496,0.9,0.045374874011747
2011-12-15,dev,0.1397487684603418,-0.01833075447395958,0.8,0.032693057241504064
2011-12-16,dev,0.14119788556139926,-0.019741503912463598,0.9,0.06979276174408
2011-12-19,dev,0.14201579233705508,-0.019722702480166013,0.8,0.04098151554107443
2011-12-20,dev,0.14283214267736236,-0.01970393682604597,0.9,0.0328370781194286
2011-12-21,dev,0.14277267550324246,-0.019763404000165855,0.1,0.013983972928020894
2011-12-22,dev,0.1425848844270744,-0.01947545768337483,-0.2,-0.005339570556576412
2011-12-23,dev,0.1423495196116104,-0.018759347712920624,-0.7,-0.008966186067311477
2011-12-26,dev,0.14278454858536363,-0.01817117342802241,-0.7,-0.018252957793444713
2011-12-27,dev,0.14331371805489324,-0.017489149521633027,-0.7,-0.019229727864087387
2011-12-28,dev,0.14449143085541305,-0.019160439570116056,-0.5,-0.009684825207495584
2011-12-29,dev,0.14530310881475325,-0.01914226078494517,-0.5,-0.01634793855719241
2011-12-30,dev,0.1460737535773301,-0.019400577757344904,0.1,0.019937442741923217
2012-01-03,dev,0.14705995267432126,-0.020151618876892874,-0.2,0.0005687224966729465
2012-01-04,dev,0.147866896900741,-0.02013255395837169,-0.2,0.006637981568729745
2012-01-05,dev,0.14867231571274409,-0.020113525079394023,-0.9,-0.03215888084111962
2012-01-06,dev,0.1494762134316178,-0.02009453213786485,-0.7,-0.017043678957823882
2012-01-09,dev,0.1504554811547955,-0.020842084466036675,0.2,0.014338932371253055
2012-01-10,dev,0.15143290294447054,-0.021588227647501297,0.6,0.05478607899046306
2012-01-11,dev,0.1524084840151443,-0.022332965662899128,0.6,0.022810680309283682
2012-01-12,dev,0.15315050469865615,-0.022367293568589505,0.6,0.020256793369008763
2012-01-13,dev,0.15409384327046008,-0.022825410700168487,-0.3,-8.01865601636198e-05
2012-01-16,dev,0.15483288799094627,-0.022859211750601908,-0.7,-0.011665808143403011
2012-01-17,dev,0.15577287847603735,-0.023316007913658218,0.8,0.032788885240012555
2012-01-18,dev,0.156705156196052,-0.024259902801523507,-0.7,-0.011386186416560307
2012-01-19,dev,0.15659479310147081,-0.02530835220004464,0.1,0.010440148870842325
2012-01-20,dev,0.15619012842133984,-0.026338407749468915,0.1,0.014707064571831241
2012-01-23,dev,0.1549945282300438,-0.026908617071471637,0.5,0.022945553498835203
2012-01-24,dev,0.15379892803874776,-0.02747882639347436,0.6,0.01972147511337785
2012-01-25,dev,0.15304478022577644,-0.028545669641092355,-0.1,-0.007186480900175818
2012-01-26,dev,0.1519963308272553,-0.028656032735673527,-0.1,0.003018438561530168
2012-01-27,dev,0.1504512475031189,-0.02832494345193001,-0.6,-0.01241725632111701
2012-01-30,dev,0.14999140127569735,-0.02847209424470491,-0.6,-0.029865814598480034
2012-01-31,dev,0.1493853723528218,-0.028452732298287157,-0.6,-0.022798309527800042
2012-02-01,dev,0.14877934342994623,-0.028433370351869405,-0.5,-0.043146458046375846
2012-02-02,dev,0.14750055653403268,-0.027984060358890277,-0.6,-0.014306495782356876
2012-02-03,dev,0.14739126406254302,-0.02934296232741211,-0.5,-0.043327259147919794
2012-02-06,dev,0.1475208675243095,-0.029838163614161705,0.2,-0.0031403592239829803
2012-02-07,dev,0.1483942401062136,-0.0308392052778059,-0.5,-0.05922058834788568
2012-02-08,dev,0.1487296616027854,-0.03087866663034376,-0.5,-0.01789537174823619
2012-02-09,dev,0.14945969662473577,-0.03146072158027717,-0.5,-0.02068910871344709
2012-02-10,dev,0.14947511121557086,-0.0323825141122162,-0.5,-0.016788726346589122
2012-02-13,dev,0.1497604322694598,-0.03428400967813359,-0.5,-0.019896124860837916
2012-02-14,dev,0.1509473557637626,-0.03544010399076615,-0.5,-0.014043028159075543
2012-02-15,dev,0.15080266413779042,-0.03670944416406726,0.7,0.030633648602309327
2012-02-16,dev,0.15161860981266176,-0.037143107986228094,0.6,0.024299782015862692
2012-02-17,dev,0.15233160470510715,-0.03770812280665652,0.5,0.010480811201006857
2012-02-20,dev,0.15340433566488,-0.03842460544490703,0.7,0.04042238043711177
2012-02-21,dev,0.1535800620004001,-0.03871748267077395,0.6,0.06649260042580185
2012-02-22,dev,0.15371262748158201,-0.03952212431236621,0.7,0.051342620950800666
2012-02-23,dev,0.15382977837192877,-0.04081078410618064,0.9,0.07236069999820716
2012-02-24,dev,0.15365405203640864,-0.04239232112586199,0.9,0.07928759249786438
2012-02-27,dev,0.15347832570088848,-0.04397385814554334,0.9,0.08793838524583764
2012-02-28,dev,0.15330259936536833,-0.04555539516522469,1.0,0.08685193352909615
2012-02-29,dev,0.15341285902687118,-0.04731954974927012,0.7,0.08338114623619625
2012-03-01,dev,0.15309365223002952,-0.04791896964650863,0.7,0.08421831795770685
2012-03-02,dev,0.15306049358325075,-0.048699543988444983,0.7,0.0862987418690514
2012-03-05,dev,0.15324758432225918,-0.05038336063952076,0.6,0.09315733933383691
2012-03-06,dev,0.15335763769814648,-0.05214421465371764,0.7,0.09069445917904428
2012-03-07,dev,0.15332426332536644,-0.05292011065981367,0.7,0.08771399121171952
2012-03-08,dev,0.15343421384763145,-0.054679319016053364,0.6,0.0719939533416058
2012-03-09,dev,0.15354416436989643,-0.05643852737229305,0.6,0.07625712302227694
2012-03-12,dev,0.15351064699777098,-0.057209689289944014,0.6,0.058095878271171575
2012-03-13,dev,0.1534771921580562,-0.057979412472673984,0.3,0.016892875590951706
2012-03-14,dev,0.15583768073683413,-0.05966121245110998,0.0,-0.004301891747508724
2012-03-15,dev,0.1588797459525512,-0.06252710743439786,-0.3,-0.008670664641369341
2012-03-16,dev,0.1593529863260033,-0.06277948975117227,-0.5,-0.012082370964987543
2012-03-19,dev,0.16007751799609082,-0.0632447788668602,-0.9,-0.01207974302925241
2012-03-20,dev,0.16123730760045557,-0.06487828535188093,0.0,-0.003808572644602215
2012-03-21,dev,0.16236410919302058,-0.06571168630850756,-0.6,-0.012077773044160245
2012-03-22,dev,0.16305809320779557,-0.06556612796536852,-0.6,-0.013986586898044773
2012-03-23,dev,0.16375078848716706,-0.06542083992555937,-0.6,-0.023810144351955165
2012-03-26,dev,0.16444219861759726,-0.06527582143684448,-0.6,-0.033994575572428465
2012-03-27,dev,0.16521658026855407,-0.06521532484607817,-0.6,-0.035407077828063516
2012-03-28,dev,0.16577441377541355,-0.06452830354828766,-0.3,-0.03761222639911738
2012-03-29,dev,0.1663312152128801,-0.06384255333522941,-0.6,-0.04630978828253074
2012-03-30,dev,0.166886987442514,-0.06315807068263893,-0.3,-0.03357183880433151
2012-04-02,dev,0.16742541127682378,-0.0624072322055543,-0.9,-0.08588976059942849
2012-04-03,dev,0.16797914869047686,-0.06172533653306978,-0.9,-0.07918225469414458
2012-04-04,dev,0.16853186539000342,-0.06104469781113361,-0.6,-0.054887717081106124
2012-04-05,dev,0.16899985416659427,-0.060281602539045305,-0.6,-0.04462185628001836
2012-04-06,dev,0.16946698187827877,-0.05951991130609607,-0.6,-0.06513210372613948
2012-04-09,dev,0.1702735758771451,-0.059733640130680464,-0.6,-0.05604391726483354
2012-04-10,dev,0.17071264922330215,-0.05971273187610155,0.1,-0.022588825818909586
2012-04-11,dev,0.170857906570903,-0.059567474528500725,0.1,-0.01933884559120902
2012-04-12,dev,0.1704251327597165,-0.05886934265852967,0.1,-0.017696478767310286
2012-04-13,dev,0.1698094990289913,-0.05835614766986252,0.1,-0.003345236928490536
2012-04-16,dev,0.16882802242437758,-0.05821086680044063,0.1,-0.0036517837932077413
2012-04-17,dev,0.16828045189184246,-0.05717545026677517,0.1,-0.02508487320383679
2012-04-18,dev,0.16757689836446898,-0.05767254234528545,0.1,-0.006923423993089206
2012-04-19,dev,0.16687463221774942,-0.05816872483170331,-0.6,-0.03646066913696
2012-04-20,dev,0.16579599784590948,-0.05741753303702906,-0.6,-0.03688950377856565
2012-04-23,dev,0.16496134029627144,-0.05672733544790529,-0.6,-0.01637297986773434
2012-04-24,dev,0.16450586070428824,-0.05728486682927528,-0.6,-0.016633960088364874
2012-04-25,dev,0.16404194955530063,-0.05683470119581319,0.7,0.0394792131904394
2012-04-26,dev,0.16373725729448405,-0.05653000893499662,0.6,0.026923693484640354
2012-04-27,dev,0.16380254849323045,-0.056464717736250204,-0.3,-0.006203286735346647
2012-04-30,dev,0.16216683214568883,-0.05627228051889237,0.1,-0.0007029831565835143
2012-05-01,dev,0.16115355794185474,-0.05617282493947113,1.0,0.05877930130178027
2012-05-02,dev,0.16070238377098323,-0.05672984486805434,0.6,0.030520435418312952
2012-05-03,dev,0.16060951334768403,-0.05753608609478194,0.7,0.01719689514125322
2012-05-04,dev,0.16051681208726878,-0.058340858758255024,0.0,0.00045272446659061494
2012-05-07,dev,0.16083637237231657,-0.06014637436877495,-0.8,-0.027530317289328643
2012-05-08,dev,0.16078101625550828,-0.06091057239027743,-0.9,-0.04102242451794491
2012-05-09,dev,0.16138941248024022,-0.0627286244518664,-0.8,-0.04479258035615691
2012-05-10,dev,0.16208701636255746,-0.06430581583797498,-0.8,-0.03385014128062652
2012-05-11,dev,0.16272395903771672,-0.06603466024197861,-0.9,-0.046220477526436654
2012-05-14,dev,0.16354288533435,-0.06776350464598227,-0.7,-0.03284346897594759
2012-05-15,dev,0.16478324738597588,-0.07016281502383773,-0.9,-0.05658538360838178
2012-05-16,dev,0.1663875766805499,-0.07265311721243023,-0.3,-0.03267238377774884
2012-05-17,dev,0.16670684619190793,-0.074456989951603,-0.9,-0.055355429523467836
2012-05-18,dev,0.16667829974148063,-0.07600206658098087,-0.6,-0.04676071483973998
2012-05-21,dev,0.16673896094863863,-0.07730628253487835,-0.4,0.002610714976804318
2012-05-22,dev,0.16673896094863863,-0.0787621515066709,-0.5,-0.0648241498425634
2012-05-23,dev,0.16740801838052857,-0.08036788934320678,-0.8,-0.06681949338743814
2012-05-24,dev,0.16819594746691083,-0.0819877435563276,-0.6,-0.04366413072009556
2012-05-25,dev,0.16901443839602864,-0.08414716643314907,-0.1,-0.00972013467155336
2012-05-28,dev,0.1698622052342681,-0.08591249774940904,-0.9,-0.06784020976937932
2012-05-29,dev,0.1706168759567824,-0.08583439547872776,-0.9,-0.08142851727284434
2012-05-30,dev,0.17046191058352467,-0.08630139421126298,-0.7,-0.08519297656031177
2012-05-31,dev,0.1704584666235275,-0.08682804146394482,-0.7,-0.07770751631861561
2012-06-01,dev,0.170733376636132,-0.08627215403789076,-0.9,-0.12834229441956807
2012-06-04,dev,0.17062640037010957,-0.0853358854010334,-0.9,-0.1023980993265669
2012-06-05,dev,0.17047198733810043,-0.084353680979856,-0.5,-0.08427696176403532
2012-06-06,dev,0.1703654408567345,-0.08342084001960963,-0.6,-0.0660815028896492
2012-06-07,dev,0.16847781038815798,-0.08274668628083232,-0.9,-0.06048959700538853
2012-06-08,dev,0.16779969103915254,-0.08342480562983774,0.2,-0.012405695829683983
2012-06-11,dev,0.16714982666302236,-0.0843572197347202,-0.9,-0.09974654945432199
2012-06-12,dev,0.16561513550474694,-0.08408359262898116,-0.9,-0.06981151316818252
2012-06-13,dev,0.16393470817058875,-0.08372966191612306,-0.9,-0.08298758192841782
2012-06-14,dev,0.16263165530387244,-0.0832243965188249,-0.9,-0.0605864863330271
2012-06-15,dev,0.16142610979452945,-0.08292301014148916,-0.9,-0.06321038782971916
2012-06-18,dev,0.16039278507223548,-0.08214801659976867,-0.6,-0.06441851281051925
2012-06-19,dev,0.15944430441414945,-0.08098679261650449,-0.6,-0.04787420394393238
2012-06-20,dev,0.1579976498029379,-0.08062512896370158,-0.7,-0.04465037362200053
2012-06-21,dev,0.15691265884452923,-0.07990180165809581,-0.7,-0.05936201926926771
2012-06-22,dev,0.15600849971252198,-0.07899764252608857,-0.6,-0.055440262793667816
2012-06-25,dev,0.1545198336668939,-0.07851359773824632,-0.6,-0.04696433536897415
2012-06-26,dev,0.15290029588099083,-0.07818571585521072,-0.6,-0.03896599453663663
2012-06-27,dev,0.15135081532927647,-0.07672133263356763,-0.5,-0.03947457159169748
2012-06-28,dev,0.1498013347775621,-0.07525694941192454,0.3,0.013214205612141539
2012-06-29,dev,0.1478901905730449,-0.07415422984308435,0.1,-0.0004781224849343957
2012-07-02,dev,0.14602653755525932,-0.07275743023332867,0.3,0.008043655882510603
2012-07-03,dev,0.14559890198242642,-0.07113015868796331,0.9,0.052890709088718846
2012-07-04,dev,0.14402948169215338,-0.06883635359602365,0.9,0.03850380524317132
2012-07-05,dev,0.14302734866039302,-0.06707282340046775,0.9,0.02965185945700921
2012-07-06,dev,0.14115558063272893,-0.06496629124730001,0.8,0.06418079154661821
2012-07-09,dev,0.1407269546941869,-0.06424515337505012,0.9,0.03557739959145634
2012-07-10,dev,0.13935489241783133,-0.0634090454215552,0.5,0.014039667757996699
2012-07-11,dev,0.1387026467267202,-0.06282534291365367,0.3,0.015767000049262014
2012-07-12,dev,0.13880436695004406,-0.06232249954552435,0.2,0.01704521487678551
2012-07-13,dev,0.13815320581362983,-0.06174030312273006,0.2,0.01039250219693072
2012-07-16,dev,0.1374093740966806,-0.06151576230910598,0.2,0.004237870500992391
2012-07-17,dev,0.13603135133707892,-0.06120459587951851,0.8,0.04681341169254638
2012-07-18,dev,0.13506507649339117,-0.06120576185982497,0.8,0.05430941543123413
2012-07-19,dev,0.13410053955409856,-0.06120692574304455,0.8,0.06739473222540548
2012-07-20,dev,0.13327073342313303,-0.06134108512314017,0.6,0.05925962851878197
2012-07-23,dev,0.1325339553859489,-0.06111770892464543,0.6,0.05591638541810234
2012-07-24,dev,0.13101914389582323,-0.06094939653685369,0.5,0.06307344467634629
2012-07-25,dev,0.1301962833332858,-0.06012653597431628,0.5,0.05175481914601754
2012-07-26,dev,0.12917972453537957,-0.05870657258704685,0.6,0.04019628076211218
2012-07-27,dev,0.12831840122295543,-0.05777256376302573,0.6,0.04818595993103658
2012-07-30,dev,0.1269763151695399,-0.05616517559228124,0.6,0.06309197141894535
2012-07-31,dev,0.1266928416743117,-0.05555098301928681,0.5,0.05451300931528058
2012-08-01,dev,0.12707080633461598,-0.05607068442720518,0.5,0.07462761619320946
2012-08-02,dev,0.1269763151695399,-0.05526750952405862,0.5,0.07092193740376157
2012-08-03,dev,0.12740152541238217,-0.054842299281216325,0.6,0.07835956504036068
2012-08-06,dev,0.12688182400446382,-0.05356666855268945,0.6,0.07787232239175418
2012-08-07,dev,0.1273846205748634,-0.05335046526250766,0.6,0.08903320661456099
2012-08-08,dev,0.1274384874023053,-0.05268662075958427,0.8,0.09090334757986696
2012-08-09,dev,0.12727173537292832,-0.0517968597109291,0.5,0.09569010728175437
2012-08-10,dev,0.1271052816477184,-0.050908690363613215,0.5,0.05453987507636221
2012-08-13,dev,0.12693912542693245,-0.05002210845034078,0.5,0.024005088946580655
2012-08-14,dev,0.12625236539412535,-0.049078243468726836,0.5,0.03604071619466881
2012-08-15,dev,0.12512252827897613,-0.04752471743539664,0.5,0.019774223013098724
2012-08-16,dev,0.12512252827897613,-0.04752471743539664,0.6,0.03025192380635433
2012-08-17,dev,0.12444629818456379,-0.04625935034865225,0.5,0.02460953596097115
2012-08-20,dev,0.1237712756438915,-0.044996242845991324,0.6,0.041879494036380305
2012-08-21,dev,0.12355591584508023,-0.044168991120725976,0.6,0.05894944350370468
2012-08-22,dev,0.12334093993182835,-0.04334321399746644,0.6,0.04791500856865488
2012-08-23,dev,0.12351477811331542,-0.042278110218831426,0.5,0.07659484136376205
2012-08-24,dev,0.12351477811331542,-0.042278110218831426,0.6,0.059574271206714546
2012-08-27,dev,0.12348410910463674,-0.0415646158807948,0.6,0.031145974804138887
2012-08-28,dev,0.1231554551772223,-0.04010914848795945,0.5,0.027602220240510345
2012-08-29,dev,0.12371886190993278,-0.039545741755249,0.5,0.020892998368171822
2012-08-30,dev,0.12280626037934447,-0.03778216130546262,0.5,0.013903091904062692
2012-08-31,dev,0.12278571950888108,-0.03691064151580113,-0.6,-0.01956782994830608
2012-09-03,dev,0.12298819380344889,-0.03626213689117087,-0.3,-0.010330883901779608
2012-09-04,dev,0.12319066809801672,-0.03561363226654061,-0.5,-0.012322663827018299
2012-09-05,dev,0.1234759963238655,-0.034882273710629394,-0.5,-0.008200268668820065
2012-09-06,dev,0.12308401060629752,-0.03407636502644246,-0.5,-0.013811265632597158
2012-09-07,dev,0.12308229837270171,-0.033324869374097905,0.5,0.019802952628404258
2012-09-10,dev,0.1227824535864734,-0.03183740406202415,0.5,0.029343173955078128
2012-09-11,dev,0.12226935020897042,-0.030563197341225073,-0.3,-0.011446720123583942
2012-09-12,dev,0.12230708116246262,-0.029121151310495537,-0.2,0.004355483919390835
2012-09-13,dev,0.12359200103070406,-0.028857551498426698,-0.9,-0.03357242280209011
2012-09-14,dev,0.12429751817477068,-0.0281520343543601,-0.6,-0.0170861334491334
2012-09-17,dev,0.12507953742179642,-0.02795360146916722,-0.9,-0.04640171319852049
2012-09-18,dev,0.12525054333348473,-0.028677122849372183,-0.9,-0.0457558204559696
2012-09-19,dev,0.12558678934005593,-0.028030776185258722,-0.9,-0.04231776840006801
2012-09-20,dev,0.12592610238228674,-0.027316744752083323,-0.9,-0.08952457055723612
2012-09-21,dev,0.1265454499924297,-0.02720988913425296,-0.9,-0.10550763131154223
2012-09-24,dev,0.12638284060490737,-0.02661285340429476,-0.6,-0.07986915182385401
2012-09-25,dev,0.12587819548153412,-0.025460268863257036,-0.6,-0.07813323507999487
2012-09-26,dev,0.12595546710279137,-0.0239723791347928,-0.6,-0.08736533824841514
2012-09-27,dev,0.12643718167786322,-0.023214459615652456,-0.7,-0.059074159848132635
2012-09-28,dev,0.126359823526235,-0.023015612823212166,-0.7,-0.019408201729819274
2012-10-01,dev,0.1259989918793786,-0.02220257345777745,-0.6,-0.017918350771781222
2012-10-02,dev,0.12562496435095252,-0.021678934917980917,-0.6,-0.0242786893562561
2012-10-03,dev,0.12457768727135944,-0.021828545929351358,-0.6,-0.031143940678959148
2012-10-04,dev,0.12375482670882205,-0.021753740423666137,-0.8,-0.05322654260599019
2012-10-05,dev,0.1236052156974516,-0.021903351435036574,-0.8,-0.06816894870327539
2012-10-08,dev,0.12345560468608116,-0.02205296244640701,-0.8,-0.06201685001969659
2012-10-09,dev,0.12246344745278248,-0.022147453611483077,-0.8,-0.015963616641233302
2012-10-10,dev,0.1226255260484338,-0.024005123669332665,-0.6,-0.023607683029619908
2012-10-11,dev,0.12199952207980487,-0.024631127637961603,-0.5,-0.015832751110695487
2012-10-12,dev,0.1217190014334853,-0.026033730869559447,-0.1,-0.0049877108355869115
2012-10-15,dev,0.12055951609536439,-0.026519966656513367,0.2,-0.013541341285069397
2012-10-16,dev,0.11958477768795095,-0.026946131355568552,0.2,-0.008719151143158244
2012-10-17,dev,0.11859668738208684,-0.027347286155287084,-0.1,-0.017338556705364327
2012-10-18,dev,0.11810297104456442,-0.028200068920098572,0.2,0.007030523549677037
2012-10-19,dev,0.11714546057179363,-0.029217423797417548,0.7,0.029391506819315127
2012-10-22,dev,0.11700817046724193,-0.03025237997019186,0.7,0.028088823703722343
2012-10-23,dev,0.11687088036269024,-0.03128733614296618,0.7,0.02408194150424614
2012-10-24,dev,0.1161316259535657,-0.032026590552090686,1.0,0.043999061181075605
2012-10-25,dev,0.1155001794791052,-0.03288245354360686,1.0,0.04024741710820823
2012-10-26,dev,0.11462561511116773,-0.03409364268712783,1.0,0.030156504392164996
2012-10-29,dev,0.11415553051294129,-0.03508736582515079,1.0,0.03014671584924994
2012-10-30,dev,0.1136412426613554,-0.03605048671084797,0.9,0.03861550635579869
2012-10-31,dev,0.11312695480976953,-0.037013607596545164,0.6,0.04736384881134065
2012-11-01,dev,0.11166494720600989,-0.037129116097970864,0.9,0.07102321380362087
2012-11-02,dev,0.11015013571588422,-0.036399762417539984,0.6,0.0104102246055226
2012-11-05,dev,0.10863532422575854,-0.03567040873710911,0.3,0.016127892532008026
2012-11-06,dev,0.10710291144017753,-0.0346594343293927,0.7,0.04900504503959324
2012-11-07,dev,0.10593517549481195,-0.033957032632627816,-0.7,-0.03208175232746635
2012-11-08,dev,0.10507601226039791,-0.03361930777607837,-0.7,-0.04375462099439614
2012-11-09,dev,0.10469373412472711,-0.03347794737195263,-0.9,-0.03588786636852692
2012-11-12,dev,0.10456392457074394,-0.03330853490319493,-1.0,-0.03548380906293869
2012-11-13,dev,0.10443411501676077,-0.03313912243443723,-1.0,-0.0438782150296369
2012-11-14,dev,0.10446638405842891,-0.033256464404139534,-1.0,-0.05640345853994949
2012-11-15,dev,0.10446638405842891,-0.033256464404139534,-1.0,-0.051657231147940796
2012-11-16,dev,0.10443062538263433,-0.032651033031203675,-0.2,-0.013065318454809016
2012-11-19,dev,0.1043554088576871,-0.03131563144894392,-0.2,-0.007290610661366548
2012-11-20,dev,0.10428019233273987,-0.029980229866684166,-0.1,-0.012608090423828544
2012-11-21,dev,0.1043924005912677,-0.02897035553993372,-0.1,-0.013649730893847523
2012-11-22,dev,0.10450460884979552,-0.027960481213183272,-0.1,-0.01655753757601719
2012-11-23,dev,0.10461681710832335,-0.026950606886432825,-0.1,-0.0026598302381941052
2012-11-26,dev,0.10492538981927488,-0.027315283726648265,-0.3,-0.044558809278300915
2012-11-27,dev,0.10498149394853878,-0.026361513529161728,-0.3,-0.07680039697476315
2012-11-28,dev,0.104196036138844,-0.024902806168299967,-0.3,-0.074031439064974
2012-11-29,dev,0.1042521402681079,-0.02394903597081343,-0.8,-0.15599747267985992
2012-11-30,dev,0.10426169646594957,-0.022625040173074366,-0.6,-0.16375226187080438
2012-12-03,dev,0.10397624358848591,-0.020977058442058525,-0.8,-0.18340557122573548
2012-12-04,dev,0.10366767087753438,-0.01971471553362046,-0.6,-0.14715148212623524
2012-12-05,dev,0.10254558829225612,-0.019041465982453498,0.7,0.11281317345734487
2012-12-06,dev,0.10161093049045289,-0.018693743686795834,0.7,0.12980029866168968
2012-12-07,dev,0.09992780661253547,-0.018132702394156697,0.7,0.11506800894208008
2012-12-10,dev,0.09824468273461806,-0.017122828067406247,0.6,0.07344724602851471
2012-12-11,dev,0.09656155885670065,-0.016112953740655796,0.7,0.1107276496859676
2012-12-12,dev,0.09487843497878323,-0.015103079413905348,0.6,0.07686830976132597
2012-12-13,dev,0.09308310284233799,-0.014205413345682726,0.6,0.09166149681387376
2012-12-14,dev,0.09156829135221231,-0.014149309216418814,0.6,0.07243404420531696
2012-12-17,dev,0.09005347986208664,-0.0140932050871549,0.6,0.0777975211806829
2012-12-18,dev,0.08899770215684752,-0.013598468674554932,0.8,0.06698961951422144
2012-12-19,dev,0.08778959324003124,-0.013310467477666841,0.9,0.04673544582416278
2012-12-20,dev,0.08658148432321497,-0.01302246628077875,0.9,0.05418601872011242
2012-12-21,dev,0.0853733754063987,-0.012734465083890659,0.9,0.06612610847387512
2012-12-24,dev,0.08432666503518205,-0.01208558399290903,0.9,0.051667745935081055
2012-12-25,dev,0.08309237419137594,-0.011300126183214236,0.9,0.027199912668212867
2012-12-26,dev,0.08260613840442202,-0.010664279384889879,0.3,0.019809639913064614
2012-12-27,dev,0.08151485808619059,-0.009511394532564747,0.1,0.022443808999275672
2012-12-28,dev,0.08156210366872862,-0.009464148950026712,0.4,0.030130544824417682
2012-12-31,dev,0.08193711548012426,-0.01043563624096501,0.7,0.033224576007497786
2013-01-02,dev,0.0819982568222323,-0.01127216096707959,1.0,0.05728945336398794
2013-01-03,dev,0.08285310658127983,-0.012044330956685563,1.0,0.05778874727932204
2013-01-04,dev,0.0840386754180936,-0.012485781868525305,1.0,0.05706746284132358
2013-01-07,dev,0.08522424425490735,-0.012927232780365047,0.9,0.058444892801577386
2013-01-08,dev,0.08627939559825674,-0.01336819155072002,1.0,0.06661062535748452
2013-01-09,dev,0.08778337997571746,-0.01336031728696368,1.0,0.06661221926222682
2013-01-10,dev,0.08924799303439647,-0.013313071704425649,1.0,0.06906587435440148
2013-01-11,dev,0.09071260609307548,-0.013265826121887614,0.9,0.08070845887542955
2013-01-14,dev,0.09178535873188022,-0.013724386187697932,0.9,0.050252066699816744
2013-01-15,dev,0.09281086578814693,-0.014230191836046282,0.9,0.048795593727215314
2013-01-16,dev,0.09341394175348536,-0.013415900325243719,1.0,0.06036290793643212
2013-01-17,dev,0.09417079745806521,-0.012852658870672662,1.0,0.07968028469299893
2013-01-18,dev,0.09492765316264506,-0.012289417416101607,1.0,0.07069857350538522
2013-01-21,dev,0.09571593975196661,-0.0116079958349018,1.0,0.05613444405153989
2013-01-22,dev,0.09626580879375665,-0.01086576977849262,0.9,0.04322227506761467
2013-01-23,dev,0.09661983338476508,-0.010184025829244183,1.0,0.06206398513064598
2013-01-24,dev,0.09687630940425727,-0.00868462756144376,1.0,0.034831191062942135
2013-01-25,dev,0.09709789237943091,-0.007029272393970101,0.6,0.03018397432223091
2013-01-28,dev,0.09716226048688699,-0.005729654397763236,0.3,0.011779128504179115
2013-01-29,dev,0.09724386649308904,-0.004433025632552783,-0.6,-0.01761294668801805
2013-01-30,dev,0.09763376185605442,-0.003843648921093486,0.3,0.009014877020717071
2013-01-31,dev,0.09892132328724243,-0.0032542722096341892,1.0,0.037888302121119655
2013-02-01,dev,0.09991873002971201,-0.002456346815658526,0.9,0.04076611235633881
2013-02-04,dev,0.10087873401933897,-0.0019202406915811271,0.1,-0.003522639885728873
2013-02-05,dev,0.10267406615578421,-0.0019202406915811271,0.7,0.033468632446400026
2013-02-06,dev,0.1043877922860274,-0.0020018466977831835,0.6,0.009712286127183944
2013-02-07,dev,0.10610151841627058,-0.00208345270398524,0.9,0.06908119503854826
2013-02-08,dev,0.10774043904082856,-0.0020902532045020783,0.4,0.031174897286966763
2013-02-11,dev,0.10935442449682478,-0.0020721185364571764,-0.6,-0.04592170847553073
2013-02-12,dev,0.1102520905650474,-0.0011744524682345552,-0.6,-0.058072572736303396
2013-02-13,dev,0.11193861469322325,-0.00098403845376309,-0.6,-0.06630221594524294
2013-02-14,dev,0.11373394682966849,-0.00098403845376309,-0.6,-0.06919856916569717
2013-02-15,dev,0.11473135357213805,-0.00018611305978742665,-0.6,-0.07461473600039292
2013-02-18,dev,0.11644507970238124,-0.00026771906598948306,-0.5,-0.0895140368468873
2013-02-19,dev,0.11770997279851311,0.00024911897329020797,-0.5,-0.05642964100877068
2013-02-20,dev,0.11942369892875629,0.00016751296708815154,-0.5,-0.053225435141045385
2013-02-21,dev,0.1211374250589995,8.590696088609508e-05,-0.6,-0.020955942122492688
2013-02-22,dev,0.12242782003206952,0.0010396771583726305,-0.5,-0.012183763832949612
2013-02-25,dev,0.1231758750889217,0.0019373432265952515,-0.5,-0.01705873603463215
2013-02-26,dev,0.12334418747671343,0.003115529941137442,0.2,-0.007895034069492546
2013-02-27,dev,0.12370325390400248,0.0036541295820710145,-0.5,-0.020636497367510553
2013-02-28,dev,0.1228560271180522,0.002998532813201956,-0.6,-0.0806714949292146
2013-03-01,dev,0.1224269408115037,0.0024616609901922455,-0.6,-0.08006106582388456
2013-03-04,dev,0.12108330983393281,0.002916591163700498,0.6,0.021277874806333474
2013-03-05,dev,0.11978329721245105,0.003714899885144395,0.6,0.03151130639757016
2013-03-06,dev,0.11936506562125342,0.004252153905457557,0.1,-0.01827177597492391
2013-03-07,dev,0.11952250992474288,0.004205976226204542,0.6,0.030735656102029718
2013-03-08,dev,0.11895403202432127,0.006195648877680217,0.3,0.013397293820162248
2013-03-11,dev,0.11832896951807063,0.006820711383930842,0.6,0.023862933243717077
2013-03-12,dev,0.1168738240035192,0.007015730885881037,0.7,0.018634161937108262
2013-03-13,dev,0.11535867248836768,0.0074507743902314716,1.0,0.03473737192733822
2013-03-14,dev,0.11396353297441628,0.008305859898782327,0.7,0.03364405632146594
2013-03-15,dev,0.11250838745986483,0.008500879400732523,1.0,0.05792141959542868
2013-03-18,dev,0.1112191676287908,0.008611799583659905,0.9,0.08759413143392591
2013-03-19,dev,0.10992994779771678,0.008722719766587289,1.0,0.09439329257662216
2013-03-20,dev,0.1094708109749436,0.009263682953815104,0.9,0.0828810760639242
2013-03-21,dev,0.10884574846869298,0.00988874546006573,0.9,0.07985257948273955
2013-03-22,dev,0.10740560445429154,0.010398796465166239,1.0,0.07170390832855
2013-03-25,dev,0.10627111600544666,0.011008232408760596,1.0,0.07265709869103487
2013-03-26,dev,0.10543103199704582,0.011668298415361258,1.0,0.08744268864981675
2013-03-27,dev,0.10411089998384448,0.012598391424662188,1.0,0.07848435409539439
2013-03-28,dev,0.10259574846869297,0.013033434929012622,1.0,0.0534607100310715
2013-03-29,dev,0.10108059695354146,0.013468478433363058,1.0,0.05816787778214921
2013-04-01,dev,0.1004509398336798,0.01366079237789762,0.9,0.0684387816424687
2013-04-02,dev,0.09976003295646338,0.01319219675936251,0.9,0.06369403737737833
2013-04-03,dev,0.0988279310805462,0.013819307387202464,0.9,0.06252188424262728
2013-04-04,dev,0.09813493583182226,0.01335043191252184,0.9,0.06473229962342109
2013-04-05,dev,0.09744068855916206,0.012880709327679193,0.9,0.08247860178792837
2013-04-08,dev,0.09800466367492414,0.013320641443279551,0.9,0.06905312030133398
2013-04-09,dev,0.09859612088689741,0.013734908489331791,0.9,0.07940092866482756
2013-04-10,dev,0.09918864957932717,0.014149926019163109,0.7,0.0507799222714701
2013-04-11,dev,0.09978225266648483,0.014565696073980524,0.7,0.0485324941886382
2013-04-12,dev,0.10037693307321989,0.014982220702400146,0.7,0.04463698710410685
2013-04-15,dev,0.10097269373500804,0.015399501960480842,0.2,0.017213588789167455
2013-04-16,dev,0.10156953759799947,0.015817541911758045,0.6,0.032893193257267805
2013-04-17,dev,0.1018439411808912,0.015104000093661377,0.9,0.06197274188537272
2013-04-18,dev,0.10331896632336521,0.013849270914024384,0.9,0.07214692948204188
2013-04-19,dev,0.1041720145490249,0.012996222688364693,0.9,0.08357271607630867
2013-04-22,dev,0.10449457558231182,0.012324998847461565,0.9,0.0707894395074598
2013-04-23,dev,0.10458983043699031,0.01142465700502534,-0.3,-0.004432323738986721
2013-04-24,dev,0.10360177371293647,0.010693748845358392,0.7,0.05109908749623332
2013-04-25,dev,0.10369638720491176,0.009790272816906665,0.1,0.0002911256546391794
2013-04-26,dev,0.1040196928604921,0.009113664291145154,-0.6,-0.012946118537164653
2013-04-29,dev,0.10434359010922083,0.008435817689398719,-0.6,-0.02348797267871594
2013-04-30,dev,0.1044391428474161,0.007527791881421977,-0.6,-0.037044439709308485
2013-05-01,dev,0.10462652977944856,0.006801419555007148,-0.6,-0.03336549965365976
2013-05-02,dev,0.10449315962328291,0.00611958599496587,-0.6,-0.03372356390866549
2013-05-03,dev,0.10493346555498474,0.005551284421040219,-0.6,-0.031265421483210876
2013-05-06,dev,0.105549816686613,0.004952925623113182,-0.7,-0.01843418296308108
2013-05-07,dev,0.1064832488170431,0.004873849114110442,-0.7,-0.010593213444616556
2013-05-08,dev,0.10731608771832932,0.004896939233186069,-0.7,-0.020157607241873043
2013-05-09,dev,0.10739474031348169,0.005276193008141454,-0.2,-0.0002898725031744709
2013-05-10,dev,0.10797027376071137,0.005230373024804818,0.5,0.025321931122095798
2013-05-13,dev,0.10737744852872681,0.006389403840155516,0.8,0.030243177487662642
2013-05-14,dev,0.10692825338558645,0.007299211032264696,0.0,0.006100450615168784
2013-05-15,dev,0.1068324179902082,0.008036281240629906,-1.0,-0.02022705129703406
2013-05-16,dev,0.10634654157411726,0.009310778771993062,0.3,0.01804694309995447
2013-05-17,dev,0.10585976455299187,0.010587638671347625,-0.1,-0.005291981796699874
2013-05-20,dev,0.10537208442051002,0.011866867513001545,-0.2,0.016172031802231923
2013-05-21,dev,0.10439561727862935,0.013673331725480796,0.3,0.02690025989836331
2013-05-22,dev,0.10414435972735603,0.014730595728939923,-0.2,0.021126398500382504
2013-05-23,dev,0.10221968517403464,0.01744844670950898,0.5,0.04716490386661604
2013-05-24,dev,0.09982128653392572,0.02000207530554985,0.5,0.049937918880845034
2013-05-27,dev,0.096956359592617,0.022708179004909672,0.5,0.07046430399770831
2013-05-28,dev,0.09409143265130832,0.025414282704269493,0.5,0.07570656437625417
2013-05-29,dev,0.09128453727917324,0.027714165419413902,0.6,0.1082195397067508
2013-05-30,dev,0.08848560702437572,0.030176764103025548,0.5,0.1193178408386244
2013-05-31,dev,0.0856866767695782,0.03263936278663719,0.5,0.10796684701420722
2013-06-03,dev,0.0832126993469129,0.03480791089786234,0.6,0.10916745143611328
2013-06-04,dev,0.08100977546612567,0.036164256593057775,0.6,0.10679419111896321
2013-06-05,dev,0.07880685158533844,0.03752060228825322,0.6,0.12173598034906774
2013-06-06,dev,0.07713190119664072,0.03878591807101943,0.7,0.11059878384658683
2013-06-07,dev,0.07609416019494755,0.040069439836271495,0.9,0.1061603904830441
2013-06-10,dev,0.07527195745003071,0.040452914240959335,0.6,0.11278730388428776
2013-06-11,dev,0.07455862414239549,0.0406374236838273,0.6,0.12083954236584776
2013-06-12,dev,0.07366043320931157,0.04125947992598371,0.7,0.12798518772317713
2013-06-13,dev,0.07372192992404178,0.04101061040855996,1.0,0.08351559773263578
2013-06-14,dev,0.07333805590006189,0.04062673638458009,0.9,0.1112196295304212
2013-06-17,dev,0.07291129733146921,0.040402483575991625,1.0,0.09523330228483057
2013-06-18,dev,0.07399961341524809,0.038694900312147014,1.0,0.07408849215631924
2013-06-19,dev,0.07357307387552352,0.0384686362266173,0.9,0.09878114143060479
2013-06-20,dev,0.07276641941602353,0.03856291133047035,0.6,0.08477041971624327
2013-06-21,dev,0.07289283663043103,0.03772278321021846,0.6,0.08414352609081283
2013-06-24,dev,0.0730194903597392,0.03688108328805776,0.6,0.04679234800663057
2013-06-25,dev,0.07282451797243558,0.03641819104394546,0.9,0.02161297718345312
2013-06-26,dev,0.0733881637441683,0.035577342433655686,-0.1,0.0026716725034743316
2013-06-27,dev,0.0723039926422562,0.03636583050777357,-0.1,-0.006178286583603976
2013-06-28,dev,0.07195081569239091,0.03648081835191575,-0.1,0.01749458348063515
2013-07-01,dev,0.07331424298721974,0.03550342167670714,-0.1,0.021604505980911348
2013-07-02,dev,0.07301855995942554,0.036144068236927916,-0.1,0.02056905079632093
2013-07-03,dev,0.07272287693163133,0.03678471479714869,0.3,0.02417177489000999
2013-07-04,dev,0.07301855995942554,0.037080397824942886,0.6,0.032719012881614606
2013-07-05,dev,0.07437377383681565,0.03656295252630304,-0.1,0.007264670446496924
2013-07-08,dev,0.0758932560629803,0.035741610782430246,0.4,-0.0014048640526379552
2013-07-09,dev,0.07741273828914497,0.034920269038557446,-0.6,-0.01917196856482095
2013-07-10,dev,0.07907903535202689,0.03424574213140192,0.3,0.004054898290621112
2013-07-11,dev,0.0795225598937182,0.03468926667309323,0.3,0.013525845133182113
2013-07-12,dev,0.07971195163701122,0.03550287814172957,-0.2,-0.006692866331808323
2013-07-15,dev,0.08079458272315354,0.03541509724285316,-0.9,-0.020555341499498003
2013-07-16,dev,0.08187721380929586,0.03532731634397676,0.0,-0.005502316997122003
2013-07-17,dev,0.08333173537026331,0.03522128859158591,-0.8,-0.027184254329908675
2013-07-18,dev,0.0850072725277638,0.035024166573056445,-0.8,-0.05551696207038059
2013-07-19,dev,0.0866828096852643,0.03482704455452697,-0.8,-0.05913976788142261
2013-07-22,dev,0.0885339086405176,0.033869154745735326,-0.5,-0.048913965537516146
2013-07-23,dev,0.09004517744924354,0.0335077643784313,-0.8,-0.02929151191958629
2013-07-24,dev,0.09028336655496665,0.03374595348415441,-0.8,-0.03980937633691711
2013-07-25,dev,0.09052976907812849,0.03399235600731624,-0.6,-0.033537856485679585
2013-07-26,dev,0.09161065481306507,0.033387848483825866,-0.8,-0.04211437596508527
2013-07-29,dev,0.09121641077600613,0.033929934034781915,-0.6,-0.05571811824071227
2013-07-30,dev,0.09146281329916799,0.03417633655794374,-0.5,-0.08637799338333146
2013-07-31,dev,0.09359008841579851,0.033026458116521835,-0.6,-0.08782429659048657
2013-08-01,dev,0.095265625573299,0.03282933609799237,-0.9,-0.08377821114411288
2013-08-02,dev,0.09647135525330425,0.03178787476676167,-0.9,-0.08640088473185209
2013-08-05,dev,0.09638357435442785,0.030997846676874028,-0.9,-0.08387740993161202
2013-08-06,dev,0.09483277847427804,0.031085627575750435,-0.9,-0.08966097178595378
2013-08-07,dev,0.09537486402523408,0.029755053950676517,-0.9,-0.07190349667878126
2013-08-08,dev,0.09625369969117796,0.028293065646582946,-0.6,-0.047438973025561826
2013-08-09,dev,0.0961643787765318,0.027267415143921798,-0.6,-0.04821429016454165
2013-08-12,dev,0.09551460435719347,0.027490277122303612,-0.8,-0.04562723566875038
2013-08-13,dev,0.0948636108488883,0.027713557228224602,-0.9,-0.05296244381836962
2013-08-14,dev,0.09500791802284196,0.027794812708637737,-0.9,-0.05345676498956542
2013-08-15,dev,0.09558262801767875,0.0277692955636787,-0.6,-0.059035899413786286
2013-08-16,dev,0.09615423246739954,0.02646120076527919,-0.6,-0.05372990108494646
2013-08-19,dev,0.09760352567239658,0.02549309695080104,-0.6,-0.03333303285147493
2013-08-20,dev,0.098544259444739,0.02455236317845861,-0.7,-0.05747115341667425
2013-08-21,dev,0.0998315793437339,0.023017481760426232,-0.6,-0.005182218080342804
2013-08-22,dev,0.1001565038374706,0.02287203936799171,-0.6,-0.017914352227441754
2013-08-23,dev,0.10108795405284912,0.021922022038685377,-0.6,-0.034806473652611025
2013-08-26,dev,0.10160443533962535,0.021497769553119182,-0.6,-0.031297708853589845
2013-08-27,dev,0.10249329041128713,0.02050515708009611,0.0,-0.05681455436278826
2013-08-28,dev,0.10391749726786746,0.01910716261964916,0.1,-0.0037652763397633127
2013-08-29,dev,0.1049015782168845,0.019069764910805358,0.6,0.01307631494514927
2013-08-30,dev,0.10618320266457651,0.01807130910718781,0.3,-0.026086201533778275
2013-09-02,dev,0.10726376765414167,0.017496422624843504,0.0,-0.036729967415190135
2013-09-03,dev,0.10844763742846651,0.015535638311118014,0.4,-0.03976102928650854
2013-09-04,dev,0.10919242392300472,0.014393632352826055,0.6,0.011799375114201038
2013-09-05,dev,0.11017281607986748,0.012858301239248549,0.1,-0.0034107095050517344
2013-09-06,dev,0.1113566858541923,0.010897516925523057,0.3,0.012005210192647775
2013-09-09,dev,0.1117182176317494,0.01007980342006129,0.9,0.038534147216969794
2013-09-10,dev,0.11090604212031514,0.009834676366884983,0.6,0.008033643921416589
2013-09-11,dev,0.10991538062058957,0.009880805230392403,0.3,0.010692074766811721
2013-09-12,dev,0.10893004159836889,0.010400672770156851,0.7,0.037002199892759546
2013-09-13,dev,0.10794655471716741,0.010919563115297681,1.0,0.03352738613670664
2013-09-16,dev,0.10660068489150436,0.01205758158179359,0.7,0.027543925637623368
2013-09-17,dev,0.10518531611241377,0.013305120070873432,0.2,0.008436240792452365
2013-09-18,dev,0.10342194629080091,0.014674582329461078,0.7,0.016639483236186248
2013-09-19,dev,0.10214808148171939,0.015437058372509877,0.7,0.024685645566405567
2013-09-20,dev,0.10099881794855492,0.015540927671425618,0.9,0.026908220426666907
2013-09-23,dev,0.0997641135404759,0.015559356095426797,0.7,0.01630924109166504
2013-09-24,dev,0.09947753060586666,0.01531193356182005,0.7,0.024804470792073485
2013-09-25,dev,0.09912278344384395,0.015583752815837447,0.7,0.018874279947973582
2013-09-26,dev,0.10006263306790411,0.016523602439897596,0.6,0.018192998757199486
2013-09-27,dev,0.10094552210868789,0.017093208272661323,0.4,0.015682094412129255
2013-09-30,dev,0.10055775198407566,0.018585137396169397,-0.4,-0.017451345456765355
2013-10-01,dev,0.10098631256301217,0.019267308191122146,-0.5,-0.03268995082213383
2013-10-02,dev,0.10035974614697207,0.02005051621117227,-0.2,-0.0167258101855427
2013-10-03,dev,0.09941989652291192,0.020520441023202347,-0.4,-0.011596627214859101
2013-10-04,dev,0.09844088649784925,0.02142113024625999,-0.4,-0.010868688212123445
2013-10-07,dev,0.09861188764538566,0.020578942535610503,-0.3,-0.005521414936522306
2013-10-08,dev,0.09854174521499169,0.020508800105216548,-0.6,-0.04351984590328317
2013-10-09,dev,0.09871300235110124,0.019664960306194468,-0.8,-0.07083219100790183
2013-10-10,dev,0.09889172251440019,0.018826670062288046,-0.8,-0.04898519420727648
2013-10-11,dev,0.09906363294444523,0.017979651197566934,-0.7,-0.08188209649160078
2013-10-14,dev,0.09963416304327721,0.017921250478788855,-0.7,-0.07747811777312452
2013-10-15,dev,0.10041618886254236,0.01681648384522381,-0.6,-0.06767468916926694
2013-10-16,dev,0.10248173007406172,0.015108440151082798,-0.6,-0.062441314619075705
2013-10-17,dev,0.10361829790874276,0.015616077168153778,-0.6,-0.0445535270291893
2013-10-18,dev,0.10380697715402577,0.015804756413436795,-0.6,-0.03294571698211163
2013-10-21,dev,0.1045145243238371,0.01604060547004057,0.1,-0.012220331046742472
2013-10-22,dev,0.1039050007396292,0.016763967703723327,0.0,0.005444193511317086
2013-10-23,dev,0.10327961764071099,0.018971445794606814,0.1,0.02375322082509035
2013-10-24,dev,0.1031698649776558,0.019569908429002057,0.3,0.03705826155545294
2013-10-25,dev,0.10244591156248425,0.020356814315058085,0.2,0.03878631524304116
2013-10-28,dev,0.10097846179475121,0.021182633129545454,0.5,0.04797031509383026
2013-10-29,dev,0.09906856686702592,0.022840044885274156,0.6,0.05201768038558535
2013-10-30,dev,0.09751740844617911,0.024541430793458933,0.7,0.05248848856943045
2013-10-31,dev,0.09608930397274885,0.02635088196551634,0.8,0.052171492709412626
2013-11-01,dev,0.09528865340320011,0.027843499978188024,0.9,0.04187682442256119
2013-11-04,dev,0.09409679102153605,0.029094793014183613,0.7,0.04930462875243041
2013-11-05,dev,0.09342585021342512,0.03031242633260715,0.2,0.041254180328967216
2013-11-06,dev,0.09264981953712313,0.030617949200846827,0.2,0.020744436885421602
2013-11-07,dev,0.09284982878610575,0.0308965748020307,0.2,0.03513758046536103
2013-11-08,dev,0.09211607616556067,0.03204961463431581,0.1,0.01633056243295372
2013-11-11,dev,0.09062236547373677,0.0333860926217372,0.2,0.01554986159656535
2013-11-12,dev,0.08927874054520618,0.034558190963646866,0.2,0.0051831879235337275
2013-11-13,dev,0.08857577692870207,0.03505875493602473,0.1,-0.02055506684285746
2013-11-14,dev,0.08725007885465338,0.03629877054927314,0.1,-0.001644012132477668
2013-11-15,dev,0.08594401634453809,0.03716571044778703,0.1,0.002154900843484353
2013-11-18,dev,0.08525617658978034,0.038624692349747254,0.8,0.030459173463435407
2013-11-19,dev,0.08437555129822197,0.04004797322637403,0.9,0.03591842275822121
2013-11-20,dev,0.08347231535728575,0.04079412465584308,0.6,0.04763429948990927
2013-11-21,dev,0.08292489963550621,0.04186991555255764,0.8,0.049123873094889914
2013-11-22,dev,0.08212099654740952,0.04279394209059981,0.5,0.05620018622184908
2013-11-25,dev,0.08178302684091955,0.04318427330091217,0.5,0.0629807359435478
2013-11-26,dev,0.08254414764767753,0.041717650126863036,0.6,0.05930136106795997
2013-11-27,dev,0.08177443354148842,0.04173335857800975,0.6,0.05495006087326526
2013-11-28,dev,0.08178990398579958,0.04200587640472173,0.6,0.06812412513565669
2013-11-29,dev,0.082343833578868,0.04208855246338866,0.6,0.06072002891304101
2013-12-02,dev,0.08322120193478194,0.04133795406409737,0.5,0.05389137420763035
2013-12-03,dev,0.08282435685318065,0.0409411089824961,0.5,0.059354254809653395
2013-12-04,dev,0.08256079559949094,0.04093459511120719,0.6,0.060511528247178537
2013-12-05,dev,0.0822972343458012,0.040928081239918285,0.5,0.056438888761351336
2013-12-06,dev,0.08109116602330844,0.04186407443743239,0.7,0.051015816417233406
2013-12-09,dev,0.08076096285566295,0.04119114142658579,0.7,0.06324644196912277
2013-12-10,dev,0.0804974016019732,0.04118462755529688,0.6,0.07850389391036805
2013-12-11,dev,0.07974053986490413,0.04162732026943163,0.6,0.08463980812292543
2013-12-12,dev,0.0788503942999235,0.04167968177325402,0.6,0.07257365641263741
2013-12-13,dev,0.07802689064889864,0.04145595534783108,0.7,0.06125006517658771
2013-12-16,dev,0.07837413009529975,0.04086068772542918,0.7,0.06386696390735364
2013-12-17,dev,0.07826169065551274,0.040119910239773474,0.7,0.06930875051928792
2013-12-18,dev,0.07763335260964405,0.04043407926270781,0.7,0.056836658867846224
2013-12-19,dev,0.07709069702457565,0.04066256582484188,0.0,0.031825439321941706
2013-12-20,dev,0.07693361251310848,0.04050548131337471,0.0,0.020101559191610274
2013-12-23,dev,0.07736352801817653,0.041563734864311426,0.0,0.015158153998584556
2013-12-24,dev,0.07714806919862027,0.04263351295675929,0.2,0.007823938830685717
2013-12-25,dev,0.07676124545746349,0.04387465597080771,0.0,-0.0034281855087629487
2013-12-26,dev,0.07707541448039781,0.044660078528143556,-0.8,-0.03685534273986096
2013-12-27,dev,0.07796079990866732,0.04503136919161141,-0.1,-0.027163408192941385
2013-12-30,dev,0.07760529285639951,0.04656087627694964,-0.1,-0.022616325824041328
2013-12-31,dev,0.0782336309022682,0.047189214322818314,-0.1,-0.03702131401861136
2014-01-02,dev,0.07830743621444015,0.0477054305627455,-0.1,0.00023507460295230098
2014-01-03,dev,0.07822399973620386,0.04853738406972953,-0.1,-0.0054075934048067875
2014-01-06,dev,0.07853423035977304,0.04881955551024912,-0.8,-0.043090298509444014
2014-01-07,dev,0.07860852953702922,0.04905495717109136,-0.6,-0.023987300942422907
2014-01-08,dev,0.07977848339558516,0.04861864186389672,-0.8,-0.051439300517833686
2014-01-09,dev,0.08095065517614783,0.04818149941867897,-0.8,-0.04223960982903202
2014-01-10,dev,0.08095065517614783,0.04818149941867897,-0.9,-0.03116299328664579
2014-01-13,dev,0.08277518640796382,0.047128640559643456,-0.9,-0.03432451874963055
2014-01-14,dev,0.08271812851959802,0.047309063905718284,-0.6,-0.036758625290032765
2014-01-15,dev,0.08389643733482391,0.04686943001060145,-0.6,-0.04680084394127593
2014-01-16,dev,0.08507698841230524,0.046428959514352136,-0.6,-0.03439988830930707
2014-01-17,dev,0.08515801411555506,0.04666365376150866,-0.6,-0.04604325981575175
2014-01-20,dev,0.08529527011510445,0.04676421351667861,-0.5,-0.05279272014392766
2014-01-21,dev,0.08483140246117937,0.047354092128267584,-0.8,-0.04824250870635438
2014-01-22,dev,0.08590613126792909,0.046520423988452395,-0.8,-0.04991466265383071
2014-01-23,dev,0.08547082989696562,0.046763837319227744,-0.8,-0.02173408889913986
2014-01-24,dev,0.08540873297253758,0.0467017403947997,0.0,0.005827348130691301
2014-01-27,dev,0.08473353418315506,0.04718456551308663,0.4,0.0199272696070123
2014-01-28,dev,0.0848320716357732,0.04656608575729179,0.0,0.022933980542549248
2014-01-29,dev,0.08556795771809182,0.04562893168664673,0.7,0.04366022584585977
2014-01-30,dev,0.08546618620210991,0.04574992404310101,0.0,0.02051915436539642
2014-01-31,dev,0.08703208441872583,0.045140963625528156,0.0,0.027546335580197423
2014-02-03,dev,0.08760671618530806,0.04451942314330656,0.4,0.0393373141064185
2014-02-04,dev,0.08794563165580248,0.044140635264518675,0.7,0.049798174912253246
2014-02-05,dev,0.0885202634223847,0.04351909478229708,1.0,0.09403635510699238
2014-02-06,dev,0.08909489518896695,0.04289755430007549,0.7,0.07628974788125625
2014-02-07,dev,0.08916291282664401,0.0427263374879918,0.7,0.06541043892210702
2014-02-10,dev,0.08858476290638882,0.04329651292658829,0.7,0.11596813273282192
2014-02-11,dev,0.08829275615153379,0.04348297507125477,0.7,0.10361540689782373
2014-02-12,dev,0.08715639251517014,0.043782018133455725,0.7,0.10728400882990691
2014-02-13,dev,0.08571981309871457,0.04409982468191243,0.6,0.06845538686331926
2014-02-14,dev,0.08552824751191804,0.04482624761195805,0.6,0.09997591601779526
2014-02-17,dev,0.08572990107110337,0.04502790117114337,0.7,0.10386735493411875
2014-02-18,dev,0.08575128856980484,0.04478805564999114,0.7,0.09381411706870918
2014-02-19,dev,0.08521188266397373,0.045305115621377026,0.6,0.10547800048136607
2014-02-20,dev,0.08540761299039992,0.04393194505004326,0.7,0.11153668985951115
2014-02-21,dev,0.08560558490390234,0.04372100040639046,0.6,0.06810268418861204
2014-02-24,dev,0.0875872132262781,0.04309423264628184,0.6,0.01176334039711896
2014-02-25,dev,0.08753412011424076,0.0439590137123617,-0.5,-0.015756846581276462
2014-02-26,dev,0.08807121965117078,0.0440691733410838,-0.6,-0.017530417085340977
2014-02-27,dev,0.08755362118316841,0.044027016692457836,-0.7,-0.020275210171741775
2014-02-28,dev,0.08703502637547789,0.043984778895326336,-0.3,-0.006356203526526494
2014-03-03,dev,0.08775319326020764,0.04297544645871654,0.1,-0.002070764847769191
2014-03-04,dev,0.08832038541433294,0.042456781896571254,0.1,-0.010867644019349476
2014-03-05,dev,0.08917708405736459,0.04242505231719971,-0.2,0.0019437777017353164
2014-03-06,dev,0.09061445474118265,0.04124649545727502,-0.2,0.0105143179188944
2014-03-07,dev,0.09205182542500072,0.040067938597350326,-0.7,-0.01789621416968945
2014-03-10,dev,0.09348919610881877,0.038889381737425635,-0.9,-0.062315696400987164
2014-03-11,dev,0.09519521056464923,0.03738718316791121,-0.9,-0.0725387428593085
2014-03-12,dev,0.09561394486211307,0.036624711760588985,-0.9,-0.08715095166269943
2014-03-13,dev,0.09655807612385743,0.035804325858393646,-1.0,-0.09169213388236386
2014-03-14,dev,0.09703736370612864,0.03549614297080749,-1.0,-0.10650194834782467
2014-03-17,dev,0.09729110419086047,0.035049909704554974,-1.0,-0.0939840306865044
2014-03-18,dev,0.09733235264404348,0.03509115815773798,-1.0,-0.09087751492932206
2014-03-19,dev,0.09798663366406077,0.036051677693810937,-1.0,-0.08260244909882936
2014-03-20,dev,0.09800996612242692,0.03686248062203446,-1.0,-0.09893510699460484
2014-03-21,dev,0.09866424714244423,0.03782300015810741,-1.0,-0.06585770467369872
2014-03-24,dev,0.09883141192639641,0.03755958898339488,-0.7,-0.02221251651383499
2014-03-25,dev,0.09743729753901927,0.03747792537911338,0.0,-0.0083915021100599
2014-03-26,dev,0.09608109839648712,0.03739042866024034,0.0,-0.002488108474187678
2014-03-27,dev,0.0945834622501503,0.037114381319707915,0.1,0.0021883357173855256
2014-03-28,dev,0.09356705805761521,0.03683833397917549,0.5,0.008224433819409849
2014-03-31,dev,0.09249959808736409,0.03752080838638522,0.5,0.020938612751075503
2014-04-01,dev,0.09156674845384073,0.038068672456867195,0.5,0.02047451153067037
2014-04-02,dev,0.0901389173821213,0.03860278704295483,0.5,0.02215738505929582
2014-04-03,dev,0.08925733279448451,0.03927812936467658,0.6,0.011769119848232035
2014-04-04,dev,0.08782605261816193,0.03918079039362897,0.6,0.01463243319937857
2014-04-07,dev,0.08608984321621058,0.039218534076280086,0.6,0.03456392930977653
2014-04-08,dev,0.08404482186529555,0.039565089707894886,0.8,0.028270251602823926
2014-04-09,dev,0.08199980051438052,0.03991164533950968,0.8,0.034436266698842644
2014-04-10,dev,0.08041444329860944,0.039434579896130466,-0.1,-0.009441692225718779
2014-04-11,dev,0.07873158973895127,0.03858294516576619,-0.5,-0.06784260527985175
2014-04-14,dev,0.07721400775938661,0.037459098421130224,-0.1,-0.02588864763835297
2014-04-15,dev,0.07592671228296698,0.03629211093316103,0.2,-0.014038286791874799
2014-04-16,dev,0.07440913030340232,0.03516826418852506,0.5,0.020365469803939162
2014-04-17,dev,0.07289154832383768,0.0340444174438891,0.9,0.02393358967439746
2014-04-18,dev,0.07187336282158346,0.03284893595865532,0.9,0.022646670451915818
2014-04-21,dev,0.07064452001429986,0.032013828386300396,0.9,0.03833314064531529
2014-04-22,dev,0.0694098440924247,0.03217909996639392,0.7,0.024647324311292462
2014-04-23,dev,0.06832828742857738,0.032191252288459614,0.9,0.027204090521466384
2014-04-24,dev,0.06712277707965991,0.03264817959812995,0.9,0.024288622899739376
2014-04-25,dev,0.06667557162764214,0.0320259807083661,0.2,0.00887214121799329
2014-04-28,dev,0.06646898215252524,0.031163165841701375,-0.1,-0.011656124942213797
2014-04-29,dev,0.06626239267740833,0.03030035097503665,0.2,-0.005188221191314402
2014-04-30,dev,0.06605580320229143,0.02943753610837193,0.2,-0.01640947685442684
2014-05-01,dev,0.06641672716764273,0.028354764212318032,0.2,-0.006974300528454713
2014-05-02,dev,0.06624902512313606,0.02834747281907861,0.2,-0.015809424743705114
2014-05-05,dev,0.06559063635117654,0.02885779022063759,0.2,-0.016750935858087845
2014-05-06,dev,0.06566202790476251,0.029336378042825025,0.2,-0.005654803871596836
2014-05-07,dev,0.06542870332110107,0.029744696064232558,0.2,-0.00309043605669046
2014-05-08,dev,0.06543499393487624,0.030486988489704513,0.2,-0.001570265976402585
2014-05-09,dev,0.06531679661288987,0.030926007114225388,0.2,0.004515705595015351
2014-05-12,dev,0.0643543327052864,0.032624472833525625,0.2,0.014670656942453397
2014-05-13,dev,0.06318527179790841,0.035701576224398214,0.2,0.002484128455593926
2014-05-14,dev,0.06274886046725488,0.03775152998838696,0.2,-0.001685871337416378
2014-05-15,dev,0.06359723170243534,0.03818015013601014,0.2,-0.0024986357911068735
2014-05-16,dev,0.06440069257495942,0.03833559667766622,0.2,-0.013136574286693403
2014-05-19,dev,0.0644383637433307,0.039654087570661266,-0.5,-0.033347500937955965
2014-05-20,dev,0.06419610343357457,0.04109290314947381,0.2,-0.00900233634747638
2014-05-21,dev,0.06515671822704239,0.042053517942941626,-0.1,-0.007875815363021066
2014-05-22,dev,0.0661173330205102,0.04301413273640945,0.2,-0.0007968778558101741
2014-05-23,dev,0.0656370256237763,0.044935362323345086,0.4,0.006402699808167267
2014-05-26,dev,0.06465757524612284,0.04715796125725103,0.5,0.030917572057910903
2014-05-27,dev,0.06397949421543968,0.049361724606971316,-0.1,0.0004627009322870079
2014-05-28,dev,0.06226049932186567,0.052445803680736425,-0.3,-0.009736640288295018
2014-05-29,dev,0.06158241829118251,0.05464956703045671,-0.1,0.001589170678524987
2014-05-30,dev,0.059863423397608514,0.057733646104221825,-0.1,-0.003842866176981763
2014-06-02,dev,0.05814442850403452,0.06081772517798693,-0.1,-0.007726407871886387
2014-06-03,dev,0.056425433610460526,0.06390180425175203,-0.5,-0.02035065568249017
2014-06-04,dev,0.05470643871688653,0.06698588332551714,-0.8,-0.02404712982445778
2014-06-05,dev,0.05298744382331254,0.07006996239928223,0.1,-0.0031543698352608507
2014-06-06,dev,0.051268448929738544,0.07315404147304734,-0.5,-0.011872888001602355
2014-06-09,dev,0.04954945403616455,0.07623812054681246,-0.5,-0.01793523518081186
2014-06-10,dev,0.04833901991560294,0.07887014560012211,-0.8,-0.01904190792564231
2014-06-11,dev,0.04718038365155184,0.08155396850994229,-0.5,-0.018634953293060308
2014-06-12,dev,0.04616583960652091,0.08399763772139551,-0.5,-0.017275614394297922
2014-06-13,dev,0.04495917260279642,0.08695363482269824,-0.3,-0.014920983465106674
2014-06-16,dev,0.04323558146619148,0.08933448871272853,0.3,0.014652738238087493
2014-06-17,dev,0.0434523355734355,0.09031973465474682,0.1,0.0037258676558098447
2014-06-18,dev,0.043906444384893016,0.09173445825967215,0.6,0.004147101731456382
2014-06-19,dev,0.04404034826519459,0.09346938679575344,-0.9,-0.019216546188049854
2014-06-20,dev,0.04414098410070074,0.09533114975261725,-0.6,-0.006002352955340906
2014-06-23,dev,0.043900830402333786,0.09689214879200245,-0.7,-0.008172638447149438
2014-06-24,dev,0.04319261243695359,0.09842536534471383,-0.7,-0.004808166353667542
2014-06-25,dev,0.04091774993154353,0.09752280968711495,-0.7,-0.0161995834208708
2014-06-26,dev,0.04023554861681976,0.0985016714527626,-0.7,-0.02308452509649861
2014-06-27,dev,0.03988355863735055,0.09987078297825658,-0.7,-0.04105654786120194
2014-06-30,dev,0.03913967595902983,0.10055924557233877,-0.6,-0.06199285957165801
2014-07-01,dev,0.03826911880244962,0.1012857105098988,-0.6,-0.07692096815879307
2014-07-02,dev,0.037628708940137735,0.10179803839974831,-0.7,-0.07124104342986709
2014-07-03,dev,0.03648271234442174,0.10353388618443578,-0.7,-0.10499819808709271
2014-07-04,dev,0.03518494633095856,0.1040911574321626,-1.0,-0.10027116549998133
2014-07-07,dev,0.03379046996277718,0.10455961433709854,-0.7,-0.10674666540096123
2014-07-08,dev,0.0326520107403166,0.1045784318449078,-0.7,-0.10152634675281214
2014-07-09,dev,0.031032528974481666,0.10533419000229743,-1.0,-0.12024166692311505
2014-07-10,dev,0.029113143177936566,0.10591000574126097,-0.7,-0.057242605462277885
2014-07-11,dev,0.02719375738139146,0.10667776005987901,-0.7,-0.10022760651399659
2014-07-14,dev,0.02537539188992767,0.10773847326323288,-0.9,-0.06383235986378166
2014-07-15,dev,0.023590699833490995,0.1094726551671289,-0.9,-0.06287638776411164
2014-07-16,dev,0.02281423003757182,0.11149108047845963,-0.9,-0.06043380452160069
2014-07-17,dev,0.022996248190025454,0.11239869278759679,-0.4,-0.035148713894530836
2014-07-18,dev,0.021428929316472698,0.11234813411425637,-0.7,-0.05061336401819638
2014-07-21,dev,0.021129021235687256,0.11277667398680213,-0.4,-0.038064114962899964
2014-07-22,dev,0.020427509225326993,0.11264460148823313,-0.4,-0.03511053435310851
2014-07-23,dev,0.019724645554060446,0.11251227451471506,-0.2,-0.03320370018644986
2014-07-24,dev,0.01902042631158606,0.11237969233006193,-0.2,-0.015148155365256488
2014-07-25,dev,0.018094917804371575,0.11071676252838945,-0.2,-0.004924884499592441
2014-07-28,dev,0.0171924537126089,0.11023618850412917,0.1,0.020660686840656972
2014-07-29,dev,0.017151850758744,0.11019558555026428,0.9,0.028074616801625485
2014-07-30,dev,0.018075567959170334,0.10919066244210816,0.7,0.020961663688876475
2014-07-31,dev,0.018681626755830145,0.10792480564514384,0.7,0.04087960790058909
2014-08-01,dev,0.01943400841467275,0.10689690394221803,1.0,0.04395400578198416
2014-08-04,dev,0.020404480531670776,0.1056172956992032,0.9,0.040848730436235825
2014-08-05,dev,0.021521061762955353,0.10461237259104708,1.0,0.051746093747730315
2014-08-06,dev,0.02260592193653298,0.10328643237889665,1.0,0.04889141617232212
2014-08-07,dev,0.022893878649272722,0.10273060895663155,0.5,0.04357802321782189
2014-08-08,dev,0.023709109832341292,0.10173773985040407,0.2,0.03403231553006614
2014-08-11,dev,0.024015938972343043,0.10143091071040233,0.5,0.04077845061745411
2014-08-12,dev,0.023959214257384735,0.10148763542536064,0.2,0.035989608774833315
2014-08-13,dev,0.023747275761936117,0.10142405387672605,0.2,0.038407585668205124
2014-08-14,dev,0.02263530850268164,0.10224072692605402,0.1,0.03458196757408366
2014-08-15,dev,0.023941518914104457,0.10087651229482422,0.2,0.029968136434877057
2014-08-18,dev,0.02564515118668562,0.09968718410453171,0.1,0.015302253081210804
2014-08-19,dev,0.027374216078720617,0.09831664850063063,0.6,0.02753620396925599
2014-08-20,dev,0.02891712832558658,0.09744876036176853,0.2,0.023154823590000373
2014-08-21,dev,0.03046004057245254,0.09658087222290641,0.2,0.01767559810263669
2014-08-22,dev,0.032019444283495596,0.09535063548760701,0.3,0.036330764698607465
2014-08-25,dev,0.0334890584580278,0.0949987560373669,0.3,0.026284773362991787
2014-08-26,dev,0.03387937852047901,0.09474619599695729,0.3,0.024135579824307973
2014-08-27,dev,0.035136612661030416,0.09450337656416678,0.3,0.028931213865360628
2014-08-28,dev,0.035126872053411314,0.09476150266607303,0.3,0.02318817096704534
2014-08-29,dev,0.03510739083817311,0.09495631481845508,0.3,0.027837114822910236
2014-09-01,dev,0.0349868508188867,0.09507685483774149,0.3,0.0263139175414574
2014-09-02,dev,0.034879704135076565,0.09518400152155163,0.3,0.017871249008858225
2014-09-03,dev,0.03477255745126643,0.09529114820536176,0.3,0.012685815828816616
2014-09-04,dev,0.03558675450461488,0.09493438507135658,0.3,0.013011638388538638
2014-09-05,dev,0.03567441997318681,0.09502205053992852,0.3,0.024868320149425804
2014-09-08,dev,0.03555608764656133,0.09552363831249025,0.3,0.011067763549349907
2014-09-09,dev,0.035643753115133264,0.09561130378106218,-0.1,0.0026148292962973607
2014-09-10,dev,0.035855691610581886,0.09554772223242759,0.3,0.006912513110287344
2014-09-11,dev,0.03702665179793551,0.09479004211119878,-0.3,-0.013137839971356313
2014-09-12,dev,0.03800156887699917,0.09411183892576319,-0.3,-0.025182662517243937
2014-09-15,dev,0.03935823497641868,0.09321842466516986,-0.5,-0.06440683180670415
2014-09-16,dev,0.03993493624516148,0.09411656598534304,-0.5,-0.07887565825541298
2014-09-17,dev,0.040831072146118974,0.09439904360629704,-0.5,-0.0905996200495423
2014-09-18,dev,0.04166681627983804,0.09407760355486663,-0.5,-0.09261220083629773
2014-09-19,dev,0.04274364045212991,0.09399724354200903,-0.9,-0.07963050903621494
2014-09-22,dev,0.044388905978530284,0.09371386875982696,-0.6,-0.07446201909808525
2014-09-23,dev,0.04634969029225578,0.09307098865696614,-1.0,-0.04074790248198573
2014-09-24,dev,0.04662460612571599,0.09431022464471758,-0.8,-0.04400782375202261
2014-09-25,dev,0.04918343811407648,0.09301177601591318,-0.5,-0.007517260954286675
2014-09-26,dev,0.05087945733280798,0.09277915492606223,-0.5,-0.011176473895752659
2014-09-29,dev,0.05257547655153948,0.09254653383621128,-0.3,-0.007207568212914683
2014-09-30,dev,0.05436703213230601,0.09240944910839535,-0.3,-0.0033489737145632748
2014-10-01,dev,0.05613777206474721,0.09225154873225411,0.6,0.006855430329977041
2014-10-02,dev,0.0570111352814084,0.0928493919048321,0.7,0.021241246076030007
2014-10-03,dev,0.05788449849806959,0.09344723507741007,0.3,0.02159036357695382
2014-10-06,dev,0.05915877870195442,0.0940786351784341,0.3,0.03071473833406091
2014-10-07,dev,0.06017475886451125,0.09421065519955729,0.9,0.04650470091491249
2014-10-08,dev,0.061449039068396084,0.09484205530058132,0.7,0.04114860783612556
2014-10-09,dev,0.06313659933840574,0.0941188151848629,0.6,0.06268613100930831
2014-10-10,dev,0.06462281803773919,0.0937452735866347,0.6,0.05675052973417921
2014-10-13,dev,0.06628456569755821,0.09390696767311181,0.6,0.07172912844571461
2014-10-14,dev,0.06788202534709113,0.09336149364644203,0.6,0.07254129691809602
2014-10-15,dev,0.06907768493233606,0.09337853970977547,0.3,0.06715269334373014
2014-10-16,dev,0.07041799254072467,0.09386167384768299,0.3,0.0666466014585278
2014-10-17,dev,0.07087336594691776,0.09356702046720511,0.5,0.06074472974027256
2014-10-20,dev,0.07198136006359075,0.09349640106196662,0.5,0.054003519377913256
2014-10-21,dev,0.07254388015359396,0.09309460099767859,0.9,0.0560362003668094
2014-10-22,dev,0.07308691902835898,0.09288761308577266,0.9,0.05600028960900749
2014-10-23,dev,0.07297003173692974,0.09343308711244244,0.5,0.04705875146038474
2014-10-24,dev,0.07355933849788548,0.09429026058292353,0.3,0.039638097375605585
2014-10-27,dev,0.07218591282359192,0.09401752356958865,0.3,0.038923981792696294
2014-10-28,dev,0.07187020254134922,0.09354424463468397,0.3,0.02781853604816492
2014-10-29,dev,0.07220917568649401,0.09401179380040094,0.7,0.06154163815165814
2014-10-30,dev,0.07281857245066417,0.09448725720980841,0.7,0.05325868917987542
2014-10-31,dev,0.07413647666152884,0.09490512927666793,0.7,0.05562110133671061
2014-11-03,dev,0.07524142683832087,0.09609043946631757,0.3,0.028789950236129958
2014-11-04,dev,0.07506127911718953,0.09797669207581029,0.6,0.052785085071969884
2014-11-05,dev,0.07501616472400632,0.09964592462358925,-0.1,-0.02968107716675661
2014-11-06,dev,0.07560547148496206,0.10098525817121597,-0.1,-0.035793911489285124
2014-11-07,dev,0.07610969117348036,0.10223950464640519,0.4,-0.010833897638428791
2014-11-10,dev,0.07594683317171458,0.10372976690913865,-0.1,-0.026894774135038713
2014-11-11,dev,0.07522359305599616,0.1054173271791483,-0.1,-0.04623264759880075
2014-11-12,dev,0.07472252474053111,0.10684489917226571,0.3,0.057566017606206055
2014-11-13,dev,0.07441277341824362,0.1083352121379885,0.3,0.060644032756136834
2014-11-14,dev,0.07312414832792814,0.11004669419435682,-0.3,-0.04587676650824968
2014-11-17,dev,0.07184526384523175,0.11166077017453413,-0.3,-0.04619025992759629
2014-11-18,dev,0.0711244588814181,0.1130828988869232,-0.3,-0.05000688094569444
2014-11-19,dev,0.07152382379380134,0.11487517068883821,-0.5,-0.046210517620335234
2014-11-20,dev,0.07176733898427894,0.11533297924693606,0.1,-0.034762047783822525
2014-11-21,dev,0.07212895904213813,0.11553387927908006,0.1,-0.027031684486836127
2014-11-24,dev,0.07223059082310511,0.11547479103433182,0.1,-0.015551900198730984
2014-11-25,dev,0.07254399487324975,0.11543461102790302,0.3,-0.015959074535484508
2014-11-26,dev,0.07260426488289295,0.1157841770838336,0.3,-0.015027380565206194
2014-11-27,dev,0.07277381567925184,0.11631190393750065,0.3,-0.01397870502854709
2014-11-28,dev,0.07283408568889504,0.11666146999343123,-0.2,-0.032067995087948886
2014-12-01,dev,0.07326378059927519,0.11621868476421454,0.7,0.10084560314153973
2014-12-02,dev,0.07427064428978515,0.11481474806899644,0.7,0.06769476495292881
2014-12-03,dev,0.07601847456943799,0.11415177796292122,0.7,0.0881725717569043
2014-12-04,dev,0.07614205852860537,0.11406106855446832,0.9,0.13163541551385322
2014-12-05,dev,0.07691156653051454,0.1131162296154153,0.6,0.1509562255921192
2014-12-08,dev,0.07747823440672917,0.11209100390359364,0.6,0.11098142253823623
2014-12-09,dev,0.07862773314542752,0.11137308901017248,0.6,0.19262056967037688
2014-12-10,dev,0.07862773314542752,0.1106016328867395,0.9,0.10653434216618674
2014-12-11,dev,0.07886881318400032,0.10958909672473371,1.0,0.11833315202577394
2014-12-12,dev,0.07874827316471393,0.1089863966283017,0.6,0.08609185167812083
2014-12-15,dev,0.07857050707566529,0.10811217709448717,0.6,0.07247208477005007
2014-12-16,dev,0.07911598110233507,0.10651471744495425,0.7,0.03561502592935073
2014-12-17,dev,0.07879454105090468,0.10571111731637822,0.6,0.056714588249553166
2014-12-18,dev,0.07887490106376227,0.10530931725209022,0.6,0.07265990360626301
2014-12-19,dev,0.07871418103804706,0.10514859722637501,-0.1,-0.020881072412340385
2014-12-22,dev,0.07855346101233188,0.1049878772006598,-0.1,-0.02695797902157243
2014-12-23,dev,0.07919634111519268,0.10418427707208379,-0.1,0.04444470123241823
2014-12-24,dev,0.07955796117305189,0.10358157697565178,0.4,0.06673995708244157
2014-12-25,dev,0.0804017413080567,0.10249671680207414,-0.1,0.032326923982517186
2014-12-26,dev,0.08097607904700958,0.10114241423244455,-0.1,0.023667995849333878
2014-12-29,dev,0.08214838982281458,0.0997432045968063,-0.1,0.007833574837946944
2014-12-30,dev,0.08307962056004681,0.09858507499974085,-0.1,0.005461421343865458
2014-12-31,dev,0.08372673013726854,0.09778570434552576,-0.4,-0.0342901933587797
2015-01-02,validation,0.0835662347030381,0.09715615386709481,-0.4,-0.05386735855279168
2015-01-05,validation,0.08340542913270288,0.0965253868660002,-0.8,-0.10959014081884277
2015-01-06,validation,0.08324431252644825,0.09589339981267912,-0.9,-0.08815209591713302
2015-01-07,validation,0.0830025330293496,0.09574833211441995,-0.9,-0.0984912333631312
2015-01-08,validation,0.08301207695686665,0.095757876041937,-0.9,-0.08160045325221266
2015-01-09,validation,0.08416052956808522,0.09593921066476098,-0.9,-0.08316653284401715
2015-01-12,validation,0.08454334710515808,0.09535491021343925,-0.6,-0.060905667722302215
2015-01-13,validation,0.08440018819240229,0.09521175130068348,-0.6,-0.04941138237646603
2015-01-14,validation,0.08448926484922813,0.09675150494010117,-0.7,-0.03835258357580279
2015-01-15,validation,0.08319765332525376,0.09836124738131057,-0.7,-0.06865908260396403
2015-01-16,validation,0.08323582903532198,0.09985010007397066,-0.7,-0.06376100950709651
2015-01-19,validation,0.0835825917351082,0.10019686277375688,0.0,0.02306433861200813
2015-01-20,validation,0.08461687069491908,0.09929690575677858,0.0,0.03139565219766399
2015-01-21,validation,0.084925811163434,0.09815516924270164,-0.4,-0.0111139670352704
2015-01-22,validation,0.0838696165182136,0.09854965158007312,-0.4,-0.010114128156638869
2015-01-23,validation,0.082848769752686,0.09849592280294009,0.0,-0.014641250304680331
2015-01-26,validation,0.08161932891123012,0.0988783452754752,0.0,-0.02307357950209049
2015-01-27,validation,0.08038988806977426,0.0992607677480103,0.0,-0.017803803097758253
2015-01-28,validation,0.07900874244582515,0.10013623076364854,0.0,-0.022539577211984352
2015-01-29,validation,0.07688221400350723,0.10091105628651438,0.0,0.000983019894383319
2015-01-30,validation,0.07543489506948615,0.10115619383218384,0.0,0.023184015652103762
2015-02-02,validation,0.07382356197369057,0.10123731721607877,0.3,0.058622014275432954
2015-02-03,validation,0.07201258613267718,0.10168295001465276,0.0,0.012428534860229434
2015-02-04,validation,0.0702016102916638,0.10212858281322673,0.3,0.030989361035222374
2015-02-05,validation,0.06880183425582953,0.10169592476578705,0.3,0.03710947036545448
2015-02-06,validation,0.06825226726621036,0.10111457604620658,0.9,0.0587146832480967
2015-02-09,validation,0.06786463637760078,0.10069522478232672,0.8,0.06617312816901533
2015-02-10,validation,0.0674777530895478,0.10027668229619784,0.8,0.058333832456642976
2015-02-11,validation,0.06779073419225635,0.09866102309032393,0.9,0.06603177445029235
2015-02-12,validation,0.0678859903892452,0.09776314798779633,0.8,0.07073679678183165
2015-02-13,validation,0.06798106322493087,0.09686700123002814,0.9,0.08533710180138349
2015-02-16,validation,0.06844988485217185,0.09634650945534115,0.9,0.09537418040958323
2015-02-17,validation,0.06654566162441923,0.09764741443271673,0.8,0.09302015843616762
2015-02-18,validation,0.06474277700903461,0.09872914520194749,0.9,0.11943070181044563
2015-02-19,validation,0.06257813711461531,0.10025040274342563,0.9,0.12119632837348449
2015-02-20,validation,0.06067391388686266,0.10155130772080119,0.9,0.12665492235006498
2015-02-23,validation,0.059975219765293464,0.10177396096346453,0.9,0.14525920586862406
2015-02-24,validation,0.059277866707297344,0.10199618684865633,0.8,0.14705879138892614
2015-02-25,validation,0.05858185085554858,0.10221798660559275,0.6,0.15493555735920722
2015-02-26,validation,0.05788716836750048,0.10243936145878024,0.6,0.13419488824076103
2015-02-27,validation,0.057193815415314674,0.10266031262803818,0.6,0.13705940887796797
2015-03-02,validation,0.05720287167846128,0.10281710646555121,1.0,0.16211380407616793
2015-03-03,validation,0.0565114967612262,0.1030372747815663,0.8,0.09360882157969214
2015-03-04,validation,0.0565211868088459,0.10319340969748719,0.7,0.18271564176935234
2015-03-05,validation,0.056530858381636954,0.10334924693006028,0.3,0.09218954939030344
2015-03-06,validation,0.0555675349156794,0.10581776331157651,0.5,0.19182178589753662
2015-03-09,validation,0.055852197557348715,0.10610242595324583,0.6,0.16282969182807416
2015-03-10,validation,0.05513372618405202,0.10681388784972988,0.5,0.18877516311929743
2015-03-11,validation,0.054685119668042376,0.10731857018024073,0.6,0.19327600613294338
2015-03-12,validation,0.054685119668042376,0.10731857018024073,0.7,0.16908624391494065
2015-03-13,validation,0.05508121787340054,0.10766454128987299,0.7,0.17300287730870056
2015-03-16,validation,0.05547656232384841,0.1080098540339303,0.6,0.17904495415486776
2015-03-17,validation,0.05574364296550966,0.10875267206855063,0.6,0.16347513452179252
2015-03-18,validation,0.053942095557807636,0.11081113325999437,0.6,0.12264034171505878
2015-03-19,validation,0.052137113360005136,0.1128735190676277,0.6,0.15953401896910713
2015-03-20,validation,0.052137113360005136,0.1128735190676277,0.5,0.18227884141377143
2015-03-23,validation,0.052137113360005136,0.1128735190676277,0.5,0.1406662245060294
2015-03-24,validation,0.052137113360005136,0.1128735190676277,0.6,0.1583960526278304
2015-03-25,validation,0.052137113360005136,0.1128735190676277,1.0,0.1974493075838536
2015-03-26,validation,0.052137113360005136,0.1128735190676277,1.0,0.19242611096878204
2015-03-27,validation,0.052137113360005136,0.1128735190676277,0.9,0.186427493851113
2015-03-30,validation,0.052137113360005136,0.1128735190676277,0.8,0.17056532396336122
2015-03-31,validation,0.051808478687348655,0.11365106136308037,0.8,0.15685371272783488
2015-04-01,validation,0.05160895136524642,0.11434416716878429,0.9,0.15375652432731435
2015-04-02,validation,0.05083016265893272,0.11487879027676802,0.9,0.1586013664097683
2015-04-03,validation,0.0501860210226069,0.11575660309348003,0.9,0.14432764685543636
2015-04-06,validation,0.04930823542391372,0.1167141395231826,0.9,0.15672107060693719
2015-04-07,validation,0.048666757494230245,0.117588548572236,0.8,0.0853146134141361
2015-04-08,validation,0.04808995226891415,0.11829929035212201,0.9,0.0654610824106358
2015-04-09,validation,0.04757141872845161,0.11913344428745586,0.9,0.0493363408642008
2015-04-10,validation,0.04737721631297848,0.11981678249054702,0.9,0.04893994763290793
2015-04-13,validation,0.048127667726429776,0.1195545430955209,0.9,0.06041165420886746
2015-04-14,validation,0.04788365453443364,0.12018654228525204,0.9,0.06654993839499412
2015-04-15,validation,0.048632214014757355,0.11992444871397272,0.5,0.0691376334412116
2015-04-16,validation,0.04768970694595434,0.12086695578277575,0.7,0.026626718984616216
2015-04-17,validation,0.04838818526729574,0.12055490938769829,-0.5,-0.015523019175838981
2015-04-20,validation,0.04908534942434488,0.12024345009778561,-0.5,-0.00755865071703854
2015-04-21,validation,0.050135707805211725,0.11981715612839547,0.9,0.016870147043702266
2015-04-22,validation,0.050088632023235,0.12064361889259416,-0.4,-0.007931802359580686
2015-04-23,validation,0.05004164456355091,0.12146853106999324,0.7,0.015459117568820013
2015-04-24,validation,0.050463348739217685,0.1218232934588686,0.6,0.04201367277395407
2015-04-27,validation,0.05130314749606546,0.12165994620006125,0.9,0.061063598564819244
2015-04-28,validation,0.05214137506721285,0.12149690454884757,1.0,0.11059937857310709
2015-04-29,validation,0.053027224249393025,0.12138335603992341,1.0,0.10051665536475207
2015-04-30,validation,0.0539114191847344,0.12127001957303273,0.9,0.01823101235842539
2015-05-01,validation,0.05479396450265909,0.1211568945547743,0.7,0.022967591356035877
2015-05-04,validation,0.05567486481533135,0.12104398039395904,0.9,0.07080768788228431
2015-05-05,validation,0.056505119523187305,0.12088227130704905,1.0,0.12833212597837484
2015-05-06,validation,0.056403597012982136,0.12165109563239378,0.9,0.13965483873225876
2015-05-07,validation,0.056302263206327544,0.12241849091624157,0.9,0.18311856091387962
2015-05-08,validation,0.056201117577586876,0.12318446113920944,0.9,0.18603956148054723
2015-05-11,validation,0.05610015960307393,0.12394901026714397,0.8,0.1737920267761957
2015-05-12,validation,0.055999388761043864,0.12471214225118983,0.9,0.15267297149329323
2015-05-13,validation,0.057609066337747435,0.12446825170926504,0.9,0.15741083733533356
2015-05-14,validation,0.058340737963521794,0.12519992333503938,0.9,0.16998975379633063
2015-05-15,validation,0.05848707228867666,0.12534625766019425,0.9,0.2023089635585223
2015-05-18,validation,0.057214594005368435,0.12586372457561612,0.9,0.18867469674400633
2015-05-19,validation,0.05711712811842886,0.1276181105405284,0.9,0.10628810937166971
2015-05-20,validation,0.055408903500178214,0.12861987576277534,0.9,0.11771794877565944
2015-05-21,validation,0.05506808846536639,0.13012919948837054,0.8,0.03917112615608909
2015-05-22,validation,0.054924145662288516,0.1309806836399436,-0.7,-0.047789033436450024
2015-05-25,validation,0.054779936051419946,0.13183374607539353,-0.6,-0.07280170914562956
2015-05-26,validation,0.05463545889025292,0.132688391186976,-0.6,-0.07431190012142236
2015-05-27,validation,0.053823770578564606,0.1346596342296476,-0.6,-0.04667752994487856
2015-05-28,validation,0.052544598622700917,0.13690550865597317,-0.6,-0.013146053737396746
2015-05-29,validation,0.05234956680113947,0.13755907654707783,-0.6,-0.09074848434423827
2015-06-01,validation,0.051434106578993485,0.1382687333716968,-0.9,-0.15228829079524225
2015-06-02,validation,0.051434106578993485,0.1382687333716968,-0.7,-0.11107209530482931
2015-06-03,validation,0.05139772839135479,0.13885078437391585,-0.8,-0.15892774302864798
2015-06-04,validation,0.051732845882455226,0.1390018153007343,-0.6,-0.19907926704894974
2015-06-05,validation,0.05215879964869673,0.13915142481493387,-1.0,-0.2559802045450943
2015-06-08,validation,0.05110266829953273,0.13852505404731985,-0.9,-0.256416972287386
2015-06-09,validation,0.05070920317641654,0.13816398259906437,-0.7,-0.2567953094045922
2015-06-10,validation,0.05021915123091032,0.1385560241554694,-1.0,-0.28850506417101474
2015-06-11,validation,0.0497290992854041,0.13894806571187435,-1.0,-0.24851372137165412
2015-06-12,validation,0.049239047339897875,0.13934010726827933,-0.7,-0.22699789110796892
2015-06-15,validation,0.04874899539439165,0.13973214882468432,-0.6,-0.195408588984903
2015-06-16,validation,0.04825894344888543,0.14012419038108928,-0.6,-0.18386450737378868
2015-06-17,validation,0.047162452220815256,0.14019157252359637,-0.6,-0.2203970972103702
2015-06-18,validation,0.04652684717473338,0.1406522978164112,-0.6,-0.17232119807390767
2015-06-19,validation,0.04706964603903214,0.14045371287637484,-0.6,-0.08564895085604146
2015-06-22,validation,0.04764714204040244,0.14005130871339427,-0.6,-0.07438903348194603
2015-06-23,validation,0.04800319855944332,0.13940338158758125,-0.6,-0.09415548659604439
2015-06-24,validation,0.04881326988261105,0.138285882817291,-0.5,-0.11178972912855051
2015-06-25,validation,0.049769369243161964,0.13713917843952417,-0.5,-0.059933640133298605
2015-06-26,validation,0.050003014102975044,0.13628248062020956,0.5,0.02868717045432695
2015-06-29,validation,0.05101547516216508,0.13495849308126875,-0.5,-0.052650874905786904
2015-06-30,validation,0.05186397491622312,0.1339378339568221,-0.5,-0.12244111741452174
2015-07-01,validation,0.05152375520807424,0.13344185100879785,-0.5,-0.04660248520222954
2015-07-02,validation,0.05106590568480416,0.13303592256548621,0.3,0.009514000865308514
2015-07-03,validation,0.05165935679707557,0.13261469018871555,0.1,0.009887950027957226
2015-07-06,validation,0.05181526574624925,0.1319910543920208,0.1,-0.013098031817947664
2015-07-07,validation,0.05158140232248872,0.1317571909682603,0.3,0.03062832328125681
2015-07-08,validation,0.05195558380050557,0.13016691968668873,0.7,0.07047330019542097
2015-07-09,validation,0.05255042361055597,0.12974260656529674,0.5,0.02892584961988076
2015-07-10,validation,0.05160023388061314,0.12967022582411797,0.5,0.014531258423124083
2015-07-13,validation,0.05081174580649526,0.12888173775000006,0.5,0.018584125158882192
2015-07-14,validation,0.05147440911090622,0.12862178623898787,0.3,0.010476913800942678
2015-07-15,validation,0.051757218125081564,0.128038879847092,0.7,0.006719596931711647
2015-07-16,validation,0.05180581645195957,0.12722013701126766,0.4,0.011551856124226378
2015-07-17,validation,0.052448267650378154,0.12425497763395116,-0.6,-0.013159885462803111
2015-07-20,validation,0.05323897681766256,0.12208052742391903,-0.7,-0.026548614162366868
2015-07-21,validation,0.05318029137165317,0.12096550394974062,-0.7,-0.06408083207640353
2015-07-22,validation,0.05331262129892925,0.11972850680346427,-0.7,-0.06795068600949344
2015-07-23,validation,0.05465719099478312,0.11898648286342874,-0.7,-0.10857790235673376
2015-07-24,validation,0.055707939932856,0.11950067915227292,-0.7,-0.1304901846646666
2015-07-27,validation,0.057769574314727595,0.11791077467133804,-0.7,-0.1207277283198201
2015-07-28,validation,0.059611032420084885,0.11639877871901591,-0.3,-0.07339898848161863
2015-07-29,validation,0.059832934870217395,0.11507220904988312,-0.3,-0.055703357059375624
2015-07-30,validation,0.06059359309566435,0.11516705421515083,-0.5,-0.05193714318693643
2015-07-31,validation,0.06107730343852962,0.11596375360339951,-0.3,-0.04609807135492039
2015-08-03,validation,0.06107730343852962,0.1159637536033995,-0.3,-0.05059579207632048
2015-08-04,validation,0.06142376724812517,0.11724918454914529,-0.5,-0.07401755557649303
2015-08-05,validation,0.06086038696643503,0.1189393253942157,-0.5,-0.06843696266900845
2015-08-06,validation,0.061705457388970236,0.11940880896229082,-0.9,-0.09613944183437978
2015-08-07,validation,0.062135817326372425,0.12007391068373058,-0.7,-0.10015608450297075
2015-08-10,validation,0.06291828993983097,0.12085638329718912,-0.7,-0.12474261761773076
2015-08-11,validation,0.06362251529194364,0.1215606086493018,-0.7,-0.1003641383428196
2015-08-12,validation,0.0641109678930723,0.12277936902299175,-0.7,-0.06672210896694003
2015-08-13,validation,0.06354367524831486,0.12424650517322648,-0.7,-0.08333801172760213
2015-08-14,validation,0.06340614975867669,0.1243698038880745,-0.7,-0.08176847894110806
2015-08-17,validation,0.06350336605307609,0.12425836081888493,-0.7,-0.09565845560099745
2015-08-18,validation,0.06307300611567389,0.12406274266552031,-0.3,-0.024358921696221447
2015-08-19,validation,0.06307300611567389,0.12406274266552031,-0.7,-0.0713975283598573
2015-08-20,validation,0.06307300611567389,0.12406274266552031,-0.3,-0.04884816571345696
2015-08-21,validation,0.06397284962115121,0.12284991011465958,-0.3,-0.03131187144877168
2015-08-24,validation,0.06475532223460974,0.12250562216473784,0.3,0.017078884969661645
2015-08-25,validation,0.06609565179366339,0.12134203936072421,0.6,0.05346526483665548
2015-08-26,validation,0.06738903299590956,0.11966202463182796,0.7,0.0375475262748054
2015-08-27,validation,0.06812213033215521,0.11780584895626538,-0.1,0.0031549919270840165
2015-08-28,validation,0.06889907960951872,0.1160788858705616,-0.8,-0.02583307487268044
2015-08-31,validation,0.0698638223141123,0.11453971621208789,0.0,-0.017408036190207588
2015-09-01,validation,0.07036460478672575,0.11278697755794079,-0.8,-0.027121580861321992
2015-09-02,validation,0.07108632070313928,0.111004781111287,-0.8,-0.02305192670872741
2015-09-03,validation,0.07127411413036931,0.10931464026621658,-0.9,-0.024228650906157834
2015-09-04,validation,0.07205421561469615,0.10796072553202016,-0.9,-0.03687276197739514
2015-09-07,validation,0.07232025630327205,0.10634883194829559,0.1,-0.00024326854614481475
2015-09-08,validation,0.07289169842400996,0.10478625785051023,-0.5,-0.01936788787000504
2015-09-09,validation,0.07326728527847004,0.10328391043266984,-0.7,-0.05897078348883361
2015-09-10,validation,0.07354897541931513,0.10168766630121445,-0.5,-0.014828245403438634
2015-09-11,validation,0.07345507870570009,0.10018531888337408,-0.9,-0.037467017980807316
2015-09-14,validation,0.07373676884654516,0.09858907475191866,-0.5,-0.02469401819202449
2015-09-15,validation,0.07395053525749466,0.09733201152302447,-0.5,-0.03655822102502587
2015-09-16,validation,0.07384941571975541,0.09593078364292335,-0.9,-0.040724990696920316
2015-09-17,validation,0.07293091517189979,0.09455403119130062,-0.5,-0.03626584100492558
2015-09-18,validation,0.0720977752727851,0.09309191809093696,0.0,-0.016845698113571395
2015-09-21,validation,0.07121365815442038,0.09195364445451654,-0.5,-0.01202461709632785
2015-09-22,validation,0.07043118554096185,0.09173455212274816,-0.2,0.004900595916077499
2015-09-23,validation,0.06976909332957387,0.0918549325248187,-0.2,-0.012073981338570183
2015-09-24,validation,0.0685797349571169,0.09110375881589851,0.2,0.021438474684296382
2015-09-25,validation,0.06823923039126023,0.08942187262697007,0.2,0.04657383936824455
2015-09-28,validation,0.06782191166408236,0.08890022421799772,0.6,0.04322856453713986
2015-09-29,validation,0.06709160389152105,0.08816991644543642,0.5,0.05685693045864182
2015-09-30,validation,0.06656343487743654,0.08682015118722046,0.1,0.004565690968033609
2015-10-01,validation,0.06593745678666972,0.08572468952837851,0.2,0.002064018766233966
2015-10-02,validation,0.06429014602149387,0.08517284042204461,-0.2,-0.048102703991423135
2015-10-05,validation,0.0639697925279838,0.08485248692853453,-0.6,-0.024739950728847826
2015-10-06,validation,0.06308605875278357,0.08396875315333431,-0.6,-0.013269408803845528
2015-10-07,validation,0.0623818334006709,0.08279504423314651,-0.1,0.05472817535888541
2015-10-08,validation,0.06167760804855822,0.08162133531295872,0.4,0.05298057359030478
2015-10-09,validation,0.06101250632711847,0.0802520082394063,0.4,0.06774218509169772
2015-10-12,validation,0.06027121648278933,0.07951071839507717,0.4,0.0629565234898734
2015-10-13,validation,0.05886276577856398,0.0799802019631523,0.7,0.06689265415932949
2015-10-14,validation,0.05662765577212009,0.08024900431977569,0.7,0.07403176318572213
2015-10-15,validation,0.05480840694582901,0.0807771733338602,0.7,0.059532084455069245
2015-10-16,validation,0.05320433808823903,0.08120753327126237,0.9,0.07849498103144814
2015-10-19,validation,0.05156372518002048,0.08043365925795175,0.9,0.0729899950143264
2015-10-20,validation,0.050558247871726275,0.0798741913393289,0.7,0.07595687463384815
2015-10-21,validation,0.048970946284424687,0.07880108604087149,0.0,-0.06117945588589774
2015-10-22,validation,0.04731115589223993,0.07816562343357789,0.7,0.08019034668969016
2015-10-23,validation,0.04588034882763004,0.07740550718050389,0.7,0.06787243309007629
2015-10-26,validation,0.04515952557159552,0.07770901170936054,0.6,0.03282089747073191
2015-10-27,validation,0.04448812163851627,0.0779630969152619,0.6,0.030217409083738267
2015-10-28,validation,0.04355958747054549,0.07776487051985241,0.6,0.07070147621424416
2015-10-29,validation,0.04262062033439525,0.07776487051985241,0.9,0.09745817462812512
2015-10-30,validation,0.04152515867555331,0.0776083759971607,0.4,0.042970326457578145
2015-11-02,validation,0.03966563552356951,0.07814229848634417,0.6,0.041958683496752136
2015-11-03,validation,0.03760359004810233,0.07909967674281108,0.7,0.0390485274663151
2015-11-04,validation,0.035486311211685134,0.080112288360228,0.9,0.035368944906633504
2015-11-05,validation,0.034252766150468156,0.08200863375284513,0.7,0.023606943390765467
2015-11-06,validation,0.03319642812229914,0.08376919713312682,-0.4,-0.01654490700446326
2015-11-09,validation,0.03214009009413013,0.08552976051340852,-0.3,-0.01733628180392638
2015-11-10,validation,0.030509252436606037,0.08765479140048536,-0.6,-0.04910508793386631
2015-11-11,validation,0.0295702853004558,0.08906324210471073,-0.9,-0.04925948586461232
2015-11-12,validation,0.028668140404938907,0.09035202052687771,-0.6,-0.05486323249585007
2015-11-13,validation,0.027765995509422017,0.09164079894904469,-0.6,-0.046378095025016663
2015-11-16,validation,0.02679020613263844,0.09316892193532841,-0.6,-0.015520461271938013
2015-11-17,validation,0.024912271860337967,0.09363840550340354,-0.6,-0.030675928869672797
2015-11-18,validation,0.022877843065345793,0.09395139454878694,-0.9,-0.02659104391025119
2015-11-19,validation,0.02058259006586744,0.09494252652583442,0.1,-0.00015247333434253996
2015-11-20,validation,0.018861150316258676,0.09509902104852612,-0.1,0.0014135433799038477
2015-11-23,validation,0.018284591548447127,0.09536259077095426,0.2,0.01338190307409709
2015-11-24,validation,0.017708032780635583,0.09562616049338239,0.2,0.019188205964246807
2015-11-25,validation,0.017131474012824034,0.09588973021581053,-0.4,0.001989572054420685
2015-11-26,validation,0.01793078304228471,0.09582321053869505,-0.7,-0.013178852888958092
2015-11-27,validation,0.01757627835952518,0.09492458238937439,0.1,0.010139330030344007
2015-11-30,validation,0.01788956156754523,0.09523786559739443,-0.5,-0.018223891090419664
2015-12-01,validation,0.018171516454763278,0.09645967010867264,-0.3,-0.019347982144167775
2015-12-02,validation,0.018798082870803378,0.0975561613367428,-0.7,-0.006221832314579956
2015-12-03,validation,0.0189233961540114,0.09862132424401099,-0.7,-0.014554478224451606
2015-12-04,validation,0.020278758243445508,0.0980969870853248,-0.2,0.0027114039410769397
2015-12-07,validation,0.02068847471964398,0.09833582181169415,-0.5,-0.030558592801736395
2015-12-08,validation,0.02159146749570177,0.09767239854765168,-1.0,-0.04004447991183857
2015-12-09,validation,0.02209272062853385,0.09704583213161158,-0.7,-0.08305103618759752
2015-12-10,validation,0.022597162763367755,0.09701321733841112,-0.7,-0.07185463800343606
2015-12-11,validation,0.023170266175806347,0.09716860980682297,-0.9,-0.09055044812862706
2015-12-14,validation,0.023842301127619692,0.09742293381460959,-1.0,-0.1446038906825794
2015-12-15,validation,0.023479552149912267,0.09800003446096231,-0.9,-0.11011874423229762
2015-12-16,validation,0.022490236756164742,0.09889041831533507,-0.7,-0.08790547399580323
2015-12-17,validation,0.021995579059290976,0.10027545986658161,-0.9,-0.13559292758547042
2015-12-18,validation,0.021818221828124297,0.10111247693532772,-0.9,-0.1263333380044535
2015-12-21,validation,0.021078631789999823,0.10272472132805932,-0.7,-0.11354583162651344
2015-12-22,validation,0.020961040068457018,0.10331267993577334,-0.7,-0.1242613843526636
2015-12-23,validation,0.02070233828106285,0.1038065651662531,-0.2,-0.010407840939507584
2015-12-24,validation,0.01992994634166591,0.10472749401707254,-0.2,0.008211510602408545
2015-12-25,validation,0.018832423607266415,0.10607587909076335,-0.2,-0.011624705524884815
2015-12-28,validation,0.018159056275484465,0.10709583254919777,-0.5,-0.07796704866824578
2015-12-29,validation,0.017152306098065374,0.10906807265086303,-0.2,-0.012285448294969248
2015-12-30,validation,0.016743704560583314,0.10968572613775453,-0.2,0.002971011384879041
2015-12-31,validation,0.016519720329073208,0.10977531983035857,-0.2,0.020306879707378933
2016-01-04,validation,0.017447950994393543,0.10984833797536761,-0.2,0.010162659886546355
2016-01-05,validation,0.017237061225648644,0.11017501036224694,-0.2,-0.0097501988182771
2016-01-06,validation,0.016628910100093947,0.1097379017407545,-0.2,0.006130516008019671
2016-01-07,validation,0.014680247285956061,0.11092501816775804,-0.2,-0.0062148648739021595
2016-01-08,validation,0.01473658271388133,0.11052524025151729,-0.2,-0.009644280101361535
2016-01-11,validation,0.013867955095212207,0.11091092432930473,-0.5,-0.0644667152840353
2016-01-12,validation,0.01306025438158487,0.10958059374215383,-0.6,-0.07615849900884974
2016-01-13,validation,0.01315047460350782,0.10782599838454812,-0.1,-0.05497643111222228
2016-01-14,validation,0.013214870070066975,0.10636170147105084,-0.1,-0.10477796688306174
2016-01-15,validation,0.012967696882824065,0.10498564775699701,-0.2,-0.06545544238343731
2016-01-18,validation,0.012654118958709921,0.10514243671905409,-0.2,-0.06038425475455056
2016-01-19,validation,0.012677224700486753,0.10466381778224829,-0.2,-0.02923111626449343
2016-01-20,validation,0.01242636236119544,0.10529097363047657,-0.2,-0.00747263620176758
2016-01-21,validation,0.01242636236119544,0.106231707402819,-0.1,-0.043708990382183344
2016-01-22,validation,0.011077027051370947,0.1068493608897105,-0.6,-0.06057780663843776
2016-01-25,validation,0.009509137430800237,0.10716293881382463,-0.2,-0.025341576076820527
2016-01-26,validation,0.007683007166841407,0.1071076015330986,-0.9,-0.07582052093992825
2016-01-27,validation,0.005306416584081591,0.10572125702648871,-0.7,-0.06625722447175808
2016-01-28,validation,0.0043161705079316675,0.10483003555795378,-0.3,-0.010689417405383539
2016-01-29,validation,0.003372264332642258,0.10473151108844443,-0.6,-0.01209125373771075
2016-02-01,validation,0.0037644524709017,0.10408955908890499,-0.3,-0.008243443420510366
2016-02-02,validation,0.004155904796519003,0.10344881150212266,0.7,0.06869319024776727
2016-02-03,validation,0.004238193068794439,0.10190508351423551,0.5,0.023888521885270353
2016-02-04,validation,0.0043548434767453304,0.10043420325398031,1.0,0.033578854871649466
2016-02-05,validation,0.004550839179801368,0.09906672178380306,0.9,0.03956997692618314
2016-02-08,validation,0.005151961790773886,0.09714222742262954,0.0,0.018616678397187725
2016-02-09,validation,0.006512804093528899,0.0948679852976172,-0.3,-0.012514294150959393
2016-02-10,validation,0.007921083165007396,0.09326657081062165,-0.2,-0.020473400668503228
2016-02-11,validation,0.007873287440832037,0.09247041128031402,-0.9,-0.06888078198271397
2016-02-12,validation,0.008273310873166987,0.09144440975721226,-0.1,0.02672028273203375
2016-02-15,validation,0.00889807504391293,0.09099849646954256,0.0,-0.003542301918383506
2016-02-16,validation,0.009148260366374013,0.09027882757900635,0.6,0.031248097247503326
2016-02-17,validation,0.009398445688835095,0.08955915868847014,0.5,0.027530823315679576
2016-02-18,validation,0.009462278980985658,0.0887911000442069,0.5,0.02537292493373655
2016-02-19,validation,0.010125231052388434,0.0882622861351113,-0.2,-0.0018158763250460952
2016-02-22,validation,0.010629719974223538,0.08799253899731375,-0.1,-0.0025834264430467657
2016-02-23,validation,0.011114852994567827,0.08750740597696947,-0.2,-0.00036924167736107627
2016-02-24,validation,0.013012554996050408,0.08748763824778737,-0.1,-0.018146415839568053
2016-02-25,validation,0.014059645620605821,0.08678199021819567,-0.9,-0.07366184735179299
2016-02-26,validation,0.015029911661294396,0.08549873513212368,-0.9,-0.06144635106681601
2016-02-29,validation,0.01540549851575449,0.08418418114151337,-0.9,-0.0848742917785037
2016-03-01,validation,0.016090754834813627,0.08366964611993608,-1.0,-0.05646883131507058
2016-03-02,validation,0.015289313188301555,0.08401583097316317,-0.9,-0.05208484271563607
2016-03-03,validation,0.01510151976107151,0.08420362440039324,-1.0,-0.05813095011766256
2016-03-04,validation,0.014632036192996392,0.08467310796846834,-0.9,-0.05499995215383319
2016-03-07,validation,0.013712038089899698,0.08437908795613848,-0.9,-0.045467812492849924
2016-03-08,validation,0.013636552496601347,0.08323943960853653,-0.9,-0.053498990821816916
2016-03-09,validation,0.014738111344639065,0.08215007513889036,-0.9,-0.06092478203352697
2016-03-10,validation,0.014729575279764975,0.08045139822894584,-0.9,-0.07737077330448938
2016-03-11,validation,0.01467741043886774,0.07946026625189838,-0.9,-0.06465263671300331
2016-03-14,validation,0.014061865316280363,0.07903251455654106,-0.9,-0.05155132593814227
2016-03-15,validation,0.013846685347579267,0.07975630172399019,-0.8,-0.03468841304493553
2016-03-16,validation,0.015073931867635275,0.07910561397174573,-0.9,-0.04771455564467442
2016-03-17,validation,0.015189243621197585,0.07969040929338315,-0.9,-0.06278464889275798
2016-03-18,validation,0.014824089734916938,0.07979473897517762,-0.9,-0.03666316471818937
2016-03-21,validation,0.015088657827505784,0.07937642187783904,-0.1,0.007267560994782096
2016-03-22,validation,0.015097378884497891,0.0784461757986809,0.0,0.0012548144721298837
2016-03-23,validation,0.015210194712658418,0.07744930319320933,0.6,0.038418325683235166
2016-03-24,validation,0.014911206800420943,0.0781486603077393,0.6,0.024621413300829786
2016-03-25,validation,0.014255785352063207,0.07749323885938157,0.6,0.020244109851903447
2016-03-28,validation,0.014305251121750583,0.07566300538094864,0.5,0.02030723063453649
2016-03-29,validation,0.01487960366978734,0.07341780905680494,-0.3,-0.005638897932899178
2016-03-30,validation,0.014929069439474717,0.07158757557837202,1.0,0.03591639252478468
2016-03-31,validation,0.014400404025940882,0.07105891016483819,0.9,0.038893732850725615
2016-04-01,validation,0.012931888988346896,0.07194001918739458,0.6,0.05128368335277078
2016-04-04,validation,0.012180009289098778,0.07269189888664271,0.9,0.05669749664879031
2016-04-05,validation,0.011396801269048651,0.0733184653026828,0.9,0.04942967685193661
2016-04-06,validation,0.010691914051003538,0.0740233525207279,0.6,0.03618501223646581
2016-04-07,validation,0.010691914051003538,0.0740233525207279,0.6,0.023275842429948845
2016-04-08,validation,0.010691914051003538,0.0740233525207279,0.7,0.0487217971398658
2016-04-11,validation,0.01024672212381715,0.07357816059354153,0.9,0.0740141548928307
2016-04-12,validation,0.011890267587022208,0.0724590827627388,0.8,0.07053282789460047
2016-04-13,validation,0.011989292194637199,0.07161737359801137,0.9,0.07488030915045385
2016-04-14,validation,0.012496170802611135,0.0712387795896043,0.9,0.08764414169899859
2016-04-15,validation,0.011711487814538318,0.07139571618721886,0.9,0.08462260725341225
2016-04-18,validation,0.011218651832555741,0.07184449979092367,0.9,0.06816210069738993
2016-04-19,validation,0.00953364836343095,0.07392597466454841,0.9,0.06267512326801611
2016-04-20,validation,0.007208265836547662,0.07599481687087291,0.9,0.05125650886777472
2016-04-21,validation,0.005424144516297886,0.07797717389337266,0.7,0.04056598482299695
2016-04-22,validation,0.005220992625135355,0.07864650268953179,0.9,0.04714025996698856
2016-04-25,validation,0.006854898650782727,0.0783989411704943,0.9,0.034173023828491134
2016-04-26,validation,0.006205401070926927,0.07862205257323275,0.5,0.04254981108846251
2016-04-27,validation,0.0061995744032546955,0.07948719618584005,0.5,0.038515440384709165
2016-04-28,validation,0.007131844971356708,0.07941263033575953,0.5,0.034005710220788576
2016-04-29,validation,0.006654572992159183,0.07987344466050196,-0.2,0.025767879489575873
2016-05-02,validation,0.007116939840338978,0.0802671902606327,-0.2,0.019725266596789248
2016-05-03,validation,0.008046605627005328,0.08019203371544484,-0.2,0.01220658161311483
2016-05-04,validation,0.00745212706197337,0.08108915593486397,-0.2,0.0202155240264707
2016-05-05,validation,0.00745212706197337,0.08108915593486397,-0.2,0.020509684856109156
2016-05-06,validation,0.007297597282623764,0.08180038594161448,-0.2,-0.011378504794665512
2016-05-09,validation,0.008181411686068688,0.08135071371143826,-0.7,-0.024648704008291222
2016-05-10,validation,0.0077300870917378795,0.08128000956219987,-0.6,-0.02860049988917851
2016-05-11,validation,0.007667829265261264,0.08208440288402029,-0.1,-0.011269669145058503
2016-05-12,validation,0.007611474678146657,0.08289307953651431,-0.3,-0.008951896074482435
2016-05-13,validation,0.007611474678146657,0.08289307953651431,-0.3,-0.01304859648470269
2016-05-16,validation,0.008071221200389283,0.08328253511117677,0.7,0.024198902845941672
2016-05-17,validation,0.008250259240314294,0.08395111483588649,0.6,0.02290848485747815
2016-05-18,validation,0.008708553500108969,0.08433885843808976,-0.4,-0.0046483630776037455
2016-05-19,validation,0.009259104195174044,0.08463277011552171,0.9,0.015530004214652338
2016-05-20,validation,0.009436537586620395,0.08529822800378635,0.7,0.011717090139163111
2016-05-23,validation,0.009613641176223906,0.08596244898147799,1.0,0.015745741878057995
2016-05-24,validation,0.010378469116945458,0.08572788155747785,0.2,0.007488235408690813
2016-05-25,validation,0.010059626999644643,0.0862667858108259,0.2,-0.00816192019977291
2016-05-26,validation,0.009741375877927332,0.08680469116843094,0.2,0.0046994146578919205
2016-05-27,validation,0.010658282011373695,0.08579839052846018,-0.1,0.02704692368290551
2016-05-30,validation,0.011457858068717476,0.08537212004693523,-0.1,0.013651452015202181
2016-05-31,validation,0.012268792477978263,0.08519052741185386,0.2,0.04331680485413575
2016-06-01,validation,0.013078229316769501,0.08500927012789913,-0.1,0.04784899584050972
2016-06-02,validation,0.012878437747973703,0.0857328395932677,0.6,0.054616462531943744
2016-06-03,validation,0.013686565470428423,0.0855512492328393,0.9,0.056882306766700086
2016-06-06,validation,0.012974453086146686,0.0857616460736498,0.5,0.04402019742653507
2016-06-07,validation,0.012185464933107258,0.08589516714570265,0.1,0.04034939825837647
2016-06-08,validation,0.012439154970007629,0.08531859888002,0.1,0.034084741647982364
2016-06-09,validation,0.011823137296673,0.08562509043177761,0.1,0.02901317094784539
2016-06-10,validation,0.012303610851408549,0.08426054553632865,1.0,0.05099973524310597
2016-06-13,validation,0.012563066570965745,0.08382811933706666,0.3,0.00813870667776928
2016-06-14,validation,0.013197291663216667,0.0830785805916792,-0.5,-0.016169313818831577
2016-06-15,validation,0.013510419667647424,0.08240564289202844,0.3,0.00281936487336909
2016-06-16,validation,0.013265246856952304,0.08308867252488644,-0.9,-0.00964801495102352
2016-06-17,validation,0.012639734517004172,0.083778870004931,-0.3,-0.001651524511704805
2016-06-20,validation,0.012628117113955456,0.08462098501411765,0.3,0.004497339383605747
2016-06-21,validation,0.012396208739746043,0.08349352611200478,0.7,0.009886014824690093
2016-06-22,validation,0.011993719312602638,0.08247829158682216,0.5,0.01837448803684305
2016-06-23,validation,0.01154437290737388,0.08166129812276987,0.3,0.008883907705428795
2016-06-24,validation,0.011354994271304066,0.08114366318417904,-0.1,-0.004076819497524586
2016-06-27,validation,0.011165615635234254,0.08062602824558822,-0.2,0.006325517962400662
2016-06-28,validation,0.011145190798632947,0.08042177987957515,-0.2,-0.006108832093295269
2016-06-29,validation,0.01142746463934332,0.07899712094717627,-0.2,0.013627409383863753
2016-06-30,validation,0.01083169778718356,0.07965112615402808,-0.1,0.003090230122740789
2016-07-01,validation,0.011082136054150751,0.07967895262813555,-0.1,0.005308158459295997
2016-07-04,validation,0.011320979956906499,0.08000127595321369,0.6,0.026640749073088665
2016-07-05,validation,0.010484905663368052,0.08001962340646762,0.5,0.022648617323354214
2016-07-06,validation,0.009271147280362144,0.08088084083976807,0.1,0.016158644220904794
2016-07-07,validation,0.008346906302999174,0.0812646495935778,0.5,0.018702018916523178
2016-07-08,validation,0.009359052051987029,0.08136104442681474,-0.2,-0.0029549264097866734
2016-07-11,validation,0.007978119707932146,0.08265897576768683,-0.1,-0.006006351705766633
2016-07-12,validation,0.007209096441898081,0.0827357652474848,0.6,0.013709507442884183
2016-07-13,validation,0.007209096441898081,0.0827357652474848,0.6,0.01329842929360081
2016-07-14,validation,0.007209096441898081,0.0827357652474848,0.6,0.016782343998838878
2016-07-15,validation,0.006097009307440209,0.08338118800452868,-0.3,-0.001731405880355974
2016-07-18,validation,0.005870819336138063,0.08406824004235894,-0.6,-0.03202475572220653
2016-07-19,validation,0.005548498627032502,0.08511578234695201,-0.6,-0.032476043488102624
2016-07-20,validation,0.00727885190749393,0.08410640960001618,-0.6,-0.02401079463002942
2016-07-21,validation,0.006437707951714069,0.08509174966250117,-0.8,-0.019655272303560456
2016-07-22,validation,0.005903597480571034,0.08539828331388478,-0.8,-0.030850970316803283
2016-07-25,validation,0.004897268571576644,0.08583878392251423,-0.6,-0.018580825489478703
2016-07-26,validation,0.004897268571576644,0.08583878392251423,-0.5,-0.009989517212412036
2016-07-27,validation,0.005276280741893011,0.08523333205334886,-0.9,-0.03780040899945025
2016-07-28,validation,0.005749041987125453,0.08509892875699054,-0.9,-0.028399762001853734
2016-07-29,validation,0.006755656885025943,0.08428405003011873,-0.9,-0.038040855665187556
2016-08-01,validation,0.00733378508673714,0.08341355628696065,-0.9,-0.04464411405685126
2016-08-02,validation,0.008245362114996027,0.08250197925870177,-0.9,-0.045594684165203736
2016-08-03,validation,0.009444805573231404,0.08096669163216048,-0.9,-0.04992508402319973
2016-08-04,validation,0.008685078878354888,0.08118463089171729,-0.9,-0.04078924477047796
2016-08-05,validation,0.008765114734418404,0.08035225798865672,-0.9,-0.03295086156482574
2016-08-08,validation,0.008012084397798389,0.08057784604770268,-0.9,-0.025803898185852492
2016-08-09,validation,0.008527228492819736,0.08024524403819927,-0.8,-0.017195814920123564
2016-08-10,validation,0.007739556549222706,0.08067634113786853,-0.9,-0.02142201343654282
2016-08-11,validation,0.006422682257891627,0.08240638945470322,-0.8,-0.02635242337863286
2016-08-12,validation,0.005706258651347588,0.082674397419245,-1.0,-0.026481932128206764
2016-08-15,validation,0.004983958848776202,0.0828670106999307,0.6,0.030157645098486785
2016-08-16,validation,0.0041653524058619645,0.08296331734027355,0.6,0.017212323499609106
2016-08-17,validation,0.002913366081404894,0.08354115718233066,0.6,0.019838672227289356
2016-08-18,validation,0.0030955933518575438,0.08250350034177385,0.5,0.01739993291723735
2016-08-19,validation,0.0027841015619986323,0.08150582373947214,0.6,0.016311439456868526
2016-08-22,validation,0.0029510330719262415,0.08039187693283982,0.5,0.0032935981998782893
2016-08-23,validation,0.0035449240207071596,0.07915594171510655,0.6,0.008592343060155494
2016-08-24,validation,0.004035485969953559,0.07781667749783877,0.6,0.022974194295135864
2016-08-25,validation,0.004526047919199959,0.07647741328057099,0.6,0.015614213722500492
2016-08-26,validation,0.005016609868446359,0.07513814906330321,0.7,0.016045804430908417
2016-08-29,validation,0.005267007133337773,0.07392468539498329,0.9,0.024039484294638813
2016-08-30,validation,0.005808731985266312,0.07309404062202618,0.7,0.024590878177978004
2016-08-31,validation,0.005620607001733162,0.07229596563059837,0.7,0.03499715943880133
2016-09-01,validation,0.005432825625475871,0.07149934831038779,0.7,0.015904345513421514
2016-09-02,validation,0.005105981116944268,0.07153780060550914,0.6,0.011610179902388884
2016-09-05,validation,0.006845947471186038,0.06907685371774179,0.6,0.009054824524891203
2016-09-06,validation,0.006972210097448665,0.06798546033182785,-0.1,-0.012651544758716882
2016-09-07,validation,0.0071209578489361425,0.06684044857037774,-0.1,-0.007182924034203064
2016-09-08,validation,0.006987200180931899,0.0655028718903353,-0.1,-0.008177361314483933
2016-09-09,validation,0.00681596730421957,0.06396177599992435,-0.1,4.896131324616526e-05
2016-09-12,validation,0.007375328034813177,0.06351657052047228,-0.6,-0.03047270609542463
2016-09-13,validation,0.007432405660383953,0.06357364814604306,-0.6,-0.030693047255664352
2016-09-14,validation,0.007641690287476799,0.06332631176856969,-0.7,-0.03541467595884695
2016-09-15,validation,0.007546560911525505,0.0632311823926184,-0.6,-0.03711624841113892
2016-09-16,validation,0.007365815097218048,0.0631645918294525,-0.9,-0.03902974596197534
2016-09-19,validation,0.007444224764668812,0.06253270215646693,-1.0,-0.020670709812712185
2016-09-20,validation,0.007891621102476109,0.06152721347974537,-0.9,-0.030522426840756345
2016-09-21,validation,0.007971529778275196,0.06115050115097826,-1.0,-0.037950776386267204
2016-09-22,validation,0.007399634353438594,0.06225288274288442,-1.0,-0.03738185486091411
2016-09-23,validation,0.0071489404685787135,0.06245880986259076,-0.9,-0.03587414094683228
2016-09-26,validation,0.006746039582196764,0.06296915098534123,-0.9,-0.05611741039741169
2016-09-27,validation,0.006517729079913658,0.06319746148762434,-0.9,-0.04918587287842924
2016-09-28,validation,0.006289418577630553,0.06342577198990744,-0.9,-0.054693967839833046
2016-09-29,validation,0.005981199399548361,0.06384814641913118,-1.0,-0.04367052327468757
2016-09-30,validation,0.006026861500004982,0.06380248431867457,-1.0,-0.04188566501196195
2016-10-03,validation,0.006118185700918224,0.06334586331410835,-0.9,-0.03778904485673901
2016-10-04,validation,0.006225191835321619,0.06264109877372738,-1.0,-0.043402275581513106
2016-10-05,validation,0.006377398836843688,0.06151476696246405,-0.7,-0.0506015904065335
2016-10-06,validation,0.006130062459370324,0.06233287959564518,-0.7,-0.06449057265681385
2016-10-07,validation,0.0061658758714931644,0.06290589418961061,-0.7,-0.06244037329665253
2016-10-10,validation,0.006021279220047198,0.06298960804044776,-0.9,-0.0363181524911822
2016-10-11,validation,0.005564658215480988,0.06356038429615551,-0.7,-0.010712471603508356
2016-10-12,validation,0.004715988873660961,0.0629146576230316,0.1,-0.0004080310311534996
2016-10-13,validation,0.0032861655260293943,0.06231505428370222,-0.5,-0.0117696477656547
2016-10-14,validation,0.002503386661058748,0.061532275418731575,-0.9,-0.028670157233884885
2016-10-17,validation,0.001418911775213999,0.06136104254201924,-0.9,-0.040532747384440904
2016-10-18,validation,0.000425761090282492,0.06128113386622017,-0.9,-0.02978998518911813
2016-10-19,validation,-0.000658713795562257,0.06110990098950783,-0.7,-0.026022430205312308
2016-10-20,validation,-0.0015182356865104172,0.06025037909855968,-0.3,-0.028024668111310325
2016-10-21,validation,-0.0022435556704927706,0.05999338835002984,-0.3,-0.026317551036163955
2016-10-24,validation,-0.0030117533605276887,0.059225190659994924,-0.1,-0.016965930545253305
2016-10-25,validation,-0.003976924817238227,0.05886884720937267,-0.5,-0.032451682282957695
2016-10-26,validation,-0.004745122507273145,0.05810064951933775,-0.1,-0.034808505282451
2016-10-27,validation,-0.005550924280037046,0.05820808975570627,0.0,-0.039913478763563215
2016-10-28,validation,-0.006070218755818226,0.05829762328601337,0.0,-0.04826149975728994
2016-10-31,validation,-0.005448206691420988,0.057919417911837,-0.8,-0.05426418261540755
2016-11-01,validation,-0.005197512806561108,0.057561283790608604,0.0,-0.05483437484865261
2016-11-02,validation,-0.005860060930833647,0.058116391678512624,0.0,-0.06000935890095671
2016-11-03,validation,-0.005752620694465127,0.05731058990574872,-0.1,-0.060523595880331627
2016-11-04,validation,-0.005645180458096606,0.056504788132984825,0.0,-0.048773985486627924
2016-11-07,validation,-0.005501926809605246,0.05497376476473341,0.0,-0.03859192294547026
2016-11-08,validation,-0.0051644125317203,0.05358626635870157,0.0,-0.031676534982638616
2016-11-09,validation,-0.005303337086438569,0.052627765641941375,0.0,-0.04111659689857905
2016-11-10,validation,-0.005049285694192172,0.051245591767825525,-0.1,-0.02408680335511132
2016-11-11,validation,-0.00514105756275695,0.05077330239545557,0.0,-0.007422744705091466
2016-11-14,validation,-0.005465616610120187,0.049459397838198874,0.0,0.019420526967390828
2016-11-15,validation,-0.005958542969283452,0.04826397762585683,0.0,0.011251831049181371
2016-11-16,validation,-0.006766041166832118,0.04633174979600824,0.0,0.005858618485015676
2016-11-17,validation,-0.007765800839987609,0.04459178344176647,0.0,0.019779247394561106
2016-11-18,validation,-0.00806921348117963,0.043182867315835205,0.0,0.02007096025795102
2016-11-21,validation,-0.008251107916435105,0.04325732151472216,-0.1,0.024274372877531536
2016-11-22,validation,-0.009639996805323995,0.04202063962735534,-0.1,0.03791992334330396
2016-11-23,validation,-0.009402874318742243,0.04147910313772945,-0.1,0.031969013913512145
2016-11-24,validation,-0.009188582882388802,0.0410365011990929,0.2,0.03280631989908206
2016-11-25,validation,-0.00887397319503218,0.04072189151173628,0.6,0.048649025920461664
2016-11-28,validation,-0.008525377893300615,0.04017035354130862,0.6,0.04912310692742472
2016-11-29,validation,-0.00821595708099588,0.039975087980145436,0.6,0.06269571014871977
2016-11-30,validation,-0.007335760012983384,0.03989397767012381,0.8,0.06534467075291311
2016-12-01,validation,-0.009324464651291484,0.038458024774185334,0.5,0.08185568799177062
2016-12-02,validation,-0.010406701198878553,0.03820845005845429,0.5,0.06016884986265014
2016-12-05,validation,-0.009698267140323626,0.03921234476702264,0.8,0.04710199315118163
2016-12-06,validation,-0.008918206257523017,0.04014461265134533,0.8,0.043579928599973505
2016-12-07,validation,-0.008264611486281185,0.04110262142563129,0.6,0.034906566486950674
2016-12-08,validation,-0.007750912856144199,0.041844630558051384,0.8,0.03502024033897755
2016-12-09,validation,-0.007377699403495657,0.04308302065093064,0.6,0.04552275065944106
2016-12-12,validation,-0.007079694116305078,0.044246202578351934,0.5,0.017908528225528852
2016-12-13,validation,-0.006706480663656534,0.04548459267123119,0.1,0.016560749189227897
2016-12-14,validation,-0.0068201493469172165,0.04633270741880679,0.5,0.02795564738804468
2016-12-15,validation,-0.006934026024108841,0.04718237406893971,0.1,0.007261080345876525
2016-12-16,validation,-0.007048111266643309,0.048033596885098506,0.5,0.01337372237435458
2016-12-19,validation,-0.007162405648027518,0.04888638014638317,0.6,0.009429175154388458
2016-12-20,validation,-0.007276909743872984,0.0497407281475968,-0.6,-0.014010639500497135
2016-12-21,validation,-0.008543967530238195,0.050668666661713505,-0.3,-0.0023841345889978327
2016-12-22,validation,-0.010813591246526703,0.050831662602925036,0.3,0.00424922529240751
2016-12-23,validation,-0.012199056746824739,0.05099276324249457,-0.3,-0.00896841751155597
2016-12-26,validation,-0.01383322135945825,0.051364301592501826,-0.6,-0.013350664633692111
2016-12-27,validation,-0.015218686859756284,0.05152540223207137,-0.6,-0.012534804647739706
2016-12-28,validation,-0.016651238760222627,0.053038978277732976,-0.1,0.0005398907336113812
2016-12-29,validation,-0.018251261021401913,0.052802453247819514,-0.6,-0.011836806816999945
2016-12-30,validation,-0.01939214645980801,0.05302506504067924,-0.2,0.00016963356423893572
2017-01-02,validation,-0.02004328595392271,0.053676204534793936,-0.2,-0.0028903609558454946
2017-01-03,validation,-0.020497377317104985,0.05427156876652181,-0.1,0.0035806118170025325
2017-01-04,validation,-0.02097970286830106,0.05417881385283026,-0.1,0.011447872635017897
2017-01-05,validation,-0.021851599057001653,0.05430867073199843,0.1,0.012753857010367298
2017-01-06,validation,-0.02307596391773015,0.05429011974926012,0.2,0.01743285530076355
2017-01-09,validation,-0.02371421455598079,0.05404541495910078,0.2,0.01860408874286651
2017-01-10,validation,-0.024935680825656423,0.05382570175729392,0.6,0.020057909196946444
2017-01-11,validation,-0.026214539198178708,0.05400773327541359,-0.3,0.004313013530849896
2017-01-12,validation,-0.02735252604553195,0.05370454065128433,-0.4,-0.005256733905321331
2017-01-13,validation,-0.028547904995731836,0.0538030927470816,-0.9,-0.007794398397655056
2017-01-16,validation,-0.02997285235731832,0.05413121325426547,0.1,-0.0009565364440705659
2017-01-17,validation,-0.03125287016626174,0.05326859255693403,-0.1,0.004596283296215864
2017-01-18,validation,-0.032285928017501415,0.052694671528467546,0.8,0.017962111979645368
2017-01-19,validation,-0.03298611167223053,0.052912761519284805,0.7,0.01137108289061639
2017-01-20,validation,-0.03356003270069701,0.05279797731359151,0.8,0.02151430159967871
2017-01-23,validation,-0.03365186006525164,0.05270614994903687,0.9,0.016921972102815874
2017-01-24,validation,-0.03417658786270672,0.05172228532880862,0.9,0.012129230023790072
2017-01-25,validation,-0.03454389732092526,0.05273238633890963,0.7,0.003227329278036817
2017-01-26,validation,-0.03387814892790414,0.05293899790915756,0.0,-0.007766296246082938
2017-01-27,validation,-0.03392136180534162,0.05381405867726646,-0.3,-0.011742644180988138
2017-01-30,validation,-0.03420944765492479,0.05475033768841178,0.1,-0.0025635212004581076
2017-01-31,validation,-0.03491165691328379,0.055884675721145534,0.7,0.005963497131945106
2017-02-01,validation,-0.03598554836150679,0.057259513994379535,0.5,0.010319065193773458
2017-02-02,validation,-0.03629163957668891,0.05848387885510802,0.7,0.015051945218185092
2017-02-03,validation,-0.037383536390510855,0.06014680297792519,0.9,0.0171881667534719
2017-02-06,validation,-0.03753989877597541,0.06090871423800702,0.7,0.02255798329551889
2017-02-07,validation,-0.03766025043024207,0.062012727444468854,0.7,0.023306852899616703
2017-02-08,validation,-0.038344454323002104,0.06285897962761944,0.7,0.030758162663041322
2017-02-09,validation,-0.03843376313158186,0.06378180632818549,0.7,0.023426488798230005
2017-02-10,validation,-0.038523236261796524,0.06470633096196324,0.3,0.023398979518750196
2017-02-13,validation,-0.038251772084014264,0.06537978676088463,0.5,0.019346237851497528
2017-02-14,validation,-0.037277651700181755,0.06543309683164163,0.7,0.019728796912576396
2017-02-15,validation,-0.03740417488147224,0.06632289692088737,0.5,0.011348941639548471
2017-02-16,validation,-0.03753093150036659,0.06721433870771477,0.9,0.013329086178274552
2017-02-17,validation,-0.037657922203506354,0.06810742673976253,0.7,0.01074777548021938
2017-02-20,validation,-0.037750258306922795,0.0698618127046748,0.8,0.012891720890173375
2017-02-21,validation,-0.03784259441033923,0.07161619866958709,-0.7,-0.007134572297441688
2017-02-22,validation,-0.04005380109741703,0.07448347767041326,-0.4,-0.0037659286635613465
2017-02-23,validation,-0.04076657101852636,0.07592521682902074,0.1,0.0010925888084432622
2017-02-24,validation,-0.04024971942057676,0.0765499166597315,0.5,0.004450618652608596
2017-02-27,validation,-0.03974653601536008,0.07705310006494817,-0.1,-0.00046723985111241095
2017-02-28,validation,-0.039337935956988646,0.07838591454106453,0.5,0.0036031651834460554
2017-03-01,validation,-0.039686543149646814,0.07973170044760537,-0.7,-0.0092249138202255
2017-03-02,validation,-0.040331194733105674,0.08171750528388204,0.1,-0.0014162741834579107
2017-03-03,validation,-0.03999511676301661,0.08322985614928281,-0.7,-0.013124250776079982
2017-03-06,validation,-0.0399682326978592,0.0846786085494324,-0.4,-0.013641916753762084
2017-03-07,validation,-0.04094681266958911,0.08554845741319234,-0.3,-0.01457315994897257
2017-03-08,validation,-0.04100117822357411,0.0869728349275992,-0.9,-0.030173881464308105
2017-03-09,validation,-0.041209579513849924,0.0884588267365224,-0.9,-0.033539171115738786
2017-03-10,validation,-0.04147407508734929,0.08860779550780366,-0.9,-0.03841459647315043
2017-03-13,validation,-0.04163144905941111,0.0885477072639255,-0.9,-0.032226562408459725
2017-03-14,validation,-0.04163144905941111,0.0885477072639255,-1.0,-0.04434052087113277
2017-03-15,validation,-0.04178882303147294,0.08848761902004734,-0.9,-0.050344223314349956
2017-03-16,validation,-0.041172680086309664,0.08925779770150145,-0.9,-0.050841918939038167
2017-03-17,validation,-0.04053388482698597,0.08989659296082514,-0.9,-0.05076303091872403
2017-03-20,validation,-0.03938031572836686,0.09041476464724463,-0.9,-0.035326602960152276
2017-03-21,validation,-0.03863278936107317,0.08931386217904848,-0.3,-0.012778964170503337
2017-03-22,validation,-0.03730423113556486,0.08856293796463073,-0.3,-0.012177425779273165
2017-03-23,validation,-0.03682400207536407,0.08781088113450497,-0.1,-0.004946398050400536
2017-03-24,validation,-0.03767572908779566,0.08849951148498157,-0.2,-0.00594006238152478
2017-03-27,validation,-0.03835918176646417,0.08781605880631306,0.1,0.016401396966840565
2017-03-28,validation,-0.038893776380649954,0.08758953566470891,0.1,0.01651524189160697
2017-03-29,validation,-0.037994932554764695,0.08633187918252269,0.4,0.024727825201378506
2017-03-30,validation,-0.037030850064097454,0.08513946136511846,0.4,0.015362380023986266
2017-03-31,validation,-0.036686534888859146,0.0833272762322853,0.4,0.01997861160029113
2017-04-03,validation,-0.035400432591557555,0.08198076776388925,1.0,0.03707414559265715
2017-04-04,validation,-0.03374497160153094,0.08072139866718189,1.0,0.040747130198674264
2017-04-05,validation,-0.033320920280447974,0.07929702115277502,0.6,0.04083551516834488
2017-04-06,validation,-0.032775193671874786,0.07784028318956755,0.6,0.05655756917614713
2017-04-07,validation,-0.031859781296203635,0.07675323099345806,0.7,0.05886781871252911
2017-04-10,validation,-0.030992913516212004,0.07536557572410224,0.6,0.06867020371033061
2017-04-11,validation,-0.030246073582680763,0.07370385687199522,0.6,0.07657578562773038
2017-04-12,validation,-0.02958797218520783,0.07212944032530509,0.9,0.0985663513590963
2017-04-13,validation,-0.028926026758665253,0.07075656073126645,0.9,0.09972974118176953
2017-04-14,validation,-0.02844191444460839,0.06886852270644468,0.8,0.09049854207174118
2017-04-17,validation,-0.027957802130551532,0.06728855615420455,1.0,0.0784477950006029
2017-04-18,validation,-0.02717828794992829,0.06642502248105905,1.0,0.0745973963517097
2017-04-19,validation,-0.026485127136619605,0.06573186166775037,0.9,0.03593843454741663
2017-04-20,validation,-0.02666833630781399,0.0644447297198051,1.0,0.041820485874443813
2017-04-21,validation,-0.02540304275971083,0.06410365058944686,0.9,0.047059463806345236
2017-04-24,validation,-0.024168429406335925,0.06438738949379576,0.9,0.032816475920826094
2017-04-25,validation,-0.02288608190171485,0.06449136361579205,0.9,0.029221504635683626
2017-04-26,validation,-0.021095416467334073,0.0645491270169011,0.9,0.032122269666932324
2017-04-27,validation,-0.01910541066834165,0.06419008783745854,0.8,0.027361767191973585
2017-04-28,validation,-0.017451553289219168,0.06438465929382589,0.8,0.025426180816102206
2017-05-01,validation,-0.016816155877019536,0.06513558350824364,0.8,0.016171503665215747
2017-05-02,validation,-0.016180758464819905,0.06588650772266139,0.6,0.014413198302532071
2017-05-03,validation,-0.016247620130572515,0.06568930812620115,0.3,0.003395149871165848
2017-05-04,validation,-0.017133537201794575,0.06610719353715495,-0.1,0.004426600931915714
2017-05-05,validation,-0.01802220491116469,0.06614274024552977,-0.1,-0.001957241216757666
2017-05-08,validation,-0.018572967303424306,0.06636765781102034,-0.3,-0.008264832207243278
2017-05-09,validation,-0.020117378238340155,0.06759589012933925,-0.5,-0.022971304483933863
2017-05-10,validation,-0.02106104980172181,0.06896275461031988,-0.6,-0.0298293006787011
2017-05-11,validation,-0.02206633565961979,0.07057607626936584,-0.6,-0.019805356213088876
2017-05-12,validation,-0.023056832661401933,0.07207384885382,-0.6,-0.020912657459867035
2017-05-15,validation,-0.023932404215055013,0.07304670613565675,-0.7,-0.022405950849988365
2017-05-16,validation,-0.024567801627254644,0.0737976303500745,-0.6,-0.014060782972713237
2017-05-17,validation,-0.02437140606348385,0.0739940259138453,0.6,0.020702086750736315
2017-05-18,validation,-0.02431704050949885,0.0740483914678303,0.1,0.005990625957536189
2017-05-19,validation,-0.024262674955513857,0.07410275702181529,-0.2,0.005496735855418322
2017-05-22,validation,-0.024208309401528863,0.07415712257580029,-0.2,0.009817385346228225
2017-05-23,validation,-0.023697118197366897,0.07457748697296564,-0.2,-0.002990437186907613
2017-05-24,validation,-0.02315968205364275,0.07419156208252543,-0.2,-0.0033804473153196124
2017-05-25,validation,-0.02288507920680215,0.07468386058360696,0.1,-0.0007749480050938673
2017-05-26,validation,-0.022049203974984815,0.07398222044027053,0.1,0.0034347546346882307
2017-05-29,validation,-0.02059261046168126,0.07267128627829735,0.1,0.0027124330292868093
2017-05-30,validation,-0.019707230090849688,0.0717116481989444,0.1,-0.013561764622897321
2017-05-31,validation,-0.018481977900247287,0.07016937271427005,0.1,0.007834889650486399
2017-06-01,validation,-0.017399528995262876,0.0684842939439777,0.1,-0.017664529412761698
2017-06-02,validation,-0.017076272900950807,0.06811395511699402,0.1,-0.018299340972378564
2017-06-05,validation,-0.01704249378857677,0.06776235341781071,0.1,-0.009874802856087883
2017-06-06,validation,-0.01639726138137525,0.06625902842783603,0.1,0.0019880415800554996
2017-06-07,validation,-0.016528398453825633,0.06520708104231014,0.1,0.002122219949908688
2017-06-08,validation,-0.016659535526276015,0.06415513365678426,0.1,-0.010909125983279089
2017-06-09,validation,-0.018253136037140436,0.06440315377207084,0.0,0.005325514914479912
2017-06-12,validation,-0.019359248735200178,0.06421785138708662,0.2,0.010447853906446258
2017-06-13,validation,-0.020952849246064602,0.0644658715023732,0.2,0.007644817830003425
2017-06-14,validation,-0.02224765814568338,0.06531961999993062,0.2,0.01154487224219003
2017-06-15,validation,-0.02411553663768125,0.06705103564027348,0.2,0.012125680866645838
2017-06-16,validation,-0.026125105368519294,0.0686341446922682,0.2,0.01122169834464165
2017-06-19,validation,-0.027963340662636945,0.06955326233932702,0.2,0.0034535324989452
2017-06-20,validation,-0.02980157595675459,0.07047237998638585,0.2,0.005557055609180905
2017-06-21,validation,-0.030797523871524214,0.07039554971867505,0.2,0.005211235347069465
2017-06-22,validation,-0.031727391432583726,0.07084435862820378,0.1,-0.0024542246750506314
2017-06-23,validation,-0.03217020519776591,0.0704015448630216,0.1,-0.0022100396206250483
2017-06-26,validation,-0.033058937791707356,0.07079603380254132,0.1,-0.0021975187345075753
2017-06-27,validation,-0.03394603968364157,0.07118979890914448,0.9,0.02141973218795329
2017-06-28,validation,-0.034549487577889094,0.07140657481087058,0.5,0.006739235069979088
2017-06-29,validation,-0.035151830256213094,0.07162295368713563,0.9,0.01635335951263095
2017-06-30,validation,-0.0365087729087023,0.07209751286614825,0.4,0.007863204789135714
2017-07-03,validation,-0.03729879232964585,0.07212304121668242,0.0,-0.011288419577439535
2017-07-04,validation,-0.037743845743351455,0.0714284660529976,-0.8,-0.01682263902358494
2017-07-05,validation,-0.03822476159480711,0.07094755020154196,-0.9,-0.011422229162808772
2017-07-06,validation,-0.03870567744626275,0.07046663435008631,0.3,-0.0015217585326740002
2017-07-07,validation,-0.037912999714210055,0.07034439899888192,-0.2,-0.007914600459946075
2017-07-10,validation,-0.03703248185964684,0.0696564944250044,-0.2,-0.009056579887643856
2017-07-11,validation,-0.035863426253262776,0.06899572386487429,-0.6,-0.011991138041751892
2017-07-12,validation,-0.03614432062092943,0.06962974258046473,-0.6,-0.030168765247322427
2017-07-13,validation,-0.036425214988596084,0.07026376129605517,-0.7,-0.049574724720004626
2017-07-14,validation,-0.03718764255797699,0.07041624680993136,-0.7,-0.036466343320681105
2017-07-17,validation,-0.037950070127357904,0.07056873232380755,-0.6,-0.02969267348636556
2017-07-18,validation,-0.03785376348701505,0.07066503896415038,-0.6,-0.025326635355813754
2017-07-19,validation,-0.039710341498068916,0.07292556982775344,-0.7,-0.011592678642631304
2017-07-20,validation,-0.038443307261058275,0.07282023443987845,-0.7,-0.03542417151826438
2017-07-21,validation,-0.03787148658402259,0.07339205511691413,-0.7,-0.04101836616381943
2017-07-24,validation,-0.03579947754252859,0.07256683939476068,-0.9,-0.050767264808987356
2017-07-25,validation,-0.03507292891758913,0.07314090250582395,-0.9,-0.04339829415757801
2017-07-26,validation,-0.034405804794380844,0.0733505700874037,-0.7,-0.044865250559093295
2017-07-27,validation,-0.03427428603866264,0.07453423888886755,-0.9,-0.03778007197049116
2017-07-28,validation,-0.033847326599809324,0.07502219253327133,-0.9,-0.04306937999683985
2017-07-31,validation,-0.03432496504768619,0.07545946716865155,-0.5,-0.04638928436275791
2017-08-01,validation,-0.03343023387067742,0.0749818287207747,-0.7,-0.046162783018372344
2017-08-02,validation,-0.03259268476137221,0.07444700820519427,-0.7,-0.04162141226625743
2017-08-03,validation,-0.03307368686029046,0.07533837573116166,-0.7,-0.035369460726541124
2017-08-04,validation,-0.032679018471434465,0.07542807309226529,-0.7,-0.04620114492638744
2017-08-07,validation,-0.03279842808340368,0.07553739175111035,-0.7,-0.05097342380923203
2017-08-08,validation,-0.03248729036207544,0.07516234465999577,-0.6,-0.058728455514234945
2017-08-09,validation,-0.0321761526407472,0.07478729756888118,-0.9,-0.047965850131578225
2017-08-10,validation,-0.03154714989600795,0.0740439306887348,-0.6,-0.03204087800802902
2017-08-11,validation,-0.030918147151268702,0.0733005638085884,-0.5,-0.049874958208427744
2017-08-14,validation,-0.030235325989867265,0.07261101534510421,-0.8,-0.03731041017691522
2017-08-15,validation,-0.029423340628476603,0.07186764846495783,-0.9,-0.03572916570589568
2017-08-16,validation,-0.02916602132381054,0.07143878295718106,-0.8,-0.03398544814572818
2017-08-17,validation,-0.02922320339151411,0.0713816008894775,-0.2,-0.010444345396707355
2017-08-18,validation,-0.02976643303469801,0.07152455605873641,0.2,-0.0022692964875117294
2017-08-21,validation,-0.030566981982547967,0.07163892019414356,0.5,0.009601597512594373
2017-08-22,validation,-0.03136753093039792,0.07175328432955069,0.2,-0.0013655201067576117
2017-08-23,validation,-0.032257029761342315,0.07223615512349194,0.1,0.0056758248567536085
2017-08-24,validation,-0.033057578709192265,0.07235051925889907,0.1,0.005477854374353275
2017-08-25,validation,-0.0332117398880561,0.07200030527648014,1.0,0.014129028562243073
2017-08-28,validation,-0.03302071407946396,0.07166852360892537,0.5,0.02044150807524303
2017-08-29,validation,-0.03305841654168609,0.07110801367055633,0.9,0.028948632314856892
2017-08-30,validation,-0.03328714481250036,0.07087928539974206,0.6,0.0184631191459389
2017-08-31,validation,-0.033515873083314635,0.07065055712892779,0.9,0.030385792054464733
2017-09-01,validation,-0.03374460135412891,0.06996437231648497,0.9,0.04100889131547253
2017-09-04,validation,-0.033957156918926014,0.06934518871468472,0.6,0.032345435469687156
2017-09-05,validation,-0.03466240242060335,0.06863994321300737,0.6,0.03987121267733257
2017-09-06,validation,-0.034214765021913805,0.06730858294980814,0.6,0.03648466180757748
2017-09-07,validation,-0.03444349329272808,0.067194218814401,0.9,0.07890609740731225
2017-09-08,validation,-0.03408154965539561,0.06690265310654984,0.5,0.01542815664035957
2017-09-11,validation,-0.03384779438961838,0.0656232828884788,0.9,0.03623176060011879
2017-09-12,validation,-0.033714658363298455,0.06466360606535276,0.9,0.03996706368222602
2017-09-13,validation,-0.03279974528004136,0.06329123644046712,0.6,0.0320693866934908
2017-09-14,validation,-0.031717098131520474,0.06284902845022619,0.9,0.0355728344080708
2017-09-15,validation,-0.030055006030270094,0.06329123644046712,0.7,0.02636782607022692
2017-09-18,validation,-0.028225179863755914,0.0642061495237242,0.7,0.025319067486533287
2017-09-19,validation,-0.02633435949169126,0.06487708578477941,0.7,0.030989706254638816
2017-09-20,validation,-0.024626521736278023,0.06536503942918319,0.7,0.03205959789453894
2017-09-21,validation,-0.022918683980864787,0.06585299307358697,0.6,0.02541251703653402
2017-09-22,validation,-0.02211813503301483,0.06779718337550829,0.7,0.03084022419175514
2017-09-25,validation,-0.02223249916842197,0.06882646059417252,0.7,0.037604345582659016
2017-09-26,validation,-0.022093875973989076,0.07021269253850144,1.0,0.03634803906837425
2017-09-27,validation,-0.022337852796190966,0.07192053029391468,0.9,0.02478590922336693
2017-09-28,validation,-0.0220328817684386,0.0734453854326765,0.1,0.014516267638087665
2017-09-29,validation,-0.022037573630404025,0.07473095561120184,0.7,0.021647668338089066
2017-10-02,validation,-0.02230557847297428,0.07564586869445894,0.7,0.014369914521051852
2017-10-03,validation,-0.02270643054354273,0.07655500581128132,0.7,0.017100527309629632
2017-10-04,validation,-0.023107282614111175,0.07746414292810372,0.5,0.01653410599492844
2017-10-05,validation,-0.022986191176621266,0.07804269090722216,0.5,0.005133822745593597
2017-10-06,validation,-0.023412017596176424,0.07883674859867647,0.6,0.017337215963387442
2017-10-09,validation,-0.023697927934694267,0.07992320788504426,0.8,0.033044661773403816
2017-10-10,validation,-0.02406120224716399,0.08093230319746016,0.9,0.03561985786530297
2017-10-11,validation,-0.025633709109012116,0.0819329893822726,1.0,0.03330996173388412
2017-10-12,validation,-0.026873805928935103,0.08287398000190001,1.0,0.03055710400913364
2017-10-13,validation,-0.02811390274885809,0.08381497062152742,0.9,0.04027843790528596
2017-10-16,validation,-0.02890867573027334,0.08471140061219345,0.7,0.03477655535396973
2017-10-17,validation,-0.03016090525331714,0.08515037406123094,0.6,0.02681285501468117
2017-10-18,validation,-0.03137300700955141,0.08554921974345892,0.6,0.02159247260733249
2017-10-19,validation,-0.032419338529109686,0.08606185196445056,0.8,0.03725607130997588
2017-10-20,validation,-0.03323205098274566,0.08697622142733731,0.5,0.008373529191597395
2017-10-23,validation,-0.034044763436381645,0.08789059089022408,0.6,0.01960610893477982
2017-10-24,validation,-0.03485203968631437,0.0886978671401568,0.6,0.02201558120783853
2017-10-25,validation,-0.03578937710984737,0.08948271904981363,0.8,0.04423210491610974
2017-10-26,validation,-0.03599432198945992,0.08958600692017538,1.0,0.039136462153123164
2017-10-27,validation,-0.03621651516682236,0.09038764505026732,0.8,0.028180432017189894
2017-10-30,validation,-0.036582876466395,0.09090649186371613,0.9,0.022130774782650964
2017-10-31,validation,-0.03686243324183466,0.09133853415303199,0.7,0.019483199652386984
2017-11-01,validation,-0.03649043561457629,0.09135864213288379,0.7,0.019821814189127818
2017-11-02,validation,-0.03647137492534176,0.09057715387426836,0.6,0.02253994128782344
2017-11-03,validation,-0.03674953531329172,0.09046320865510814,0.5,0.010456204764920762
2017-11-06,validation,-0.03732119096271499,0.09062823626752825,0.6,0.012165144020682028
2017-11-07,validation,-0.03823610404597208,0.09154314935078534,0.6,0.016580568176069677
2017-11-08,validation,-0.03915101712922917,0.09245806243404242,0.7,0.019001327748821517
2017-11-09,validation,-0.04006593021248626,0.09337297551729952,0.6,0.028810273906748896
2017-11-10,validation,-0.0409427219172743,0.09455473824983993,0.3,0.023765355699388258
2017-11-13,validation,-0.041626393232235645,0.09530878749428259,0.6,0.03325138130828803
2017-11-14,validation,-0.042312578044678466,0.0959949723067254,0.6,0.0335749581358844
2017-11-15,validation,-0.04299876285712128,0.09668115711916822,0.5,0.03246142730179857
2017-11-16,validation,-0.04350565151588551,0.09732880163689507,0.5,0.019394002418473777
2017-11-17,validation,-0.04425421676582313,0.09749514947021455,0.1,0.02506255832498966
2017-11-20,validation,-0.04457767088616654,0.09798495142387743,-0.2,0.018361583379866153
2017-11-21,validation,-0.04500278201576075,0.09857641038679112,-0.2,0.007883098272968292
2017-11-22,validation,-0.045917695099017844,0.0994913234700482,-0.2,0.012588155874261042
2017-11-23,validation,-0.04751879299471775,0.10063496482411957,0.4,-0.005790967091833521
2017-11-24,validation,-0.048891162619603384,0.10154987790737666,-0.1,-0.011085175034738604
2017-11-27,validation,-0.05045413913683425,0.1022741840982885,0.2,-0.004538737764932743
2017-11-28,validation,-0.05239832943875556,0.10307473304613847,0.2,-0.004561452619810502
2017-11-29,validation,-0.05388506319904834,0.10387528199398842,-0.3,-0.009311144082124578
2017-11-30,validation,-0.05443221710178052,0.10393807014676097,-0.3,-0.002254428817099141
2017-12-01,validation,-0.055385251563506654,0.10389994876829192,-0.1,0.003828910365929361
2017-12-04,validation,-0.054927795021878105,0.10389994876829192,0.4,0.0027063380274325866
2017-12-05,validation,-0.05497354067604097,0.10367122049747765,0.1,-4.4671155341347024e-05
2017-12-06,validation,-0.05549458862789102,0.10437627422645619,0.9,0.006730734013148942
2017-12-07,validation,-0.05553344216858361,0.10480024790385706,0.1,0.0028579498368384026
2017-12-08,validation,-0.05526484157766231,0.10415560648564592,0.1,0.003891215785306157
2017-12-11,validation,-0.05482565605005064,0.10337713600108105,0.1,-0.006417951024976332
2017-12-12,validation,-0.05486146946217348,0.10303690858591406,-0.1,-0.0034582064769700382
2017-12-13,validation,-0.05409109067232613,0.10275081075345475,-0.1,-0.0025025976442827336
2017-12-14,validation,-0.05226627315407795,0.10092599323520658,0.4,0.008421577839020977
2017-12-15,validation,-0.05105372993471567,0.09985751455675865,-0.1,-0.0024720481013473794
2017-12-18,validation,-0.049985251256267724,0.09864497133739637,-0.1,-0.0004350629029099551
2017-12-19,validation,-0.04891677257781978,0.09743242811803408,-0.1,-0.003739205208712404
2017-12-20,validation,-0.04784829389937184,0.09621988489867181,0.2,-0.010997617473162968
2017-12-21,validation,-0.046251578570904686,0.09553557832932874,-0.2,-0.01667795707836861
2017-12-22,validation,-0.04485884054227142,0.0945966050846449,0.1,-0.012518116919054023
2017-12-25,validation,-0.04343032177798623,0.09399754882865434,0.2,-0.011752481102529466
2017-12-26,validation,-0.042001803013701045,0.09339849257266378,0.2,-0.006342939487829158
2017-12-27,validation,-0.04044086842088582,0.09237426901462743,-0.1,-0.020108723323633115
2017-12-28,validation,-0.03999360922523676,0.09145291507159035,0.2,-0.012215733951130403
2017-12-29,validation,-0.03998410496732921,0.09077811276015484,0.7,0.04775925432422912
2018-01-01,validation,-0.040896513726453296,0.09032190838059279,0.7,0.04138581777554773
2018-01-02,validation,-0.04085849669482313,0.08944751665309887,0.6,0.03280766473515845
2018-01-03,validation,-0.040687420052487364,0.08961859329543463,0.7,0.028125057890143523
2018-01-04,validation,-0.04098708371357224,0.08916686150782908,0.2,0.003485825135321252
2018-01-05,validation,-0.041932794095373004,0.08931794181710573,-0.1,-0.02170569367670583
2018-01-08,validation,-0.04275177740729729,0.08929016912821199,-0.5,-0.06532203058706099
2018-01-09,validation,-0.042899339068334055,0.08853544292558445,-0.5,-0.030364642254225693
2018-01-10,validation,-0.04357866058347709,0.0886464446297372,-0.8,-0.02003184430806415
2018-01-11,validation,-0.04448378515228712,0.08913626693497578,-0.8,-0.05059481136008703
2018-01-12,validation,-0.045160433561967625,0.08924652129360837,0.0,-0.01393751077307126
2018-01-15,validation,-0.045835853934606964,0.08935657555358648,0.0,-0.008234017033091512
2018-01-16,validation,-0.04651004961028776,0.08946643025914938,-0.7,-0.02172544806955229
2018-01-17,validation,-0.04684930919540431,0.08990980067415111,-0.1,-0.017783893126879224
2018-01-18,validation,-0.04785478017065019,0.09059052054970201,-0.5,-0.03169500335769565
2018-01-19,validation,-0.0482397977387837,0.09098448553064595,0.2,0.0054549386495569285
2018-01-22,validation,-0.04909956305247947,0.09180563775690552,0.2,0.003033504781696894
2018-01-23,validation,-0.04995777644322633,0.09262530775892998,-0.3,-0.03305107059037571
2018-01-24,validation,-0.05176283059485088,0.09352783483474225,0.3,0.00010285784308200485
2018-01-25,validation,-0.053567884746475426,0.09443036191055452,0.3,-0.0050548913872994206
2018-01-26,validation,-0.05351958187474732,0.09479606942912029,0.3,-0.0025129267923208465
2018-01-29,validation,-0.054175194864049356,0.09558341531251749,0.3,0.004371148752047971
2018-01-30,validation,-0.05494213888307361,0.09625683258046301,0.1,-0.007126283093653818
2018-01-31,validation,-0.055595293434437754,0.0970414487382144,0.1,-0.011930783040420445
2018-02-01,validation,-0.05644381518337357,0.09785273225237594,-0.3,-0.0035199797086066797
2018-02-02,validation,-0.05738530471902111,0.09856806807809665,0.0,0.00665817556796694
2018-02-05,validation,-0.058041886225291515,0.09866847906259117,-0.1,-0.014391990344415129
2018-02-06,validation,-0.058697291062195844,0.09876871009908478,-0.6,-0.037194171293438216
2018-02-07,validation,-0.05906603855031754,0.09825899036283303,0.1,0.009349743190568305
2018-02-08,validation,-0.059860584509621936,0.09821817872471544,0.9,0.05071188544972338
2018-02-09,validation,-0.06022412881896693,0.09824955955993317,0.8,0.04815099235397191
2018-02-12,validation,-0.058807575320491336,0.09684604726521329,0.7,0.03425703739520086
2018-02-13,validation,-0.057628301930609686,0.09521028620140565,0.9,0.039485653332655135
2018-02-14,validation,-0.05804602696407054,0.09554760698957401,0.5,0.03399766848934971
2018-02-15,validation,-0.057572536102547485,0.09499385507820869,0.7,0.031847305684015725
2018-02-16,validation,-0.05807736480708259,0.09524297086550566,0.8,0.029630552541138055
2018-02-19,validation,-0.05858129603836518,0.09549164378029187,0.7,0.020762641741810584
2018-02-20,validation,-0.059103922616954026,0.09572028457308965,0.9,0.037636809348433
2018-02-21,validation,-0.05990399394890482,0.09596591787835562,0.4,0.006381143707833603
2018-02-22,validation,-0.060848227996822456,0.09621328851853439,-0.9,-0.013531996991589912
2018-02-23,validation,-0.061790789353778325,0.09646022094677306,0.5,0.02980606091517174
2018-02-26,validation,-0.061600988012515505,0.09576428269547609,0.0,-0.027248439410180736
2018-02-27,validation,-0.06225790888031634,0.09644302677985107,-0.2,-0.03207459656181122
2018-02-28,validation,-0.061559259602253925,0.09537176455348871,-0.6,-0.023518387122184126
2018-03-01,validation,-0.0597592102858343,0.09363199086105878,-0.6,-0.010769977533646335
2018-03-02,validation,-0.05785419070611451,0.09212991673054552,-0.7,-0.012037590063891435
2018-03-05,validation,-0.05667777496243603,0.09064911369654464,-0.6,-0.03520904982862927
2018-03-06,validation,-0.05336790595865998,0.08775880555240217,-0.7,-0.02472545033115925
2018-03-07,validation,-0.04991818333500607,0.08500835102813757,-0.5,-0.019900126185012357
2018-03-08,validation,-0.04836092437715973,0.08420363773915782,-0.4,-0.019756428795156766
2018-03-09,validation,-0.046598768766698676,0.08384001832747538,-0.9,-0.05659331858245442
2018-03-12,validation,-0.04534614194094623,0.08369022413167482,-0.7,-0.05104697694132232
2018-03-13,validation,-0.04442566746240371,0.0834297124868043,-0.9,-0.03747723946588949
2018-03-14,validation,-0.044089370611752665,0.08288026974489554,-0.9,-0.047938752444652344
2018-03-15,validation,-0.044822238535784036,0.0825270045033898,-0.7,-0.030500009936261063
2018-03-16,validation,-0.04510437492967835,0.08301712541654047,-0.6,-0.035217857817863796
2018-03-19,validation,-0.04575920243700338,0.08357527624666351,-0.6,-0.025086201914853445
2018-03-20,validation,-0.04634451527348424,0.08397995061982606,-0.3,-0.023289358038063646
2018-03-21,validation,-0.047951890602265554,0.08502275196948998,-0.6,-0.015572869813135881
2018-03-22,validation,-0.04742313158145433,0.08437365468876999,0.1,-0.0013617190525070377
2018-03-23,validation,-0.04841098995310942,0.08503469588792671,-0.1,0.013212604003608963
2018-03-26,validation,-0.049533611157488416,0.08567729974974367,-0.2,-0.0017122244448934953
2018-03-27,validation,-0.04963690309356352,0.08545477420616658,-0.3,-0.001790947626506112
2018-03-28,validation,-0.049534432988047904,0.08473337499247538,-0.6,-0.011684021986976434
2018-03-29,validation,-0.04932577591675561,0.08427366251448905,-0.7,-0.04021747440393203
2018-03-30,validation,-0.049355685817737645,0.08339332801213095,-0.3,-0.01930445798313052
2018-04-02,validation,-0.049165859497452585,0.08273422432612147,-0.2,0.019953301064370876
2018-04-03,validation,-0.04993282524221872,0.08211371435171268,-0.3,0.0009298266738257954
2018-04-04,validation,-0.050031863913082376,0.08074539233775198,-0.3,0.00144396983114925
2018-04-05,validation,-0.04980824145284906,0.07933707907114622,-0.9,-0.014504676764456714
2018-04-06,validation,-0.050105687227940156,0.07845381021462572,-0.1,0.02516279999602894
2018-04-09,validation,-0.05079942508752761,0.07776007235503826,0.4,0.029459578297773792
2018-04-10,validation,-0.05116363746381103,0.07695649266768279,-0.2,0.010914441553538101
2018-04-11,validation,-0.0515740990307336,0.07610666378968815,0.1,-0.02433017803456966
2018-04-12,validation,-0.052626268117774586,0.07549386201371924,0.7,0.02536480632759819
2018-04-13,validation,-0.05375937328843409,0.07523949146520384,0.4,0.03126871000038106
2018-04-16,validation,-0.05470025526049958,0.07495766045974643,0.7,0.03378482919326192
2018-04-17,validation,-0.055781972441560024,0.07475467790083011,0.7,0.02932734604582371
2018-04-18,validation,-0.05690785117618217,0.07428785013281605,0.6,0.027942268224105504
2018-04-19,validation,-0.058289545746527185,0.0742242574956872,0.7,0.03315146706285932
2018-04-20,validation,-0.059336926407264616,0.07415324863733212,0.6,0.03430855672780003
2018-04-23,validation,-0.05955661006280064,0.07393356498179608,0.6,0.03407606936410279
2018-04-24,validation,-0.06016941183876957,0.07376013051689922,0.1,0.010425738468551937
2018-04-25,validation,-0.060335908925070555,0.07376938035502704,0.1,-0.004687208655427155
2018-04-26,validation,-0.06004107033474588,0.07318548432320761,0.0,-0.0018569765142304462
2018-04-27,validation,-0.060515124538797316,0.07315079743022825,0.4,0.028796681507456456
2018-04-30,validation,-0.06127438208512359,0.07312381873568873,0.2,0.0027095477319064587
2018-05-01,validation,-0.061093959418344425,0.07370981122807285,0.2,-0.004525473866725749
2018-05-02,validation,-0.06091353675156527,0.074295803720457,-0.6,-0.044850640693082755
2018-05-03,validation,-0.06049266911674889,0.07454092443084456,-0.1,-0.019196179640383726
2018-05-04,validation,-0.05998392801971809,0.07548903283894741,0.2,-0.01855781288073244
2018-05-07,validation,-0.06002439606152735,0.07654698307481829,-0.1,-0.023662216783451595
2018-05-08,validation,-0.060155520140482345,0.0774973785308099,0.1,-0.01696003545235414
2018-05-09,validation,-0.06048742609683399,0.07819927801227484,0.1,-0.01603936312932014
2018-05-10,validation,-0.06041805231087524,0.07958675373144977,0.1,-0.014293372919718605
2018-05-11,validation,-0.0608848800788893,0.08087739520772393,0.1,-0.012464710039398197
2018-05-14,validation,-0.059868843172035176,0.08167374845904203,0.3,0.009911886919163004
2018-05-15,validation,-0.061915369857818175,0.08314216026183549,0.3,0.015200779502720363
2018-05-16,validation,-0.06301213637868977,0.08468159760739623,0.3,0.015843908549091568
2018-05-17,validation,-0.06331275611784433,0.08657781442360195,0.3,0.019957964083072377
2018-05-18,validation,-0.06349836851346105,0.08686842425956227,0.3,0.0221283410028163
2018-05-21,validation,-0.06368365527329597,0.08715852425370513,0.2,0.03687049286842731
2018-05-22,validation,-0.06356941309806376,0.0873742778111807,-0.5,-0.10383988333573113
2018-05-23,validation,-0.06345537099669359,0.0875896535165416,-0.5,-0.0788281536684074
2018-05-24,validation,-0.06323876117090318,0.08876948575914462,-0.5,-0.08316858758384038
2018-05-25,validation,-0.06285535018125235,0.08923862881622323,-0.1,-0.012778894795241469
2018-05-28,validation,-0.06239104418441424,0.0905778254517315,-0.1,-0.02712293817886946
2018-05-29,validation,-0.061844993355175126,0.09207830243224717,-0.1,-0.028481396896441802
2018-05-30,validation,-0.06119573240753042,0.09299003057149292,0.2,0.01880167379097053
2018-05-31,validation,-0.06057014606568492,0.0944109720394022,-0.1,-0.04332630588785191
2018-06-01,validation,-0.05968641814783627,0.09537423546985722,-0.1,-0.03252028161307097
2018-06-04,validation,-0.059069465595188185,0.0967865431485691,-0.3,-0.0501519993006711
2018-06-05,validation,-0.05908042913702616,0.09794210045829137,-0.5,-0.05893521158007842
2018-06-06,validation,-0.05848765986413748,0.09781486169248949,-0.5,-0.06530023318687056
2018-06-07,validation,-0.05789592599609228,0.09768784517780692,-0.3,-0.06291874341416659
2018-06-08,validation,-0.057305224822406665,0.09756105033243445,-0.1,0.01930013481328613
2018-06-11,validation,-0.05676504365395325,0.09839209828390126,-0.1,0.02104546076432201
2018-06-12,validation,-0.05622486248549982,0.09922314623536806,0.3,0.015468358837992136
2018-06-13,validation,-0.05568468131704641,0.10005419418683485,0.3,0.019674426739714812
2018-06-14,validation,-0.055144500148592984,0.10088524213830165,0.3,0.02321479753391481
2018-06-15,validation,-0.05424982508834201,0.1014163337197859,0.6,0.08100482944193427
2018-06-18,validation,-0.05298455458223381,0.10180900387685396,0.8,0.11757339401790956
2018-06-19,validation,-0.0513523823310286,0.10201328464781168,0.1,0.022498256883441037
2018-06-20,validation,-0.049723418169341935,0.10177805715473076,0.6,0.0725312460361241
2018-06-21,validation,-0.04809445400765525,0.10154282966164987,0.6,0.07624752109986066
2018-06-22,validation,-0.04655721506858385,0.10127253930628098,0.6,0.06808319141172903
2018-06-25,validation,-0.04506931960163079,0.10109833887030044,0.9,0.08172138740906643
2018-06-26,validation,-0.043203786168496496,0.10042917605146101,0.6,0.053286314148696556
2018-06-27,validation,-0.041402978585428366,0.0997576159789154,0.7,0.05286198567835931
2018-06-28,validation,-0.03953744515229407,0.09908845316007596,0.6,0.03694282093990875
2018-06-29,validation,-0.037671911719159776,0.09841929034123652,0.6,0.06116132449056544
2018-07-02,validation,-0.03674477384830463,0.09814660273216148,0.1,0.009346388508624348
2018-07-03,validation,-0.03532465955476872,0.0968907426219743,0.5,0.02772482365902873
2018-07-04,validation,-0.034490415265027045,0.09585512902091567,0.6,0.032139665976120724
2018-07-05,validation,-0.03361781491598691,0.09498252867187552,0.5,0.05316396215790764
2018-07-06,validation,-0.03254384525562981,0.09431129763415233,0.8,0.05997260000740817
2018-07-09,validation,-0.031795902099309686,0.09356335447783222,0.8,0.10134330284945259
2018-07-10,validation,-0.030974631182566027,0.09263942469649561,0.8,0.07067049999737385
2018-07-11,validation,-0.0297170600913023,0.09171549491515898,0.8,0.07041063218764143
2018-07-12,validation,-0.028149823938092046,0.09022862984672875,0.8,0.0562186334411941
2018-07-13,validation,-0.028149823938092046,0.09022862984672875,0.6,0.03302308147003524
2018-07-16,validation,-0.028195750272252053,0.09018270351256873,0.6,0.04337406020620821
2018-07-17,validation,-0.026978124463268766,0.08955344313690965,0.6,0.035951367635470466
2018-07-18,validation,-0.025762619953604265,0.088925279033682,0.6,0.038773363784038506
2018-07-19,validation,-0.024549231204618032,0.08829820834055571,0.6,0.04374816203995319
2018-07-20,validation,-0.02371053742927454,0.08710615073788934,0.6,0.05967233856756232
2018-07-23,validation,-0.02423550076189677,0.08754879776081341,0.6,0.05369160853191063
2018-07-24,validation,-0.025816764218716672,0.08868051102458874,0.6,0.050643437815742376
2018-07-25,validation,-0.026192487315558403,0.08811383150707508,0.6,0.05104839650488496
2018-07-26,validation,-0.026215362850331814,0.08731742437302012,0.6,0.052931378480347346
2018-07-27,validation,-0.025479899738403523,0.08630616259411872,0.7,0.054329804508360446
2018-07-30,validation,-0.02449321295163813,0.08545010412579465,0.7,0.05914365032539881
2018-07-31,validation,-0.02329912826347794,0.08402638776683442,0.9,0.06169312870717236
2018-08-01,validation,-0.0224265279144378,0.08315378741779428,0.7,0.034310288414146406
2018-08-02,validation,-0.021795806258640364,0.0823883485151275,0.9,0.03792677043172937
2018-08-03,validation,-0.02041296938393245,0.08165201311359507,0.7,0.030184390430126717
2018-08-06,validation,-0.018491267480060775,0.08066504718733294,0.7,0.012744698848859648
2018-08-07,validation,-0.016901068159770518,0.07963744546050279,0.9,0.03537272611024367
2018-08-08,validation,-0.015518231285062608,0.07890111005897037,0.9,0.027095752641041415
2018-08-09,validation,-0.014135394410354694,0.07816477465743793,0.6,0.0311200226314029
2018-08-10,validation,-0.012969067396686814,0.07746124378030551,0.6,0.03377297073123864
2018-08-13,validation,-0.011514733481619915,0.07673407682277207,0.6,0.03614537123671174
2018-08-14,validation,-0.009860428653231317,0.07613416408280697,0.6,0.03370422822853092
2018-08-15,validation,-0.00820612382484272,0.07553425134284188,0.6,0.02310382162593899
2018-08-16,validation,-0.0064609231267624394,0.07466165099380173,0.5,0.01275225585782147
2018-08-17,validation,-0.00471572242868216,0.0737890506447616,0.5,0.013173543691402778
2018-08-20,validation,-0.0031247692670483707,0.07300459174511945,0.7,0.016181042804368162
2018-08-21,validation,-0.0015338161054145808,0.0722201328454773,0.7,0.021407058276051327
2018-08-22,validation,5.713705621920914e-05,0.07143567394583515,0.7,0.007962931999067613
2018-08-23,validation,0.001648090217852999,0.07065121504619301,0.6,0.01049280708446021
2018-08-24,validation,0.00221219549400016,0.07010033098745555,-0.1,7.404524228660225e-05
2018-08-27,validation,0.0029393624515336105,0.0695185974214288,0.4,0.006869502739395683
2018-08-28,validation,0.0033756626260536804,0.0695185974214288,0.5,0.007719391473686388
2018-08-29,validation,0.003509802894356253,0.06967697658831581,-0.5,-0.007188198440367721
2018-08-30,validation,0.0034809863709617385,0.07022989363094806,-0.3,0.0012405170873103222
2018-08-31,validation,0.0028992528049349786,0.0709570605884815,-0.3,-0.011202629575390921
2018-09-03,validation,0.0012382503861480462,0.07278645956585514,-0.4,-0.011748517255836588
2018-09-04,validation,0.0009655627770730024,0.07295007213130016,-0.7,-0.01573252302204531
2018-09-05,validation,0.00014749994984787117,0.0738772100021553,-0.3,-0.010283201190697255
2018-09-06,validation,-7.447733192549777e-05,0.074091532894902,-0.6,-0.04388723898283897
2018-09-07,validation,-0.0006179389528189183,0.0748569717975688,-0.6,-0.04758654837777898
2018-09-10,validation,-0.00010509488803216982,0.07493351568783548,-0.6,-0.019689379383085293
2018-09-11,validation,0.00040774917675457875,0.07501005957810215,-0.7,-0.028530580223092017
2018-09-12,validation,0.0009205932415413272,0.07508660346836883,-0.9,-0.06945654456156719
2018-09-13,validation,0.0017727818865103534,0.07462989158977765,-0.5,-0.027672033212467806
2018-09-14,validation,0.0019564872231503834,0.07481359692641767,-0.5,-0.022342478134689925
2018-09-17,validation,0.0026913085697105005,0.07467581792393765,-0.5,-0.018003814010932095
2018-09-18,validation,0.003882841794861802,0.07412215045100867,0.7,0.02490571828728172
2018-09-19,validation,0.005074375020013103,0.07356848297807969,0.7,0.03427368971541345
2018-09-20,validation,0.005847168139587867,0.07346867574861432,0.7,0.036083442749304806
2018-09-21,validation,0.002770103750867374,0.07562721345413467,0.7,0.03477543979118902
2018-09-24,validation,0.0016678717310271967,0.07627018213237477,-0.1,-0.0030353827496369945
2018-09-25,validation,0.0029844266436140745,0.07496893599784123,0.5,0.0053836879176203944
2018-09-26,validation,0.00183626828961389,0.07469337799288119,-0.5,-0.01923459035067543
2018-09-27,validation,0.000466132653840337,0.07506844305518791,-0.1,-0.007822241728507096
2018-09-28,validation,-0.0008657310367998766,0.07548178006262797,-0.5,-0.012028377277233937
2018-10-01,validation,-0.0014066411946844085,0.07494086990474345,0.1,0.003889585287101982
2018-10-02,validation,-0.0016082067723866634,0.07386670397800106,0.3,0.011769792172771687
2018-10-03,validation,-0.0034146425826802867,0.07467806921482785,0.6,0.012942442569139123
2018-10-04,validation,-0.0037087456184147966,0.07445216942083789,0.7,0.029650254673425636
2018-10-05,validation,-0.004260342952361015,0.07390057208689167,-0.6,-0.0050790232194100615
2018-10-08,validation,-0.004850245656720166,0.07331066938253253,-0.5,-0.037660438811703834
2018-10-09,validation,-0.004708234328187159,0.07251187712028084,-0.5,-0.028286702529681462
2018-10-10,validation,-0.004658243209376736,0.07162270510792433,0.6,0.038326519686431526
2018-10-11,validation,-0.0053418803531059605,0.07174370128447621,0.6,0.007167420307533701
2018-10-12,validation,-0.006024327527916595,0.0718644868497547,-0.3,0.003462327132801868
2018-10-15,validation,-0.006705587838075387,0.07198506235318056,-0.8,-0.03839908622917665
2018-10-16,validation,-0.00683694244190165,0.07265415027742443,-0.9,-0.0817104015195333
2018-10-17,validation,-0.006968068999540716,0.07332207659068873,-0.9,-0.07660726527648487
2018-10-18,validation,-0.007098968104347796,0.07398884431537842,-0.9,-0.09113516435321689
2018-10-19,validation,-0.007229640347621415,0.0746544564634222,-0.9,-0.06113249790582731
2018-10-22,validation,-0.008089181784549883,0.0750227210032807,-1.0,-0.05399995296794252
2018-10-23,validation,-0.00889317038162207,0.07587694010275883,-1.0,-0.06791676980943245
2018-10-24,validation,-0.00969576919719543,0.07586537835677547,-0.7,-0.02734035115239053
2018-10-25,validation,-0.0105509541978887,0.07623164314230502,-1.0,-0.04636497490499586
2018-10-26,validation,-0.011350737671402168,0.07621979530525384,-0.9,-0.012161469381821832
2018-10-29,validation,-0.013152994607962726,0.07786878944720925,-0.5,-0.0113081167976119
2018-10-30,validation,-0.01351881099192138,0.07828657497354786,-0.6,-0.013590333208050365
2018-10-31,validation,-0.014049096835841525,0.07991146154342083,0.3,-0.0018284842319216121
2018-11-01,validation,-0.01473682371195191,0.08086545683924906,0.0,0.0030781286955911535
2018-11-02,validation,-0.01631814439471978,0.08186811548464656,0.8,0.04687824812439423
2018-11-05,validation,-0.01776879945614596,0.08300143975138576,0.9,0.013735716197727899
2018-11-06,validation,-0.018432917257139404,0.08311118577207259,-0.8,-0.04092348470602741
2018-11-07,validation,-0.019293502455074,0.08448812208876794,-0.8,-0.06459684351423489
2018-11-08,validation,-0.019803103886007815,0.08604392513287715,-0.5,-0.03732792694670983
2018-11-09,validation,-0.019699116507924053,0.0864060880703413,-0.5,-0.06906460920165558
2018-11-12,validation,-0.020093973245799927,0.0866996994908131,-0.7,-0.017853501550694206
2018-11-13,validation,-0.02031671294408888,0.08682119387169798,-0.7,-0.012314812721032131
2018-11-14,validation,-0.02008384871405952,0.08653770698296659,-0.6,-0.0101656496972643
2018-11-15,validation,-0.0192264274322938,0.08567395786886312,-0.6,-0.025818111396976595
2018-11-16,validation,-0.019014445048979027,0.08545564765321058,-0.6,-0.02488834827725528
2018-11-19,validation,-0.01885308532436629,0.08518671477885602,-0.7,-0.013098492336518941
2018-11-20,validation,-0.018691725599753555,0.08491778190450146,-0.2,-0.006742009659143289
2018-11-21,validation,-0.019029707526049856,0.0844907118376168,-0.6,-0.015759251005761143
2018-11-22,validation,-0.01921072757402017,0.0843096917896465,-0.6,-0.029215681572703323
2018-11-23,validation,-0.019041021279048,0.08447939808461867,-0.7,-0.05971925169127135
2018-11-26,validation,-0.019311031856414227,0.08383408359600072,-0.7,-0.10217218254198179
2018-11-27,validation,-0.019159369409919982,0.08409313435864617,-0.7,-0.09774689675765935
2018-11-28,validation,-0.018570677533459392,0.0841640129271509,-0.7,-0.059923887064880776
2018-11-29,validation,-0.018944110168315913,0.08450588787455476,-0.7,-0.06342825399236862
2018-11-30,validation,-0.018699160960052634,0.08523387024630329,-0.7,-0.0656475843791115
2018-12-03,validation,-0.019902579720352635,0.08642467675758704,-0.7,-0.03783776488826829
2018-12-04,validation,-0.019564188478090123,0.08560083384691215,0.3,0.05753902715728554
2018-12-05,validation,-0.01920497256329724,0.08467138107820761,0.9,0.06346144535629544
2018-12-06,validation,-0.01966662982894322,0.08492319413219633,0.0,0.030099002402942998
2018-12-07,validation,-0.019972366486412353,0.08495473435309997,0.4,0.035157247126750224
2018-12-10,validation,-0.02031483223983701,0.0846122685996753,0.1,0.01777234051011789
2018-12-11,validation,-0.02097626119498071,0.08509239215594713,0.7,0.02960001806726842
2018-12-12,validation,-0.021466457273412086,0.08574374858893129,0.3,0.024327871932475542
2018-12-13,validation,-0.021956653351843457,0.08639510502191544,0.6,0.011082631032941992
2018-12-14,validation,-0.02244684943027483,0.08704646145489958,0.3,0.0015550269475724798
2018-12-17,validation,-0.02285046978252532,0.08707092329442993,0.8,0.03551241561203117
2018-12-18,validation,-0.023376399332427474,0.08740115812808942,0.9,0.013182534660899914
2018-12-19,validation,-0.02347098820056086,0.08725792355634457,0.7,0.017986849802954064
2018-12-20,validation,-0.02365292313206771,0.08718300917278293,0.0,0.024788456029052552
2018-12-21,validation,-0.023781347789601955,0.08705458451524868,0.0,0.015206433595125912
2018-12-24,validation,-0.023738539570423874,0.08666931054264593,0.0,0.022224594536580045
2018-12-25,validation,-0.023610114912889626,0.08594157081661855,0.0,0.02230892793455591
2018-12-26,validation,-0.023748418390234203,0.08530932634875764,0.0,-0.014713492895215952
2018-12-27,validation,-0.023889382829143845,0.0845846134665105,-0.1,-0.02306367546997401
2018-12-28,validation,-0.022895855808219564,0.08349888412735651,-0.1,-0.017899098713660577
2018-12-31,validation,-0.02182565032876751,0.0832848430314661,-0.5,-0.028793099696370672
2019-01-01,validation,-0.020991971070430715,0.08359531072207078,-0.8,-0.03255397885837874
2019-01-02,validation,-0.020984187757852883,0.08445925841821025,-0.3,-0.0262393922998595
2019-01-03,validation,-0.020034623623357242,0.08369649378558261,-0.1,-0.016515298952382407
2019-01-04,validation,-0.0196385394943964,0.08333154290693309,-0.3,-0.02198771690471002
2019-01-07,validation,-0.0182214824266544,0.08279844776767357,-0.3,-0.01618943464614908
2019-01-08,validation,-0.01734493317681748,0.08281883263394885,-0.3,-0.018762650914676438
2019-01-09,validation,-0.015951567611413236,0.08264256349615674,-0.3,-0.01761945997942682
2019-01-10,validation,-0.014755074070036537,0.08295694827871236,-0.3,-0.018802292310238333
2019-01-11,validation,-0.013402914277103174,0.08311566680971132,-0.3,-0.004320760434562643
2019-01-14,validation,-0.012439920113061467,0.08350788471804525,-0.3,-0.021843445412317086
2019-01-15,validation,-0.012057703870400019,0.08467491831230488,-0.3,-0.012905527817522633
2019-01-16,validation,-0.011857932180902302,0.08573085438536425,-0.8,-0.03823561911208462
2019-01-17,validation,-0.011800854555331525,0.08621601420271584,-0.8,-0.04448647925279525
2019-01-18,validation,-0.01174377692976075,0.08670117402006744,0.1,-0.005423437520788332
2019-01-21,validation,-0.011686699304189974,0.08718633383741903,-0.8,-0.029808010218809078
2019-01-22,validation,-0.011629621678619197,0.08767149365477063,-0.8,-0.03195983730363594
2019-01-23,validation,-0.010868378852294107,0.0880893783965485,-0.9,-0.04407306896873997
2019-01-24,validation,-0.010363120172064514,0.08825069004182856,-0.8,-0.041425031340718066
2019-01-25,validation,-0.01005121094153635,0.08810101143875179,-0.8,-0.06117935432681898
2019-01-28,validation,-0.009738765784495253,0.08795107565594465,-0.8,-0.1208908568532806
2019-01-29,validation,-0.009530006982482565,0.08761849061803276,-0.9,-0.11243431912941038
2019-01-30,validation,-0.00999892569361511,0.0882502316998595,-0.8,-0.13217725137211228
2019-01-31,validation,-0.010468652188918426,0.0888830610522837,-0.8,-0.1308284622331658
2019-02-01,validation,-0.011425681569720417,0.08923107173621171,-0.9,-0.14663330564119492
2019-02-04,validation,-0.012382710950522407,0.0895790824201397,-0.8,-0.16359387960358518
2019-02-05,validation,-0.013847618423181818,0.09012393664716448,-0.8,-0.1758269509081617
2019-02-06,validation,-0.01483944887237661,0.08970632382645088,-0.8,-0.19003659117449118
2019-02-07,validation,-0.015392154851439176,0.0888254934882562,-1.0,-0.18715428555752428
2019-02-08,validation,-0.016597954506851236,0.0879730585272941,-1.0,-0.13457539430459425
2019-02-11,validation,-0.018746462571311972,0.08869563860523934,-1.0,-0.1374208593656701
2019-02-12,validation,-0.019343710318582518,0.08772683827483391,-1.0,-0.14208212769894762
2019-02-13,validation,-0.019581832955725968,0.08637481978695251,-1.0,-0.102003251483203
2019-02-14,validation,-0.019700566012595518,0.08492750476614608,-1.0,-0.09672548366886113
2019-02-15,validation,-0.02075780199915207,0.08411853346013874,-1.0,-0.1327868445982473
2019-02-18,validation,-0.020951600448764474,0.0828480769571241,-0.9,-0.1287553264099362
2019-02-19,validation,-0.021622046855644988,0.081713839388778,-0.9,-0.13016449439115874
2019-02-20,validation,-0.0223189382502108,0.08075855006139565,-0.9,-0.12281914043389136
2019-02-21,validation,-0.023036710285812292,0.08004077802579415,-1.0,-0.1164924686528791
2019-02-22,validation,-0.023517617549665294,0.07943067179553288,-1.0,-0.10333015376482557
2019-02-25,validation,-0.02423538958526679,0.0787128997599314,-0.7,-0.01499333774408762
2019-02-26,validation,-0.025018413624104778,0.0779298757210934,-0.3,-0.010584465086160011
2019-02-27,validation,-0.024444195995623585,0.07635077724277012,-0.9,-0.016933579583646552
2019-02-28,validation,-0.023422426392002635,0.0745014587039851,-0.2,-0.0138163643274411
2019-03-01,validation,-0.022736128852079925,0.07260377691574244,-0.8,-0.02524067595963031
2019-03-04,validation,-0.021051253442194315,0.06998202011201908,-0.9,-0.03116481317100539
2019-03-05,validation,-0.020098727729066686,0.06800603591989261,-0.9,-0.02087847759735506
2019-03-06,validation,-0.01821287614921266,0.06524072470904897,-0.5,-0.01994311201225918
2019-03-07,validation,-0.016671555146447345,0.06247541349820533,-0.7,-0.02736867293601586
2019-03-08,validation,-0.015130234143682034,0.05971010228736168,-0.8,-0.07714209420665352
2019-03-11,validation,-0.013588913140916722,0.05694479107651802,-0.6,-0.0343603340422135
2019-03-12,validation,-0.01204759213815141,0.05417947986567438,-0.7,-0.0350008637959941
2019-03-13,validation,-0.010506271135386097,0.051414168654830734,-0.7,-0.047960672408537075
2019-03-14,validation,-0.008964950132620785,0.04864885744398709,-0.6,-0.0402201872834258
2019-03-15,validation,-0.007423629129855473,0.04588354623314344,-0.6,-0.0268170172765273
2019-03-18,validation,-0.005882308127090161,0.04311823502229979,-0.1,-0.0004783113876821732
2019-03-19,validation,-0.004340987124324849,0.040352923811456144,-0.6,-0.02859140276704142
2019-03-20,validation,-0.0027996661215595373,0.0375876126006125,-0.6,-0.03085132742299146
2019-03-21,validation,-0.0009410143241072495,0.03513963218445583,-0.6,-0.03348942338602745
2019-03-22,validation,-0.0006759908032697749,0.03368200281984972,-0.6,-0.023400687306005086
2019-03-25,validation,-0.00119800682916177,0.03244221475835623,-0.6,-0.022644590852876734
2019-03-26,validation,-0.0014242137737149677,0.03125897843300104,-0.6,-0.02763624147765431
2019-03-27,validation,-0.0013780712857120146,0.029367136424879963,-0.6,-0.0172072019381857
2019-03-28,validation,-0.0022932306311039185,0.027805982247446716,-0.1,0.00012844460798366875
2019-03-29,validation,-0.0007394652834489215,0.027062877081176932,0.6,0.04800089879914837
2019-04-01,validation,0.0008696060930643155,0.02658015566822296,0.9,0.06399817891440562
2019-04-02,validation,0.0024233714407193123,0.02583705050195318,0.9,0.05434721638818796
2019-04-03,validation,0.003795804905696037,0.02527527721836167,0.9,0.05738070168401738
2019-04-04,validation,0.00350089151408742,0.023251234802642393,0.8,0.05268781304739345
2019-04-05,validation,0.0051782114288614345,0.02277977190767888,0.8,0.05589522341325737
2019-04-08,validation,0.006793198508964794,0.021638514371072507,0.8,0.08001155205556643
2019-04-09,validation,0.008807682393093723,0.019346366041592476,0.8,0.06521680446014672
2019-04-10,validation,0.010572646051162237,0.017838289217318178,0.8,0.0669454889767161
2019-04-11,validation,0.012459630955283008,0.016279968350551777,0.6,0.05965533206442447
2019-04-12,validation,0.01393106362826607,0.01559808491673036,-0.1,0.04129433099762175
2019-04-15,validation,0.015586161498594217,0.014439516407500656,-0.4,-0.02051083322545838
2019-04-16,validation,0.01732570313781666,0.012791174038684051,-0.4,-0.020598158212264794
2019-04-17,validation,0.01894069021792002,0.011133120636444602,-0.4,-0.013873471173123653
2019-04-18,validation,0.020465011356684243,0.009212136004321657,-0.7,-0.05830671385696978
2019-04-19,validation,0.022533328143483286,0.006973820577511735,-0.3,-0.009807016959437476
2019-04-22,validation,0.024272869782705726,0.005842274074328205,-0.2,0.03469117568406088
2019-04-23,validation,0.024912632173320237,0.0052548300546707135,-0.2,0.025146401975913224
2019-04-24,validation,0.026497920695831335,0.00511894818131262,-0.2,0.028233481522627224
2019-04-25,validation,0.027496202793255382,0.004415922430511835,-0.1,0.007557121074522055
2019-04-26,validation,0.027902133890512038,0.00484168194732411,-0.1,-0.00033255588286540405
2019-04-29,validation,0.027696105267326007,0.0055918503566293075,-0.2,-0.013755678154823536
2019-04-30,validation,0.027500825588709088,0.006273160948090174,-0.1,-0.012651631094827753
2019-05-01,validation,0.027193883275808482,0.007681484501398832,-1.0,-0.060436221752159736
2019-05-02,validation,0.0274656266187805,0.008187127735217565,-0.5,-0.042861804894230415
2019-05-03,validation,0.027737369961752516,0.008692770969036296,-0.5,-0.04787513784927466
2019-05-06,validation,0.027655556293791874,0.01021901905064684,-1.0,-0.08793062637055021
2019-05-07,validation,0.027573742625831236,0.011745267132257386,-0.7,-0.03744656492052739
2019-05-08,validation,0.027627344684150276,0.013406930940147608,-0.7,-0.03849096757038556
2019-05-09,validation,0.027545531016189635,0.014933179021758154,-0.5,-0.035393977447738145
2019-05-10,validation,0.02682049264840052,0.015816202403540223,0.1,-0.010032423272746394
2019-05-13,validation,0.026177267948572048,0.016888243569921014,0.7,0.026054678539326914
2019-05-14,validation,0.025778230403308088,0.017418308368853736,0.3,-0.0032188711718151852
2019-05-15,validation,0.024910253213334867,0.018337066456181834,0.3,-0.005229615154019318
2019-05-16,validation,0.02469584498005871,0.01898029115601031,0.2,-0.013142406298155496
2019-05-17,validation,0.024945987918880898,0.01944484232810865,0.0,-0.02216083833419119
2019-05-20,validation,0.025174690034375464,0.020359650790086923,0.6,0.011241327028667647
2019-05-21,validation,0.026080470781268426,0.020236272017254326,0.3,-0.003945005153523751
2019-05-22,validation,0.02486473848311309,0.02227954486489659,0.3,-0.012379416137309529
2019-05-23,validation,0.023406762496835213,0.02416633731772678,-0.3,-0.0013330098060101436
2019-05-24,validation,0.02194878651055734,0.026053129770556967,-0.3,0.004278083337664995
2019-05-27,validation,0.020340724760986157,0.02787559975340431,-0.1,0.023488878930196577
2019-05-28,validation,0.018608642562755233,0.029859926931960122,0.8,0.04368113198756729
2019-05-29,validation,0.01692017772570549,0.030529952660948115,0.7,0.042043239693781875
2019-05-30,validation,0.015543850127250963,0.030738946544899122,0.6,0.026363524252942083
2019-05-31,validation,0.014285477996237321,0.03090996263572653,0.9,0.0266840061100746
2019-06-03,validation,0.012794830279174512,0.03056282549613656,-0.3,-0.016122948178379337
2019-06-04,validation,0.012348146459849182,0.030544958143363544,-0.2,-0.019068035769144176
2019-06-05,validation,0.011329707351787432,0.030384151968406426,0.1,-0.009249454791964928
2019-06-06,validation,0.010561411182547865,0.03025908049899534,-0.6,-0.02520802586158255
2019-06-07,validation,0.009810982366081312,0.030366284615633416,-0.8,-0.040737602178976484
2019-06-10,validation,0.009424206729583147,0.030551264267871674,-0.2,-0.008735433280119942
2019-06-11,validation,0.007952777677687945,0.03122391754873805,0.9,0.028428041161653872
2019-06-12,validation,0.006398317986435801,0.032242356656799795,0.9,0.030071805993112655
2019-06-13,validation,0.004809174610388984,0.033083173257882764,0.7,0.01791861927105254
2019-06-14,validation,0.0032116230683313382,0.0337726428707708,0.5,0.012689649803630854
2019-06-17,validation,0.0023560107276174597,0.03380163226379292,0.6,0.008627832867124652
2019-06-18,validation,0.0006224417635511464,0.0349292936287681,0.6,0.0032305596957019622
2019-06-19,validation,-0.001320183038798075,0.03642014522126867,0.6,0.014706643279160825
2019-06-20,validation,-0.003597872971785049,0.037575931683131475,0.9,0.05313580766741233
2019-06-21,validation,-0.004030517192551187,0.03717866014677678,0.9,0.030297882226936856
2019-06-24,validation,-0.004893828041383991,0.037210628040282176,0.6,0.03603949133661716
2019-06-25,validation,-0.005758624795292239,0.03724265095597949,0.1,0.0025245002171085384
2019-06-26,validation,-0.00655313409026378,0.03734650623960509,0.3,0.005336807435472546
2019-06-27,validation,-0.008430674625495054,0.038914271475260984,0.1,0.0066623235945307835
2019-06-28,validation,-0.009185068885229677,0.039235174582854596,0.1,0.002871204906461089
2019-07-01,validation,-0.009983905585447015,0.039340928256639054,0.7,0.031468111865446846
2019-07-02,validation,-0.010784121969084421,0.039446864579255614,0.4,0.020241569086048405
2019-07-03,validation,-0.011585721613540557,0.03955298402429674,0.9,0.020549404418435835
2019-07-04,validation,-0.01238870810859264,0.039659287066993655,0.7,0.028383865226908833
2019-07-05,validation,-0.013193085056450008,0.039765774184223376,0.7,0.04555509591826634
2019-07-08,validation,-0.013974785207182538,0.039896516719141344,0.7,0.0553355074213856
2019-07-09,validation,-0.01478193304055101,0.040003394299412354,1.0,0.08049952131372284
2019-07-10,validation,-0.015590482172241302,0.040110457431038,1.0,0.08724939617102628
2019-07-11,validation,-0.01640043625463827,0.04021770659764475,0.9,0.09080797815883845
2019-07-12,validation,-0.017103103300656793,0.04065122924106299,1.0,0.0922082932326741
2019-07-15,validation,-0.018998602919268543,0.04223399049201647,1.0,0.08059796101009786
2019-07-16,validation,-0.019667879336082526,0.04292348917825843,0.9,0.09312289267414248
2019-07-17,validation,-0.020338321739685385,0.04361418908172381,1.0,0.06900551182213283
2019-07-18,validation,-0.02092847342085831,0.04414537544156539,0.5,0.052469590726513915
2019-07-19,validation,-0.02151965503515719,0.04467748882821297,1.0,0.07326536051177085
2019-07-22,validation,-0.022111869281096763,0.04521053167055775,1.0,0.04388696424525074
2019-07-23,validation,-0.021719993734084467,0.04492312531558073,0.6,0.057951850423149376
2019-07-24,validation,-0.020106060794019602,0.044596252821390375,0.4,0.05225210441258926
2019-07-25,validation,-0.0196347886610605,0.04438824305236015,0.4,0.05128567529395439
2019-07-26,validation,-0.018669493326654615,0.04448017594135119,0.6,0.08221942738113797
2019-07-29,validation,-0.017410755639509664,0.044671470639655764,0.4,0.06969551117104777
2019-07-30,validation,-0.015955151563818253,0.04457443036794301,0.7,0.0688361695644426
2019-07-31,validation,-0.015684460279566867,0.045912564641034756,-0.1,0.05684082776898647
2019-08-01,validation,-0.014647893740816922,0.04626984927779538,0.5,0.038724514768605944
2019-08-02,validation,-0.013611327202066977,0.046627133914556,0.5,0.03385868825237248
2019-08-05,validation,-0.013015852807465944,0.04634924586374218,0.3,0.0076065575671999675
2019-08-06,validation,-0.013124355398303863,0.045612760161797127,0.9,0.02367220914012491
2019-08-07,validation,-0.013707105981054445,0.04619551074454771,0.2,0.00995728520413719
2019-08-08,validation,-0.014795929438298952,0.04714631432693024,0.0,0.0011535339374592057
2019-08-09,validation,-0.014795929438298952,0.04714631432693024,-0.3,-0.004111963918202455
2019-08-12,validation,-0.014893054535424052,0.04724343942405533,-0.3,-0.019811792055413113
2019-08-13,validation,-0.01500329440038165,0.04650709169923921,-0.3,-0.008350038283178152
2019-08-14,validation,-0.015113727329901346,0.04576945439872288,-0.4,-0.03552531253499008
2019-08-15,validation,-0.015117342331076535,0.04519318161265979,-0.3,-0.03749579409223941
2019-08-16,validation,-0.014911304912068707,0.04457493001758318,0.0,-0.02898159702298414
2019-08-19,validation,-0.01460170738884889,0.044884527540802986,-0.1,-0.0013310541404630838
2019-08-20,validation,-0.014632667141170872,0.04526292451362721,-0.9,-0.025480077113257782
2019-08-21,validation,-0.013256678149082811,0.04429973221916556,-0.1,-0.0125441385568269
2019-08-22,validation,-0.011880689156994747,0.04333653992470392,-0.1,-0.010192633917011862
2019-08-23,validation,-0.01237948516662667,0.043422539236709426,-0.9,-0.038682242253892885
2019-08-26,validation,-0.01150229218417053,0.04254534625425328,-0.3,-0.02146387376765957
2019-08-27,validation,-0.011915088881796949,0.043009742539083004,-0.3,-0.01618512444501441
2019-08-28,validation,-0.01184198946659227,0.04308284195428768,-0.9,-0.031022043911251462
2019-08-29,validation,-0.011191261339083956,0.04285637709933986,-0.3,-0.012921712174581601
2019-08-30,validation,-0.011074302274756472,0.04314877476015857,-0.1,-0.005198371935562385
2019-09-02,validation,-0.011366699935575186,0.04347041218705916,-0.9,-0.03535206269898744
2019-09-03,validation,-0.012536290578850038,0.044581523298170264,-0.9,-0.03370489659700504
2019-09-04,validation,-0.014514274754976629,0.045702954326722035,-0.3,-0.005834055927932902
2019-09-05,validation,-0.01669865727991643,0.04731974139242551,0.7,0.006865862141254286
2019-09-06,validation,-0.018848640080054033,0.048386132861293764,0.1,-0.009309032789647065
2019-09-09,validation,-0.020493376922159294,0.04910981707182008,0.1,-0.009331896232574355
2019-09-10,validation,-0.022004358773698423,0.0501329482807098,0.2,0.01818607269821043
2019-09-11,validation,-0.023289136374265496,0.04982282954953844,0.7,0.01757814323450896
2019-09-12,validation,-0.024628119601793612,0.05072556172162045,0.5,0.009434222178481777
2019-09-13,validation,-0.026001502554123937,0.05130149650808156,-0.5,-0.006220965585189198
2019-09-16,validation,-0.027755888519036216,0.05200325089404647,0.9,0.007007804519937377
2019-09-17,validation,-0.028730547388431928,0.051925278184494814,0.4,0.0031120328754266624
2019-09-18,validation,-0.030265635107730175,0.05258317292133692,1.0,0.005018020017602154
2019-09-19,validation,-0.03156591864485581,0.0532322071230027,0.2,0.0018871155813520168
2019-09-20,validation,-0.03201050902752669,0.05298254851421096,-0.6,-0.01612635070911561
2019-09-23,validation,-0.03336617090950436,0.05352747142755493,-0.7,-0.01594352003106375
2019-09-24,validation,-0.035084007166814306,0.054002617626385335,-0.6,-0.013794415379522251
2019-09-25,validation,-0.036034299564475125,0.053490921719952594,0.2,-0.0011392283530654024
2019-09-26,validation,-0.03720389020774998,0.05363712055036195,-0.1,-0.0012615651158521812
2019-09-27,validation,-0.03888517675745758,0.054148816456794695,-0.7,-0.018015425793235063
2019-09-30,validation,-0.03982041927551744,0.05365217042996291,-0.1,0.007469681293417296
2019-10-01,validation,-0.04075566179357729,0.05315552440313113,-0.3,-0.006673232136559015
2019-10-02,validation,-0.04258529715649439,0.05424986564840117,-0.1,0.0041403450818999765
2019-10-03,validation,-0.04351408972615383,0.055075459043654004,-0.5,-0.0192163541257937
2019-10-04,validation,-0.04499599366039604,0.0559327363959615,0.1,-0.0018172032429494278
2019-10-07,validation,-0.046283130293617594,0.05649013771713535,0.1,-0.0024949799740954237
2019-10-08,validation,-0.046283130293617594,0.05649013771713535,-0.5,-0.013686839697667708
2019-10-09,validation,-0.045778134771688204,0.05690498124958161,-0.3,-0.012153440681745509
2019-10-10,validation,-0.04486158951772529,0.05685510834752239,0.3,0.020205971376470844
2019-10-11,validation,-0.04398516532841766,0.05632925383393782,-0.1,0.011416949195953152
2019-10-14,validation,-0.044194661461388125,0.056338863748294256,0.1,-0.026514721751647263
2019-10-15,validation,-0.04507108565069575,0.05581300923470968,0.1,-0.01770426026187194
2019-10-16,validation,-0.04594750984000338,0.0562512213293635,0.1,-0.016697738431072195
2019-10-17,validation,-0.04598210553168657,0.05534020144837267,-0.1,-0.014321146602316925
2019-10-18,validation,-0.04536899299574549,0.0539813595583716,-0.5,-0.046333928419693804
2019-10-21,validation,-0.04489234124366591,0.05252987809397441,-0.5,-0.036509448820637114
2019-10-22,validation,-0.044634795538913224,0.05103457542011184,-0.6,-0.03848584099247371
2019-10-23,validation,-0.04434649810821993,0.050446448661497514,-0.6,-0.036862165970022065
2019-10-24,validation,-0.04473601997013443,0.05005692679958301,-0.6,-0.0322400983298014
2019-10-25,validation,-0.0443780035529336,0.04953851902747621,-0.9,-0.055537382370700494
2019-10-28,validation,-0.04419768661446361,0.048205012366233035,-0.8,-0.05085008944786812
2019-10-29,validation,-0.044295067079942234,0.047669419806100594,-0.5,-0.02143278039297114
2019-10-30,validation,-0.044587208476378114,0.04737727840966472,-0.3,-0.0014310716700366988
2019-10-31,validation,-0.044625197559064834,0.04683847550451651,-0.3,-0.005290109305303714
2019-11-01,validation,-0.044930618109884156,0.04685175465889996,-0.2,0.003518375087332992
2019-11-04,validation,-0.04460306563509241,0.046621582649586844,-0.5,-0.04631142763988849
2019-11-05,validation,-0.04400356714448963,0.04612555090355509,-0.3,-0.005338723075760388
2019-11-06,validation,-0.043231698823380106,0.04549514052177241,-0.3,-0.010237051789913909
2019-11-07,validation,-0.04436182475169784,0.04699428716137757,-0.3,-0.0020087887714384522
2019-11-08,validation,-0.044264444286219215,0.04709166762685619,-0.5,-0.007186871192020106
2019-11-11,validation,-0.04507167709216044,0.048037283199530205,-0.5,-0.006435567101228723
2019-11-12,validation,-0.04587890989810168,0.04898289877220423,-0.5,-0.0037488393138014886
2019-11-13,validation,-0.046832213402260854,0.049782443646660304,-0.3,-0.00564360587994206
2019-11-14,validation,-0.047005672356394655,0.049828090739853406,-0.6,-0.016160478208817552
2019-11-15,validation,-0.04723842237003862,0.04997095109305557,-0.3,-0.0044672616619994
2019-11-18,validation,-0.047471172383682585,0.050113811446257726,-0.3,-0.011949700727301504
2019-11-19,validation,-0.047441958244039,0.049967740748039786,-0.4,-0.012011726692312208
2019-11-20,validation,-0.04785582522232316,0.04955387376975563,-0.2,-0.009427487469698348
2019-11-21,validation,-0.047198507080342435,0.048458343533121104,-0.7,-0.017146785007742582
2019-11-22,validation,-0.045981609278276825,0.0468998980690459,-0.7,-0.022325298640106128
2019-11-25,validation,-0.0449846767629394,0.04570577011111426,0.1,-0.004523362021846
2019-11-26,validation,-0.04413072498874223,0.04480687350669619,-0.7,-0.00468393004403056
2019-11-27,validation,-0.043528736656692546,0.043815363312732,-0.5,-0.0035642273281936143
2019-11-28,validation,-0.04299260903905748,0.04307056326907131,-0.8,-0.013671351892289407
2019-11-29,validation,-0.04283325918645609,0.0420347892271623,0.2,0.004989166727100813
2019-12-02,validation,-0.042708055730840716,0.041033161582239304,-0.7,-0.02365062300886145
2019-12-03,validation,-0.04256680055014645,0.04017278911801057,0.1,0.019229424585983756
2019-12-04,validation,-0.042223534409334296,0.03975648762808945,-0.3,-0.01057619116192976
2019-12-05,validation,-0.04123755719636322,0.03928175785888115,-0.5,-0.009797107555045592
2019-12-06,validation,-0.040844494226613126,0.038915253197897966,-0.1,-0.007592381388791369
2019-12-09,validation,-0.04045143125686305,0.03854874853691477,0.7,0.035270755348521865
2019-12-10,validation,-0.040042433301852816,0.0375554677890328,-0.1,-0.01252898182088169
2019-12-11,validation,-0.039805068417248665,0.036770337786111384,-0.5,-0.014773669895409514
2019-12-12,validation,-0.03953118585809003,0.03572958406130858,-0.4,-0.022208352942042153
2019-12-13,validation,-0.03999839728253712,0.03504326658953459,-0.7,-0.025109067603206192
2019-12-16,validation,-0.04060958783560691,0.034870288131118615,0.5,0.017465589486664546
2019-12-17,validation,-0.04102202274822226,0.034019641123849455,0.3,0.005163682002653491
2019-12-18,validation,-0.04146986873919348,0.03325309542767546,0.1,-0.0018945187807259956
2019-12-19,validation,-0.04154403466646203,0.03259464670753516,-0.3,-0.0013891487458866925
2019-12-20,validation,-0.040631999609836406,0.03169044824281753,0.6,0.010653610240441536
2019-12-23,validation,-0.03999496373966157,0.031826764561065285,-0.2,0.00732799178032606
2019-12-24,validation,-0.038794501941520836,0.03077913044285922,-0.1,-0.0012137485311487506
2019-12-25,validation,-0.038615059872867404,0.0300244470683822,0.0,0.006300962871008564
2019-12-26,validation,-0.03789246934574402,0.028941942039710417,0.4,0.00941168175053897
2019-12-27,validation,-0.03789246934574402,0.028941942039710417,0.3,0.013420223404107146
2019-12-30,validation,-0.036939158077303476,0.027657385469105226,0.0,0.011236720930064614
2019-12-31,validation,-0.03672359581783764,0.02694559882304283,0.0,0.01663569655273972
2020-01-02,validation,-0.036325183087292136,0.02641827683240393,0.3,0.021730887464977477
2020-01-03,validation,-0.035383143942696996,0.024555945026414023,0.4,0.017046738673936856
2020-01-06,validation,-0.0351999182544555,0.022998526676361347,-0.6,-0.008268115948210808
2020-01-07,validation,-0.034561872218373355,0.022429041353982153,-0.7,-0.03518981787359904
2020-01-08,validation,-0.033870132107694934,0.020797901092999713,-0.7,-0.026297053473919973
2020-01-09,validation,-0.03242024213887043,0.01876347050433292,-0.1,0.03591118540618887
2020-01-10,validation,-0.03169029675892128,0.01717053551262122,-0.6,-0.06090641040964356
2020-01-13,validation,-0.030422721495380486,0.015451550298312328,-0.6,-0.06100215284367866
2020-01-14,validation,-0.030368278986669685,0.015070452737336718,-0.7,-0.06466847747706922
2020-01-15,validation,-0.03025709637302066,0.014349411054319668,-0.7,-0.06779391425120995
2020-01-16,validation,-0.03126659483582982,0.015083591754544512,-0.7,-0.054854379370025075
2020-01-17,validation,-0.03111017274075683,0.014407858689574195,-0.4,-0.05191573324410781
2020-01-20,validation,-0.03187280630922727,0.01455834130575907,-0.7,-0.0472320447068732
2020-01-21,validation,-0.0317166406540872,0.013880967754268888,-0.4,-0.030719257277435186
2020-01-22,validation,-0.03190066715390317,0.013696941254452913,-0.4,-0.03564347999390571
2020-01-23,validation,-0.032590766528213064,0.014318030691331824,-0.7,-0.012501804203021827
2020-01-24,validation,-0.03419333063077717,0.015337844211145346,-0.3,0.008326198254885786
2020-01-27,validation,-0.034630393567840104,0.014900781274082408,0.1,0.009369277730890468
2020-01-28,validation,-0.034630393567840104,0.014463718337019472,0.5,0.0492330194880613
2020-01-29,validation,-0.03506745650490304,0.014463718337019472,0.5,0.03902296757719492
2020-01-30,validation,-0.03633263869113786,0.014946787899036402,0.5,0.0892755943643605
2020-01-31,validation,-0.037743508523060326,0.015721232752428625,-0.2,0.0009177024467832418
2020-02-03,validation,-0.037467468773336364,0.01512314662802671,0.5,0.11505221639478141
2020-02-04,validation,-0.03751347539829036,0.015077140003072715,0.6,0.09605892534068544
2020-02-05,validation,-0.037559482023244356,0.015031133378118722,0.6,0.07955128406362078
2020-02-06,validation,-0.03828792025168258,0.015613883960869305,0.6,0.09087401349233698
2020-02-07,validation,-0.03962211237534839,0.016902069459581122,0.6,0.08565670151878385
2020-02-10,validation,-0.040082178624888325,0.017316129084167065,0.1,0.07820640210317165
2020-02-11,validation,-0.040542244874428264,0.017730188708753005,0.1,0.07686304230894148
2020-02-12,validation,-0.040350550603786624,0.01748482004233171,0.6,0.20042612500126233
2020-02-13,validation,-0.040810616853326556,0.01789887966691765,0.5,0.12666263983374088
2020-02-14,validation,-0.04182276260231441,0.018634985666181547,0.7,0.09546716324370474
2020-02-17,validation,-0.04301893485111825,0.02006119103975534,0.2,0.08929231323676495
2020-02-18,validation,-0.04393906735019811,0.020889310288927224,-0.1,0.06796925084599059
2020-02-19,validation,-0.044307120349830066,0.022269509037547028,0.0,0.08742047195009123
2020-02-20,validation,-0.0431947123416635,0.02169038303817849,-0.1,0.04791480180766733
2020-02-21,validation,-0.043839368601736255,0.021920617416775902,-0.1,0.06915489173763911
2020-02-24,validation,-0.04231079214323469,0.020879806822754275,-0.6,-0.060213891598149216
2020-02-25,validation,-0.042209491578205006,0.020160064967946964,-0.7,-0.1429272132085984
2020-02-26,validation,-0.042209491578205006,0.020160064967946964,-0.6,-0.05495228609570779
2020-02-27,validation,-0.042209491578205006,0.020160064967946964,-0.4,-0.05006534869779189
2020-02-28,validation,-0.042209491578205006,0.020160064967946964,-0.7,-0.11706710375849172
2020-03-02,validation,-0.042246517448010446,0.019300556253006567,-0.7,-0.1025650502648009
2020-03-03,validation,-0.041184652258721435,0.016853649512471022,-0.4,-0.05437896087298333
2020-03-04,validation,-0.040492131483098166,0.014914591340725867,-0.7,-0.12506585028036948
2020-03-05,validation,-0.039903112132658625,0.0137022025204171,-0.7,-0.07729984045508409
2020-03-06,validation,-0.0393151243397505,0.012491936972998538,-0.9,-0.08363997667848411
2020-03-09,validation,-0.038577729188123626,0.010602361896954664,-0.1,0.01961223993233091
2020-03-10,validation,-0.036932337243813895,0.008705164085284444,-0.3,-0.033386425604735204
2020-03-11,validation,-0.036932337243813895,0.008705164085284444,-0.1,0.03647006184462298
2020-03-12,validation,-0.035887907983249284,0.0070873228027292165,0.6,0.10169638665517167
2020-03-13,validation,-0.035350933942721506,0.005840038999775787,-0.1,-0.012879730168181225
2020-03-16,validation,-0.03374210838537836,0.0030820523300446904,0.1,0.08762779250583419
2020-03-17,validation,-0.03280565474163633,0.0011072978224038958,0.1,0.05235877796043131
2020-03-18,validation,-0.031472627851266304,-0.0010531250688854631,-0.6,-0.09265430606546254
2020-03-19,validation,-0.03145413226464384,-0.0018821648819287468,-0.9,-0.12761588433752857
2020-03-20,validation,-0.031435604314790186,-0.0027126553333150635,-0.2,-0.050460334401269735
2020-03-23,validation,-0.030480357363589946,-0.004090450085235263,-0.6,-0.08827605274301276
2020-03-24,validation,-0.02969613793699007,-0.004378249808354229,0.1,-0.027152148465854675
2020-03-25,validation,-0.02876259049226387,-0.004922418132008205,-0.7,-0.0735536569099472
2020-03-26,validation,-0.028155758679734258,-0.004772689436721404,-0.9,-0.04778935216583369
2020-03-27,validation,-0.027332025091812377,-0.004841181715619931,-0.7,-0.08319361868489805
2020-03-30,validation,-0.026716383983811334,-0.004225540607618892,-0.7,-0.05123196433738164
2020-03-31,validation,-0.026318702771189546,-0.003391939604238603,-0.7,-0.06579039718544077
2020-04-01,validation,-0.025228903294293295,-0.0031739797088593527,-0.7,-0.09872877354229559
2020-04-02,validation,-0.024720330205075042,-0.0022294868288826016,-0.4,-0.06744228963893018
2020-04-03,validation,-0.024058802803309947,-0.0015679594271175096,0.0,-0.05219582107985177
2020-04-06,validation,-0.023523462709396,-0.0008582514169001612,0.0,-0.0026601042305504086
2020-04-07,validation,-0.022506316530959497,-0.0006257608618289612,-0.4,-0.04858556537236425
2020-04-08,validation,-0.02277707177207655,0.00012972034681955409,0.1,-0.022724356437397564
2020-04-09,validation,-0.023854460365511358,0.0016655721715032146,0.0,-0.026487952106637125
2020-04-10,validation,-0.02329082027532894,0.002229212261685629,0.0,-0.009199714112450574
2020-04-13,validation,-0.02405942039830496,0.004073852556828077,0.0,-0.0016699795840605658
2020-04-14,validation,-0.024618695634395792,0.005056671948278473,0.3,0.01297111965136405
2020-04-15,validation,-0.023931599303490196,0.005743768279184064,0.3,0.011702532004873478
2020-04-16,validation,-0.02321890447434873,0.005611232592282565,0.0,-0.008200591682012037
2020-04-17,validation,-0.024343857102033552,0.007072154518934876,-0.8,-0.03753931392251664
2020-04-20,validation,-0.024343857102033552,0.007072154518934876,-0.5,-0.021399738926642597
2020-04-21,validation,-0.024343857102033552,0.007072154518934876,-0.3,-0.023306789088384572
2020-04-22,validation,-0.025465374307468112,0.008591243595400115,0.0,-0.03970985729046306
2020-04-23,validation,-0.026588847079084776,0.010112981475834778,0.1,-0.010819908247439392
2020-04-24,validation,-0.02737557382173668,0.011103481459670585,0.0,-0.039896044747217085
2020-04-27,validation,-0.02834134408057577,0.012209163068617296,0.5,0.0495957824814387
2020-04-28,validation,-0.029308802748958283,0.013316777687369859,0.8,0.06876560275067894
2020-04-29,validation,-0.030209335384784142,0.01332842841150579,0.6,0.05458572493535868
2020-04-30,validation,-0.03184884028718579,0.015229674615755888,0.6,0.052352418883152785
2020-05-01,validation,-0.03349121899309734,0.017134253416332453,0.6,0.08869206447328948
2020-05-04,validation,-0.034466589687432526,0.018250074656859336,0.9,0.07995983511359639
2020-05-05,validation,-0.0354918749578634,0.018851406299812388,0.6,0.06944755915609024
2020-05-06,validation,-0.0364017975193378,0.01886797168320414,0.7,0.08349957175420886
2020-05-07,validation,-0.03731332064820265,0.018884566205352955,0.7,0.07166200676843248
2020-05-08,validation,-0.0381197477603823,0.01871446352408899,1.0,0.0850336850230658
2020-05-11,validation,-0.03797712198748396,0.018026106223229157,0.6,0.019581790933906773
2020-05-12,validation,-0.038951234675891504,0.018335946998852232,0.6,0.01306155533011888
2020-05-13,validation,-0.03986822605689405,0.01835213053547964,0.7,0.057188450788547174
2020-05-14,validation,-0.040332758969050884,0.01788759762332281,0.1,0.007894165305493639
2020-05-15,validation,-0.03993403488611627,0.017403709173159452,0.0,-0.003150058931130628
2020-05-18,validation,-0.04097923393846913,0.018123735187002533,0.0,-0.01653160812298876
2020-05-19,validation,-0.04085342294142666,0.018028893050770513,0.1,-0.018789201646991882
2020-05-20,validation,-0.04074228049997327,0.01863374778550323,0.0,-0.0019379384093851648
2020-05-21,validation,-0.040851984844653466,0.019460715437538748,0.0,-0.004157800082897234
2020-05-22,validation,-0.04050684702220167,0.019805853259990548,0.7,0.032130437965964376
2020-05-25,validation,-0.04146470142833193,0.021500518747759483,0.9,0.03296981558030898
2020-05-26,validation,-0.042370545640464184,0.02236302113156004,-0.1,-0.0015329739991818414
2020-05-27,validation,-0.04332840004659445,0.023880851959735695,0.9,0.05930161263259415
2020-05-28,validation,-0.04450729777721632,0.025354474123013032,0.4,0.028432888224163233
2020-05-29,validation,-0.04598091994049365,0.026828096286290366,0.7,0.05808780077855841
2020-06-01,validation,-0.047419868641105645,0.02845428168529524,0.3,0.015872263244987084
2020-06-02,validation,-0.0488068071477196,0.029601973299518292,0.5,0.016510825599225565
2020-06-03,validation,-0.05024575584833159,0.030520820060150042,0.5,0.035431897885474406
2020-06-04,validation,-0.051684704548943576,0.031439666820781795,0.4,0.03413922360449356
2020-06-05,validation,-0.05286360227956544,0.03238278500527929,0.7,0.07383448422268829
2020-06-08,validation,-0.05490203690047044,0.034470492441550836,0.7,0.09308299792335151
2020-06-09,validation,-0.05524588207190182,0.03501082056808586,0.7,0.1002364223858509
2020-06-10,validation,-0.055368518545711766,0.03585301303466528,0.4,0.0929111520937958
2020-06-11,validation,-0.055491372267482394,0.03669669742766912,0.6,0.12902059267404586
2020-06-12,validation,-0.05514562304056213,0.03704244665458939,0.0,0.04008461584007561
2020-06-15,validation,-0.0549032100994405,0.03728485959571101,0.4,0.09304307675559198
2020-06-16,validation,-0.05513246034692656,0.03794134894078474,0.4,0.08277129812019834
2020-06-17,validation,-0.054890047405804936,0.038183761881906364,0.4,0.06985501386329218
2020-06-18,validation,-0.054647634464683306,0.03842617482302799,0.1,0.028795460798484163
2020-06-19,validation,-0.05609439509447942,0.039502430002341576,0.0,0.027688256311475756
2020-06-22,validation,-0.05724411982050801,0.040714677523139085,-0.5,-0.030966133856399902
2020-06-23,validation,-0.05661477853105763,0.0409710758262485,-0.5,-0.020746738018943
2020-06-24,validation,-0.05740088384540378,0.04217399977238749,-0.5,-0.022457158564312185
2020-06-25,validation,-0.05733095703546485,0.04298981255500835,0.3,-0.002719439175362881
2020-06-26,validation,-0.05772461907660253,0.043039020310150555,0.1,0.007168500849533244
2020-06-29,validation,-0.057872242342029166,0.04268472447312664,-0.7,-0.030595826920411073
2020-06-30,validation,-0.0573407985864933,0.043511414759515775,-0.1,-0.0012418038828034828
2020-07-01,validation,-0.05763604511734655,0.04498764741378209,-0.4,-0.03439275826197252
2020-07-02,validation,-0.058275745934195294,0.04515495378126561,0.1,-0.007209180956334271
2020-07-03,validation,-0.059161485526755084,0.04639498921084931,0.1,0.01569890591013101
2020-07-06,validation,-0.05999186639477989,0.047579665915898024,0.5,0.037286049645185115
2020-07-07,validation,-0.06087760598733967,0.04881970134548173,1.0,0.07392961747881854
2020-07-08,validation,-0.06117285251819293,0.049971162815809454,0.9,0.08118142653602112
2020-07-09,validation,-0.062196373825150905,0.05027625089769115,0.7,0.08336161057674857
2020-07-10,validation,-0.062491620356004175,0.05086674395939768,0.6,0.07714111761519898
2020-07-13,validation,-0.0625989827308599,0.051564599395959934,0.9,0.07943266537133031
2020-07-14,validation,-0.06270634510571563,0.05226245483252219,0.3,0.014394127245372201
2020-07-15,validation,-0.06248155513336145,0.053071027718154425,0.1,-0.01825795108997269
2020-07-16,validation,-0.06168438950005763,0.05253958396261855,0.2,0.015943026847629604
2020-07-17,validation,-0.06066444693892819,0.05211013446319562,0.7,0.018141677764806796
2020-07-20,validation,-0.05927678824391785,0.05231680703479291,0.7,0.033027997724384806
2020-07-21,validation,-0.057969267892996265,0.05170522493516829,0.5,0.02536571519116948
2020-07-22,validation,-0.056788281769583206,0.05140997840431503,-0.1,0.005268607627794353
2020-07-23,validation,-0.056168264054791354,0.0511442565265471,-0.6,-0.026294440311257716
2020-07-24,validation,-0.05547208615533622,0.050743325157945225,-0.3,-0.025590025127797955
2020-07-27,validation,-0.05399585350106991,0.05103857168879849,-0.3,-0.03388375735271776
2020-07-28,validation,-0.05322642314793716,0.050761218887087844,-0.1,0.025919415645762833
2020-07-29,validation,-0.052233321180521645,0.05094910304308537,-0.1,-0.00879205035171593
2020-07-30,validation,-0.05226016177423558,0.05068069710594604,-0.1,0.007163812339746001
2020-07-31,validation,-0.05239535360678418,0.05063874101998268,-0.2,0.015826156995126517
2020-08-03,validation,-0.0524937691170686,0.05073715653026711,-0.2,0.0025349437877764114
2020-08-04,validation,-0.05272191416363703,0.05067005504598227,-0.2,0.016892563002764593
2020-08-05,validation,-0.052909798319634556,0.05056269267112654,-0.2,0.013751293282187715
2020-08-06,validation,-0.05269617877084073,0.050880516877868584,-0.4,0.038118849067467764
2020-08-07,validation,-0.05247574584056566,0.051205154466091855,0.2,0.03851759542301508
2020-08-10,validation,-0.05238717188130969,0.05129372842534784,-0.2,0.0151108261481806
2020-08-11,validation,-0.05300450553673015,0.05043482942650198,0.3,-0.0009581354808103071
2020-08-12,validation,-0.05342500817158176,0.04977276144822497,0.7,0.012660173606940661
2020-08-13,validation,-0.05334714095465343,0.049441825776279556,0.1,0.002447572181828339
2020-08-14,validation,-0.053785144049875305,0.048867555051433094,0.1,0.002465750221032681
2020-08-17,validation,-0.05467088364243509,0.04798181545887331,-0.2,-0.0022278067477999874
2020-08-18,validation,-0.05475945760169107,0.04771609358110537,0.1,0.0017871535158157092
2020-08-19,validation,-0.05487017505076104,0.04716250633575551,0.3,0.008157940753874937
2020-08-20,validation,-0.05394970057221851,0.04572100856747193,-0.4,-0.01920537631745728
2020-08-21,validation,-0.05295324353058875,0.04561029111840195,-0.6,-0.0373079512481887
2020-08-24,validation,-0.05195678648895899,0.04549957366933198,-0.6,-0.0310002315341521
2020-08-25,validation,-0.05111322497223539,0.04516214906264254,-0.7,-0.020712487008035185
2020-08-26,validation,-0.05026966345551179,0.0448247244559531,-0.5,-0.033374740374683964
2020-08-27,validation,-0.0494727198120808,0.04453391772255628,-0.5,-0.010144044406148967
2020-08-28,validation,-0.04826888178999489,0.04405951230610784,-0.6,-0.010500877989346569
2020-08-31,validation,-0.04706504376790899,0.04358510688965941,-0.3,-0.004282789875242388
2020-09-01,validation,-0.04700232291164577,0.04327262112292183,0.1,-0.0022135292832563547
2020-09-02,validation,-0.045909990310230735,0.04369735552529945,0.0,-0.0024846876207799684
2020-09-03,validation,-0.04521466793349243,0.042622766397612984,0.9,0.028374507820946693
2020-09-04,validation,-0.04521466793349243,0.041737810645400594,1.0,0.012416321221159266
2020-09-07,validation,-0.04503767678304995,0.040587368167524486,0.7,0.011637199752957295
2020-09-08,validation,-0.045453897730244344,0.03996692666212723,0.3,0.01786462874150302
2020-09-09,validation,-0.04607336675679302,0.041028873564782097,0.5,0.010417977796525535
2020-09-10,validation,-0.04691094608994758,0.04141414218013921,0.7,0.033922153941072175
2020-09-11,validation,-0.04727262837348046,0.04236145694675382,0.4,0.002064424933730824
2020-09-14,validation,-0.04758789386020613,0.04316344809719629,0.3,-0.013803459378431027
2020-09-15,validation,-0.048426170627686435,0.043715816083192596,0.1,-0.018262316882438345
2020-09-16,validation,-0.049445210584779485,0.04445774868353228,0.3,-0.01299154867536445
2020-09-17,validation,-0.05039848543185964,0.045077728507051926,0.3,-0.00617851914008849
2020-09-18,validation,-0.04966588469925891,0.045061520526242176,0.3,0.010107618361580528
2020-09-21,validation,-0.04834331346518325,0.04475032729469496,0.4,0.006431442604013293
2020-09-22,validation,-0.04761126075362425,0.04381079691874167,-0.1,-0.013669374696035796
2020-09-23,validation,-0.04767442287413176,0.04337207742333964,0.4,0.011436742308756354
2020-09-24,validation,-0.04618722787514003,0.04154362255495737,0.1,-0.01161242777220467
2020-09-25,validation,-0.045261748501384785,0.04057795348584003,-0.1,-0.007758764614415159
2020-09-28,validation,-0.04463099356028502,0.04012805217386974,0.9,0.01793208549415992
2020-09-29,validation,-0.04373177850499011,0.03965188654343914,1.0,0.025214790107800866
2020-09-30,validation,-0.04310660546602397,0.03905886526076269,0.7,0.020105429796464014
2020-10-01,validation,-0.042263853820536046,0.03915347026950981,0.6,0.04136074859283667
2020-10-02,validation,-0.04127229105318101,0.03858072643277045,0.4,0.029959173104255943
2020-10-05,validation,-0.04066988726775335,0.0391151168875853,0.0,0.025510637058582974
2020-10-06,validation,-0.04047276638097729,0.03960696220701683,0.8,0.034596238425570136
2020-10-07,validation,-0.04086347015189885,0.04046883727488101,0.4,0.024272629046178107
2020-10-08,validation,-0.0405400019902344,0.04087651241730416,0.3,0.020955601623685205
2020-10-09,validation,-0.04107050596901424,0.041760685715270564,0.0,-0.015469268094957078
2020-10-12,validation,-0.040535791641196466,0.04241328981615053,0.3,0.016471652510046453
2020-10-13,validation,-0.03999929110469593,0.043048031830202886,-0.1,0.0016299695084431298
2020-10-14,validation,-0.0396490891317759,0.04381084800884057,-0.4,-0.011047965689111316
2020-10-15,validation,-0.040049072290379746,0.04480028003275535,-0.3,-0.007071664501420216
2020-10-16,validation,-0.04076807035685792,0.04556785904967123,-0.2,-0.014308092841330444
2020-10-19,validation,-0.041488040042344854,0.046350983970727185,-0.2,-0.027065293127326195
2020-10-20,validation,-0.040806192114436694,0.04723687189047374,-0.4,-0.025867576386172486
2020-10-21,validation,-0.04045252279525013,0.047325289220270385,-0.6,-0.025873581539910706
2020-10-22,validation,-0.04070823266983478,0.04834671855385943,-0.8,-0.03527509083148478
2020-10-23,validation,-0.039221655586440723,0.04888110900867429,-0.6,-0.033240622493306615
2020-10-26,validation,-0.03971286297419983,0.04971616156786478,-0.6,-0.05522707276033545
2020-10-27,validation,-0.04025319110073485,0.05094418003726256,-0.3,-0.04981096077647107
2020-10-28,validation,-0.040232139355545184,0.051112593998779966,-1.0,-0.09559252092568632
2020-10-29,validation,-0.04003781555379433,0.05105429685825471,-0.9,-0.07631757350646634
2020-10-30,validation,-0.03974309112113886,0.051172186631316896,-0.5,-0.07742257903976274
2020-11-02,validation,-0.039153642255827924,0.050877462198661426,-0.9,-0.09811168837117662
2020-11-03,validation,-0.03922298918115862,0.0511028397059862,-0.9,-0.08251391791950957
2020-11-04,validation,-0.04009803788368677,0.051701413166735384,-0.3,-0.049805875015228374
2020-11-05,validation,-0.04138916813819911,0.05276807837346678,-0.5,-0.05007446336259774
2020-11-06,validation,-0.041466727199424236,0.05357469261020806,-0.6,-0.05253024420974489
2020-11-09,validation,-0.04200742465482223,0.05406553066910419,-0.9,-0.04642854383852213
2020-11-10,validation,-0.04258374814054122,0.0543733804813516,-0.8,-0.052258577180719745
2020-11-11,validation,-0.04306287776423318,0.055031045097902166,-0.7,-0.02003628869305424
2020-11-12,validation,-0.044053417774736904,0.05644040403902154,-0.8,-0.04458677903167785
2020-11-13,validation,-0.044865195930874555,0.05706014455578188,-0.7,-0.02464556540787205
2020-11-16,validation,-0.04447608851785753,0.056728217468116585,-0.3,-0.03201473988457648
2020-11-17,validation,-0.04449215019469659,0.056567600699725974,-0.9,-0.04245253468399762
2020-11-18,validation,-0.04395518629252795,0.05589206546796542,-0.5,-0.0161676785003384
2020-11-19,validation,-0.04258205381469025,0.05599125336704173,-0.8,-0.03500656601787233
2020-11-20,validation,-0.04207625188616189,0.056047610127880544,-0.6,-0.04585088868886056
2020-11-23,validation,-0.04152395562994151,0.05605747256102734,0.3,0.02311711020337559
2020-11-24,validation,-0.04121573911147764,0.056127852710912786,0.5,0.030537213657206408
2020-11-25,validation,-0.04037085733856909,0.05606820847235838,0.8,0.026394129669365718
2020-11-26,validation,-0.039569170803667,0.05621786741176997,-0.4,-0.02506447774505044
2020-11-27,validation,-0.04038282153827738,0.05526473369408353,-0.3,-0.021522123059890486
2020-11-30,validation,-0.04034981567488283,0.05509582133435845,0.5,0.02262716763203798
2020-12-01,validation,-0.04024095319852919,0.05547773231697614,-0.7,-0.035642803173019266
2020-12-02,validation,-0.040152613975914346,0.055742749984820664,0.5,0.022073129884709608
2020-12-03,validation,-0.04037346203245144,0.05508020581520936,0.6,0.013545784408552808
2020-12-04,validation,-0.03953914715220017,0.0532643440170154,0.9,0.04355409570019103
2020-12-07,validation,-0.03897610595311657,0.051682004095452865,0.9,0.04705999298480845
2020-12-08,validation,-0.03915278439834625,0.05053359420145993,0.7,0.046518799577527914
2020-12-09,validation,-0.03834077740259367,0.049578816744915696,0.4,0.035980669273008026
2020-12-10,validation,-0.03809308115094814,0.04914924562318078,0.7,0.044431003046365936
2020-12-11,validation,-0.03848697465438228,0.04904981619512944,0.7,0.04944465327879788
2020-12-14,validation,-0.038221956986537756,0.04966819075343333,0.7,0.06926602330008158
2020-12-15,validation,-0.03764284430495157,0.04918723276364142,0.7,0.07349291794827406
2020-12-16,validation,-0.036880257853319186,0.04818303476297699,0.7,0.0613792873566158
2020-12-17,validation,-0.03671199266738615,0.047173443647378806,0.4,0.017031875127491825
2020-12-18,validation,-0.03689386753747553,0.04640264062652382,-0.1,0.002364508461383197
2020-12-21,validation,-0.037903067944437645,0.04627683244571011,-0.3,-0.03421687367875975
2020-12-22,validation,-0.0390751504405692,0.04687153440187538,-0.1,-0.002722710744965273
2020-12-23,validation,-0.0403769916159458,0.04804319145971432,-0.1,-0.003419987277177794
2020-12-24,validation,-0.04076626765368096,0.04883177172351038,-0.1,-0.005118121148812105
2020-12-25,validation,-0.04147918067829196,0.049591179075813396,-0.1,-0.0030792949645811474
2020-12-28,validation,-0.04271745540359306,0.0504790558423445,-0.3,-0.025350278652960412
2020-12-29,validation,-0.04264276579810903,0.05114215380322719,-0.1,0.006468314379251772
2020-12-30,validation,-0.04396410385935511,0.052909959607824,-0.1,-0.022227490073638168
2020-12-31,validation,-0.04414991702421784,0.05448937150915721,-0.4,-0.022076625847885223
2021-01-04,holdout,-0.04552028911508048,0.05664944955068645,0.0,-0.003355070246169767
2021-01-05,holdout,-0.046167538306018996,0.058473515452422256,-0.1,-0.012408614754524372
2021-01-06,holdout,-0.04575565245723994,0.0592384463144405,0.1,0.005532121047439054
2021-01-07,holdout,-0.04493188075968183,0.05988569550537901,0.1,-0.003296040884189222
2021-01-08,holdout,-0.04402168658492455,0.0605752365468618,0.4,0.025911715449498995
2021-01-11,holdout,-0.04310229852961417,0.06127397146889769,-0.3,-0.007768390689542715
2021-01-12,holdout,-0.04218291047430378,0.061972706390933587,-0.6,-0.03868337302814112
2021-01-13,holdout,-0.04126352241899339,0.06267144131296948,0.3,0.01769490513010763
2021-01-14,holdout,-0.04034413436368301,0.06337017623500536,0.3,0.03497017451869283
2021-01-15,holdout,-0.04017494628089744,0.06374185022849167,0.5,0.03963535929904782
2021-01-18,holdout,-0.03918651672103931,0.06397442188963477,0.6,0.038061309870534465
2021-01-19,holdout,-0.03871146252128509,0.06391805676021658,0.6,0.036177510734508034
2021-01-20,holdout,-0.03772390382447529,0.06415042351240713,1.0,0.06520404747895359
2021-01-21,holdout,-0.037107316609232846,0.06401181878303032,0.2,0.004202967004266034
2021-01-22,holdout,-0.03653710082918633,0.06382684261845759,0.7,0.015369776277937008
2021-01-25,holdout,-0.035877779154057446,0.06314360083648557,0.1,0.002812348778783391
2021-01-26,holdout,-0.03525176477891254,0.06244802930854678,0.5,0.017609994252552108
2021-01-27,holdout,-0.03495977761004153,0.06198482453279852,-0.7,-0.04171903806785754
2021-01-28,holdout,-0.03504962226573362,0.06233550851146767,0.1,-0.006613020522651114
2021-01-29,holdout,-0.033800684944456864,0.06199854274904398,-0.3,-0.013592979953260309
2021-02-01,holdout,-0.033506999188216036,0.06141117123656235,-0.5,-0.016512413491000855
2021-02-02,holdout,-0.03421184500319401,0.06141117123656235,-0.8,-0.03926182261952216
2021-02-03,holdout,-0.03440763550735456,0.06121538073240179,-0.3,-0.013841783003441355
2021-02-04,holdout,-0.03475026888963552,0.06087274735012084,0.1,0.023398559165824673
2021-02-05,holdout,-0.03607185479271922,0.06131327598448207,0.1,0.014791299983548722
2021-02-08,holdout,-0.034035148619408255,0.05923838157042152,-0.3,-0.016656355750781948
2021-02-09,holdout,-0.03258695648936378,0.057963621649242555,-0.5,-0.06329230059543806
2021-02-10,holdout,-0.03161946422930186,0.057170550529022784,-0.5,-0.07154615778943646
2021-02-11,holdout,-0.03075843706546551,0.05707397873528805,-0.1,-0.02916749232676874
2021-02-12,holdout,-0.029528929605274784,0.056468835566479865,-0.5,-0.03306208436500624
2021-02-15,holdout,-0.029428420743264835,0.056129977117417754,-0.1,-0.037879946280901966
2021-02-16,holdout,-0.02813344340536825,0.05478875058888201,0.3,0.032358505613328536
2021-02-17,holdout,-0.02813344340536825,0.05478875058888201,-0.5,-0.044748825601636066
2021-02-18,holdout,-0.028060215520189575,0.054861978474060685,-0.5,-0.046326449135807746
2021-02-19,holdout,-0.027978555333081235,0.05497559264742881,-0.3,-0.03984649458366385
2021-02-22,holdout,-0.028311409356620673,0.054722623589538846,0.1,-0.0072665135299091466
2021-02-23,holdout,-0.028893571043791148,0.05464573431010123,0.6,0.05128894671617301
2021-02-24,holdout,-0.028327885630785872,0.05314639336106784,0.1,0.024886258977551035
2021-02-25,holdout,-0.028357176784857347,0.0525898614337099,0.8,0.09949918187919787
2021-02-26,holdout,-0.028503632555214698,0.0520040383522805,0.4,0.05516377511365794
2021-03-01,holdout,-0.02649950096085093,0.04961449683592369,0.4,0.03297345263164164
2021-03-02,holdout,-0.025181399027634763,0.04785702759163547,0.8,0.04604381281774883
2021-03-03,holdout,-0.02562076633870682,0.048296394902707526,0.8,0.09915741321718508
2021-03-04,holdout,-0.027170756574988793,0.049162924877321865,0.8,0.10143913447458941
2021-03-05,holdout,-0.02873295145880055,0.04979756654887039,0.9,0.06998958521160531
2021-03-08,holdout,-0.030254035950933053,0.050033951301026114,0.7,0.057447197888250034
2021-03-09,holdout,-0.0310624290246708,0.05017567958810803,0.5,0.01414870991212469
2021-03-10,holdout,-0.03187224532565105,0.05031765739682213,0.8,0.02724008499765951
2021-03-11,holdout,-0.03364825224435626,0.0520627772386803,0.6,0.024830430526270653
2021-03-12,holdout,-0.03507291866392631,0.053278955889532784,0.6,0.04489719493520122
2021-03-15,holdout,-0.03732574483145782,0.054987397327635086,0.2,0.005744300526470236
2021-03-16,holdout,-0.03908019514444687,0.056313932930139,0.2,0.00931731470109226
2021-03-17,holdout,-0.04066991438091833,0.05736505876409007,0.2,0.0071237960236055775
2021-03-18,holdout,-0.04212208960330528,0.0574533764994496,0.4,0.017432489895271908
2021-03-19,holdout,-0.043555783679527324,0.05734010495843883,0.0,-0.01044506677363699
2021-03-22,holdout,-0.044833055151496395,0.05841025132684535,0.0,-0.010179817390842283
2021-03-23,holdout,-0.04549084806281043,0.058212913453451136,0.0,-0.00917119038563774
2021-03-24,holdout,-0.04494355659267488,0.057529987973380756,0.5,0.02110693475458625
2021-03-25,holdout,-0.045677770983276925,0.05723630221713994,0.5,0.013436421783191488
2021-03-26,holdout,-0.04686661228340967,0.05896172726739689,0.3,0.01363546536427973
2021-03-29,holdout,-0.047891936239408336,0.06057957511756563,0.3,0.00990543051750592
2021-03-30,holdout,-0.048058934022368806,0.06158732035956845,0.6,0.012697582396130502
2021-03-31,holdout,-0.0477950764897888,0.06192110307220578,0.6,0.008666201811381558
2021-04-01,holdout,-0.047531218957208805,0.06225488578484313,0.4,0.0025246218197242376
2021-04-02,holdout,-0.04718374460092387,0.06272822546523127,0.3,-0.0004302858658085107
2021-04-05,holdout,-0.0468029213126116,0.06327686918568115,0.1,-0.0032848261250919553
2021-04-06,holdout,-0.045406682494624574,0.06253339749391362,0.3,0.005845897394392119
2021-04-07,holdout,-0.04525966791823429,0.061813596364024746,-0.4,-0.011724323235388245
2021-04-08,holdout,-0.04472012159109623,0.06148479686007117,-0.2,-0.002259229097760107
2021-04-09,holdout,-0.043964573995328646,0.06145077282902883,-0.2,-0.010429417519142337
2021-04-12,holdout,-0.04206787892153941,0.060402827148990035,-0.3,-0.019980530453357737
2021-04-13,holdout,-0.040448326506933995,0.059813898998224424,-0.3,-0.023646575610319742
2021-04-14,holdout,-0.03971216631847699,0.05878327473438462,-0.5,-0.03154354555835337
2021-04-15,holdout,-0.03865889097191542,0.05806976562864935,-0.6,-0.024654064735671444
2021-04-16,holdout,-0.037186570595001404,0.05777530155326655,-0.6,-0.02545506131204056
2021-04-19,holdout,-0.03641823881748301,0.05757720625916246,-0.7,-0.030392920596017503
2021-04-20,holdout,-0.03565126212246465,0.05737946033947479,-0.3,-0.023914080064881216
2021-04-21,holdout,-0.03463019092595487,0.057518697320817026,-0.3,-0.026583317971387466
2021-04-22,holdout,-0.03388759369212956,0.05737946033947479,-0.3,-0.019304800764735564
2021-04-23,holdout,-0.03319140878541834,0.05675289392343468,-0.6,-0.0338098562876592
2021-04-26,holdout,-0.03407324300058589,0.05763472813860223,-0.6,-0.02663357089699786
2021-04-27,holdout,-0.03289746404702915,0.057046838661823876,-0.3,-0.03241423197496057
2021-04-28,holdout,-0.03253390081796885,0.05741040189088418,-0.6,-0.03161647487049124
2021-04-29,holdout,-0.03141863989878636,0.057496856225704523,-0.6,-0.03934050136373535
2021-04-30,holdout,-0.03109727252148934,0.05773988395883899,-0.6,-0.03745035085108056
2021-05-03,holdout,-0.03193195835501589,0.058667312662757376,-0.5,-0.03409019388486506
2021-05-04,holdout,-0.03183921548462405,0.05876005553314922,-0.6,-0.03606927135053101
2021-05-05,holdout,-0.03113333919330839,0.057703817287019954,-0.7,-0.03401323189114952
2021-05-06,holdout,-0.0310886726595667,0.05737685486846088,-0.1,-0.019313258599961913
2021-05-07,holdout,-0.03176637146332838,0.057286010524793096,0.2,-0.011508849515039443
2021-05-10,holdout,-0.03315356459113547,0.0576593807772677,0.5,0.00384646684298362
2021-05-11,holdout,-0.03328931343494274,0.057004007531201495,0.5,0.005421809205396144
2021-05-12,holdout,-0.033613342504979306,0.05667997846116493,0.0,-0.010463497508935604
2021-05-13,holdout,-0.03352888438327019,0.05580635809344861,0.0,-0.006313603409028645
2021-05-14,holdout,-0.03391260637704617,0.055344203050966115,-0.2,-0.010241270070578401
2021-05-17,holdout,-0.03296578339851323,0.05336448227766997,0.1,-0.008940208585232923
2021-05-18,holdout,-0.03248376442762373,0.0517979206222791,0.1,-0.006691249508625929
2021-05-19,holdout,-0.03261974358163459,0.05114941367436482,0.1,0.0002893050761825777
2021-05-20,holdout,-0.031832170934847345,0.05018260035623979,0.1,0.002923879532386542
2021-05-21,holdout,-0.03058020200323038,0.048802990340488336,0.0,0.0073126796475911915
2021-05-24,holdout,-0.02978991358869559,0.047838892790110846,0.1,0.001884577639621965
2021-05-25,holdout,-0.029961912212706596,0.047959291826918556,0.1,-0.0067735290011753935
2021-05-26,holdout,-0.029334654730766456,0.047490058080788516,0.0,-0.020671528186924915
2021-05-27,holdout,-0.029166096079235666,0.04713230094284562,0.0,-0.026986631075497258
2021-05-28,holdout,-0.029406894152851075,0.04689150286923021,0.1,0.004304793091310599
2021-05-31,holdout,-0.02962619239846511,0.047110801114844246,0.1,0.0022891097644239244
2021-06-01,holdout,-0.02962619239846511,0.047110801114844246,0.5,0.04089157050073239
2021-06-02,holdout,-0.02968101695986862,0.04705597655344074,0.5,0.042199389002593846
2021-06-03,holdout,-0.030074307879475334,0.04731431470651573,0.1,-0.02063593530767377
2021-06-04,holdout,-0.030549052433167252,0.04765410649367594,0.1,-0.04239668723677997
2021-06-07,holdout,-0.031250806819132164,0.048355860879640854,0.1,-0.024644188285630364
2021-06-08,holdout,-0.031952561205097076,0.049057615265605765,0.1,-0.033255856565044484
2021-06-09,holdout,-0.03239115769632515,0.04949621175683384,0.4,0.0005314752100446518
2021-06-10,holdout,-0.03282975418755322,0.04993480824806191,0.3,-0.002896062154375212
2021-06-11,holdout,-0.032983927499621264,0.0502484711933038,-0.4,-0.040824874005238376
2021-06-14,holdout,-0.03290228399692513,0.05097756665924137,0.6,0.03489294374461199
2021-06-15,holdout,-0.03241208791849376,0.05180316005449421,0.3,0.003660270495450424
2021-06-16,holdout,-0.03206809067047174,0.05292115111056576,0.6,0.038461680064341364
2021-06-17,holdout,-0.03259440645994543,0.05300887040881137,0.4,0.011373917662385602
2021-06-18,holdout,-0.033743111556018945,0.052987984861610035,0.1,-0.008670689086652805
2021-06-21,holdout,-0.0347456178216831,0.05355189463604613,-0.6,-0.008722956094329826
2021-06-22,holdout,-0.03580555934215094,0.05358844434364846,0.1,-0.010068028560259346
2021-06-23,holdout,-0.036733248631162944,0.052926221351958715,0.2,-0.005740199170001736
2021-06-24,holdout,-0.03792592330029191,0.052656907716994106,0.0,0.0013518659322763749
2021-06-25,holdout,-0.039465310985190426,0.05258810826738971,0.4,0.004229970363108793
2021-06-28,holdout,-0.04058437703266205,0.05206243747275607,0.4,-0.0016562287150493904
2021-06-29,holdout,-0.041775455690845974,0.051984719138458785,0.4,-0.007167887496664693
2021-06-30,holdout,-0.04294825949522872,0.05192527565796267,-0.1,-0.009914805481560929
2021-07-01,holdout,-0.0438919064915073,0.05169933201096639,-0.2,-0.01781283477335438
2021-07-02,holdout,-0.04505485173339991,0.05169268660958415,-0.6,-0.013037570501180595
2021-07-05,holdout,-0.04632412339740842,0.051499969969499085,0.2,-0.0024729597892929056
2021-07-06,holdout,-0.0473554896919326,0.051361745620748425,0.3,0.019882089178388018
2021-07-07,holdout,-0.0485835598673712,0.05153718421723965,0.1,-0.016799991477977116
2021-07-08,holdout,-0.04926603528668873,0.0517184065037251,0.7,0.02895813634624783
2021-07-09,holdout,-0.049663785684439125,0.05197506991828325,0.3,0.0058948952844612434
2021-07-12,holdout,-0.05071641726338649,0.053173900327639974,0.6,0.006835687086953701
2021-07-13,holdout,-0.051530150313961645,0.0537177278451517,0.6,0.014609345334432422
2021-07-14,holdout,-0.05248778493783212,0.05321401120551429,0.7,0.024730303948253818
2021-07-15,holdout,-0.053236895469411946,0.05343651912397257,0.7,0.01602111320825178
2021-07-16,holdout,-0.0534102732563791,0.0537391225906668,-0.1,-0.023575213357333535
2021-07-19,holdout,-0.05259367138529568,0.05348171547912964,0.7,0.053209253326326256
2021-07-20,holdout,-0.05195015360645277,0.054205118223622006,-0.5,-0.03861714547474965
2021-07-21,holdout,-0.051782775583187224,0.05525123086903167,-0.3,-0.005536222171545757
2021-07-22,holdout,-0.051042788532960605,0.05599121791925829,0.2,-0.0009721094407839082
2021-07-23,holdout,-0.051216812448326404,0.057281751707466015,0.2,-0.0059824440486919706
2021-07-26,holdout,-0.05129406384367973,0.058710902521502586,0.2,0.0014880593109590778
2021-07-27,holdout,-0.05139170102391797,0.059931367274480535,0.4,0.018436577607087057
2021-07-28,holdout,-0.051109123551441316,0.06034913468882551,0.7,0.020752654384897706
2021-07-29,holdout,-0.05124868728554655,0.06108830557686437,0.3,0.0035655049957467044
2021-07-30,holdout,-0.05052674648813796,0.061224423292843555,-0.4,-0.0040853088114403135
2021-08-02,holdout,-0.05066343854047149,0.06196646586265415,-0.2,-0.025206631589151596
2021-08-03,holdout,-0.05094093368430647,0.06344643996310739,-0.6,-0.03258374708034306
2021-08-04,holdout,-0.05035511060287706,0.06447163035560885,0.0,-0.0057249347667041595
2021-08-05,holdout,-0.05115176561745827,0.06624841244873542,-0.7,-0.02929169341335086
2021-08-06,holdout,-0.05119801480809743,0.06795963250238447,-0.8,-0.03245059560831176
2021-08-09,holdout,-0.050319280185953316,0.06883836712452858,-0.8,-0.038967014024023194
2021-08-10,holdout,-0.04944054556380921,0.0697171017466727,-0.8,-0.035295669451121225
2021-08-11,holdout,-0.0485618109416651,0.0705958363688168,-0.8,-0.028522063879145076
2021-08-12,holdout,-0.04826889940095039,0.07220684984274768,-0.1,0.002892579821808461
2021-08-13,holdout,-0.04742201434027436,0.07324900926390018,-0.1,0.016074629331579993
2021-08-16,holdout,-0.04622461771229777,0.07431121595000845,-0.1,0.0012041204049287324
2021-08-17,holdout,-0.04452206938189355,0.07524487148603656,-0.3,-0.0252499557502901
2021-08-18,holdout,-0.04262007141685794,0.07516971655124792,0.6,0.03523732572529675
2021-08-19,holdout,-0.04163149496694581,0.07637797665669607,0.2,-0.008929226086196063
2021-08-20,holdout,-0.0408082847852119,0.07743776923669955,0.0,-0.01313851690395762
2021-08-23,holdout,-0.03954799434029469,0.07881368265821467,-0.4,-0.030593010288769817
2021-08-24,holdout,-0.039530650893805,0.08033412480047718,-0.6,-0.012926210203940636
2021-08-25,holdout,-0.03950598465879745,0.08177401626904315,-0.2,-0.0021758514528630313
2021-08-26,holdout,-0.03920690655933085,0.08264658433243537,0.1,0.007877519031610603
2021-08-27,holdout,-0.037595893085399984,0.08323240741386478,0.2,0.007067051135613456
2021-08-30,holdout,-0.036154459977146045,0.08340198777954172,0.1,-0.00866866466720606
2021-08-31,holdout,-0.0352500313602024,0.08215582903176424,-0.3,-0.027774605437877686
2021-09-01,holdout,-0.03483378864444992,0.08173958631601178,-0.4,-0.01681756354325581
2021-09-02,holdout,-0.03439699073285782,0.08076578391310937,-0.7,-0.03705570650450535
2021-09-03,holdout,-0.033931929426986224,0.07908025785425986,-0.7,-0.02869180478631639
2021-09-06,holdout,-0.03375977966182934,0.07754118756576768,-0.7,-0.03934603978252632
2021-09-07,holdout,-0.030637959293685783,0.07793430568620056,-1.0,-0.02821180328197148
2021-09-08,holdout,-0.02811375101635024,0.07746047819386796,-1.0,-0.024511248198661018
2021-09-09,holdout,-0.027659420731836103,0.07631241004976635,-0.5,-0.008561849409548017
2021-09-10,holdout,-0.027459007572399725,0.07504826550562922,-0.3,-0.006676247791406242
2021-09-13,holdout,-0.02821608087134936,0.07496768643688599,-0.6,-0.01656415182025034
2021-09-14,holdout,-0.029055084713408334,0.07522806693959395,-0.2,-0.013721738978531128
2021-09-15,holdout,-0.028823635377667925,0.07462629866666891,-0.6,-0.03799881758557061
2021-09-16,holdout,-0.028993364890544222,0.07450285902094068,-0.6,-0.03945756882686757
2021-09-17,holdout,-0.030798669709319396,0.07538236649675423,-0.2,-0.013133545173069139
2021-09-20,holdout,-0.03183533723663061,0.07600986326100184,0.7,0.020397414879777864
2021-09-21,holdout,-0.03210004135963034,0.07565047502869776,0.7,0.020222495087335368
2021-09-22,holdout,-0.03119469044615698,0.07470692198042697,0.5,0.003953038068708226
2021-09-23,holdout,-0.03160556275952582,0.07507965912154842,-0.1,-0.006527218122728495
2021-09-24,holdout,-0.03286832865074018,0.07635044382413347,-0.3,-0.0021569783290311673
2021-09-27,holdout,-0.0341749318535599,0.07757295805571895,-0.7,-0.010852574306427831
2021-09-28,holdout,-0.034220978729279386,0.0790004112030229,0.7,0.025635053508395345
2021-09-29,holdout,-0.03392167403710275,0.07913855183018136,0.6,0.016940629647523964
2021-09-30,holdout,-0.03376818445137114,0.07913087735089477,0.6,0.05601739367041014
2021-10-01,holdout,-0.03361469486563953,0.07912320287160819,0.8,0.05155789751466294
2021-10-04,holdout,-0.034033913296668994,0.07837590045107742,0.6,0.0755024636100618
2021-10-05,holdout,-0.03333400137019205,0.07859047362718753,0.6,0.07098745801630202
2021-10-06,holdout,-0.03304211578933974,0.07742293130377831,0.6,0.08205489103411734
2021-10-07,holdout,-0.03321724713785113,0.07628457753845432,0.5,0.06010850124821365
2021-10-08,holdout,-0.033076115648208254,0.07498713009389653,0.6,0.07487088122601598
2021-10-11,holdout,-0.03402579122227318,0.07462122568153623,0.6,0.07860440264491053
2021-10-12,holdout,-0.034880499238931606,0.07464217440743472,0.6,0.06696216629627333
2021-10-13,holdout,-0.03512257340486972,0.07420550985426173,0.5,0.05685891055747133
2021-10-14,holdout,-0.0359080815643294,0.07392037697626316,0.5,0.033395263358280414
2021-10-15,holdout,-0.03672900976047651,0.07441293389395143,0.2,0.028041392326923653
2021-10-18,holdout,-0.036319985887308476,0.07438412939584099,-0.1,0.02210007456994806
2021-10-19,holdout,-0.036887434500083846,0.07556799426817946,0.3,0.027720330709707308
2021-10-20,holdout,-0.03703145699063597,0.07586180014890581,0.3,0.020209303327209938
2021-10-21,holdout,-0.037286856873881745,0.07560640026566004,0.3,0.02813539555619854
2021-10-22,holdout,-0.037111725525370357,0.07543126891714864,0.8,0.040580500884859094
2021-10-25,holdout,-0.03598835009906379,0.07436550248706293,0.5,0.03717376845367887
2021-10-26,holdout,-0.035950791292704114,0.07469494687427491,0.5,0.03375643345446494
2021-10-27,holdout,-0.03545215342541476,0.07519358474156426,0.8,0.03434346348289319
2021-10-28,holdout,-0.03512378214695591,0.07595978439130156,0.9,0.023606254198618837
2021-10-29,holdout,-0.0350143250541363,0.0769448982266781,-0.6,-0.005442115554000815
2021-11-01,holdout,-0.034571685382074564,0.07707480334782665,0.6,0.013177427697162514
2021-11-02,holdout,-0.03522842793899225,0.0781693742760228,-0.1,0.006452603983959526
2021-11-03,holdout,-0.035209111981435844,0.07862651860485766,-0.1,-0.009826701108759273
2021-11-04,holdout,-0.03395120260513117,0.0781331144960485,-0.1,0.0036113031100182824
2021-11-05,holdout,-0.03393403286508104,0.07873405539780325,-0.1,0.0028278375810951717
2021-11-08,holdout,-0.0339168631250309,0.079334996299558,0.3,0.009370871091487099
2021-11-09,holdout,-0.03388037742742436,0.07951742478759068,0.2,-0.002136090545305558
2021-11-10,holdout,-0.032983795064181344,0.07931943622263755,0.5,0.02667761042346084
2021-11-11,holdout,-0.031313811926673416,0.07836244913247474,-0.1,-0.0006802760155394938
2021-11-12,holdout,-0.03086203314160422,0.0776466855941347,-0.1,0.0005209254759626636
2021-11-15,holdout,-0.03087920288165435,0.07792140143493688,-0.1,-0.016775188057349233
2021-11-16,holdout,-0.03147963377779615,0.07800346247630366,-0.1,-0.0274401027811359
2021-11-17,holdout,-0.03228982057810693,0.0781902310114351,-0.1,0.0023770648632346902
2021-11-18,holdout,-0.033098592204967386,0.07837667331331741,0.1,0.014043691471219033
2021-11-19,holdout,-0.034764875817929926,0.07976715825930683,0.1,0.008161888485855862
2021-11-22,holdout,-0.03528205391965264,0.08060437337973894,-0.5,-0.033006008797551945
2021-11-23,holdout,-0.035798330228695795,0.08144012866561058,-0.6,-0.019490751591836553
2021-11-24,holdout,-0.03581838702240927,0.08218902791815641,-0.6,-0.016038097504717408
2021-11-25,holdout,-0.03586423334553416,0.08214318159503155,-0.5,-0.016449147522917318
2021-11-26,holdout,-0.034884268188739735,0.0805099063337075,0.5,0.006660958587128674
2021-11-29,holdout,-0.03266215421478044,0.07902992971533229,0.4,0.0022715935570292167
2021-11-30,holdout,-0.03227102777062127,0.07833220598527545,0.5,0.011365202083053916
2021-12-01,holdout,-0.03305886847752238,0.07831842686779479,0.3,0.02347518301439855
2021-12-02,holdout,-0.03382644414718682,0.07842117321727742,0.1,0.008712921257984618
2021-12-03,holdout,-0.03450495177395609,0.07774266559050814,0.5,0.012624083209659243
2021-12-06,holdout,-0.03532803592035341,0.07757232295847115,0.9,0.018134773751793842
2021-12-07,holdout,-0.03564868087477603,0.07725167800404853,0.3,0.008861429613895078
2021-12-08,holdout,-0.0366277931463165,0.07714288775165513,0.0,-0.014861572671186929
2021-12-09,holdout,-0.03845466103790078,0.07792698591751213,0.3,0.01066826067849097
2021-12-10,holdout,-0.03843691812119881,0.07717502643609161,0.3,-0.005939530635054202
2021-12-13,holdout,-0.03841914426654269,0.07642175577859193,0.1,0.00517454644570331
2021-12-14,holdout,-0.039273888954304455,0.07614823747850817,0.3,0.017761149274125754
2021-12-15,holdout,-0.04131869692016506,0.07715486804795707,0.3,-0.007207346342069265
2021-12-16,holdout,-0.042053777351640176,0.07671040081032096,0.1,0.0034712063126524084
2021-12-17,holdout,-0.042353472207786645,0.07575682626803674,0.3,0.01153114793651544
2021-12-20,holdout,-0.04293919725171603,0.07517110122410736,0.2,0.009987186575973361
2021-12-21,holdout,-0.04285372278293985,0.07380350972368854,-0.7,-0.03273337317874542
2021-12-22,holdout,-0.04399548173953951,0.07353359034860588,-1.0,-0.05823505632595871
2021-12-23,holdout,-0.04514533827739166,0.07325557339227073,-0.5,-0.03310449345331584
2021-12-24,holdout,-0.044837630189797424,0.07443512106138196,-0.5,-0.04053205152242939
2021-12-27,holdout,-0.04598478753389873,0.07590348246183165,-0.5,-0.047438571431702936
2021-12-28,holdout,-0.04652498617656417,0.07670010451082561,-0.5,-0.054895122539751984
2021-12-29,holdout,-0.04473344131101551,0.07593425327059107,-0.7,-0.05166646836875799
2021-12-30,holdout,-0.0429833515628233,0.07550474406499079,-1.0,-0.08820403146594036
2021-12-31,holdout,-0.0419704791078256,0.07520985714771299,-0.7,-0.04553866213754315
2022-01-03,holdout,-0.042295282089175074,0.07691934652323652,-0.3,-0.02849567186888219
2022-01-04,holdout,-0.04297907783938448,0.07739800354838311,-0.2,-0.02835725461513189
2022-01-05,holdout,-0.04369828444094403,0.07813186291601855,0.2,-0.0031764938241695684
2022-01-06,holdout,-0.044955536172579066,0.07890890354125653,-0.2,-0.008101976447454973
2022-01-07,holdout,-0.04637347307438693,0.07985738836070909,-0.5,-0.024933104876824153
2022-01-10,holdout,-0.04697085507594351,0.08075458849889595,-0.7,-0.03559742169144903
2022-01-11,holdout,-0.04780756559007338,0.08180686374471959,-0.9,-0.0341185599408671
2022-01-12,holdout,-0.04865864708631616,0.0828447680084303,-0.6,-0.02085993017178578
2022-01-13,holdout,-0.04900964743731651,0.0835901719796407,-0.9,-0.025886805921385536
2022-01-14,holdout,-0.04953473263982107,0.08437284614941166,-0.9,-0.06158907365792271
2022-01-17,holdout,-0.04900779662901409,0.0857620410869937,-0.9,-0.05751427194950465
2022-01-18,holdout,-0.048651715627771805,0.08595205740604227,-0.1,-0.013824996841693749
2022-01-19,holdout,-0.048447908972352245,0.08614265437083278,-0.1,-0.005614512403807004
2022-01-20,holdout,-0.048511404292014546,0.08622446564808998,-0.1,-0.024191850593860142
2022-01-21,holdout,-0.04847316571387784,0.0856814778385487,-0.3,-0.018693603887332044
2022-01-24,holdout,-0.04843492713574112,0.08513849002900739,0.3,-0.013232277757082467
2022-01-25,holdout,-0.04748852232685754,0.08499509536099474,0.1,-0.004432798727602327
2022-01-26,holdout,-0.047622903615737976,0.08361522895566144,-0.3,-0.02519556414618873
2022-01-27,holdout,-0.047572746070324266,0.08205583650442838,0.1,-0.0020422091239025164
2022-01-28,holdout,-0.04708896057705111,0.08085406547343534,-0.6,-0.029819791061906298
2022-01-31,holdout,-0.046675983933174625,0.07952336295427781,-0.7,-0.06944693882635955
2022-02-01,holdout,-0.04777752168050707,0.07998628071615489,-0.7,-0.0870322273855842
2022-02-02,holdout,-0.048692611219092664,0.0800561377298808,-0.7,-0.07171540132748372
2022-02-03,holdout,-0.048324879663128525,0.07867714439501525,0.0,0.0009464452036752058
2022-02-04,holdout,-0.04756068752339053,0.07725793042121612,-0.6,-0.058575824531184595
2022-02-07,holdout,-0.04674490941503601,0.07622141235413035,-0.6,-0.041202489024575684
2022-02-08,holdout,-0.04588760142633834,0.07464058351604491,-0.6,-0.03495722889164965
2022-02-09,holdout,-0.044359217146862355,0.07354888045927636,-0.5,-0.004946471143107201
2022-02-10,holdout,-0.04339727879409431,0.07215585936101508,-0.5,-0.005076585112629706
2022-02-11,holdout,-0.04263094606012736,0.07059322557387578,-0.3,-0.007365836238345802
2022-02-14,holdout,-0.04243229891568006,0.06889958741992423,0.1,0.002386306835991947
2022-02-15,holdout,-0.04211206601902795,0.06823000954510619,0.6,0.06225591198280622
2022-02-16,holdout,-0.04184353905836125,0.06782112076285496,0.6,0.05672385958086362
2022-02-17,holdout,-0.040915591460107974,0.06776653561001653,0.5,0.08060160050226617
2022-02-18,holdout,-0.04015739768881377,0.0673826400296144,1.0,0.10724384530766268
2022-02-21,holdout,-0.0399421447224691,0.06706417150153887,1.0,0.10264800170976357
2022-02-22,holdout,-0.039469073397869384,0.06644553976937004,0.9,0.1202865207369827
2022-02-23,holdout,-0.03859571095245454,0.06557217732395518,0.7,0.1139219243400752
2022-02-24,holdout,-0.03783879683309501,0.06516460818276158,0.5,0.04790573112060975
2022-02-25,holdout,-0.03760247523021805,0.06452756734022369,0.3,0.009506397835281566
2022-02-28,holdout,-0.03733704154582726,0.06348295735649222,0.5,0.05648567335326843
2022-03-01,holdout,-0.036634926638729054,0.06185610574248417,0.7,0.13330460578287578
2022-03-02,holdout,-0.03632882166398806,0.060561046233964605,0.3,0.0387030869311108
2022-03-03,holdout,-0.03713909291107573,0.060333016617153505,0.3,0.03258957273657054
2022-03-04,holdout,-0.03654152913263399,0.05918385550476554,0.3,0.005642489051057853
2022-03-07,holdout,-0.0371256860314312,0.05969140166273689,0.1,0.05849394685912873
2022-03-08,holdout,-0.03774414364827999,0.0608196689367178,-0.2,0.01808905587445997
2022-03-09,holdout,-0.03742391075162788,0.0610234535073146,-0.2,0.0052257891110437105
2022-03-10,holdout,-0.036829681793669154,0.06121011332407974,-0.1,0.03636521671017473
2022-03-11,holdout,-0.0363844381940459,0.06194647773884127,-0.5,-0.0448430178456285
2022-03-14,holdout,-0.035493950994799385,0.06248761995992184,0.6,0.04829141146201227
2022-03-15,holdout,-0.03474902420312202,0.06323254675159921,-1.0,-0.02093016016613225
2022-03-16,holdout,-0.03363591520406388,0.06382163828340844,1.0,0.02618432894285061
2022-03-17,holdout,-0.03327629537359894,0.06505462055928822,0.5,0.014775845633503815
2022-03-18,holdout,-0.03303654881995565,0.06573104833563895,0.5,0.024068815683125078
2022-03-21,holdout,-0.03316131488358635,0.06575184267957739,0.3,0.015316368778359457
2022-03-22,holdout,-0.032067313504593006,0.06492444667865806,0.7,0.03094378694453198
2022-03-23,holdout,-0.03144676650390351,0.06467163123393271,1.0,0.053712169556922706
2022-03-24,holdout,-0.02954197668809445,0.06316393713168043,0.9,0.05379064489145874
2022-03-25,holdout,-0.026781579190854842,0.061553705258290674,0.1,0.02320898085703449
2022-03-28,holdout,-0.0256727987290281,0.06098998815620591,0.8,0.075890601147309
2022-03-29,holdout,-0.026790714545106648,0.06205929893680277,0.6,0.06584965451396835
2022-03-30,holdout,-0.026207950116242735,0.06184420873649148,0.6,0.061710801643727775
2022-03-31,holdout,-0.025354495208369153,0.06146019840234292,0.9,0.08180051811381855
2022-04-01,holdout,-0.02449954301118351,0.06107551436585374,0.6,0.047816842402092885
2022-04-04,holdout,-0.02391323208116024,0.06085899391517204,0.6,0.036657303182079104
2022-04-05,holdout,-0.02332589072770986,0.06064209293645752,0.6,0.04907708812973727
2022-04-06,holdout,-0.022737516232037052,0.060424810425678405,0.9,0.0704575823875978
2022-04-07,holdout,-0.021965278130128635,0.06038997311091228,0.6,0.03700939172998691
2022-04-08,holdout,-0.02093477292986806,0.05989999175547503,0.9,0.06379426194404503
2022-04-11,holdout,-0.020343254939226802,0.05968167253438531,0.7,0.03020376944459713
2022-04-12,holdout,-0.01975069370697948,0.05946296827057762,0.7,0.032145025282311335
2022-04-13,holdout,-0.019836019188559408,0.059447557759851666,0.1,-4.8028634528962666e-05
2022-04-14,holdout,-0.019727343284258538,0.05937387438079046,0.7,0.020781161974156415
2022-04-15,holdout,-0.019843027151982117,0.059328129697562945,0.6,0.018825429006532002
2022-04-18,holdout,-0.017283578131553057,0.05746671222815999,0.7,0.021077409305778394
2022-04-19,holdout,-0.01599472801438955,0.056166845788119694,0.1,0.0029969182351718415
2022-04-20,holdout,-0.015109772262177159,0.056166845788119694,-0.6,-0.030170900638772757
2022-04-21,holdout,-0.014237415993144544,0.05533085539466365,-0.5,-0.048671549873021636
2022-04-22,holdout,-0.013363512993138467,0.05449338274873693,-0.5,-0.05708956634567075
2022-04-25,holdout,-0.011217189738192588,0.05309360671290266,-0.5,-0.10495281201995266
2022-04-26,holdout,-0.01161534163680678,0.05319617424326016,-0.5,-0.07774823456622199
2022-04-27,holdout,-0.01201420073239897,0.053298923953955774,-0.5,-0.05028902651039624
2022-04-28,holdout,-0.01300091488032668,0.053851747398341865,-0.5,-0.05639740768757229
2022-04-29,holdout,-0.012681032224875153,0.053044867890933364,-0.3,-0.0038645601609023084
2022-05-02,holdout,-0.01341560330560188,0.05408965624081162,0.1,-0.00870209066520422
2022-05-03,holdout,-0.012843177306764483,0.053163867867027835,-0.6,-0.03609756973940931
2022-05-04,holdout,-0.012557535456473423,0.052914162461086385,-0.6,-0.05119512677359456
2022-05-05,holdout,-0.011788184462232988,0.05284985752126577,-0.8,-0.02401449616150897
2022-05-06,holdout,-0.012356745341217125,0.05367829489405261,-0.8,-0.06608772679628377
2022-05-09,holdout,-0.01287046897422983,0.05456406638189359,-0.9,-0.07342741929522989
2022-05-10,holdout,-0.012043430037713042,0.054109740859873814,-0.8,-0.051272918957761204
2022-05-11,holdout,-0.012071766002954731,0.05443904724398836,-0.9,-0.04567423900808748
2022-05-12,holdout,-0.011713618207363873,0.054856792542488673,-0.9,-0.05392545876158106
2022-05-13,holdout,-0.011776880223165783,0.0557500959174938,-0.5,-0.07377022517746357
2022-05-16,holdout,-0.011840255815297678,0.05664500306875568,-0.5,-0.09816193101671894
2022-05-17,holdout,-0.011850893960684289,0.057594369648332276,-0.6,-0.10161243609623649
2022-05-18,holdout,-0.011861551239425911,0.05854544372175703,-0.7,-0.08796267013584841
2022-05-19,holdout,-0.01192517417430547,0.05944528342860672,-0.6,-0.08937820548464914
2022-05-20,holdout,-0.012116097754642683,0.060399738638902765,-0.7,-0.08181527282515055
2022-05-23,holdout,-0.01212702300058916,0.061355915139028015,-0.7,-0.09443674262788743
2022-05-24,holdout,-0.012137967967196189,0.0623138175895145,-0.7,-0.11008185518500074
2022-05-25,holdout,-0.012148932707907296,0.06327345066773447,-0.7,-0.09089234530462109
2022-05-26,holdout,-0.012159917276359292,0.06423481906797655,-0.7,-0.11881107546504482
2022-05-27,holdout,-0.012170921726383148,0.06519792750152223,-0.7,-0.12254974561937604
2022-05-30,holdout,-0.01225742920379231,0.06608729760493544,-0.7,-0.12650012954714862
2022-05-31,holdout,-0.012268542013587225,0.06705383187293629,-0.7,-0.12107825993846677
2022-06-01,holdout,-0.012682087209305443,0.06709359583406305,-0.7,-0.11054533291726398
2022-06-02,holdout,-0.013601036471745829,0.0671544793148562,-0.6,-0.13930138088443395
2022-06-03,holdout,-0.01429458873012162,0.0674425396957053,-0.6,-0.11599992069121623
2022-06-06,holdout,-0.014989401992603549,0.0677311238227014,-0.6,-0.10356293220496227
2022-06-07,holdout,-0.015685479701423026,0.0680202331255428,-0.7,-0.12007969372495492
2022-06-08,holdout,-0.016382825311351462,0.06876524244532926,-0.9,-0.09952259545854725
2022-06-09,holdout,-0.017097556025105445,0.06944485312829464,-1.0,-0.09339480614419243
2022-06-10,holdout,-0.017265224111503046,0.07026855585316838,-1.0,-0.07236114415202655
2022-06-13,holdout,-0.01789904411230595,0.07103380272397199,-0.5,-0.04323131124824642
2022-06-14,holdout,-0.018334636517977662,0.07048405506715871,-0.5,-0.02433002352170921
2022-06-15,holdout,-0.019265472565983124,0.0705484829054285,-0.5,-0.026710254218083318
2022-06-16,holdout,-0.01996928361133169,0.07129921344788544,-0.7,-0.07807668412926289
2022-06-17,holdout,-0.02060732112083628,0.07206750647089337,-0.7,-0.07439614623315105
2022-06-20,holdout,-0.021313652304265095,0.07282100556023424,-0.7,-0.0626636320438913
2022-06-21,holdout,-0.022189475226868396,0.0726431655041733,-0.4,-0.060314930401843436
2022-06-22,holdout,-0.023189343125760528,0.07203647113518417,-0.4,-0.07320146300061131
2022-06-23,holdout,-0.02412977450730994,0.07118356347997754,-0.4,-0.06151732632970969
2022-06-24,holdout,-0.026416281215256278,0.07104166461516846,-0.1,0.01685499987551059
2022-06-27,holdout,-0.027902188078001378,0.07032168912497239,0.0,-0.03341876928294801
2022-06-28,holdout,-0.029342139058393533,0.06918811069359983,0.0,-0.0389189523818122
2022-06-29,holdout,-0.02998552141133471,0.06762561069359983,0.0,-0.053208079772432804
2022-06-30,holdout,-0.02993145566739007,0.06767967643754447,0.1,-0.04957597152834892
2022-07-01,holdout,-0.03060154322112815,0.06692603273407377,0.1,-0.051171494047736354
2022-07-04,holdout,-0.03020047370241157,0.0654220220388866,0.1,-0.047403919456793286
2022-07-05,holdout,-0.029465179584764505,0.06431908086241601,0.1,-0.03295774394077178
2022-07-06,holdout,-0.02877530573312595,0.06301646191273824,0.3,0.03975020600695833
2022-07-07,holdout,-0.02818112866836065,0.06160529138392065,0.3,0.04657731834868273
2022-07-08,holdout,-0.02758695160359535,0.06019412085510306,0.3,0.037784576912951895
2022-07-11,holdout,-0.02755838539855856,0.059136457113615794,0.3,0.02847376951332553
2022-07-12,holdout,-0.02743465802299295,0.057881508018593174,0.3,0.030630113234923262
2022-07-13,holdout,-0.026819728450450917,0.056101161298800085,-0.3,-0.03551102298738823
2022-07-14,holdout,-0.026589949038686212,0.05495226423997655,-0.3,-0.023717946317761807
2022-07-15,holdout,-0.02643676276417641,0.05372677404389812,-0.3,-0.02269713783376992
2022-07-18,holdout,-0.02596733967297023,0.05227440569125403,0.3,0.023655273153310674
2022-07-19,holdout,-0.025896842359825856,0.051151243722503834,0.3,0.025104028700584924
2022-07-20,holdout,-0.02596653369789955,0.050096783476867114,0.6,0.07758486017826488
2022-07-21,holdout,-0.02616149804727566,0.0490662576301648,0.6,0.060027839654676896
2022-07-22,holdout,-0.026467360485491042,0.047956970675289604,0.6,0.06557323039589003
2022-07-25,holdout,-0.026810869101058482,0.047279237460791684,0.6,0.0448453565595322
2022-07-26,holdout,-0.027273163393775567,0.04643944842017544,0.6,0.06185431279924486
2022-07-27,holdout,-0.027616672009343007,0.04576171520567752,0.6,0.06640591430096487
2022-07-28,holdout,-0.028043736774643065,0.04516753814091222,0.6,0.04900013353543525
2022-07-29,holdout,-0.02896285442170189,0.0442484204938534,0.9,0.010501951703320356
2022-08-01,holdout,-0.02980537893150581,0.043405895984049474,0.9,0.014745927516066237
2022-08-02,holdout,-0.031383661759788635,0.042788508877691776,0.2,-0.005407485587810623
2022-08-03,holdout,-0.032940755185394174,0.041465700342513005,0.2,0.0010417681486358799
2022-08-04,holdout,-0.03506630636280294,0.03960840838266686,-0.4,-0.0009430428938969615
2022-08-05,holdout,-0.03719882055268942,0.03791126570980824,0.2,-0.0025365248616744385
2022-08-08,holdout,-0.039714300428850415,0.035831157350675116,-0.1,-0.004283376717720944
2022-08-09,holdout,-0.042076594030501596,0.0343637940895812,-0.3,-0.011228060694185082
2022-08-10,holdout,-0.04330208422658003,0.03301575487389493,0.3,0.007472227533681652
2022-08-11,holdout,-0.04435250439464726,0.03149264563019745,0.4,0.010583958636168955
2022-08-12,holdout,-0.04527162204170608,0.029838233865491566,0.3,0.0021571525791815316
2022-08-15,holdout,-0.04577494837223829,0.02880969745092574,0.3,0.007549741258988718
2022-08-16,holdout,-0.04627827470277051,0.027781161036359917,0.3,0.029026091328250847
2022-08-17,holdout,-0.04680091022756866,0.026771933816060033,0.7,0.018698190865172215
2022-08-18,holdout,-0.04755585021261245,0.025924309698539722,0.4,0.02126681434820127
2022-08-19,holdout,-0.048308265149175314,0.025144861890004543,0.1,0.00742960631732742
2022-08-22,holdout,-0.04908951514917531,0.024455523654710425,0.9,0.030440175922926416
2022-08-23,holdout,-0.04997429213689347,0.023728309692202344,0.6,0.017068359714115022
2022-08-24,holdout,-0.050561915778150335,0.023368963636489506,0.9,0.03519974659551661
2022-08-25,holdout,-0.05086047020789671,0.023500405766770645,0.9,0.046838166581870455
2022-08-26,holdout,-0.05130414847665238,0.02377697173606107,0.7,0.022445478907908933
2022-08-29,holdout,-0.05125577386364929,0.023728597123057978,0.7,0.014875006964154447
2022-08-30,holdout,-0.05061295488836286,0.02260047255739382,0.6,0.01209185154126563
2022-08-31,holdout,-0.05075698953101755,0.021160126130846838,0.1,-0.008562964301024656
2022-09-01,holdout,-0.05023508733018251,0.019488269928171865,0.7,0.03135419808491191
2022-09-02,holdout,-0.04784439348425214,0.020087456487025302,0.9,0.033060147727904166
2022-09-05,holdout,-0.04591368123905774,0.020686643045878736,0.2,0.021284392506682903
2022-09-06,holdout,-0.044795294601974206,0.020975258952222874,0.2,-0.003366434032923693
2022-09-07,holdout,-0.044650098389620675,0.020242308472262275,0.1,0.011525712214878026
2022-09-08,holdout,-0.044866150353602724,0.0196917244350177,0.1,0.02647038548988967
2022-09-09,holdout,-0.045240175796625405,0.01848136880883871,0.9,0.05844273932670374
2022-09-12,holdout,-0.04511124156005547,0.017815789371410148,0.8,0.05608505697093935
2022-09-13,holdout,-0.0456250653327136,0.016772289816086354,0.0,0.02333547654833923
2022-09-14,holdout,-0.04613615600019801,0.01656785354909259,0.5,0.047821770562941845
2022-09-15,holdout,-0.04670573511839989,0.015886763739803206,0.0,0.021534234882842618
2022-09-16,holdout,-0.046904158554011484,0.015345608915407944,0.5,0.042040729233250196
2022-09-19,holdout,-0.04763044529201565,0.016459248580347665,0.6,0.03494476486793019
2022-09-20,holdout,-0.04829102037277182,0.017507176588039387,0.3,0.016915027676818684
2022-09-21,holdout,-0.049641375715283265,0.017996747648471825,-0.3,-0.006184793847935632
2022-09-22,holdout,-0.05084647371019388,0.018631576056505093,-0.5,-0.008069068634547927
2022-09-23,holdout,-0.051837842880520096,0.019563766307438384,-0.5,-0.030264844489428178
2022-09-26,holdout,-0.05282921205084632,0.020495956558371674,-0.5,-0.05068915363400717
2022-09-27,holdout,-0.05439618233906777,0.020485847072641214,-0.8,-0.08731381537771582
2022-09-28,holdout,-0.05528006855224669,0.02174854166289682,-0.8,-0.03898966159427736
2022-09-29,holdout,-0.056804047997109294,0.022148121639293722,-0.7,-0.07201880603441141
2022-09-30,holdout,-0.0585417562665563,0.022250339772790607,-0.7,-0.11027673456915138
2022-10-03,holdout,-0.059527860613232106,0.023410816229549332,-0.7,-0.09203277742923549
2022-10-04,holdout,-0.059537375423331367,0.024452687935418008,-0.4,-0.03659693488947863
2022-10-05,holdout,-0.059108880658360057,0.02526450070100262,-0.3,-0.01506016799062243
2022-10-06,holdout,-0.058364148542882764,0.02570257841598926,-0.5,-0.02242075780573438
2022-10-07,holdout,-0.05870913474343475,0.026277555416909223,-0.5,-0.024309353438514314
2022-10-10,holdout,-0.05893638755808407,0.025896975402014577,0.3,-0.013338844284677687
2022-10-11,holdout,-0.057944270380026086,0.02658243817958191,-0.9,-0.04126081475464327
2022-10-12,holdout,-0.05739023091695475,0.02698315044240792,-0.8,-0.04904638957686802
2022-10-13,holdout,-0.056524383197922336,0.027848998161440337,-0.7,-0.07664578725997989
2022-10-14,holdout,-0.05695256008529473,0.028647438876030534,-0.7,-0.08580782444025792
2022-10-17,holdout,-0.057380736972667115,0.029445879590620738,-0.9,-0.06175595016108648
2022-10-18,holdout,-0.05717216688409811,0.029961104079680386,-1.0,-0.03880967710940575
2022-10-19,holdout,-0.05656087554627794,0.030572395417500557,-1.0,-0.037570571098515804
2022-10-20,holdout,-0.05560459800790579,0.03106869135513674,-1.0,-0.047290613606696175
2022-10-21,holdout,-0.05464832046953364,0.03156498729277292,-0.7,-0.021000732979584935
2022-10-24,holdout,-0.054030976742230105,0.03172234941934048,0.8,0.027024941941965197
2022-10-25,holdout,-0.05227578379205337,0.03117763436583736,0.9,0.044575907273387505
2022-10-26,holdout,-0.05188774656669954,0.030721706046216872,-0.6,-0.016100037958693747
2022-10-27,holdout,-0.05101391038842,0.029828361996489885,-0.9,-0.007369129821832576
2022-10-28,holdout,-0.050138461966269095,0.028933369710508784,0.9,0.054324100788187946
2022-10-31,holdout,-0.04965018042752968,0.028571302063354183,0.9,0.06341631093259331
2022-11-01,holdout,-0.048771853422379524,0.02767349365490996,0.8,0.05484479497108713
2022-11-02,holdout,-0.04881697077059634,0.02723655886643162,-0.7,-0.00835666898640286
2022-11-03,holdout,-0.04813879203982837,0.026364787161678314,-0.1,-0.004733797683656893
2022-11-04,holdout,-0.04734350825117205,0.025607247576100625,0.2,0.00030314727062830116
2022-11-07,holdout,-0.04666270445548668,0.02473234706364803,0.5,0.01710400118304045
2022-11-08,holdout,-0.04577752590809159,0.023826806067421148,-0.1,0.003565361567346159
2022-11-09,holdout,-0.044792873833754555,0.02301741012314806,0.3,0.01068583985245275
2022-11-10,holdout,-0.04410014749852035,0.02284298323415613,0.6,0.08575623273012273
2022-11-11,holdout,-0.04340613117011067,0.022668231527866258,0.6,0.0656575727299668
2022-11-14,holdout,-0.04300801178136508,0.023127930005799144,0.6,0.040374860421674374
2022-11-15,holdout,-0.04216439199659711,0.02310040794521932,0.6,0.014020537061564309
2022-11-16,holdout,-0.041768031329304796,0.022997482711430234,-0.3,-0.0050947347148663225
2022-11-17,holdout,-0.04323353022725152,0.024396250649035604,0.6,0.051550601811272245
2022-11-18,holdout,-0.044455598912905486,0.026043807576923535,0.6,0.05202479897764095
2022-11-21,holdout,-0.04509564617793429,0.026339214006936826,0.6,0.04672365222722369
2022-11-22,holdout,-0.04632650630298968,0.02697926127196563,-0.1,0.02748507919646276
2022-11-23,holdout,-0.04578467718904117,0.02665339915705174,-0.1,0.0258377647445025
2022-11-24,holdout,-0.044263141608516826,0.026302275561546122,0.3,0.041640123138754814
2022-11-25,holdout,-0.04444576936097795,0.026119647809085,0.3,0.03125198319945627
2022-11-28,holdout,-0.04433464665445398,0.0259186606529373,0.3,0.03913530959855421
2022-11-29,holdout,-0.04402048343742264,0.025764659075961156,0.3,0.02404507405070161
2022-11-30,holdout,-0.04311495416480289,0.026202023554573416,0.3,0.035026982171674326
2022-12-01,holdout,-0.04361127924717174,0.027578357648234537,-0.1,0.020458159263982978
2022-12-02,holdout,-0.04468192236742003,0.028692483566687868,0.3,0.029706204228660604
2022-12-05,holdout,-0.04310494621918428,0.0265241413628637,-0.7,-0.04715764868127964
2022-12-06,holdout,-0.04240728887909468,0.02566124938959499,-0.7,-0.04158464008670387
2022-12-07,holdout,-0.0423183844190138,0.024751025188994216,-0.7,-0.032727818234083106
2022-12-08,holdout,-0.04153183520856674,0.024664043884092966,-0.7,-0.03109355730052632
2022-12-09,holdout,-0.04300123316984346,0.02606830654052259,-0.6,-0.043918906287700066
2022-12-12,holdout,-0.04462150686542097,0.027327084945986693,-0.7,-0.061907025250891146
2022-12-13,holdout,-0.04423863414662704,0.02652555884645017,-0.4,-0.02091232385139874
2022-12-14,holdout,-0.04324036382293048,0.024143547480005894,-0.4,-0.0173872187653476
2022-12-15,holdout,-0.04332016366361619,0.023422191164980833,-0.6,-0.029715031170500228
2022-12-16,holdout,-0.04304733848048382,0.02281706936300371,-0.8,-0.03283463046550361
2022-12-19,holdout,-0.04268839772176258,0.022610282947691806,-0.6,-0.0156724018890384
2022-12-20,holdout,-0.041837910872249695,0.02217587559560058,-0.1,0.011272851077799961
2022-12-21,holdout,-0.04153432742624581,0.021596453179781677,-0.6,-0.06073457924492037
2022-12-22,holdout,-0.04083160791889166,0.020942355671655206,-0.1,0.0062127226554357096
2022-12-23,holdout,-0.04020069891566441,0.02045017768394726,0.3,0.016294577561908996
2022-12-26,holdout,-0.03956296474785925,0.020199218262915715,0.3,0.014426880433725975
2022-12-27,holdout,-0.04056596740684137,0.021462404539865525,-0.2,-0.02238451774058159
2022-12-28,holdout,-0.039498573379106935,0.020692858635795883,0.2,0.0008967887873057023
2022-12-29,holdout,-0.03937792053917566,0.020870619096234652,-0.2,-0.018032826094456667
2022-12-30,holdout,-0.03925703853905459,0.021048717183378907,-0.2,-0.027138358102325788
2023-01-03,holdout,-0.03833344022983537,0.021149270225108423,0.2,0.009621164934038973
2023-01-04,holdout,-0.03746187027931804,0.020715047203166102,-0.2,0.011770692257611737
2023-01-05,holdout,-0.036395821827648674,0.020989705974556898,0.5,0.06847256116759659
2023-01-06,holdout,-0.03556719028006289,0.021026947841864124,0.7,0.059511259320801146
2023-01-09,holdout,-0.034617522663728605,0.021818337522142694,0.9,0.07466144188789159
2023-01-10,holdout,-0.03348751412631266,0.022230819416106072,0.9,0.0842972591784128
2023-01-11,holdout,-0.032579590141465595,0.022053408982285378,0.7,0.04578518063627546
2023-01-12,holdout,-0.03205820399916442,0.022258239252475127,0.5,0.021522301726257465
2023-01-13,holdout,-0.03118767535085799,0.02312876790078155,0.7,0.03975687787694904
2023-01-16,holdout,-0.030594133090649064,0.023627343399357053,0.6,0.060091802066509215
2023-01-17,holdout,-0.03038045787697385,0.023746051851398838,0.2,0.0017793600806446097
2023-01-18,holdout,-0.02960303389693549,0.023415530279047195,0.2,0.017839455578402774
2023-01-19,holdout,-0.028558399518967777,0.022940696470880054,-0.1,0.018314030140672732
2023-01-20,holdout,-0.027751298425918974,0.022402435107455293,0.3,0.029685194411879334
2023-01-23,holdout,-0.027326120440828133,0.02187794547621185,0.0,-0.021748299112125224
2023-01-24,holdout,-0.027003163622773278,0.021488651582015995,-0.1,-0.01440974906812259
2023-01-25,holdout,-0.026582288201897855,0.020830359257057004,0.2,-0.011756281280869252
2023-01-26,holdout,-0.02695400153657415,0.020353127298343564,-0.1,-0.008726984065705101
2023-01-27,holdout,-0.027705821732838795,0.019838724006162493,-0.1,-0.002684254575109013
2023-01-30,holdout,-0.027982808120936294,0.01932432071398142,0.5,0.014822849374915903
2023-01-31,holdout,-0.029106581466931864,0.01896028146105328,-0.1,-0.008969158274171496
2023-02-01,holdout,-0.030491513407419357,0.01909481770670064,-0.8,-0.029935540576567832
2023-02-02,holdout,-0.03167859792783721,0.01933223461078421,-0.6,-0.015714814965043677
2023-02-03,holdout,-0.03260188588816221,0.019305854954774923,0.3,-0.003786659310247853
2023-02-06,holdout,-0.03414640025318939,0.019222367691800482,-0.1,-0.009957945373911925
2023-02-07,holdout,-0.03569091461821658,0.01913888042882604,-0.3,-0.01559221122136134
2023-02-08,holdout,-0.03749528308925172,0.019423780713726326,-0.2,-0.013142653546444671
2023-02-09,holdout,-0.03927950709569795,0.01874750225967009,0.1,0.00021489732237167658
2023-02-10,holdout,-0.04058530006815759,0.018153959999461164,-0.3,-0.011816328363927653
2023-02-13,holdout,-0.04238533605622776,0.01760243808041788,-0.6,-0.04050499452403267
2023-02-14,holdout,-0.043600812384826264,0.016511578769347408,-0.3,-0.014079833050614055
2023-02-15,holdout,-0.04468957273284587,0.015053503237197799,-0.3,0.01767508545108759
2023-02-16,holdout,-0.04555705757468969,0.013948601491270411,0.3,0.006093044401572434
2023-02-17,holdout,-0.04684589219685764,0.01286326707260266,-0.3,-0.020631872729329703
2023-02-20,holdout,-0.046642049400422256,0.012011923628666623,0.3,0.011913043642996002
2023-02-21,holdout,-0.04713949434231164,0.010501499896020667,0.6,0.04278284314899028
2023-02-22,holdout,-0.048326578862729494,0.008839581567435672,0.4,0.04495137118081949
2023-02-23,holdout,-0.04869879291015722,0.007746594149661929,-0.1,-0.001154500243745915
2023-02-24,holdout,-0.049071006957584935,0.006653606731888187,-0.1,0.012600962100562774
2023-02-27,holdout,-0.05008398574834151,0.005957183813243046,-0.1,0.0070718415615659835
2023-02-28,holdout,-0.05109696453909807,0.004690960324797335,-0.1,-0.022701243628867385
2023-03-01,holdout,-0.0514377276249592,0.0034172884628901785,0.6,0.062173702925569396
2023-03-02,holdout,-0.0510441153892417,0.0030236762271726803,0.5,0.04529818480497699
2023-03-03,holdout,-0.05126291135967166,0.003084194261546924,0.1,0.003031556270434055
2023-03-06,holdout,-0.05192423663973333,0.0020572215570143063,0.2,-0.010900600869700516
2023-03-07,holdout,-0.05172930486585418,0.002716990637836019,0.7,0.052721827495322615
2023-03-08,holdout,-0.053165938110766295,0.0011991024097081392,0.4,0.04785346727601281
2023-03-09,holdout,-0.05321277258025872,0.0014569741272748465,0.3,-0.006863928000402697
2023-03-10,holdout,-0.052992142729999234,0.0017639373972010797,-0.3,-0.006518263798258261
2023-03-13,holdout,-0.0523324296519855,0.002777448214633466,0.3,0.013275094327074632
2023-03-14,holdout,-0.051970651512429585,0.003772338098412239,-0.3,-0.00012489615784416763
2023-03-15,holdout,-0.05060922325041653,0.005666913092402439,0.3,0.0029287499932101335
2023-03-16,holdout,-0.050843314987776236,0.006624561108873985,-0.1,-0.0070147474472265214
2023-03-17,holdout,-0.05048153684822032,0.007619450992652758,0.9,0.02418056019248649
2023-03-20,holdout,-0.050715628585580035,0.008577099009124303,0.6,0.021357712079447255
2023-03-21,holdout,-0.05124765526139756,0.009516126091942237,0.2,0.008035433544541837
2023-03-22,holdout,-0.05068594709735021,0.011260753567563864,0.1,0.006426120903368693
2023-03-23,holdout,-0.0507740115129,0.011755818390114069,0.1,0.008388747837654531
2023-03-24,holdout,-0.05177395565009905,0.01095139405627797,0.1,0.005215929616715798
2023-03-27,holdout,-0.05260061225017613,0.01061734579194648,0.1,0.0012540466479263324
2023-03-28,holdout,-0.05322223395441891,0.010892263445781513,0.3,0.001538688462554838
2023-03-29,holdout,-0.05457027669679717,0.010763045451639771,0.0,-0.006272670119132073
2023-03-30,holdout,-0.05596868835161908,0.01099263542481949,-0.5,-0.01435891751954721
2023-03-31,holdout,-0.05635152139302162,0.010202801976416539,0.0,-0.001791763078409836
2023-04-03,holdout,-0.05724900946999687,0.00971231430644169,-0.2,-0.006782641971058823
2023-04-04,holdout,-0.05859437192647045,0.00963317533841383,-0.1,-0.004024743639231776
2023-04-05,holdout,-0.05975297511498816,0.009412934199369276,-0.9,-0.015473243588186913
2023-04-06,holdout,-0.06106985623956159,0.009588387900464,-0.7,-0.01971993363842478
2023-04-07,holdout,-0.06166339849977052,0.009469679448422216,-0.6,-0.016240843036483543
2023-04-10,holdout,-0.0626130661161048,0.009374712686788788,-0.4,-0.011323662363995679
2023-04-11,holdout,-0.06316486474482651,0.009433414668567692,-0.9,-0.019166022936259963
2023-04-12,holdout,-0.06464872039534883,0.009848894250713943,-0.9,-0.038209079440754246
2023-04-13,holdout,-0.0657170964637249,0.010205019606839298,-0.9,-0.024338443503386875
2023-04-14,holdout,-0.06716952928870674,0.009702254398191737,-0.9,-0.048413684364340626
2023-04-17,holdout,-0.0683304281211742,0.00925360627797499,-0.6,-0.013243474079834117
2023-04-18,holdout,-0.06942567758243673,0.009424580305158166,-0.6,-0.020289774628349577
2023-04-19,holdout,-0.07097305266782353,0.009459984580328522,-0.9,-0.0467129996075244
2023-04-20,holdout,-0.07107821882451265,0.00867474567827715,-0.5,-0.03490064664771797
2023-04-21,holdout,-0.07095514649530829,0.007743632892575329,-0.9,-0.05251352844279272
2023-04-24,holdout,-0.07236846070199113,0.008544107427195476,-1.0,-0.05397859658737836
2023-04-25,holdout,-0.07390396454699263,0.009380520090732876,-0.7,-0.052742623710929304
2023-04-26,holdout,-0.07538017047928065,0.010869209794118474,-0.7,-0.05726399963205164
2023-04-27,holdout,-0.07621847462328737,0.011324678291132963,-0.6,-0.039866038087125855
2023-04-28,holdout,-0.07641704885180967,0.011990992069326877,-0.6,-0.050182616362967336
2023-05-01,holdout,-0.07614381186225187,0.012094421168893917,-0.7,-0.0852108194772801
2023-05-02,holdout,-0.07609429976381031,0.012375811318709354,-0.2,0.013499935616001546
2023-05-03,holdout,-0.07513279620015052,0.012308515155448037,-0.2,0.017229358801932992
2023-05-04,holdout,-0.07554616421375733,0.013155386587335883,-0.5,-0.05436344485400302
2023-05-05,holdout,-0.07611824659362003,0.013528483791594166,-0.5,-0.0406714138405635
2023-05-08,holdout,-0.07641781768216734,0.013955973921601458,-0.5,-0.05147277310426274
2023-05-09,holdout,-0.07620556682818928,0.014420272664678432,-0.5,-0.0516881326426209
2023-05-10,holdout,-0.0762586295416838,0.01430419797890919,-0.5,-0.03740006470260743
2023-05-11,holdout,-0.07626448204684864,0.014409543071876233,-0.7,-0.08921604335697603
2023-05-12,holdout,-0.07614060402085962,0.014700217495063079,-0.7,-0.07446852309099261
2023-05-15,holdout,-0.07656864081343724,0.014417592946196364,-0.7,-0.09235596431991844
2023-05-16,holdout,-0.07699667760601488,0.014134968397329651,-0.7,-0.09140760302283618
2023-05-17,holdout,-0.0770819569669882,0.014049689036356328,-0.7,-0.08158184223926607
2023-05-18,holdout,-0.07730685167066612,0.013706646884663295,-0.6,-0.0728765018427604
2023-05-19,holdout,-0.07757894882367064,0.01382121410698099,-0.6,-0.053994810856231035
2023-05-22,holdout,-0.07773647875435746,0.014136273968354653,-0.6,-0.06260255110099194
2023-05-23,holdout,-0.0778940086850443,0.013978744037667822,-0.6,-0.05444598428776637
2023-05-24,holdout,-0.07833509249096743,0.013915732065393089,-0.6,-0.0560202637022596
2023-05-25,holdout,-0.07876267373140311,0.013960740617017898,-0.8,-0.046393046355706735
2023-05-26,holdout,-0.07888313779604597,0.013682746621688198,-0.8,-0.033613533252440486
2023-05-29,holdout,-0.07904066772673281,0.013525216691001365,-0.6,-0.04562352192067487
2023-05-30,holdout,-0.08021919879049193,0.013853370475319563,-0.5,-0.03171825636601905
2023-05-31,holdout,-0.08077522461664673,0.013770381546042728,0.1,-0.025042812860145702
2023-06-01,holdout,-0.07981255303703544,0.012367868641264226,-0.1,-0.019592798940183065
2023-06-02,holdout,-0.07884988145742416,0.010965355736485724,-0.9,-0.07678693596069797
2023-06-05,holdout,-0.0777295309121869,0.00924748490045525,-0.6,-0.054979161871830495
2023-06-06,holdout,-0.07731620332949819,0.008162862309697093,-0.6,-0.039805199106835
2023-06-07,holdout,-0.07791372362029139,0.008511415812659798,-0.6,-0.05187012879342179
2023-06-08,holdout,-0.07782967727270962,0.007730334451371281,-0.6,-0.04354873202563786
2023-06-09,holdout,-0.07774547159555893,0.006947772367122977,-0.6,-0.04900264170852259
2023-06-12,holdout,-0.07643903607547912,0.005410605991468198,-0.6,-0.03383668024595049
2023-06-13,holdout,-0.07513260055539929,0.003873439615813421,-0.6,-0.02367908242203426
2023-06-14,holdout,-0.07499125192315519,0.003540854598768438,-0.9,-0.0348608831605956
2023-06-15,holdout,-0.07445080127045708,0.002659504303599235,-0.9,-0.028489867202346975
2023-06-16,holdout,-0.07562833207495151,0.0029782830869359836,-0.9,-0.041963412961750324
2023-06-19,holdout,-0.07680809940519046,0.0032976673380473503,-0.9,-0.054484125274705086
2023-06-20,holdout,-0.07799010963909908,0.0036176587835524653,-0.9,-0.05908707651668793
2023-06-21,holdout,-0.07859291236525955,0.0035682411843402837,-0.9,-0.060681028446121166
2023-06-22,holdout,-0.07804205854183323,0.0031676202218484223,-1.0,-0.04108188463466628
2023-06-23,holdout,-0.07809213616214472,0.00311754260153694,-0.9,-0.0518433638820352
2023-06-26,holdout,-0.0786930676058825,0.0034680859437173197,-0.8,-0.044933401834512054
2023-06-27,holdout,-0.08012139684320138,0.004022767328826625,-0.5,-0.01741653798896503
2023-06-28,holdout,-0.0819888104753209,0.005329956871310285,-0.6,-0.01411831265280139
2023-06-29,holdout,-0.08168805859562166,0.005630708751009533,-0.1,-0.0043818617789775915
2023-06-30,holdout,-0.08146489232766303,0.004983826179451116,0.9,0.013005619501678778
2023-07-03,holdout,-0.08330036003327902,0.006093443128899165,0.3,0.0029824017246069534
2023-07-04,holdout,-0.08212319755605751,0.005445766831681504,0.1,0.0009041371894232819
2023-07-05,holdout,-0.07971028849256784,0.004038236544645863,0.9,0.014379409168023938
2023-07-06,holdout,-0.07812603245359022,0.002834489261479327,0.9,0.020850464678793146
2023-07-07,holdout,-0.07753341004351788,0.0034271116715516707,0.9,0.028519380478685075
2023-07-10,holdout,-0.07723546221687158,0.0038025336816573554,0.9,0.01215703348784436
2023-07-11,holdout,-0.07564580068138664,0.0025962546001868712,0.6,0.00738977736084423
2023-07-12,holdout,-0.07466683970365073,0.0025434049987059573,0.9,0.0294608988279893
2023-07-13,holdout,-0.07386099734656183,0.003349247355794852,1.0,0.025181284092841816
2023-07-14,holdout,-0.07305515498947295,0.004155089712883747,0.2,-0.001352739284624871
2023-07-17,holdout,-0.07320625043142712,0.005917869869015702,0.1,0.00024081919327806345
2023-07-18,holdout,-0.07325661557874517,0.007781380319783771,0.9,0.01857543314991955
2023-07-19,holdout,-0.07250113836897433,0.00853685752955461,1.0,0.026308898556607785
2023-07-20,holdout,-0.07078872336016043,0.008335396940282387,1.0,0.02913144084228625
2023-07-21,holdout,-0.0700332461503896,0.009090874150053224,0.7,0.019814813070000437
2023-07-24,holdout,-0.06994908763440136,0.008292967647172151,0.3,0.002773655365810257
2023-07-25,holdout,-0.06773089848336285,0.005721884767559327,-0.5,-0.015206423918308731
2023-07-26,holdout,-0.06773089848336285,0.005721884767559327,-0.6,-0.03955813948275677
2023-07-27,holdout,-0.06764445185022887,0.004919983158364375,-0.5,-0.023325668506115227
2023-07-28,holdout,-0.06674967685200452,0.004444858382124802,-0.6,-0.040891399119584504
2023-07-31,holdout,-0.06591322121017167,0.0034284749607819817,-0.6,-0.04184881476177782
2023-08-01,holdout,-0.0641531473945086,0.0023067043960416007,-0.6,-0.0464355777134553
2023-08-02,holdout,-0.06410258872116818,0.0018769556726481022,-0.8,-0.059486380415916695
2023-08-03,holdout,-0.0632020123522921,0.0008563024545885441,-0.8,-0.0739416400345635
2023-08-04,holdout,-0.06338212762606732,0.00019587978407941827,-0.6,-0.038491063639270406
2023-08-07,holdout,-0.06368231974902601,-0.000584619735613185,-0.8,-0.04188001504065436
2023-08-08,holdout,-0.06386243502280123,-0.001245042406122311,-0.8,-0.053506315427561735
2023-08-09,holdout,-0.0638023965982095,-0.0026259261717323013,-0.8,-0.051820235913608126
2023-08-10,holdout,-0.06385890335076641,-0.002682432924289232,-0.6,-0.06262026023393974
2023-08-11,holdout,-0.06387278220227163,-0.002055901913482563,-0.8,-0.04840482733574497
2023-08-14,holdout,-0.06343460703332139,-0.00193793167568827,-0.6,-0.026283309113327824
2023-08-15,holdout,-0.06394316780633376,-0.0030228613247813368,-0.8,-0.026066640968138655
2023-08-16,holdout,-0.06439145470995208,-0.00385539414578678,-0.8,-0.0324171987731392
2023-08-17,holdout,-0.06528802851718872,-0.003599230200862028,-0.8,-0.05615895137975074
2023-08-18,holdout,-0.06604451266704461,-0.0022423618050887335,-0.8,-0.03566384115218241
2023-08-21,holdout,-0.06681300450181889,-0.000513255176846658,-0.5,-0.01053428004083884
2023-08-22,holdout,-0.06668091996771705,0.001155813026803678,-0.6,-0.01698154465608781
2023-08-23,holdout,-0.066737426720274,0.0030205358611823862,0.8,0.018927537459927646
2023-08-24,holdout,-0.06685397189742265,0.004825220270969356,0.3,0.004514654098285331
2023-08-25,holdout,-0.0671741768285786,0.006906552323482964,0.9,0.03685876670437471
2023-08-28,holdout,-0.0671741768285786,0.008827781910418603,0.9,0.022014088358874362
2023-08-29,holdout,-0.06677862956068008,0.010183943971784936,0.8,0.03632399678811998
2023-08-30,holdout,-0.06611820689017095,0.011324674039027972,0.9,0.040411249073758204
2023-08-31,holdout,-0.06569793791802878,0.01222525040790405,0.9,0.03888402998041407
2023-09-01,holdout,-0.06489742559013893,0.013345967666949841,0.7,0.03108948171248921
2023-09-04,holdout,-0.0644571438097995,0.01414647999483969,0.6,0.013771019042232935
2023-09-05,holdout,-0.06443713100160227,0.014166492803036937,0.9,0.04027531548636337
2023-09-06,holdout,-0.06467728469996922,0.014886953898137802,0.7,0.027259168045392468
2023-09-07,holdout,-0.06466327573423114,0.014500706699930949,1.0,0.042424065982676284
2023-09-08,holdout,-0.0638227377899468,0.013780245604830084,0.8,0.03871856923116451
2023-09-11,holdout,-0.06391279542683441,0.015131110158144206,0.6,0.014700917075046782
2023-09-12,holdout,-0.06363661867371243,0.01627184022538724,-0.3,-0.005339607628080001
2023-09-13,holdout,-0.06377670833109314,0.01709236536147434,-0.3,-0.0035138669651955112
2023-09-14,holdout,-0.06394105593780386,0.017670311004261478,0.9,0.019880186451064874
2023-09-15,holdout,-0.06385700214337543,0.01823467219542382,-0.1,-0.0012097515069610654
2023-09-18,holdout,-0.06449340944404786,0.01951949448168703,-0.6,-0.009609756493048738
2023-09-19,holdout,-0.0652619012788221,0.02067223223384841,-0.9,-0.008014835371853102
2023-09-20,holdout,-0.06714110396854353,0.02143472022616349,-0.7,-0.01641759238768753
2023-09-21,holdout,-0.06881017217219387,0.022647496402916616,-0.9,-0.03869490015318372
2023-09-22,holdout,-0.07028711741715064,0.02309178074489548,-0.1,-0.0076237814919878355
2023-09-25,holdout,-0.07144385773095147,0.02321586015571841,-0.9,-0.06457922867856941
2023-09-26,holdout,-0.07321499125640776,0.023966340463115143,-0.9,-0.0636931035330493
2023-09-27,holdout,-0.07477599029579297,0.024206494161482097,-1.0,-0.06407840243297613
2023-09-28,holdout,-0.07639702775976992,0.02450668628444079,-0.9,-0.05667483417070923
2023-09-29,holdout,-0.07762781546390056,0.024476667072144923,0.6,0.06399815769543044
2023-10-02,holdout,-0.07852839183277664,0.024056398100002752,0.6,0.061914146852245555
2023-10-03,holdout,-0.07994622232121232,0.024633690644154087,-0.3,0.03742813895167457
2023-10-04,holdout,-0.08062059331258618,0.02461428428469009,0.1,0.034426006238657436
2023-10-05,holdout,-0.08211957463865685,0.025448224599898418,-0.3,0.01395433025312115
2023-10-06,holdout,-0.08278947706041731,0.024778322178137965,-0.6,-0.0348264301305522
2023-10-09,holdout,-0.08309198795794431,0.023621931464195122,-0.7,-0.015232790709385657
2023-10-10,holdout,-0.08103287108008027,0.02087797437472006,-0.6,-0.011144368536810056
2023-10-11,holdout,-0.07993436899568405,0.019094632078712814,-0.6,-0.009480488436090895
2023-10-12,holdout,-0.08109670778884343,0.018786173101969294,-0.3,0.01238560764832991
2023-10-13,holdout,-0.0819419736597748,0.018784811710526938,-0.7,-0.0296068673891266
2023-10-16,holdout,-0.0822540519323794,0.018953502668691582,-0.9,-0.0197496693607625
2023-10-17,holdout,-0.08297486109368743,0.018811334079665617,-0.7,-0.034989289512858124
2023-10-18,holdout,-0.08142755069677468,0.016858775721656675,0.0,-0.01857081301333724
2023-10-19,holdout,-0.08185632132715343,0.016261950229708715,0.0,-0.012086082970964973
2023-10-20,holdout,-0.08184902290945038,0.01626924864741176,0.0,-0.006892353795019457
2023-10-23,holdout,-0.08019900431769161,0.01478824604456553,0.0,0.009450695437699164
2023-10-24,holdout,-0.07963346173104843,0.0139989065196969,0.0,0.010894538611460391
2023-10-25,holdout,-0.07786554144818118,0.013838186493981696,0.0,-0.015398282954929898
2023-10-26,holdout,-0.07602198821203619,0.013431659370113827,0.0,-0.02238667323112703
2023-10-27,holdout,-0.07597969346842692,0.013473954113723091,0.0,-0.035904085206537706
2023-10-30,holdout,-0.07626095351342854,0.01415701422301271,-0.4,-0.04386566730276581
2023-10-31,holdout,-0.07740439950690003,0.015816633771220945,-0.7,-0.052278637950815
2023-11-01,holdout,-0.07831123631501395,0.017065824200888754,-0.7,-0.04829546972238996
2023-11-02,holdout,-0.07945051194811185,0.018719455240371705,-0.4,-0.029812079473806596
2023-11-03,holdout,-0.07945051194811185,0.018719455240371705,-0.7,-0.04486592978034892
2023-11-06,holdout,-0.07856525183753933,0.01854979703472091,-0.7,-0.051658445897542093
2023-11-07,holdout,-0.07864138378092184,0.01934015736689286,-0.7,-0.06299629144774743
2023-11-08,holdout,-0.07864138378092184,0.01934015736689286,-0.9,-0.06623095934506035
2023-11-09,holdout,-0.07844636597271672,0.020494868073370535,-0.7,-0.07680008006054989
2023-11-10,holdout,-0.07796864146764,0.02074743206039994,-0.9,-0.06219382805058887
2023-11-13,holdout,-0.0774155602229161,0.02194092316743572,-0.7,-0.05151269685496496
2023-11-14,holdout,-0.07741862438493673,0.023538883661194783,-0.9,-0.04518285765443225
2023-11-15,holdout,-0.07693945231630919,0.023794617436276935,-0.9,-0.0856693683627901
2023-11-16,holdout,-0.07645935787603848,0.02405084348041603,-0.9,-0.07515635010706245
2023-11-17,holdout,-0.07485975985350754,0.022857098729687296,-0.9,-0.0731401375342865
2023-11-20,holdout,-0.07437673399439079,0.02311291487351944,-1.0,-0.09440236769804311
2023-11-21,holdout,-0.07438488328788531,0.023888332532875905,-0.7,-0.09677155691511413
2023-11-22,holdout,-0.0744372338802388,0.024682408021293945,-1.0,-0.08985790694746615
2023-11-23,holdout,-0.07392895267509397,0.024609567023248777,-0.9,-0.09511849813885437
2023-11-24,holdout,-0.0743877415934629,0.02521422294485889,-0.7,-0.08796912082334846
2023-11-27,holdout,-0.07462132144642813,0.02604614887148505,-0.7,-0.07823110513668946
2023-11-28,holdout,-0.0747818747076847,0.026953168326346727,-0.7,-0.0813725192176763
2023-11-29,holdout,-0.07501629076727145,0.027788397939608554,-0.7,-0.07762779939034653
2023-11-30,holdout,-0.07547791981563613,0.028787220483767553,-0.6,-0.05528420844269849
2023-12-01,holdout,-0.07571346902427652,0.02962585915479586,-0.6,-0.03179778150928447
2023-12-04,holdout,-0.07636508036603736,0.03189253575077821,-0.7,-0.04631514887731014
2023-12-05,holdout,-0.07709038584764019,0.03408551820691856,-0.6,-0.01930606523342987
2023-12-06,holdout,-0.07587016603741424,0.03433297537123012,-0.6,-0.024709862548393857
2023-12-07,holdout,-0.07652177737917508,0.036599651967212474,-0.6,-0.02334664887528687
2023-12-08,holdout,-0.07675857235877181,0.037446714270328876,-0.9,-0.0631451176890161
2023-12-11,holdout,-0.07771178303883126,0.03980411702746514,-1.0,-0.06238623265852522
2023-12-12,holdout,-0.07671757404995205,0.04021410011566275,-0.9,-0.07296684733503672
2023-12-13,holdout,-0.07533388112728512,0.04062408320386036,-0.9,-0.03785240155230918
2023-12-14,holdout,-0.07395018820461817,0.041034066292057976,-0.9,-0.04256361292531502
2023-12-15,holdout,-0.07395018820461817,0.042981485960996636,-0.6,-0.03952987783674239
2023-12-18,holdout,-0.07297647837014884,0.04395519579546596,-0.8,-0.022320948067736768
2023-12-19,holdout,-0.07297647837014884,0.04590261546440462,-0.8,-0.032750355157507016
2023-12-20,holdout,-0.07304760554204957,0.04692201372509117,-0.9,-0.039253197114627714
2023-12-21,holdout,-0.07304760554204957,0.048871331463882596,-0.9,-0.05259873076987298
2023-12-22,holdout,-0.07304760554204957,0.05082064920267402,-0.9,-0.07588732487451005
2023-12-25,holdout,-0.07304760554204957,0.05276996694146544,-0.9,-0.07374738821302268
2023-12-26,holdout,-0.07304760554204957,0.054719284680256865,-0.6,-0.04657444371570141
2023-12-27,holdout,-0.07304760554204957,0.05666860241904829,-0.6,-0.02897800873611267
2023-12-28,holdout,-0.0731049384167199,0.058560587283169374,-0.9,-0.052856625766931675
2023-12-29,holdout,-0.073070739859899,0.06070654672368098,0.0,-0.015423737067003562
2024-01-02,holdout,-0.07243081231938667,0.06210454227372332,0.1,-0.014351230243381086
2024-01-03,holdout,-0.07212264811803362,0.06411835949651887,0.2,-0.02293699056766052
2024-01-04,holdout,-0.07108348976463377,0.06588851200196548,0.2,-0.01963493852304149
2024-01-05,holdout,-0.07211548150869981,0.06680583799669088,0.1,-0.016640770087515744
2024-01-08,holdout,-0.07316144783212294,0.06687101442400471,0.1,-0.011433466851990648
2024-01-09,holdout,-0.0742094570585215,0.06693631814902816,0.1,0.0020042285395862613
2024-01-10,holdout,-0.07505372210375029,0.06679595647000523,0.3,0.007464150965810767
2024-01-11,holdout,-0.07394269216863705,0.06861226727301944,0.3,0.009077639046416897
2024-01-12,holdout,-0.07494299688285964,0.06862791926942068,0.3,0.02289013092618325
2024-01-15,holdout,-0.0758743135464703,0.0697981427196848,0.4,0.024968557152029447
2024-01-16,holdout,-0.0767461234714423,0.07103199761931159,0.4,0.019797796122235978
2024-01-17,holdout,-0.07754187932292046,0.07214957980426835,0.4,0.028439714181415054
2024-01-18,holdout,-0.07847849867328716,0.07332671803416439,0.4,0.01848532155252186
2024-01-19,holdout,-0.07941696176253252,0.07450617346530038,0.0,0.014196442313624158
2024-01-22,holdout,-0.08040315446126504,0.07531366530045405,0.2,0.024156272895559883
2024-01-23,holdout,-0.0814879779302971,0.07668352640054926,0.2,0.02009543714554063
2024-01-24,holdout,-0.08243219113654617,0.0778697885194047,-0.1,0.011065338341217035
2024-01-25,holdout,-0.08337827037679967,0.07905839502979936,0.2,0.014280126381176705
2024-01-26,holdout,-0.0843262211882505,0.08024935288838472,0.2,0.012644849707401429
2024-01-29,holdout,-0.08531534087173223,0.08123847257186642,0.2,0.020756304637763956
2024-01-30,holdout,-0.08613284858398597,0.08283881297479018,0.6,0.04238520922797029
2024-01-31,holdout,-0.08718378824768527,0.08376611267805427,0.6,0.040758250990162836
2024-02-01,holdout,-0.0884201878520374,0.08549707212414724,0.6,0.05495402638916008
2024-02-02,holdout,-0.0889729312045713,0.08593344845509505,0.6,0.050450286738438654
2024-02-05,holdout,-0.08881517686908777,0.08600128281935297,0.3,0.033757633891274286
2024-02-06,holdout,-0.08866941186310098,0.08614704782533973,-0.1,0.01528271713093099
2024-02-07,holdout,-0.08862776471853334,0.08618869496990739,-0.1,0.0029096569262430094
2024-02-08,holdout,-0.08826440389913627,0.08628229587562761,-0.4,-0.004706273251596782
2024-02-09,holdout,-0.08790104307973923,0.08637589678134784,-0.4,-0.015737583784223963
2024-02-12,holdout,-0.0881710987827951,0.08622948103872718,-0.4,-0.011021454034832012
2024-02-13,holdout,-0.08844115448585094,0.08608306529610654,-0.3,-0.00694683594737644
2024-02-14,holdout,-0.0887112101889068,0.0859366495534859,-0.4,-0.018658632646275874
2024-02-15,holdout,-0.08898126589196267,0.08579023381086526,-0.4,-0.013155965737216557
2024-02-16,holdout,-0.08752036214892554,0.08539653814737418,-0.4,-0.007757831041986685
2024-02-19,holdout,-0.08662234559418558,0.08431631533515074,-0.4,-0.007776396638553895
2024-02-20,holdout,-0.08562129573908293,0.08325669918299984,-0.1,-0.0037491100395585786
2024-02-21,holdout,-0.08420377443830378,0.08162443479304374,0.1,0.004158483475100283
2024-02-22,holdout,-0.083045463230016,0.08080450663436813,0.3,0.02265845247984677
2024-02-23,holdout,-0.0819283653418733,0.07969608523467701,-0.1,0.014660355916324419
2024-02-26,holdout,-0.08104683411519135,0.07780808134761018,0.5,0.02102540540778486
2024-02-27,holdout,-0.08115442257199111,0.07690919714402505,-0.1,0.017432243183242102
2024-02-28,holdout,-0.08126201102879088,0.07601031294043993,-0.1,0.02284853890307259
2024-02-29,holdout,-0.08156742342228698,0.07530925267355114,-0.1,0.03275300860346503
2024-03-01,holdout,-0.08187283581578308,0.07460819240666236,0.3,0.030063546748139935
2024-03-04,holdout,-0.08194441684550874,0.07354749169345501,-0.1,0.02311330951835322
2024-03-05,holdout,-0.0808838437277198,0.07131099919963828,-0.4,-0.02682742644993008
2024-03-06,holdout,-0.07984266511352853,0.07037393844686615,-0.4,-0.028017846764484156
2024-03-07,holdout,-0.07899499848419705,0.069063525766783,0.5,0.03591066096077444
2024-03-08,holdout,-0.07773582309765949,0.06735534210287546,-0.4,-0.031905359415913104
2024-03-11,holdout,-0.07653846769133955,0.06657445814223201,-0.3,-0.02765491194405234
2024-03-12,holdout,-0.07520771127507633,0.06493785550805012,0.1,-0.03900590008884197
2024-03-13,holdout,-0.07382489592810355,0.06335331180457777,0.3,-0.033918666669133346
2024-03-14,holdout,-0.07244208058113079,0.06176876810110545,0.3,-0.03443134005342352
2024-03-15,holdout,-0.07136836513524604,0.05987512449654509,0.5,0.01316722144813065
2024-03-18,holdout,-0.07071405582966114,0.057891781312845454,0.7,0.00482386922865452
2024-03-19,holdout,-0.06967644988718524,0.05596202820487625,0.6,0.06801741525282246
2024-03-20,holdout,-0.06903764342493664,0.05561171498364315,0.5,0.06383006601681884
2024-03-21,holdout,-0.06824549916861888,0.054343193232707365,0.5,0.0689299583259041
2024-03-22,holdout,-0.06655919811896793,0.05339184179307378,0.5,0.08421859201967374
2024-03-25,holdout,-0.06682280892451573,0.05399784458445085,0.5,0.05894902073770908
2024-03-26,holdout,-0.0656608940597556,0.053101129673189904,0.5,0.05264615515775628
2024-03-27,holdout,-0.0635805944966185,0.05122886006636652,0.5,0.04865908948814701
2024-03-28,holdout,-0.06190309803516727,0.05060069117867414,0.5,0.04499397809582828
2024-03-29,holdout,-0.061997857797069476,0.0513820382388708,0.6,0.037215034466963615
2024-04-01,holdout,-0.06110623736220265,0.051175650886719944,-0.4,-0.02586976639327815
2024-04-02,holdout,-0.060389219722765335,0.051289435138719884,0.1,-0.01586422083953226
2024-04-03,holdout,-0.05967361353537417,0.051402995405971805,0.1,-0.022107034283544824
2024-04-04,holdout,-0.05920738891871441,0.04990071608562369,-0.1,-0.006446315230821453
2024-04-05,holdout,-0.05849364845107882,0.05001553019632285,0.7,0.006041149784599464
2024-04-08,holdout,-0.05790724846393481,0.05049533963469732,0.4,0.006381959225392142
2024-04-09,holdout,-0.05752330284882463,0.05096917476099628,0.4,0.009632739667716161
2024-04-10,holdout,-0.0574669074538748,0.05150744027593648,0.4,0.011085693375405659
2024-04-11,holdout,-0.057410622529825955,0.05204465140201294,0.3,0.002111831515388629
2024-04-12,holdout,-0.05765551654661898,0.05267113187256644,0.1,-0.01005549558547425
2024-04-15,holdout,-0.058232932120230944,0.05310303252030146,0.7,0.0284141809207335
2024-04-16,holdout,-0.05874144231193096,0.053462358300632166,0.1,0.023891836006843803
2024-04-17,holdout,-0.059148709662056376,0.05310822545397417,1.0,0.049795384808646426
2024-04-18,holdout,-0.05995105296762598,0.053171128800338266,0.7,0.05234517577584341
2024-04-19,holdout,-0.06066139632813512,0.05332434709341435,0.7,0.0566409074295805
2024-04-22,holdout,-0.060200165353912816,0.05183815839869801,0.7,0.028583067284418506
2024-04-23,holdout,-0.060909575391711074,0.05199252431055674,0.4,0.01643253243101106
2024-04-24,holdout,-0.06161760659561663,0.05214659019148863,0.4,0.02283161262718203
2024-04-25,holdout,-0.06232426298165052,0.05230035691537017,1.0,0.04910831721138137
2024-04-26,holdout,-0.06308059760839761,0.05240277629454256,0.7,0.04841631928745338
2024-04-29,holdout,-0.06248114397161083,0.05143683906514431,0.9,0.04471617052995802
2024-04-30,holdout,-0.063733821450191,0.05163764995865717,0.9,0.06953108183370238
2024-05-01,holdout,-0.06559849403281034,0.052195457996192865,0.7,0.06495057857956532
2024-05-02,holdout,-0.06691439559350994,0.052263831075581864,0.7,0.04066667894810222
2024-05-03,holdout,-0.06895437927364051,0.05313082413963734,0.6,0.027239714834517315
2024-05-06,holdout,-0.07105811244377513,0.05344957158965775,0.7,0.029408904184978435
2024-05-07,holdout,-0.07253851726720323,0.05342265513832269,0.7,0.031037648832358933
2024-05-08,holdout,-0.07270426594121383,0.05180341809221906,0.7,0.04152369179852872
2024-05-09,holdout,-0.07374727843044725,0.05124490172701665,0.7,0.04739716147782036
2024-05-10,holdout,-0.07466717033871124,0.05002685835781049,0.7,0.06520745927182936
2024-05-13,holdout,-0.07618525819400841,0.048831767918534004,0.7,0.057203572392070745
2024-05-14,holdout,-0.07662780231321396,0.0479455158037371,0.7,0.06384556158992838
2024-05-15,holdout,-0.07759585652424977,0.04697746159270128,0.5,0.039433287030089914
2024-05-16,holdout,-0.07794295490912775,0.04554130222040802,0.6,0.07255085596107647
2024-05-17,holdout,-0.07885050573197383,0.04451274462118246,0.7,0.07818259656022541
2024-05-20,holdout,-0.0797580565548199,0.0434841870219569,0.7,0.09339498965071763
2024-05-21,holdout,-0.08064803909200093,0.04295857368827996,0.7,0.08493570613855822
2024-05-22,holdout,-0.08153630185616324,0.042433976032542495,0.7,0.08023638472489214
2024-05-23,holdout,-0.08242284982734456,0.04239301659621764,-0.3,-0.01951594287544517
2024-05-24,holdout,-0.08314696794065794,0.0421914161301975,-0.3,-0.008132568597934597
2024-05-27,holdout,-0.08362912801780356,0.04170925605305189,-0.5,-0.06216006045416261
2024-05-28,holdout,-0.08332186914511273,0.04137363482288191,-0.5,-0.020844527846781424
2024-05-29,holdout,-0.08467191736112045,0.041952226915456636,-0.5,-0.019897942521433287
2024-05-30,holdout,-0.08602196557712816,0.04253081900803137,-0.3,-0.030922909352300798
2024-05-31,holdout,-0.08566649069672277,0.04224341378557595,-0.3,-0.028472465049848628
2024-06-03,holdout,-0.08701653891273048,0.04282200587815069,-0.7,-0.02413954619712738
2024-06-04,holdout,-0.08791278940907174,0.04289007553610066,-0.5,-0.03467165688431628
2024-06-05,holdout,-0.08926283762507946,0.04346866762867539,-0.7,-0.029770609736748777
2024-06-06,holdout,-0.09098789923442265,0.04463656648220587,-0.3,-0.022836565004572096
2024-06-07,holdout,-0.09233794745043036,0.04521515857478061,-0.9,-0.09651028029398667
2024-06-10,holdout,-0.09336655561500767,0.045633030641640135,-0.9,-0.10340093600957401
2024-06-11,holdout,-0.09343084362529375,0.04518301456963757,-0.9,-0.07850200944071173
2024-06-12,holdout,-0.09260644443456635,0.045107381616359826,-0.9,-0.08476197988678241
2024-06-13,holdout,-0.09167650289540137,0.04516066846980551,-0.7,-0.050961923430688894
2024-06-14,holdout,-0.09094664489627115,0.04524764636607491,-1.0,-0.05651410468579765
2024-06-17,holdout,-0.09036805280369642,0.0456333744277914,-0.2,-0.00127106332115412
2024-06-18,holdout,-0.08961408680070891,0.04598554036649089,-0.5,-0.003927991699949396
2024-06-19,holdout,-0.08935693475956459,0.046885572510496035,-0.6,-0.04312658959277238
2024-06-20,holdout,-0.08848715579687054,0.04743391142175967,-0.6,-0.0219832369227842
2024-06-21,holdout,-0.08757956035753763,0.04834150686109259,-0.3,-0.006211350240915403
2024-06-24,holdout,-0.086728689633163,0.0491923775854672,-0.7,-0.00919993460068047
2024-06-25,holdout,-0.08616774522968641,0.05050334877561475,-0.2,-0.003253739403214162
2024-06-26,holdout,-0.08474962735572873,0.05095714649528121,0.3,0.005422714585071764
2024-06-27,holdout,-0.08368485718536552,0.05153975658849882,0.6,0.026865399075268137
2024-06-28,holdout,-0.0835607718713942,0.053110322133906956,-0.3,-0.008212727260546893
2024-07-01,holdout,-0.08220281657390745,0.05382539732853289,-0.3,-0.013183382312768666
2024-07-02,holdout,-0.08087687636175701,0.0541870173863921,-0.1,-0.0007080402900898064
2024-07-03,holdout,-0.08012527388855945,0.05542077993673528,0.3,0.014134619022824868
2024-07-04,holdout,-0.0794502497805556,0.056192236060168266,0.3,0.034278880416708235
2024-07-05,holdout,-0.07800376954911876,0.056192236060168266,0.3,0.03407132091822451
2024-07-08,holdout,-0.07757833418693144,0.05758199157664679,0.6,0.09439152719827926
2024-07-09,holdout,-0.07715289882474415,0.058971747093125325,0.6,0.0715314366211216
2024-07-10,holdout,-0.07574423506994618,0.05909465064220166,0.5,0.09146383021288373
2024-07-11,holdout,-0.07509190084792565,0.05846122465850056,0.5,0.04506294581584169
2024-07-12,holdout,-0.07367079746265437,0.057953687735189385,0.5,0.03701541824307858
2024-07-15,holdout,-0.0732786932904039,0.05821898604501418,0.5,0.0446763603313321
2024-07-16,holdout,-0.07240611193657932,0.058002541720941346,0.5,0.03091741711248458
2024-07-17,holdout,-0.07311827563291749,0.058252841932206645,0.6,0.024827872521393846
2024-07-18,holdout,-0.07428336352106905,0.05901268185926201,0.3,0.019099087211952748
2024-07-19,holdout,-0.07476459547487078,0.058531449905460275,0.3,0.034724203117499186
2024-07-22,holdout,-0.0733610022762824,0.05728826735813914,0.5,0.03610457426924446
2024-07-23,holdout,-0.07207771706614445,0.057224103097632234,0.5,0.03127973068129414
2024-07-24,holdout,-0.07191730641487719,0.05690328179509775,0.3,0.020574822735275056
2024-07-25,holdout,-0.07147406645742824,0.05638405784494325,0.3,0.022036041841136333
2024-07-26,holdout,-0.07206476080533199,0.057120779801762396,0.3,0.022500093263496224
2024-07-29,holdout,-0.07245569435802116,0.05801160665467313,0.3,0.02608715979845383
2024-07-30,holdout,-0.07260606986737574,0.0589524157988057,-0.3,0.00056921779095509
2024-07-31,holdout,-0.07243467476579833,0.059250920548369765,-0.4,-0.00453504335442434
2024-08-01,holdout,-0.07174817590996309,0.05897123582932578,0.0,0.002102331951477465
2024-08-02,holdout,-0.07188577480917188,0.05883363693011697,-0.1,0.013648429144620111
2024-08-05,holdout,-0.07133985811521207,0.059242215267221884,-0.3,0.0008729954687625163
2024-08-06,holdout,-0.07124757659676922,0.05994493441720629,-0.1,0.004288611236532791
2024-08-07,holdout,-0.07093978462749391,0.06037985091265793,-0.1,0.004452165633826388
2024-08-08,holdout,-0.07091266405108887,0.061088589536559317,-0.3,-0.0028927510031412917
2024-08-09,holdout,-0.071286508163766,0.06133197494508842,-0.4,-0.015913897408603328
2024-08-12,holdout,-0.07166035227644313,0.061575360353617534,-0.3,-0.0028253501034428696
2024-08-13,holdout,-0.07233515701379571,0.06211297074720577,-0.4,-0.014303887627014178
2024-08-14,holdout,-0.0733425250945213,0.06362742613883714,-0.4,-0.009226963338611949
2024-08-15,holdout,-0.0717600042920301,0.063270082731823,-0.4,-0.0201585064495019
2024-08-16,holdout,-0.0715359556479498,0.06446406348065595,-0.4,-0.013077247636064881
2024-08-19,holdout,-0.07092336695021127,0.06507665217839448,-0.4,-0.024360698587663265
2024-08-20,holdout,-0.07031077825247276,0.065689240876133,-0.4,-0.017226584476589812
2024-08-21,holdout,-0.0690856008569957,0.06594448616685737,-0.4,-0.017921668105795818
2024-08-22,holdout,-0.06872347160078048,0.06703406450163711,-0.4,-0.008122208575220113
2024-08-23,holdout,-0.06878069142419561,0.06850102369997615,-0.4,-0.019366638177427897
2024-08-26,holdout,-0.06883791124761074,0.06996798289831521,0.9,0.05408169436049726
2024-08-27,holdout,-0.06870858696697706,0.0712612257046521,0.3,0.010290387882925023
2024-08-28,holdout,-0.06814279323920468,0.07231198548480083,0.0,-0.002339834245398964
2024-08-29,holdout,-0.06822362091460073,0.0741710220189101,-0.7,-0.04351358236597502
2024-08-30,holdout,-0.0684993859247755,0.07599677656903278,-0.1,0.0023023791106228098
2024-09-02,holdout,-0.06837006164414182,0.07709603295441912,-0.1,-0.012143854801060394
2024-09-03,holdout,-0.06785171736143998,0.07761437723712096,-0.1,-0.009364832195914219
2024-09-04,holdout,-0.06705452701909674,0.07823521628769098,-0.1,-0.01256171353761426
2024-09-05,holdout,-0.06608235099970035,0.07868512117375902,-0.1,-0.015624944898324888
2024-09-06,holdout,-0.06464214878355246,0.07950809386870068,-0.4,-0.033970651564105725
2024-09-09,holdout,-0.0632152060630266,0.08024222794297463,-0.3,-0.025112009140796032
2024-09-10,holdout,-0.061754978608618734,0.0808710850218802,-0.4,-0.044394659901377254
2024-09-11,holdout,-0.06122959871854437,0.08107315421037034,-0.4,-0.030556022152587348
2024-09-12,holdout,-0.060704218828470005,0.08127522339886048,-0.7,-0.0309088123076815
2024-09-13,holdout,-0.06023394871707478,0.08142218280867149,-0.7,-0.025673000464845774
2024-09-16,holdout,-0.05976367860567954,0.08156914221848251,-0.7,-0.03429432110628117
2024-09-17,holdout,-0.05944036790409533,0.08189245292006672,-0.5,-0.021507193792100976
2024-09-18,holdout,-0.05891498801402096,0.08209452210855686,-0.5,-0.01604529515169295
2024-09-19,holdout,-0.058430021961644624,0.08257948816093319,-0.1,-0.004564286878037782
2024-09-20,holdout,-0.057399469100344915,0.0828825919436684,-0.2,-0.015013000265950649
2024-09-23,holdout,-0.05769791518685011,0.08320577892613798,-0.2,-0.017756912619813825
2024-09-24,holdout,-0.0577539870189073,0.08377254839059486,-0.2,-0.01492770805143473
2024-09-25,holdout,-0.05777086439888285,0.08424707460891297,-0.9,-0.12566851358964315
2024-09-26,holdout,-0.05866717984429483,0.08511189315149949,-1.0,-0.07389836527151417
2024-09-27,holdout,-0.05948714602069005,0.08526563680957361,-1.0,-0.03492377221327225
2024-09-30,holdout,-0.060002827873813606,0.08426310003921539,0.5,0.04110408178233793
2024-10-01,holdout,-0.06114736399503195,0.08457912866970103,0.6,0.06984394838926233
2024-10-02,holdout,-0.061155905309369395,0.08457058735536359,0.5,0.07023246189548582
2024-10-03,holdout,-0.06177087994166581,0.0849293225575365,0.5,0.04366030127026177
2024-10-04,holdout,-0.0617107915370533,0.08387394383909533,0.5,0.039644592665413814
2024-10-07,holdout,-0.06268639851818968,0.08435748082683055,0.5,0.03263417043186123
2024-10-08,holdout,-0.06289119065417165,0.08415268869084856,0.8,0.07027685989999494
2024-10-09,holdout,-0.06330077492613562,0.0837431044188846,0.6,0.019244248354668425
2024-10-10,holdout,-0.06406874543606803,0.08394789655486659,0.1,0.010922657626663779
2024-10-11,holdout,-0.06411994347006351,0.0838966985208711,-0.4,-0.019083115799548578
2024-10-14,holdout,-0.06405763059983022,0.08284334895962633,0.2,0.0011055596944101742
2024-10-15,holdout,-0.06416845187069446,0.08273252768876209,0.2,-0.006267178446058841
2024-10-16,holdout,-0.06488452777474028,0.08298826908306417,0.0,0.02605398245335422
2024-10-17,holdout,-0.06488452777474028,0.08298826908306417,-1.0,-0.06715553725187112
2024-10-18,holdout,-0.06560060367878612,0.08324401047736625,-0.5,-0.029585715227642084
2024-10-21,holdout,-0.06502198877417766,0.0818789907852789,-0.2,-0.013032644715018749
2024-10-22,holdout,-0.06480556476872495,0.08098191869407192,-0.2,-0.01283039201876146
2024-10-23,holdout,-0.06364945848359464,0.07922540361997893,0.3,0.014264341912099798
2024-10-24,holdout,-0.06293130413320545,0.07840396601445347,-0.2,-0.0016930686410189244
2024-10-25,holdout,-0.0622243293552986,0.07752049963911647,0.6,0.0446916484059256
2024-10-28,holdout,-0.06232543519974329,0.07825216743552907,0.1,-0.024998024353782677
2024-10-29,holdout,-0.06341025033535579,0.07934547427474715,-0.1,0.024115437631465342
2024-10-30,holdout,-0.06357159270386177,0.0796681590117591,-0.1,0.0002071065633026392
2024-10-31,holdout,-0.06308756559834386,0.0796681590117591,-0.2,0.027388573671519256
2024-11-01,holdout,-0.0627648808613319,0.07999084374877104,-0.2,0.01932621352091235
2024-11-04,holdout,-0.06292622322983789,0.08031352848578298,0.3,0.03513690632408972
2024-11-05,holdout,-0.06331344491425221,0.08041033390688655,0.6,0.09104172241917974
2024-11-06,holdout,-0.06375713642764363,0.08020865594625409,0.6,0.04828458080316972
2024-11-07,holdout,-0.0639184787961496,0.0790792593667123,0.5,0.054771848854668015
2024-11-08,holdout,-0.06570473362518163,0.07922911295975191,0.5,0.03658702629497329
2024-11-11,holdout,-0.06733174403601025,0.07895737844437344,0.6,0.05204481365661634
2024-11-12,holdout,-0.06895875444683887,0.07868564392899495,0.8,0.04007021866317356
2024-11-13,holdout,-0.07008815102638066,0.07804027445497108,0.8,0.06406354356077465
2024-11-14,holdout,-0.06959507038937032,0.07673890589186644,0.5,0.02920207246963885
2024-11-15,holdout,-0.06910103324287985,0.07543501285046288,0.6,0.03635845221256667
2024-11-18,holdout,-0.06860603680095928,0.07412858797791096,0.5,0.028681382065300853
2024-11-19,holdout,-0.0688346788840182,0.07355274922311138,0.5,0.027452535538489697
2024-11-20,holdout,-0.06933914132062191,0.07272434768705835,-0.5,-0.009673229906449865
2024-11-21,holdout,-0.06822903706530202,0.07105435806009001,-0.5,-0.009879952638237766
2024-11-22,holdout,-0.06773174560341716,0.06973985146464808,-0.7,-0.038741580490739225
2024-11-25,holdout,-0.06590390433520281,0.06815970831221978,-0.7,-0.022175699895970957
2024-11-26,holdout,-0.06478828794976979,0.0664820143785957,-0.7,-0.036049903465347366
2024-11-27,holdout,-0.06478828794976979,0.0664820143785957,-0.7,-0.017935068581576064
2024-11-28,holdout,-0.06408127780707636,0.06536587359673142,-0.7,-0.02460564388221148
2024-11-29,holdout,-0.06408127780707636,0.06536587359673142,-0.9,-0.033228452188197755
2024-12-02,holdout,-0.06508903408181242,0.06585638195675449,-0.9,-0.028953561006075768
2024-12-03,holdout,-0.06595879484057729,0.06607625565170085,-0.7,-0.011022539581396651
2024-12-04,holdout,-0.06680659756933159,0.06595118147305133,0.5,0.012346210244013445
2024-12-05,holdout,-0.06771349106051786,0.06588708897404934,1.0,0.04779088828951339
2024-12-06,holdout,-0.06841422911211982,0.06561872644515272,0.9,0.060619483108460326
2024-12-09,holdout,-0.07035597668493536,0.06633410712987423,0.9,0.04040203818320093
2024-12-10,holdout,-0.07188893529505287,0.0676115726383055,0.7,0.047588725912179
2024-12-11,holdout,-0.0734218939051704,0.06888903814673678,1.0,0.04296980135161854
2024-12-12,holdout,-0.07521832977640187,0.06970182557647617,0.9,0.07107431188176705
2024-12-13,holdout,-0.07791697566296293,0.07173618939865296,0.9,0.05054303181503811
2024-12-16,holdout,-0.08022120407379585,0.07410429108490744,0.3,0.015844640365132723
2024-12-17,holdout,-0.08095167170644331,0.07387075960309214,0.9,0.03876644173642235
2024-12-18,holdout,-0.08288302773959116,0.07452588918261807,0.9,0.08007454649180817
2024-12-19,holdout,-0.08425284413314538,0.07477262629698497,0.9,0.07626646755499361
2024-12-20,holdout,-0.0866997956535565,0.0758820924940003,0.9,0.03850111830985198
2024-12-23,holdout,-0.0877796771696935,0.07651979908002948,0.1,0.009858429943144287
2024-12-24,holdout,-0.08924708735087762,0.07739163691619003,0.4,0.029501792472340027
2024-12-25,holdout,-0.08919860731107493,0.0767086498839145,0.1,0.007170623378700336
2024-12-26,holdout,-0.08915022113388563,0.07602698518858432,0.1,0.008888692607304016
2024-12-27,holdout,-0.08951086878113425,0.07637624396276195,0.2,0.037092086064483665
2024-12-30,holdout,-0.09040079931899876,0.07578182471037154,0.5,0.028148959397903295
2024-12-31,holdout,-0.09155966710517167,0.07557402772802328,0.5,0.02136735128024775
2025-01-02,holdout,-0.09294969366460772,0.07563608248514098,0.5,0.02458676225355333
2025-01-03,holdout,-0.09455159289477413,0.0761085851357656,0.7,0.03239752865511808
2025-01-06,holdout,-0.09616501657983383,0.07643126987277754,0.7,0.0487685738229357
2025-01-07,holdout,-0.09777844026489352,0.07626992750427156,0.7,0.03434788317539933
2025-01-08,holdout,-0.09957693313735713,0.07629365432316951,0.5,0.033339103046542584
2025-01-09,holdout,-0.10109960174013222,0.07676759753065579,0.6,0.023613309496251955
2025-01-10,holdout,-0.10276142813574371,0.07704187955711593,0.3,0.007724162002914703
2025-01-13,holdout,-0.10316478405700863,0.07692893989916176,0.7,0.029486954128757792
2025-01-14,holdout,-0.10409487535780775,0.0767087550197889,0.3,0.023679878730578974
2025-01-15,holdout,-0.10475922628694997,0.07714153219648727,0.7,0.03176333142434906
2025-01-16,holdout,-0.10404592318408147,0.07591872687728413,0.5,0.020848494432590625
2025-01-17,holdout,-0.10467231120298702,0.0752923388583786,0.7,0.017983574549914394
2025-01-20,holdout,-0.10438284401243217,0.07477509420640359,0.5,0.024377597402276407
2025-01-21,holdout,-0.10389881690691427,0.07448467794309284,0.5,0.027223802799987817
2025-01-22,holdout,-0.10377144135283062,0.0741280263916586,0.7,0.02815249398966091
2025-01-23,holdout,-0.10383226845661575,0.07486226750088652,0.8,0.05458092792787733
2025-01-24,holdout,-0.10272093111907461,0.0740393688616385,0.9,0.06438910229894668
2025-01-27,holdout,-0.10268207031606101,0.07487363034099924,1.0,0.058583197917120355
2025-01-28,holdout,-0.10258295634857446,0.0757666094622917,0.8,0.0627530950885904
2025-01-29,holdout,-0.10248403353628076,0.07665786634805613,0.8,0.06345725433724514
2025-01-30,holdout,-0.10238530132670824,0.07754740597585184,0.5,0.04834699847854551
2025-01-31,holdout,-0.10312089455610184,0.07798608348052699,0.5,0.01729354967869029
2025-02-03,holdout,-0.10385507318313124,0.07842391737461622,-0.2,0.01711599146737669
2025-02-04,holdout,-0.10426763635330434,0.0791811150204299,0.1,0.012130736726404912
2025-02-05,holdout,-0.1041675714431764,0.08006481836494005,0.5,0.04524215734822107
2025-02-06,holdout,-0.10484670128838908,0.08112659706257673,0.5,0.05867763661494657
2025-02-07,holdout,-0.10562900198394712,0.08176258503398776,-0.4,-0.043011863344454504
2025-02-10,holdout,-0.10635726769177747,0.08219471015197756,0.5,0.06088493965539493
2025-02-11,holdout,-0.10606438311463429,0.08288094847879211,0.5,0.06836164296294939
2025-02-12,holdout,-0.10679084183817968,0.08331117998295119,-0.4,-0.05572148709077407
2025-02-13,holdout,-0.10732507449545878,0.08354975073996491,-0.6,-0.07652315000720916
2025-02-14,holdout,-0.1080489463659747,0.08397852441259919,0.2,0.01546689739165652
2025-02-17,holdout,-0.10858096324245155,0.08421600518299989,-0.6,-0.05631748530951636
2025-02-18,holdout,-0.10911196771764109,0.08445303403947024,0.3,0.017439889269527276
2025-02-19,holdout,-0.10983207674706032,0.08487972633917924,-0.6,-0.05873976715416512
2025-02-20,holdout,-0.11147521949545446,0.08640515139813618,0.2,0.016864797452176672
2025-02-21,holdout,-0.11384539159871641,0.08783726066369552,-0.6,-0.06413641814100007
2025-02-24,holdout,-0.11449970575583814,0.0874998032873089,-0.6,-0.041190329429485806
2025-02-25,holdout,-0.11539239823407017,0.08787453793201729,-0.5,-0.03960396194095478
2025-02-26,holdout,-0.11647455356412739,0.08881523767999165,-0.5,-0.043613893181359
2025-02-27,holdout,-0.11647455356412739,0.08881523767999165,-0.6,-0.02776041969343085
2025-02-28,holdout,-0.11703554098246431,0.08939996299097423,-0.6,-0.08134587863985038
2025-03-03,holdout,-0.11619542256284725,0.088533550015704,-0.6,-0.05636454896401444
2025-03-04,holdout,-0.1158507707054094,0.08887820187314184,-0.6,-0.037629825825533814
2025-03-05,holdout,-0.11500872382036693,0.08820094301778293,-0.6,-0.03846218762187137
2025-03-06,holdout,-0.11416507150751695,0.08752239291579798,-0.6,-0.09423003882306857
2025-03-07,holdout,-0.11297370639592116,0.08617165443667243,-0.6,-0.14252699854946982
2025-03-10,holdout,-0.11212730726080276,0.08549052051915018,-0.2,-0.06989533091654543
2025-03-11,holdout,-0.11127929131740334,0.08538115138879598,-0.2,-0.07438929565442365
2025-03-12,holdout,-0.1101231057244812,0.08462711730645546,-0.2,-0.02005142129819093
2025-03-13,holdout,-0.10861503755980015,0.08422496579587385,-0.5,-0.05677866921638802
2025-03-14,holdout,-0.10760686606452263,0.08427802745352003,-0.2,-0.06695313691124177
2025-03-17,holdout,-0.10534973547079124,0.08298760722176365,-0.2,-0.059283102666036536
2025-03-18,holdout,-0.10529667381314506,0.08304066887940983,-0.2,-0.044123074654302485
2025-03-19,holdout,-0.10453115246697822,0.08299034670519574,-1.0,-0.09859688515225679
2025-03-20,holdout,-0.10437854359374416,0.08296419342478617,-1.0,-0.09863895450801885
2025-03-21,holdout,-0.10397214150654331,0.0835612532812911,-1.0,-0.11205958522991255
2025-03-24,holdout,-0.10356573941934247,0.08415831313779605,-1.0,-0.16869795553451383
2025-03-25,holdout,-0.10274703252762486,0.08440504672160135,-0.6,-0.06012246181574232
2025-03-26,holdout,-0.10243788516112966,0.08492603605399002,-1.0,-0.09058148389473752
2025-03-27,holdout,-0.10204207517222348,0.08553368800878963,-0.6,-0.06610913336265167
2025-03-28,holdout,-0.10014795877129387,0.08509754278489136,-0.1,-0.027510789039134453
2025-03-31,holdout,-0.09825384237036426,0.0846613975609931,-0.1,-0.025485739633663906
2025-04-01,holdout,-0.09788311893005072,0.08524396296720008,-0.1,-0.02501507542873055
2025-04-02,holdout,-0.09598900252912111,0.0848078177433018,-0.1,-0.020101558962024035
2025-04-03,holdout,-0.0947973914709705,0.08456949553167167,0.6,0.042935567205308056
2025-04-04,holdout,-0.093182096481033,0.08427821282856819,0.6,0.11421962321635754
2025-04-07,holdout,-0.09286433353219281,0.08497729131601656,0.8,0.06944173379905971
2025-04-08,holdout,-0.09254657058335265,0.08529505426485672,0.3,0.03130136051279364
2025-04-09,holdout,-0.09231681222195001,0.08474031035989317,-0.6,-0.027731279760564997
2025-04-10,holdout,-0.09176824502572774,0.08469389868561099,0.9,0.03886321955322447
2025-04-11,holdout,-0.09089995462900281,0.08439245881819762,0.9,0.03133435586594424
2025-04-14,holdout,-0.09003000243247554,0.08409044203237771,1.0,0.07192974449855044
2025-04-15,holdout,-0.08915838366085914,0.08378784667033976,1.0,0.08316116578842936
2025-04-16,holdout,-0.08860468444417091,0.0837403438068086,1.0,0.14221427987234792
2025-04-17,holdout,-0.08815655500932314,0.08387402509218515,1.0,0.13869907291087447
2025-04-18,holdout,-0.08792103456905032,0.08427480065263233,1.0,0.15154409711232525
2025-04-21,holdout,-0.08788902390881659,0.08455979681876104,1.0,0.18992150816044634
2025-04-22,holdout,-0.08681093533072802,0.08476375952272373,1.0,0.14405564673117932
2025-04-23,holdout,-0.08677782543093843,0.08504950059264091,1.0,0.08089072684253629
2025-04-24,holdout,-0.08676508730514934,0.08570947120978217,0.6,0.06539827531016984
2025-04-25,holdout,-0.08699486574181309,0.08625967174600037,0.6,0.0354427557882081
2025-04-28,holdout,-0.08756146310256772,0.0868255594600409,0.6,0.041778310322828915
2025-04-29,holdout,-0.08810615096661899,0.08757657564355417,0.5,0.05389364570627975
2025-04-30,holdout,-0.0886749190043043,0.08814483151941835,0.6,0.04729671955852577
2025-05-01,holdout,-0.08847034486974893,0.0885205767580625,0.6,0.03289995188270123
2025-05-02,holdout,-0.08840925494082896,0.08910553033549426,0.6,0.02055545982789786
2025-05-05,holdout,-0.08990074300892442,0.08971352547153319,-0.3,-0.003953725448543555
2025-05-06,holdout,-0.08986057580397369,0.09010425761372799,-0.9,-0.08216764412268013
2025-05-07,holdout,-0.08909638687295643,0.08981033879410598,-0.9,-0.06811662031352517
2025-05-08,holdout,-0.0891534678016651,0.08922086368908112,-0.6,-0.043838194577778156
2025-05-09,holdout,-0.08914292695404767,0.08843293449927458,-0.6,-0.05595224990290393
2025-05-12,holdout,-0.08874326054057885,0.08803257743166688,-0.3,-0.00891715314044067
2025-05-13,holdout,-0.08809201176060301,0.08770520659738182,-0.7,-0.02217612130488339
2025-05-14,holdout,-0.08732135302081034,0.08758394343410324,0.2,0.03412918520949998
2025-05-15,holdout,-0.08672361775546479,0.08737670825696577,0.1,0.005517593728004089
2025-05-16,holdout,-0.08613222705765988,0.0871615563043922,-0.3,0.03012267335435037
2025-05-19,holdout,-0.08533665738713953,0.08714900650605827,-0.4,0.01075930098510497
2025-05-20,holdout,-0.08473819061651079,0.08720462879197122,-0.3,0.00506101265221337
2025-05-21,holdout,-0.08435620307083894,0.08704270849448513,-0.6,-0.0116459006611776
2025-05-22,holdout,-0.08542173890620827,0.08642921816503008,-1.0,-0.03766634712348593
2025-05-23,holdout,-0.08591683636506675,0.08608480254147635,-0.1,-0.00022177541210077756
2025-05-26,holdout,-0.08591683636506675,0.08608480254147635,-0.7,-0.010168091942549418
2025-05-27,holdout,-0.08679832510159956,0.08539920019083971,-0.7,-0.009486468806307435
2025-05-28,holdout,-0.08765532803989534,0.08522779960318055,-0.1,0.008293277851678327
2025-05-29,holdout,-0.08965260099413092,0.08603823151345691,-0.7,-0.018698629472362782
2025-05-30,holdout,-0.09067284258734018,0.08624227983209876,-0.7,-0.027075607529059353
2025-06-02,holdout,-0.0896096434533642,0.08461204116000227,-0.7,-0.019862735177277324
2025-06-03,holdout,-0.08912129924202639,0.08379447613203221,-0.7,-0.010031449745480647
2025-06-04,holdout,-0.08863295503068858,0.08297691110406216,-0.7,-0.021316190933700963
2025-06-05,holdout,-0.08867316474383724,0.08343174374333319,-0.6,-0.03669671724740031
2025-06-06,holdout,-0.08863471799258771,0.08281659572334087,-0.6,-0.020842672717620858
2025-06-09,holdout,-0.08816121589825153,0.08230970566081432,-0.7,-0.01732709130388388
2025-06-10,holdout,-0.08730736558619688,0.08152956904476438,0.3,0.0020782199853438543
2025-06-11,holdout,-0.08676311279736205,0.08142022706235738,-0.7,-0.018575367221690176
2025-06-12,holdout,-0.0871286450824569,0.08220109648468131,-0.7,-0.013008413179584455
2025-06-13,holdout,-0.08598950444092059,0.08203176476769618,-0.7,-0.01269981553754096
2025-06-16,holdout,-0.08520442102580773,0.08183549391391796,-0.5,-0.0035905888164302624
2025-06-17,holdout,-0.08344256658976293,0.0813704290474792,-0.6,-0.013437230415783596
2025-06-18,holdout,-0.08272867946474607,0.0795655068823423,-0.6,-0.018784587200968095
2025-06-19,holdout,-0.0817009535106217,0.07885483384585963,-0.6,-0.011834324576601718
2025-06-20,holdout,-0.08176067408290619,0.07799776293010116,-0.6,-0.011399879817854397
2025-06-23,holdout,-0.0810493125019637,0.07701219942108617,-0.1,-0.0001339368499787552
2025-06-24,holdout,-0.08076382762374085,0.07631633003041795,0.3,0.008413789816051231
2025-06-25,holdout,-0.08030087328443715,0.0755430328881316,-0.9,-0.019852657021009135
2025-06-26,holdout,-0.07990790674819288,0.07462752706585443,-0.1,-0.0001558647937051072
2025-06-27,holdout,-0.0803039778017713,0.07408047843244663,0.6,0.013323469064350557
2025-06-30,holdout,-0.0807000488553497,0.07353342979903882,-0.1,-0.0011684859658235291
2025-07-01,holdout,-0.08095777825930091,0.07316666103187751,-0.3,-0.005982959045726544
2025-07-02,holdout,-0.08075173634570257,0.07271846676621514,-0.2,-0.010846539916609
2025-07-03,holdout,-0.08095618515172152,0.0722686793929734,-0.5,-0.005700127375999897
2025-07-04,holdout,-0.08112470053122808,0.07199112465025673,0.6,0.01653567952904833
2025-07-07,holdout,-0.08082590435411983,0.07152664528489415,-0.4,0.0017941058319379533
2025-07-08,holdout,-0.0813494172058957,0.07044430569666643,0.5,0.012274989337218822
2025-07-09,holdout,-0.08092175632681184,0.06967253358043897,0.8,0.015908243316475446
2025-07-10,holdout,-0.08042568713594384,0.06805491665369545,0.7,0.020967161870447892
2025-07-11,holdout,-0.07973256279218162,0.06655886608993145,-0.5,-0.008698706429567493
2025-07-14,holdout,-0.07944956152782608,0.06528176569604989,-0.7,-0.008532465526775446
2025-07-15,holdout,-0.07894401538930643,0.06415172138641775,-0.9,-0.016489071584796178
2025-07-16,holdout,-0.07892357050870454,0.06278191438609063,-0.5,-0.009974222483121076
2025-07-17,holdout,-0.0784737831354628,0.06159611131118059,-0.5,-0.009289825791393591
2025-07-18,holdout,-0.07788497057412816,0.06061475704228952,-0.2,-0.0076794056813727085
2025-07-21,holdout,-0.07824480047272156,0.05930628468376809,-0.2,-0.012270199285012051
2025-07-22,holdout,-0.07903595539783133,0.057956303022206446,-0.2,-0.017515200939780817
2025-07-23,holdout,-0.07890510816197918,0.05664783066368503,-0.2,0.010555348798528263
2025-07-24,holdout,-0.07930782076812076,0.05574207091130517,-0.2,0.007298371838611373
2025-07-25,holdout,-0.07979714988846068,0.05496965882878514,-0.2,0.016735857784717534
2025-07-28,holdout,-0.07859499090906913,0.05573020838717572,0.2,0.036693046931230766
2025-07-29,holdout,-0.07828022961540694,0.05569583402748241,0.2,0.028103029041087524
2025-07-30,holdout,-0.07736429896444194,0.055924816690223665,0.6,0.02622843018226184
2025-07-31,holdout,-0.07619274535176959,0.056537543566444165,0.6,0.045172041696992404
2025-08-01,holdout,-0.07704536427357397,0.05661909841983415,-0.1,0.03872515328941062
2025-08-04,holdout,-0.0749054667705754,0.05606027168338229,0.7,0.0559659664925658
2025-08-05,holdout,-0.07381507313847421,0.054697279643255804,0.7,0.05605617969661658
2025-08-06,holdout,-0.0727993577257144,0.05543398256780148,1.0,0.056587325729973825
2025-08-07,holdout,-0.0721876236382544,0.05597974325903351,0.7,0.02644198433798417
2025-08-08,holdout,-0.07104271032454816,0.05584889602318137,0.7,0.05950549692132967
2025-08-11,holdout,-0.06973423796602672,0.05666669124725726,0.8,0.06771497264145088
2025-08-12,holdout,-0.06756371323012648,0.05687450744537537,0.9,0.0660236249871568
2025-08-13,holdout,-0.06602433398480716,0.05775965051143398,1.0,0.06628125777123028
2025-08-14,holdout,-0.06402314096589204,0.05812525308219732,0.9,0.07295917720935297
2025-08-15,holdout,-0.0636305992583356,0.058844912879384106,0.9,0.06346271255128855
2025-08-18,holdout,-0.0627240148385029,0.059915056344031985,0.9,0.058637903640164635
2025-08-19,holdout,-0.06177788867157203,0.061188300600593215,0.9,0.040106803956801995
2025-08-20,holdout,-0.06144645693680369,0.06254781775991411,0.7,0.02251545472075056
2025-08-21,holdout,-0.06086699060660134,0.06373478911371569,0.3,0.0041337612295393455
2025-08-22,holdout,-0.060535558871833,0.06509430627303657,0.3,0.007382515505940768
2025-08-25,holdout,-0.06066209246254716,0.06632297619650532,0.1,-0.000407069473877697
2025-08-26,holdout,-0.060858363316325374,0.06756602493710068,0.1,0.01022967381134493
2025-08-27,holdout,-0.061959019476728695,0.06908231349374021,0.4,0.023061594760444337
2025-08-28,holdout,-0.06326749183525013,0.07032536223433557,0.3,0.022715274667812202
2025-08-29,holdout,-0.06289279293258263,0.07168141540589414,0.1,-0.0034220802438389986
2025-09-01,holdout,-0.06343402468088011,0.07277577410574841,0.3,0.016489020786720043
2025-09-02,holdout,-0.06389908954731889,0.07429228997457048,0.1,-0.008256008044267737
2025-09-03,holdout,-0.06506847476356377,0.0753253759868027,0.3,-0.0007226393961329292
2025-09-04,holdout,-0.06624529107776968,0.07691738064553946,0.8,0.029192266207532902
2025-09-05,holdout,-0.06710397606304937,0.07826674276526469,0.3,0.01629904184010611
2025-09-08,holdout,-0.06838369078731757,0.07986099411417745,0.3,0.004748539035554167
2025-09-09,holdout,-0.06976402999886386,0.0810232545993035,0.4,0.023758559514756028
2025-09-10,holdout,-0.07129355488462033,0.08172408032466308,0.3,0.017780834944426616
2025-09-11,holdout,-0.07256931543417873,0.08241102831288682,0.3,0.02887859148613381
2025-09-12,holdout,-0.07341437049905715,0.08401935892023608,0.9,0.053415593588365284
2025-09-15,holdout,-0.07477586474573293,0.08553183074674127,0.6,0.047896090091599564
2025-09-16,holdout,-0.07611295993709703,0.0872369337889395,-0.3,0.049683590641640185
2025-09-17,holdout,-0.07751250494557235,0.08878145158713739,0.1,0.060464526003844776
2025-09-18,holdout,-0.07891093477874213,0.08993454285308439,0.9,0.09771741016019908
2025-09-19,holdout,-0.08037181442902316,0.09092704887503104,0.3,0.07187830144566121
2025-09-22,holdout,-0.08154943955169244,0.09112331972880926,0.7,0.07679339244972172
2025-09-23,holdout,-0.08311960638191816,0.0917121322901439,0.6,0.039727965317581604
2025-09-24,holdout,-0.08440291581046802,0.09288220853382172,0.6,0.03943920818907509
2025-09-25,holdout,-0.08602098207524674,0.09404464603090101,0.7,0.012243686722551383
2025-09-26,holdout,-0.08761808804226554,0.09506448478092508,-0.1,0.025258903606538263
2025-09-29,holdout,-0.08805681112718156,0.0952145742573437,0.3,0.0052512057015260405
2025-09-30,holdout,-0.0881722645705805,0.09509912081394475,0.2,0.0029827479613416807
2025-10-01,holdout,-0.08768158743613497,0.0943140373988319,-0.1,-0.012040314646467154
2025-10-02,holdout,-0.08843925065844058,0.09445594892300978,0.4,0.0062909550205819675
2025-10-03,holdout,-0.08870094513014486,0.0941288308333794,0.7,0.016737861283520783
2025-10-06,holdout,-0.08805449747682771,0.09330324708335995,0.4,-0.00047742609615819553
2025-10-07,holdout,-0.08910921278787853,0.09294365771277363,0.5,0.009747400884868862
2025-10-08,holdout,-0.08878850877843703,0.09104188293678538,0.2,0.0044434251021024385
2025-10-09,holdout,-0.08954169392292427,0.08968478747298056,0.1,-0.008905116605490537
2025-10-10,holdout,-0.08880567822125597,0.08845809463686671,0.8,0.028940897116500996
2025-10-13,holdout,-0.08842335895400048,0.08750331871275811,0.5,0.002248131174631851
2025-10-14,holdout,-0.08670695109546944,0.08621024014668988,0.5,0.002869320616538995
2025-10-15,holdout,-0.08648292476741956,0.08586726178604714,0.8,0.02788071182828883
2025-10-16,holdout,-0.08780282220627733,0.08610117527293355,-0.1,0.023012116136683025
2025-10-17,holdout,-0.08861846533765828,0.08651222497766645,-0.6,-0.02583431238874534
2025-10-20,holdout,-0.08898647318849244,0.08688023282850059,-0.6,-0.03359309364245833
2025-10-21,holdout,-0.0900087172185873,0.08708468163451956,-0.7,-0.01992799478035051
2025-10-22,holdout,-0.08988109160028455,0.08701157569782186,-0.9,-0.014164495463454552
2025-10-23,holdout,-0.09002978164102561,0.08751712183634151,-0.9,-0.031686075190635876
2025-10-24,holdout,-0.08909008365116311,0.08700815400069817,0.2,0.0011309116152067311
2025-10-27,holdout,-0.08939675686019156,0.08768283506056078,0.9,0.050719292838063146
2025-10-28,holdout,-0.09034178569634173,0.0885603212952083,0.9,0.04990303465802726
2025-10-29,holdout,-0.09051813765933574,0.08824377586522986,1.0,0.06672303885992009
2025-10-30,holdout,-0.0903914243334075,0.0887209728586192,0.9,0.04097796944191712
2025-10-31,holdout,-0.09069697419734793,0.08942014284140057,0.9,0.04514319556634838
2025-11-03,holdout,-0.09191885647332014,0.09032452814802568,0.2,-0.005220551224501213
2025-11-04,holdout,-0.09279236961376165,0.09029217580949081,0.6,0.04558046613714123
2025-11-05,holdout,-0.09403207282844032,0.08987026781888802,0.6,0.04240754392802076
2025-11-06,holdout,-0.09511974047646125,0.0898130221532027,0.9,0.06705255719093872
2025-11-07,holdout,-0.09658215075951462,0.08998620231830112,0.8,0.05258614236565118
2025-11-10,holdout,-0.09743265779255354,0.09031332040793148,-0.2,-0.015620069351209798
2025-11-11,holdout,-0.09819593333502438,0.09053139913435172,0.0,-0.01593917797281652
2025-11-12,holdout,-0.09944026489165751,0.09092265802587039,-0.1,-0.00397371388664447
2025-11-13,holdout,-0.09860322742701512,0.08979698695273063,-0.4,-0.007384090564321155
2025-11-14,holdout,-0.09992891652709604,0.09023773553665362,0.0,-0.006835563609068007
2025-11-17,holdout,-0.10118286920401241,0.0907502205437412,-0.5,-0.027927086217705066
2025-11-18,holdout,-0.10173848890036985,0.08994926228016098,-0.1,0.005882185471797752
2025-11-19,holdout,-0.10213662604893312,0.08930578656437496,-0.1,-0.02165871947813125
2025-11-20,holdout,-0.10274351618890523,0.08918957355884838,-0.1,0.005999178448787779
2025-11-21,holdout,-0.10255269730328752,0.08938039244446608,-0.3,-0.010594353260802936
2025-11-24,holdout,-0.10492860763849748,0.08994854491592934,0.7,0.011277820562925811
2025-11-25,holdout,-0.10621892530902732,0.08929276460873621,0.1,0.006970473018387491
2025-11-26,holdout,-0.10777121289072666,0.08872086918389961,0.7,0.014822976403808696
2025-11-27,holdout,-0.10903879062889266,0.08780979768459282,0.7,0.016966218371818442
2025-11-28,holdout,-0.10981122081308754,0.0879286330975459,0.1,-0.006185307865246847
2025-12-01,holdout,-0.10968867179347969,0.08805118211715374,1.0,0.01166144124077284
2025-12-02,holdout,-0.11100068698417136,0.08928441579524035,1.0,0.02537582737401467
2025-12-03,holdout,-0.11164889498532055,0.08946577038835964,0.9,0.036302770528910955
2025-12-04,holdout,-0.11307863354741204,0.09073211025764069,0.9,0.037773977508377854
2025-12-05,holdout,-0.11544335402358762,0.09309109744634925,0.7,0.043517531673943066
2025-12-08,holdout,-0.11646863593122248,0.09465685195328023,0.6,0.043314367511621266
2025-12-09,holdout,-0.11698037909002446,0.09554566901856787,0.9,0.04631088329651811
2025-12-10,holdout,-0.11554445118350831,0.09518421130416899,0.9,0.051843009916767324
2025-12-11,holdout,-0.11410539602928288,0.09417228606623755,0.8,0.059041507905837065
2025-12-12,holdout,-0.11339097025192409,0.09410975176714445,0.2,-0.0024507575899123113
2025-12-15,holdout,-0.11246280916997775,0.09385408861181718,0.2,0.0017646210008970264
2025-12-16,holdout,-0.11246280916997775,0.09385408861181718,0.6,0.05941958360652588
2025-12-17,holdout,-0.11092036783813691,0.09265493710536735,-0.8,-0.030288116491528294
2025-12-18,holdout,-0.1096851019395186,0.09212554220334077,0.6,0.03590545528247058
2025-12-19,holdout,-0.107375792319693,0.0909967378742469,0.1,-0.007938724381509221
2025-12-22,holdout,-0.1060114613875821,0.09088759139967803,0.5,0.0636633734587107
2025-12-23,holdout,-0.10433979696129045,0.09059461928373001,0.5,0.05486924846905439
2025-12-24,holdout,-0.10315929167055869,0.0907928063033419,0.5,0.043309220755873346
2025-12-25,holdout,-0.1023984765390051,0.09155362143489551,0.5,0.03938120772378512
2025-12-26,holdout,-0.10144264233892036,0.0913634176520071,0.5,0.033576532595666175
2025-12-29,holdout,-0.10127892262706704,0.09142890553674844,0.6,0.024062620816655778
2025-12-30,holdout,-0.10199732734807417,0.09199341756926062,0.6,0.022101038098733095
2025-12-31,holdout,-0.10191554782566659,0.09207519709166821,0.1,0.08925671034901839
2026-01-02,holdout,-0.10056533791184942,0.09091750165165263,0.5,0.02265217554872223
2026-01-05,holdout,-0.0985509791493888,0.08998779760744005,-0.7,-0.016311929908693623
2026-01-06,holdout,-0.09749265591823177,0.08973764848007565,0.3,0.04739874518473447
2026-01-07,holdout,-0.09724087411591023,0.09006575783664428,0.1,0.04233991309679547
2026-01-08,holdout,-0.09698909231358868,0.09039386719321292,0.0,0.01580059615403817
2026-01-09,holdout,-0.09715804341482633,0.09057539975943635,0.1,0.04864227695221274
2026-01-12,holdout,-0.09726380339869178,0.09112387595483162,0.3,0.043404628972074866
2026-01-13,holdout,-0.09881331013904611,0.09251843202115051,0.3,0.03458808320532625
2026-01-14,holdout,-0.09900238205721044,0.09336727015969186,0.0,0.03538908396527701
2026-01-15,holdout,-0.09900238205721044,0.09336727015969186,-0.3,0.015500204134557327
2026-01-16,holdout,-0.09919108360922753,0.09421444553988152,0.0,0.030542515238364043
2026-01-19,holdout,-0.10000727688379496,0.0953571161242759,-1.0,-0.064420517394086
2026-01-20,holdout,-0.10082347015836236,0.0964997867086703,-0.9,-0.027284953613270047
2026-01-21,holdout,-0.10163966343292978,0.09764245729306467,-0.9,-0.029539217386391425
2026-01-22,holdout,-0.10133829976232027,0.09794382096367418,-0.4,-0.022343084323859064
2026-01-23,holdout,-0.1021544930368877,0.09908649154806856,-0.8,-0.02395097239154853
2026-01-26,holdout,-0.10297068631145512,0.10022916213246295,-0.3,-0.029129232289423213
2026-01-27,holdout,-0.10384449322893317,0.10131421907394669,-0.3,-0.01592363949146508
2026-01-28,holdout,-0.10385055782292377,0.1013081544799561,0.2,0.019892619335665884
2026-01-29,holdout,-0.10385055782292377,0.1013081544799561,0.1,0.010768625394103448
2026-01-30,holdout,-0.10364436162724357,0.1015143506756363,-0.4,-0.04413512556978161
2026-02-02,holdout,-0.1023934380401171,0.10041463763200861,0.1,-0.02817881858475757
2026-02-03,holdout,-0.10238484653196375,0.10042322914016195,-0.6,-0.019100093927780615
2026-02-04,holdout,-0.1024712669963297,0.10066328598562296,-0.1,-0.010339300901086201
2026-02-05,holdout,-0.1026345056512432,0.10098976329544992,0.0,-0.02079633185812746
2026-02-06,holdout,-0.10299066271650897,0.1013459203607157,-0.2,0.008157846515618405
2026-02-09,holdout,-0.10295528591823053,0.10170777446882114,-0.3,-0.011657516206637797
2026-02-10,holdout,-0.10226689132744406,0.10202888208605226,-0.3,-0.018593798242093784
2026-02-11,holdout,-0.1024845428673287,0.10377009440512942,-0.1,0.005154417583130899
2026-02-12,holdout,-0.10201403145022513,0.10456708313205995,0.8,0.034905526556809785
2026-02-13,holdout,-0.102033235997862,0.10585378782373095,0.7,0.010958377930088747
2026-02-16,holdout,-0.1016719075671794,0.10641892706208178,-0.2,0.002446743255634487
2026-02-17,holdout,-0.09973369807285536,0.10590615616424896,0.7,0.0195471242132636
2026-02-18,holdout,-0.09803091169514638,0.10564815822823244,0.0,-0.01312768939761666
2026-02-19,holdout,-0.09711179404808755,0.10656727587529127,0.1,0.004580365028770017
2026-02-20,holdout,-0.09494764665538434,0.10579024679740624,0.1,-0.003190553170858146
2026-02-23,holdout,-0.09407652421259918,0.10666136924019141,0.1,-0.0031880696791188323
2026-02-24,holdout,-0.0926863706279455,0.10707113066798235,0.1,-0.003824408398625967
2026-02-25,holdout,-0.09208975040090732,0.10717755481658915,-0.5,-0.005921395191180623
2026-02-26,holdout,-0.09116399310108336,0.10712291995955037,-0.5,-0.005579675845162446
2026-02-27,holdout,-0.09057828087501647,0.10844392630326431,-0.3,-0.008710438641343632
2026-03-02,holdout,-0.09022002705655505,0.11010936966420941,0.2,-0.026912833264774616
2026-03-03,holdout,-0.08877827388469806,0.11057073067920364,0.7,0.013847471093466124
2026-03-04,holdout,-0.0880103506163195,0.11133865394758219,-0.1,0.00613483344290866
2026-03-05,holdout,-0.08729402693514424,0.11205497762875746,-0.3,0.015941432934972466
2026-03-06,holdout,-0.08710659902280284,0.11371299377639298,0.1,-0.005713606559874573
2026-03-09,holdout,-0.08599398292373163,0.11433541379703281,-0.1,-0.00936127450390356
2026-03-10,holdout,-0.08512646486387611,0.11520293185688833,-0.1,-0.006025908752912201
2026-03-11,holdout,-0.08419767229421665,0.11613172442654777,-0.3,0.018741579332413605
2026-03-12,holdout,-0.08364403738150084,0.11674175998093547,0.2,-0.009035005834328147
2026-03-13,holdout,-0.0831946993462943,0.1182425490185253,-0.1,0.004524432826480795
2026-03-16,holdout,-0.08087043923576281,0.11762274632238355,-0.1,0.004977566914758702
2026-03-17,holdout,-0.0804888014645274,0.11849506122806452,0.1,0.010229108538706955
2026-03-18,holdout,-0.07925665666025304,0.1188439871903369,0.5,0.020727096485409435
2026-03-19,holdout,-0.07898291046945713,0.11970654594246746,-0.1,-0.01540774769658515
2026-03-20,holdout,-0.07880729970555031,0.12066724012148713,-0.5,-0.041271242316958334
2026-03-23,holdout,-0.0796201758606092,0.1207656215018271,0.2,0.010711246186899115
2026-03-24,holdout,-0.08093472471615162,0.1205478803585747,0.7,0.029671076396893703
2026-03-25,holdout,-0.08111296862876753,0.11950373562046665,1.0,0.05015896724123703
2026-03-26,holdout,-0.08110263858383185,0.11843457596962217,0.3,0.01987916635887199
2026-03-27,holdout,-0.08023073360056898,0.1180447397500251,0.6,0.03473030224422047
2026-03-30,holdout,-0.08033293424635492,0.11785664636124928,0.1,-0.017307005547068877
2026-03-31,holdout,-0.08094688316580483,0.11797943614513925,0.6,0.06136549290422755
2026-04-01,holdout,-0.08049536143416729,0.11818279326091494,0.6,0.0681175880483264
2026-04-02,holdout,-0.08017481547201238,0.11786224729876005,0.6,0.056609571704545
2026-04-03,holdout,-0.08052151603828998,0.1183245147204635,0.1,0.039742370285959006
2026-04-06,holdout,-0.08061902557255554,0.11854481403861905,0.9,0.09257278871266306
2026-04-07,holdout,-0.08089116579919893,0.11849936264377256,0.9,0.0973841710875048
2026-04-08,holdout,-0.08088756756377358,0.11823849057543487,0.7,0.0654131005800308
2026-04-09,holdout,-0.0816662153799563,0.11862076435239378,0.7,0.07265353835369426
2026-04-10,holdout,-0.0822466761765271,0.11871006601340468,1.0,0.09409492017238347
2026-04-13,holdout,-0.08270806809175008,0.11900773821677434,1.0,0.07409615455864299
2026-04-14,holdout,-0.08312480917646758,0.11876960045407862,0.2,0.03631154451421975
2026-04-15,holdout,-0.08380665362348018,0.11907007427818588,0.1,0.046699217320515185
2026-04-16,holdout,-0.08474039571635782,0.11874083573676657,0.0,0.05367517563653895
2026-04-17,holdout,-0.08559656408668313,0.11835243797173643,-0.1,0.03708530719279596
2026-04-20,holdout,-0.08499925700607547,0.11810595884510013,0.0,0.04569181594411953
2026-04-21,holdout,-0.08638438826402237,0.11684638706541668,-0.5,-0.03295773077738873
2026-04-22,holdout,-0.08638438826402237,0.11684638706541668,-0.5,-0.037910361548011196
2026-04-23,holdout,-0.08740363812833638,0.11636371151383137,-0.7,-0.058868232926036934
2026-04-24,holdout,-0.08886604841138973,0.11620977358929944,-0.1,0.015166291406611743
2026-04-27,holdout,-0.09082875694917186,0.11719112785819052,0.5,0.03248013551662915
2026-04-28,holdout,-0.09197367026287812,0.11702756881337534,0.0,0.03286649299045763
2026-04-29,holdout,-0.09328214262139954,0.11670045072374498,-0.5,-0.050975867230628025
2026-04-30,holdout,-0.09508990048514626,0.11685540139778042,-0.6,-0.04818673801481843
2026-05-01,holdout,-0.09587690812431576,0.11639551184824128,-0.8,-0.06735669449179243
2026-05-04,holdout,-0.09651496813430904,0.11617803223920131,-0.8,-0.07103273449500075
2026-05-05,holdout,-0.09738728303998999,0.1157963944679659,-0.6,-0.04191877331097915
2026-05-06,holdout,-0.0989823635080018,0.11604856909433728,-0.8,-0.06309663776510188
2026-05-07,holdout,-0.1003191928526212,0.1155381433445735,-0.5,-0.0466361960457245
2026-05-08,holdout,-0.1016815434847288,0.11692358466536089,-0.5,-0.007405503372865774
2026-05-11,holdout,-0.1022632864609762,0.11747417353783397,-0.7,-0.019772386450717716
2026-05-12,holdout,-0.1013809284560522,0.1173751772738669,-0.7,-0.023112850344725933
2026-05-13,holdout,-0.10157719930983042,0.11786585440831243,-0.6,-0.0490006994377335
2026-05-14,holdout,-0.099691966109066,0.1163163476679581,-0.4,0.010210670737451855
2026-05-15,holdout,-0.09865896161549645,0.11538664362374551,0.3,0.005324635601152039
2026-05-18,holdout,-0.09726440554917756,0.11383713688339119,-0.7,-0.01967754513060732
2026-05-19,holdout,-0.09662941161048333,0.11250942228430327,-0.7,-0.023506549628783402
2026-05-20,holdout,-0.09599441767178912,0.11118170768521536,-0.5,-0.009984708997652247
2026-05-21,holdout,-0.09494763978497198,0.10987323532669392,0.4,0.033452984314641554
2026-05-22,holdout,-0.09448582601137619,0.10935369483139865,0.2,-0.0033438789605825248
2026-05-25,holdout,-0.09555629110745979,0.1096420279537796,-0.6,-0.00850997087171712
2026-05-26,holdout,-0.09555629110745979,0.1096420279537796,0.7,0.033140901416690904
2026-05-27,holdout,-0.09633104447763695,0.11082998312138459,0.6,0.008807184577338978
2026-05-28,holdout,-0.09608570591041418,0.11058464455416182,0.5,0.03947264749264884
2026-05-29,holdout,-0.09590975602887059,0.11005183857483965,0.6,0.021060599897812893
2026-06-01,holdout,-0.09566441746164782,0.10980650000761688,0.5,0.045804063849487375
2026-06-02,holdout,-0.09382437820747706,0.10919315358955997,0.5,0.040031704846717475
2026-06-03,holdout,-0.09199251690554706,0.1086697646461514,0.3,0.02333057883776024
2026-06-04,holdout,-0.09088031540080385,0.10821179932066889,0.1,0.04476243054242757
2026-06-05,holdout,-0.09120743349043421,0.10853891741029925,0.6,0.03640119463838232
2026-06-06,holdout,-0.0914141289866292,0.10868270558156534,0.3,0.010516511559622688
2026-06-07,holdout,-0.09204853982712445,0.10952032614440671,0.3,0.010516465443346001
2026-06-08,holdout,-0.09227500619686854,0.10929385977466262,0.2,0.03776423513509469
2026-06-09,holdout,-0.09271116364970902,0.1098390565907132,0.6,0.011255749686503336
2026-06-10,holdout,-0.09358347855538998,0.11191080449170547,0.2,-0.0004894460412782076
2026-06-11,holdout,-0.09340009417180932,0.1130755431441772,0.6,0.027753420152752173
2026-06-12,holdout,-0.0939799853306995,0.11445836052306915,-0.5,-0.0030228157047563764
2026-06-13,holdout,-0.09476804254662717,0.11596012993455398,-0.3,-0.008662212537363045
2026-06-14,holdout,-0.09567951709977678,0.11701136391918651,-0.3,-0.011233781006201704
2026-06-15,holdout,-0.09623045282968054,0.11881567843462132,-0.1,0.005602045183295046
2026-06-16,holdout,-0.09515571709161222,0.11850311404399914,-0.6,-0.013210885624486024
2026-06-17,holdout,-0.09493414239362157,0.1187246887419898,-0.6,-0.03522794887148084
2026-06-18,holdout,-0.09603493358729201,0.11978076029341739,-1.0,-0.02421635265656913
2026-06-19,holdout,-0.09723892395536908,0.12053755423906581,-0.9,-0.01413572835805732
2026-06-20,holdout,-0.09635768394646561,0.12011160470548561,-0.9,-0.029104099148661133
2026-06-21,holdout,-0.09604808642324579,0.12042120222870543,-1.0,-0.029104126572355726
2026-06-22,holdout,-0.09659848202008102,0.1218315909455957,-0.7,-0.04088508164721477
2026-06-23,holdout,-0.09804327046177348,0.12332797897449146,-0.9,-0.06075648331191935
2026-06-24,holdout,-0.09749540425646784,0.12289545302293438,-0.8,-0.052629803572341705
2026-06-25,holdout,-0.09594168335290174,0.12227052468902772,-1.0,-0.07215509343811288
2026-06-26,holdout,-0.0942818966311955,0.12147933101857707,-0.8,-0.05448165866072363
2026-06-27,holdout,-0.0929317074327091,0.12135893198176936,-0.9,-0.07586725983419362
2026-06-28,holdout,-0.09246073472990247,0.12166650599176551,-0.9,-0.07586733239679933
2026-06-29,holdout,-0.091698207496787,0.12270136437956508,-0.7,-0.07132608867296386
2026-06-30,holdout,-0.08994167154907459,0.12372260620963044,-0.6,-0.054781971304917965
2026-07-01,holdout,-0.08917914431595912,0.12475746459743,-0.8,-0.045986861967649784
2026-07-02,holdout,-0.08821031067803949,0.12473321634611029,0.0,-0.006426345073313022
2026-07-03,holdout,-0.0871156514627373,0.1265768529192508,-0.1,-0.010618443538158273
2026-07-04,holdout,-0.08602099224743512,0.1279307735276509,-0.1,0.003363313388355771
2026-07-05,holdout,-0.08592053769056528,0.12897298955517542,-0.1,0.003363246185850821
2026-07-06,holdout,-0.0841163209783636,0.1288183424084153,0.8,0.02122358906706534
2026-07-07,holdout,-0.08219869635853784,0.12779767123979835,0.6,0.016226087591630467
2026-07-08,holdout,-0.08096828825148662,0.12680209768893844,-0.3,-0.0023208223152739738
2026-07-09,holdout,-0.07985783582266726,0.12570882827642577,-0.3,0.005261584782685069
2026-07-10,holdout,-0.07810302028234731,0.12379077408119232,-0.1,-0.0009614647037455848
2026-07-11,holdout,-0.0775427498112567,0.12212506289437182,0.7,0.014373836121829742
2026-07-12,holdout,-0.0763571216860956,0.1193929633016093,0.4,0.004911803660795633
2026-07-13,holdout,-0.07483199881451157,0.11754448730498133,0.1,0.006638014765281031
2026-07-14,holdout,-0.07287313495554976,0.11607533941075998,0.8,0.04226817043283421
2026-07-15,holdout,-0.0714366347923111,0.11545503252208873,0.9,0.04999092670611033
2026-07-16,holdout,-0.07095811382304319,0.11575547495872376,0.8,0.024144136009847383
2026-07-17,holdout,-0.06943513499983968,0.11383560215102471,0.4,0.015512915798170712
2026-07-18,holdout,-0.06836666380404233,0.11227741499048692,0.1,0.0015536633289483515
2026-07-19,holdout,-0.0673056125471047,0.11064502844135209,0.1,0.01411103759779031
2026-07-20,holdout,-0.06636699028135216,0.10864535491866191,0.9,0.0281568386436577
2026-07-21,holdout,-0.06506646253616231,0.1073573839930808,0.9,0.05011863344366568
