date,split,b_short,b_long,ic,top2_bottom2
2003-09-19,dev,0.19948690622802379,-0.013787446575298621,0.3,0.005339729149441141
2003-09-22,dev,0.19294308060915413,-0.0029039150854806846,0.3,0.01347699107657041
2003-09-23,dev,0.19294308060915413,-0.0029039150854806846,0.8,0.024077986639544136
2003-09-24,dev,0.19294308060915413,-0.0029039150854806846,-0.1,0.011082478295822262
2003-09-25,dev,0.18650150226557932,0.007809561224808846,-0.1,0.011541603074747775
2003-09-26,dev,0.18650150226557932,0.007809561224808846,0.6,0.023278319539886683
2003-09-29,dev,0.18015979335368787,0.01835693712718691,0.7,0.011740998092302668
2003-09-30,dev,0.18015979335368787,0.01835693712718691,0.0,0.03543641972141287
2003-10-01,dev,0.18015979335368787,0.01835693712718691,0.7,0.03553208815173009
2003-10-02,dev,0.18015979335368787,0.01835693712718691,0.7,0.04332441148325061
2003-10-03,dev,0.18015979335368787,0.01835693712718691,1.0,0.04795295255161014
2003-10-06,dev,0.17391564919428704,0.028742045707989928,0.6,0.02813426123377466
2003-10-07,dev,0.17218628104053393,0.035754460786956654,-0.4,0.0005298070858538173
2003-10-08,dev,0.17048311543456499,0.0426606271526057,0.8,0.018635337760663284
2003-10-09,dev,0.16880556134146774,0.049462941392455516,1.0,0.04118366938955759
2003-10-10,dev,0.16243976964253298,0.058913139394632795,0.9,0.07430253515168961
2003-10-13,dev,0.16084664854186703,0.06549428962913649,0.6,0.04320881652552827
2003-10-14,dev,0.1592769556926815,0.07197865824254453,0.5,0.026085124687481254
2003-10-15,dev,0.14889421955815943,0.08413094617700156,0.6,0.05983561407147708
2003-10-16,dev,0.14743388768493096,0.09038629019783946,0.6,0.039714547883870466
2003-10-17,dev,0.13728574536534985,0.10223129606161872,0.5,0.03685472704677656
2003-10-20,dev,0.12728257650747704,0.11390708755591543,0.5,0.017906137028656677
2003-10-21,dev,0.1260065895893576,0.11981816084312617,0.6,0.015941025754399374
2003-10-22,dev,0.11793888231663496,0.12822595893716107,0.6,0.05619294072417197
2003-10-23,dev,0.1099840101106637,0.13651616544946119,0.6,0.020778624938548096
2003-10-24,dev,0.10881173553064684,0.14210408423514712,0.8,0.03481902990349928
2003-10-27,dev,0.10806130976836652,0.1480206077921461,0.1,0.0015059074177153908
2003-10-28,dev,0.10074044933347709,0.15640778869499333,-0.9,-0.017307261139382968
2003-10-29,dev,0.10005514015433778,0.16214651122087773,-1.0,-0.02352330513817058
2003-10-30,dev,0.09937909191005172,0.16780768344235827,-0.9,-0.017056343439045163
2003-10-31,dev,0.10542352753481647,0.16668145737898676,-0.8,-0.021423958296210355
2003-11-03,dev,0.1043285471551726,0.17184475746704841,-0.6,-0.03434081349385831
2003-11-04,dev,0.0975345261312908,0.17564113681637714,-0.7,-0.014620219227132858
2003-11-05,dev,0.09998882684946728,0.1775815782537307,-0.7,-0.029993842028196882
2003-11-06,dev,0.10587125281777142,0.1764209143435756,-0.9,-0.0584776135700667
2003-11-07,dev,0.10843053039687679,0.17852207723744848,-1.0,-0.08083877529663436
2003-11-10,dev,0.10671230286630272,0.18280325908209652,-0.9,-0.03438590116368101
2003-11-11,dev,0.10467872197748364,0.18669217206368902,-0.9,-0.044890822974047895
2003-11-12,dev,0.10300627956462001,0.19086677773944827,-0.9,-0.10496960869738697
2003-11-13,dev,0.10135500730888126,0.19498854030538781,-0.9,-0.09320605318276587
2003-11-14,dev,0.0993934895535457,0.19872744058152075,-0.7,-0.07144187357393461
2003-11-17,dev,0.09745649077015181,0.20241960460420202,-0.7,-0.06978437092363787
2003-11-18,dev,0.10175473420766966,0.1998547231110736,-0.9,-0.07851907272459557
2003-11-19,dev,0.10632479920118956,0.19764639311136264,-0.6,-0.03814616705114282
2003-11-20,dev,0.11282996403226611,0.1943888487773461,-0.3,-0.00864635081719789
2003-11-21,dev,0.11823953742231327,0.19320355091894764,-0.8,-0.021577987279660205
2003-11-24,dev,0.1144926311349053,0.19506292333762068,-0.9,-0.030883685642233205
2003-11-25,dev,0.11729055123903871,0.18532728746462934,-0.4,-0.021288971244010635
2003-11-26,dev,0.11658821260886483,0.17822951927621838,-0.7,-0.03782455974795729
2003-11-27,dev,0.11934035044108025,0.16870998266398524,-1.0,-0.055711791744945005
2003-11-28,dev,0.12237134805603492,0.15961453275099377,-0.9,-0.04856357480937168
2003-12-01,dev,0.12288990668976103,0.1540316608865142,-0.5,-0.01620452746722667
2003-12-02,dev,0.12309461329883906,0.14820629875759955,-0.7,-0.015471723422501804
2003-12-03,dev,0.12329693959850921,0.14244867339762576,0.3,0.005660975707807769
2003-12-04,dev,0.12593075710615398,0.1334110936000733,-0.3,-0.005434060625915893
2003-12-05,dev,0.12520701712278526,0.12689723674030276,-0.2,-0.0106431227906153
2003-12-08,dev,0.12479230033321147,0.12075857583862887,-0.9,-0.039866860841527685
2003-12-09,dev,0.12438229623442826,0.11468967244720124,-0.7,-0.043317218899317944
2003-12-10,dev,0.12085471263988345,0.11121684943902496,-0.6,-0.033613749930165415
2003-12-11,dev,0.12204841275613879,0.1040377285620267,-0.5,-0.021166739720418493
2003-12-12,dev,0.12171574005917712,0.09821908203374723,-0.9,-0.05202764809529192
2003-12-15,dev,0.12196546742921874,0.09304379083726343,-0.7,-0.05160742878073743
2003-12-16,dev,0.12313324569388234,0.08608406455271134,-0.6,-0.04235033137512856
2003-12-17,dev,0.12091135972853134,0.08269211914308106,-0.1,-0.015447085210621658
2003-12-18,dev,0.12844736322728253,0.07404352832809154,-0.6,-0.026007937694446537
2003-12-19,dev,0.132882129973028,0.06518701156785432,-0.8,-0.07784128179966332
2003-12-22,dev,0.13064357791911974,0.0619630277215416,-0.8,-0.05924688003670542
2003-12-23,dev,0.13262936513460835,0.0562535490778774,-0.6,-0.04722670579689092
2003-12-24,dev,0.13225434179164253,0.05093935897585666,-0.9,-0.052548465331256455
2003-12-25,dev,0.1315508612501976,0.04534925600258083,-0.9,-0.056849875768677616
2003-12-26,dev,0.12979662388908547,0.04087650861632378,-0.9,-0.04835887048162213
2003-12-29,dev,0.13338979955282712,0.0344113690972905,-0.9,-0.044908413895396626
2003-12-30,dev,0.13304046377855402,0.03039176332540242,-0.7,-0.0689701363322382
2003-12-31,dev,0.1380441592797074,0.02681550414141595,-0.7,-0.059500082633781204
2004-01-02,dev,0.14186258332489024,0.020847548161408606,-0.7,-0.06502962491624581
2004-01-05,dev,0.13975676244864513,0.020396443961263888,-0.4,-0.06058718189825907
2004-01-06,dev,0.13493749700019053,0.01926620578710356,-0.4,-0.053056540192123025
2004-01-07,dev,0.13131150173101824,0.01793105043908649,-0.4,-0.04779324698394227
2004-01-08,dev,0.1261328195451304,0.018404045670924178,-0.4,-0.03511577554801065
2004-01-09,dev,0.12405278365998183,0.016868094502312008,-0.4,-0.049095802460526694
2004-01-12,dev,0.12013007793020475,0.013940834903523677,-0.4,-0.032984148661481694
2004-01-13,dev,0.11594356895469513,0.0130125448704202,-0.3,-0.017923794816820104
2004-01-14,dev,0.1109444024977619,0.013500597438781846,-0.7,-0.017512985621454924
2004-01-15,dev,0.10418278683794963,0.01877253196903055,-0.2,-0.036406965814977654
2004-01-16,dev,0.09932300492654854,0.019259598603781777,-0.6,-0.056771237204426284
2004-01-20,dev,0.09451086793584747,0.019741890075447206,-0.2,-0.04914230248193263
2004-01-21,dev,0.08965959540933113,0.020133393050688925,-0.2,-0.05670180768366001
2004-01-22,dev,0.08284704645008156,0.024985210769555757,0.5,0.055269129708405806
2004-01-23,dev,0.0776159012981488,0.024864509268253555,0.5,0.07200007428869892
2004-01-26,dev,0.07243505561883079,0.024744968358310027,0.1,-0.0006826671985373234
2004-01-27,dev,0.06730378741012825,0.02462657138051907,0.8,0.08645716891179495
2004-01-28,dev,0.06332768952876208,0.02128659877028957,0.6,0.03860679937212541
2004-01-29,dev,0.059389279778972834,0.017978284668213898,0.8,0.02912321853706684
2004-01-30,dev,0.05548802483814388,0.014701181076535166,0.6,0.0486098563372076
2004-02-02,dev,0.05162340139910673,0.011454848410599898,0.8,0.04365464168681271
2004-02-03,dev,0.04916372440776756,0.007908448429827247,0.9,0.04108142442079449
2004-02-04,dev,0.0467269281326269,0.004395038216317596,0.1,-0.0037869149066072083
2004-02-05,dev,0.04431269478595977,0.0009141595788589612,-0.3,-0.010980687480350582
2004-02-06,dev,0.04192071243787942,-0.002534637227839687,-0.2,-0.0003009327925057037
2004-02-09,dev,0.0395506748819833,-0.005951793696862199,-0.7,-0.018089457790519015
2004-02-10,dev,0.03689671441829083,-0.009159015339037868,-0.1,-0.011824061775872141
2004-02-11,dev,0.03309263844366224,-0.013662837996587695,0.7,0.03897923378941287
2004-02-12,dev,0.03001771860244817,-0.016023429387343115,0.7,0.059875664363566616
2004-02-13,dev,0.031083704854989697,-0.020155455981694423,1.0,0.051973031419054794
2004-02-16,dev,0.030047455057433687,-0.023652516717202518,0.7,0.058679779938199006
2004-02-17,dev,0.031103790823546335,-0.02771359179138167,0.7,0.06700943594825687
2004-02-18,dev,0.032150736938404645,-0.03173856842045701,0.7,0.04108218798277702
2004-02-19,dev,0.033575586184989875,-0.03482453345694467,0.6,0.026282547133555656
2004-02-20,dev,0.034987881693719726,-0.03788330937416812,0.6,0.047389689346424346
2004-02-23,dev,0.03638778864535546,-0.04091525392369662,0.6,0.08113172844298522
2004-02-24,dev,0.038283860464782375,-0.04279155515238841,0.6,0.07554888250963199
2004-02-25,dev,0.038283860464782375,-0.04279155515238841,0.7,0.05016921320857887
2004-02-26,dev,0.040163444703170785,-0.04465154071822201,0.4,0.03304125096049543
2004-02-27,dev,0.04114397813158419,-0.047344246891159014,0.7,0.06380287744349172
2004-03-01,dev,0.04392999546722392,-0.047948366516628156,0.4,0.0041436485110009635
2004-03-02,dev,0.0477650598643603,-0.047474339192522454,0.2,-0.012067891630339889
2004-03-03,dev,0.05103315789912798,-0.04219667107631509,-0.1,0.00546692323910597
2004-03-04,dev,0.05241174020594021,-0.037229876731309494,-0.1,0.009425264056204863
2004-03-05,dev,0.053248978594898085,-0.0338941569146514,0.1,-0.002049042133095813
2004-03-08,dev,0.05196944703964535,-0.030586586632311098,0.3,0.004959676490606579
2004-03-09,dev,0.05227629810250398,-0.0288824413103266,0.3,0.011821988442252351
2004-03-10,dev,0.05310359392634288,-0.03189966958936289,0.3,0.0024668993162084707
2004-03-11,dev,0.05392399561831645,-0.034891754299407204,-0.6,-0.012365786905176646
2004-03-12,dev,0.057849622192514306,-0.03474697523592419,-0.7,-0.034498426113015124
2004-03-15,dev,0.058643632018165075,-0.03770256624734599,-0.8,-0.07143333456139755
2004-03-16,dev,0.059431106783522425,-0.04063383140682193,-0.6,-0.056971949146143896
2004-03-17,dev,0.06021212683768832,-0.04354106980269561,-0.6,-0.04293434878485142
2004-03-18,dev,0.0576704446873304,-0.04718988176268461,-0.7,-0.04374702133916342
2004-03-19,dev,0.05514942661949573,-0.050809028584787516,-0.9,-0.06159611301771156
2004-03-22,dev,0.052648821653424896,-0.0543988705743228,-1.0,-0.09164986990578056
2004-03-23,dev,0.050168382856435274,-0.05795976222523279,-0.8,-0.08347994599093705
2004-03-24,dev,0.050291433852225016,-0.06097229654593791,-0.8,-0.09763244647885927
2004-03-25,dev,0.04912057114711915,-0.06303143766278446,-0.9,-0.08228299925906574
2004-03-26,dev,0.05072160629058427,-0.06762368800878853,-0.9,-0.10468560980950353
2004-03-29,dev,0.05052033007514544,-0.07052994321510285,-0.9,-0.07883280460641479
2004-03-30,dev,0.048763572272716424,-0.07396418825928798,-1.0,-0.08169030482997358
2004-03-31,dev,0.04636513474235313,-0.07709083266823515,-0.7,-0.07996563149488128
2004-04-01,dev,0.044083885055702585,-0.07932367115371128,-0.9,-0.09386030356477809
2004-04-02,dev,0.04308308389485527,-0.08244657821478224,-0.9,-0.04998672213364541
2004-04-05,dev,0.04291544543612042,-0.08601682499215663,-0.7,-0.05657726844359173
2004-04-06,dev,0.04274910650032151,-0.08955939543792346,-0.9,-0.06659517188446801
2004-04-07,dev,0.041136175587192854,-0.0935572356099778,-0.9,-0.08031930716200758
2004-04-08,dev,0.03879093086962522,-0.09357447399488665,-0.9,-0.06821835621494166
2004-04-09,dev,0.03481088898889868,-0.09513165991827788,-0.6,-0.03468998768231085
2004-04-12,dev,0.032053977198864714,-0.09405291312469667,-0.8,-0.03855923718094417
2004-04-13,dev,0.031219171201910853,-0.09108122904437463,-0.9,-0.04921103663343124
2004-04-14,dev,0.030390689492812706,-0.08813205772223685,-0.8,-0.020258961250700924
2004-04-15,dev,0.03015808311736813,-0.08485137071196426,-0.9,-0.02277544343824217
2004-04-16,dev,0.028517451225949453,-0.08206527533334784,-1.0,-0.048466511154469205
2004-04-19,dev,0.02841064429251893,-0.07801259639951509,-0.7,-0.022039833241177254
2004-04-20,dev,0.027682743878492122,-0.07523394243285023,-0.9,-0.037197752857219046
2004-04-21,dev,0.026960255363454356,-0.072475947603484,-0.7,-0.018872741176030938
2004-04-22,dev,0.02912377705140864,-0.06706348524610484,-0.5,-0.016807510046240426
2004-04-23,dev,0.031152646392256032,-0.06157228186298656,0.5,0.011638056416910736
2004-04-26,dev,0.03316659757618543,-0.05612145497533239,-0.1,-0.013416980191891692
2004-04-27,dev,0.033045108207774496,-0.05225287821718099,-0.5,-0.021714931410826366
2004-04-28,dev,0.033500763786731905,-0.048988797409242765,-0.7,-0.050452251724638464
2004-04-29,dev,0.033570330387316036,-0.04536568025119958,-0.6,-0.015294825645796872
2004-04-30,dev,0.034656428224076975,-0.04097425870439572,-0.6,-0.03957384543294851
2004-05-03,dev,0.03351597180449547,-0.03890846715672642,-0.4,-0.01862827095908881
2004-05-04,dev,0.034594451522225095,-0.03457186595592285,-0.6,-0.021038893701384065
2004-05-05,dev,0.03566520020255165,-0.03026635150207844,-0.6,-0.01824408689072521
2004-05-06,dev,0.03672830067801872,-0.02599159072290435,-0.3,-0.02103790196154587
2004-05-07,dev,0.03734679895243671,-0.023089579068336984,-0.1,-0.0020755395535898002
2004-05-10,dev,0.03945400515249339,-0.018155144204152887,0.8,0.08388433758689695
2004-05-11,dev,0.04049244800825608,-0.013968494695775435,0.9,0.08695826175415328
2004-05-12,dev,0.04367537757317223,-0.008442001561087648,0.6,0.07543065650603298
2004-05-13,dev,0.04483792010800321,-0.004465012081925937,0.7,0.06080564674128658
2004-05-14,dev,0.04468114416356963,-0.0009528966550660568,0.8,0.09867756345982992
2004-05-17,dev,0.0450756166119269,0.001984588222331016,0.7,0.10428212730899405
2004-05-18,dev,0.04510185259225829,0.005267170975214003,1.0,0.10467111335926493
2004-05-19,dev,0.04286966625110861,0.006633028515092156,0.7,0.08324116425496392
2004-05-20,dev,0.04306666740196685,0.009023949106419425,0.6,0.10282443674329073
2004-05-21,dev,0.04288396060642398,0.008645825222857497,0.7,0.12341233910314642
2004-05-24,dev,0.04443060969511942,0.009820491409246178,0.7,0.09700266144302994
2004-05-25,dev,0.04769193867226919,0.00978697437371974,0.7,0.0635307740867514
2004-05-26,dev,0.04769193867226919,0.00978697437371974,0.6,0.07809463367731834
2004-05-27,dev,0.04769193867226919,0.00978697437371974,0.6,0.10744142773714421
2004-05-28,dev,0.04684944908494854,0.013155045889455387,1.0,0.11839593347401511
2004-05-31,dev,0.046155400997060225,0.015965046625958573,0.9,0.12866185696833848
2004-06-01,dev,0.045800742448381754,0.0190907608961014,1.0,0.12911611823897728
2004-06-02,dev,0.04544847217275837,0.022195426585300503,1.0,0.1343055441387484
2004-06-03,dev,0.04444058481384202,0.025739842511353254,0.7,0.0872152297865641
2004-06-04,dev,0.04200362457595027,0.03005438977280094,0.5,0.0723058517107823
2004-06-07,dev,0.04168817389753921,0.03311210321040037,0.6,0.03955684037959073
2004-06-08,dev,0.04627078006923824,0.0310786830388673,0.3,0.005193026893841934
2004-06-09,dev,0.04559473531125366,0.03376420151608263,0.2,-0.001137274921829301
2004-06-10,dev,0.04559473531125366,0.03376420151608263,-0.6,-0.006508114610693727
2004-06-11,dev,0.04559473531125366,0.03376420151608263,0.7,0.005003064112029498
2004-06-14,dev,0.04544425763695909,0.03695309854078203,0.6,0.015302257899989735
2004-06-15,dev,0.04544425763695909,0.03695309854078203,0.6,0.01999674458044448
2004-06-16,dev,0.046117138368416466,0.03929864755873997,0.6,0.017555351246912987
2004-06-17,dev,0.045965934636061,0.04244848805854738,-0.6,-0.0160076140726913
2004-06-18,dev,0.045815719163394136,0.04557774136554559,-0.6,-0.06424682580382929
2004-06-21,dev,0.04700773540677837,0.046770532780909785,-0.6,-0.056120113133705074
2004-06-22,dev,0.04819201128494582,0.04795557879747291,-0.6,-0.03205699373552079
2004-06-23,dev,0.04784568267427685,0.05084626129517765,-0.8,-0.060754419345620314
2004-06-24,dev,0.04750158844174123,0.053718294228381064,-0.9,-0.04085005827087518
2004-06-25,dev,0.050564284298841744,0.0535455665942062,-0.9,-0.07013472540709681
2004-06-28,dev,0.05495687515550875,0.05151834564864448,-0.7,-0.044080969129214775
2004-06-29,dev,0.05495687515550875,0.05151834564864448,-0.9,-0.04959375620756301
2004-06-30,dev,0.05495687515550875,0.05151834564864448,-0.9,-0.06690350965107994
2004-07-01,dev,0.052931621981142735,0.05589385454938026,-0.8,-0.0305729899995984
2004-07-02,dev,0.05209258396276497,0.0582300960451164,0.5,0.011033007109042259
2004-07-05,dev,0.05142595754751141,0.06071858863912523,0.5,0.023316706963159406
2004-07-06,dev,0.05142595754751141,0.06071858863912523,0.6,0.04601338114058612
2004-07-07,dev,0.0530953291009087,0.05919399617008069,-0.3,-0.00467341794436793
2004-07-08,dev,0.0530953291009087,0.05919399617008069,-0.5,-0.005780442232472038
2004-07-09,dev,0.055584319429164177,0.05850917366846496,-0.3,-0.008870503000540875
2004-07-12,dev,0.05789214762030054,0.05766315011671043,-0.6,-0.03488154364488094
2004-07-13,dev,0.060185506669172724,0.056822430787850924,-0.6,-0.024700647386354357
2004-07-14,dev,0.062464532223989455,0.055986965954796776,-0.6,-0.020307173764650355
2004-07-15,dev,0.062464532223989455,0.055986965954796776,0.1,3.087307422156016e-05
2004-07-16,dev,0.062464532223989455,0.055986965954796776,0.7,0.03187949042613225
2004-07-19,dev,0.062464532223989455,0.055986965954796776,0.7,0.04317479952195391
2004-07-20,dev,0.062464532223989455,0.055986965954796776,0.6,0.04382146213891863
2004-07-21,dev,0.062464532223989455,0.055986965954796776,0.9,0.06091628760917278
2004-07-22,dev,0.062464532223989455,0.055986965954796776,0.7,0.05318057075019039
2004-07-23,dev,0.062464532223989455,0.055986965954796776,1.0,0.07392063474350696
2004-07-26,dev,0.05933792473859312,0.05599580260108016,1.0,0.073898345231034
2004-07-27,dev,0.056211507515639,0.05598535470153448,0.9,0.046495900259992895
2004-07-28,dev,0.056211507515639,0.05598535470153448,0.9,0.06388013256912589
2004-07-29,dev,0.056211507515639,0.05598535470153448,0.9,0.07756673570149186
2004-07-30,dev,0.050334365810767376,0.06249281408896659,0.8,0.0653713500028622
2004-08-02,dev,0.04824243572989415,0.06550739085497136,0.8,0.056890170331594936
2004-08-03,dev,0.05068509058351876,0.0648199996928265,0.8,0.038575242306127744
2004-08-04,dev,0.04681634393820284,0.06704286375576424,0.8,0.0811454961491953
2004-08-05,dev,0.04681634393820284,0.06704286375576424,0.9,0.07955678830832863
2004-08-06,dev,0.04637336057543685,0.06551865760048788,0.6,0.06725859396501277
2004-08-09,dev,0.04637336057543685,0.06551865760048788,0.6,0.07298699998606861
2004-08-10,dev,0.04671336477137182,0.06275151150061474,0.8,0.06969637807252538
2004-08-11,dev,0.04705130207249868,0.060001186957579764,0.6,0.07581916079083317
2004-08-12,dev,0.0513744320981163,0.055194165816878964,0.6,0.09078642474300713
2004-08-13,dev,0.05405154861745734,0.05483859431894277,0.5,0.09027440141590498
2004-08-16,dev,0.05439075078025617,0.05668144995854434,0.7,0.09247551887616695
2004-08-17,dev,0.05659820703680352,0.05587902423557732,0.5,0.06818208946817556
2004-08-18,dev,0.059265183725473666,0.05555414219011941,0.5,0.016096856643166346
2004-08-19,dev,0.05955651972957088,0.05685158080576493,-0.2,-0.008672032116687711
2004-08-20,dev,0.06235545865894715,0.05668237967241444,-1.0,-0.04734358575854403
2004-08-23,dev,0.06411775700120546,0.057719672314336064,-1.0,-0.09810523406978044
2004-08-24,dev,0.06688663937694155,0.05754890405305105,-0.9,-0.05663297906932985
2004-08-25,dev,0.06963918616344024,0.05737914327413349,-0.9,-0.05991522525198839
2004-08-26,dev,0.07237554149825366,0.0572103810880331,-0.8,-0.09327914420005479
2004-08-27,dev,0.0750958478281708,0.05704260870947581,-0.6,-0.08368347397198939
2004-08-30,dev,0.07780024593393638,0.05687581745593934,-0.9,-0.08045064423963233
2004-08-31,dev,0.08048887495453716,0.05670999874615526,-0.9,-0.06757629553634836
2004-09-01,dev,0.08316187241106467,0.05654514409863736,-0.8,-0.0685218476687649
2004-09-02,dev,0.08437009886784419,0.057830520492554355,-0.6,-0.04260471078199701
2004-09-03,dev,0.08656008489180388,0.05720703708985302,-0.6,-0.025958056209073432
2004-09-06,dev,0.08873744851793093,0.05658714725143239,-0.6,-0.035404745706421825
2004-09-07,dev,0.08896138305284108,0.058340249318717556,-0.8,-0.027743623042145837
2004-09-08,dev,0.08966158921410325,0.059128195118186365,-0.8,-0.03545712731564332
2004-09-09,dev,0.09035779419730104,0.05991163837022965,-0.6,-0.061859605178222865
2004-09-10,dev,0.09234957735973189,0.05914115986835014,-0.6,-0.08468873021121792
2004-09-13,dev,0.09161373575738417,0.061340569452057486,-0.6,-0.10599622073526938
2004-09-14,dev,0.0908820632292707,0.0635275177916645,-0.6,-0.06271981910568203
2004-09-15,dev,0.09015452444425394,0.06570211049093475,-0.1,-0.010833665965334416
2004-09-16,dev,0.087083666628918,0.06833393553180535,0.3,0.021781633714298698
2004-09-17,dev,0.0840300608237806,0.06814198627469355,0.4,0.036251116539767037
2004-09-20,dev,0.08099356205396607,0.06795111236355995,-0.5,-0.0630146572691021
2004-09-21,dev,0.0793706750091226,0.06636465674243269,0.4,0.04099529134915053
2004-09-22,dev,0.07775682911773228,0.0647870393141808,0.3,0.028567063776127055
2004-09-23,dev,0.07754083792573858,0.06182929753830806,-0.3,-0.04756584813113229
2004-09-24,dev,0.07824940439501171,0.058426261626382925,0.1,-0.01669087048832385
2004-09-27,dev,0.07665203034972162,0.0568836476439896,0.1,-0.02085007853418419
2004-09-28,dev,0.07506345726335875,0.05534953291218798,0.1,-0.032633354424636773
2004-09-29,dev,0.07485723897417369,0.05245022100858306,0.0,0.026760141502502666
2004-09-30,dev,0.07556539265734948,0.04911017474097964,-0.2,0.010835830702089322
2004-10-01,dev,0.07626967664826746,0.045788380092324873,0.9,0.06421474275091843
2004-10-04,dev,0.07697012257928944,0.04248468786682353,0.5,0.03968885444110759
2004-10-05,dev,0.07676096463749789,0.03965184904109847,0.7,0.06754724506660348
2004-10-06,dev,0.07655294034308732,0.03683436435535023,0.7,0.057484715917136275
2004-10-07,dev,0.07724694140522313,0.03358165886610154,0.6,0.09565317943634433
2004-10-08,dev,0.07793720122174094,0.03034648817733397,0.5,0.11677974737732838
2004-10-11,dev,0.0786237499639764,0.027128710879366226,0.5,0.10981056593453192
2004-10-12,dev,0.07930661747971195,0.023928187078974712,0.6,0.10146556128232892
2004-10-13,dev,0.0801478815878929,0.021352459468084572,0.8,0.07893737937209133
2004-10-14,dev,0.08087859834810297,0.0220177417983919,0.6,0.051705181273980716
2004-10-15,dev,0.08101810562199986,0.023732233619850076,0.6,0.05495417871266817
2004-10-18,dev,0.07870910883199317,0.023110858157225873,0.6,0.04259318122245459
2004-10-19,dev,0.07910714469928067,0.02475827211271822,0.6,0.04372460332124306
2004-10-20,dev,0.07916227096656489,0.02548450358471633,0.6,0.05326183731891265
2004-10-21,dev,0.07796710709560023,0.025746386470019707,0.2,0.02131871092024462
2004-10-22,dev,0.07743438502973252,0.02666306262101703,0.6,0.033443386600919056
2004-10-25,dev,0.0769044520846285,0.027574939420438455,0.2,0.019064778749407707
2004-10-26,dev,0.07637728641338927,0.02848205446111616,0.6,0.03498767678696413
2004-10-27,dev,0.07602520095551125,0.028254696169780533,0.8,0.05220284089673777
2004-10-28,dev,0.0749619320352805,0.02904710821436119,0.8,0.04757544514804901
2004-10-29,dev,0.07547889543394963,0.030546579792186425,0.9,0.03095777036774594
2004-11-01,dev,0.07614518597115735,0.03132897450417905,0.9,0.039332281078519715
2004-11-02,dev,0.07811930988143244,0.03084128452648244,0.6,0.019496971221556914
2004-11-03,dev,0.08074121195291019,0.029300233792531608,0.8,0.06313734807059213
2004-11-04,dev,0.08012932490471784,0.031384349252442795,0.9,0.02055440187454627
2004-11-05,dev,0.08216224223232725,0.029705616901413528,0.3,0.013140431114455287
2004-11-08,dev,0.08418478753275499,0.028035449511358904,0.3,0.013100486287742075
2004-11-09,dev,0.08481875329815088,0.028812288910397006,0.6,0.024778696577464343
2004-11-10,dev,0.08634840113241952,0.029215049598441678,0.8,0.04980066691132784
2004-11-11,dev,0.08684182290170454,0.030486024156420308,0.9,0.030290578207605667
2004-11-12,dev,0.08733275264185175,0.0317505796509748,0.9,0.0384695155237037
2004-11-15,dev,0.08795240145971443,0.032510233942366136,1.0,0.06361910483804445
2004-11-16,dev,0.088568936464422,0.033266070875509264,0.8,0.06071181071263715
2004-11-17,dev,0.08918238106810349,0.03401811915234592,0.8,0.04077552518437738
2004-11-18,dev,0.08868164733765545,0.03490529607668728,0.8,0.05062607088741894
2004-11-19,dev,0.08995675544903287,0.034818250450560875,0.7,0.07367357896767651
2004-11-22,dev,0.08945658662674397,0.035699023182994526,0.9,0.08073093913343049
2004-11-23,dev,0.09006173984437817,0.03643756985830554,0.8,0.07988986435946244
2004-11-24,dev,0.09148897976225513,0.036759919107831183,0.8,0.042036351417575335
2004-11-25,dev,0.09290917158177218,0.03708067650921103,0.8,0.06155026675547842
2004-11-26,dev,0.09452762189807325,0.03760510834046913,0.8,0.05926822843966939
2004-11-29,dev,0.09613811914156692,0.03812696311113137,0.8,0.04643195341045536
2004-11-30,dev,0.09659182473190622,0.03933559800546683,0.6,0.05878942589378133
2004-12-01,dev,0.09782265156630254,0.04021741805924319,0.5,0.03688852511475571
2004-12-02,dev,0.09987064509906765,0.03996688777129382,0.5,0.04059778020729643
2004-12-03,dev,0.10099626396743976,0.03880516784970916,0.5,0.04002769061079536
2004-12-06,dev,0.1021164186665479,0.03764908734521957,0.1,0.027551786068390538
2004-12-07,dev,0.10316052741876772,0.037880768328241644,0.5,0.033951105158043504
2004-12-08,dev,0.10436062276316684,0.038755452462714494,0.9,0.046138202596409716
2004-12-09,dev,0.10591638029867728,0.039264475468828434,0.9,0.06401766235921269
2004-12-10,dev,0.10746465823065161,0.039771051248951445,0.8,0.04598023646307764
2004-12-13,dev,0.10960503075288026,0.039675677025332846,0.5,0.02707937030224622
2004-12-14,dev,0.11077822445921309,0.0405376969367555,0.2,0.009929729359261119
2004-12-15,dev,0.11194581819558728,0.041395602194663,0.8,0.022285568387779175
2004-12-16,dev,0.11310785196178827,0.04224942218943762,0.2,0.00737743658553458
2004-12-17,dev,0.11481860132371592,0.041753184448686774,0.5,0.01890322430414626
2004-12-20,dev,0.11676808331110049,0.04150613898790789,0.6,0.030194335505358605
2004-12-21,dev,0.11791047554913571,0.042353642205430565,0.5,0.021715792609196594
2004-12-22,dev,0.119253847069067,0.0426959685209838,0.8,0.0368702317710069
2004-12-23,dev,0.12038501448772801,0.043536683889169724,0.6,0.018812638577760832
2004-12-24,dev,0.121510871261231,0.04437345223684772,-0.7,-0.010403232562301412
2004-12-27,dev,0.12263145470090026,0.04520630129484105,-0.9,-0.03422532307116938
2004-12-28,dev,0.12300205877870189,0.04634191741331105,-0.9,-0.03865257865397764
2004-12-29,dev,0.12232684030447025,0.04817639623829945,-0.9,-0.025841362351101627
2004-12-30,dev,0.12189701044329707,0.05024459066565225,-0.5,-0.0127890966359262
2004-12-31,dev,0.12146917515224533,0.052303187903086926,-0.5,-0.012572045351573469
2005-01-03,dev,0.11977338745256165,0.0542397288775911,0.5,0.022535907855504744
2005-01-04,dev,0.11911186307815233,0.05603902126663438,0.6,0.02660222394850542
2005-01-05,dev,0.11998948551345613,0.05706197283053614,-0.5,-0.007330033041074324
2005-01-06,dev,0.12086307290308036,0.05808022116885675,-0.7,-0.013166832792258998
2005-01-07,dev,0.12058586402027513,0.0602405876340658,-0.6,-0.019830810615398764
2005-01-10,dev,0.1198281702449668,0.06190931325552222,-0.6,-0.016949266916016392
2005-01-11,dev,0.1165505043912472,0.06561319730360503,-0.3,-0.004620289062812533
2005-01-12,dev,0.11616512379138705,0.06762175134403561,-0.7,-0.02857690243221872
2005-01-13,dev,0.11291068152439704,0.07129581674169869,-0.3,-0.010982452537566245
2005-01-14,dev,0.1139440528837077,0.07091183707632913,-0.7,-0.017754005288493302
2005-01-17,dev,0.1147953018102861,0.07110629614425155,-0.7,-0.0391201733664287
2005-01-18,dev,0.11406094149967717,0.07272789295704224,-0.7,-0.03748513360389427
2005-01-19,dev,0.11368550789506672,0.07469780405635662,-0.6,-0.0398991313785555
2005-01-20,dev,0.11201075631020495,0.07760504731158185,-0.6,-0.04685618113658685
2005-01-21,dev,0.10880941050304258,0.0789651492824433,0.1,-0.006948251598077215
2005-01-24,dev,0.10646044880037753,0.0789200897301599,0.1,-0.008712071332977578
2005-01-25,dev,0.10412197353388508,0.07887523133659205,-0.6,-0.024931634582826545
2005-01-26,dev,0.10178012410273471,0.07881678222213945,-0.6,-0.03796983774681162
2005-01-27,dev,0.09886388756964092,0.08039601978211364,-0.5,-0.050084057406462934
2005-01-28,dev,0.09596058334933247,0.08196825407131189,-0.6,-0.05293502307880338
2005-01-31,dev,0.09528251498840588,0.0835335315716199,-0.9,-0.08560720058447774
2005-02-01,dev,0.09494232504491766,0.08542678309262787,-0.9,-0.0805345314745105
2005-02-02,dev,0.09378304118133941,0.08502267296315894,-0.8,-0.01585010822165195
2005-02-03,dev,0.09172614380916527,0.08518283134531045,-0.9,-0.02947447142118087
2005-02-04,dev,0.091871250372834,0.08314930482227711,-0.4,-0.02767981777378531
2005-02-07,dev,0.09201572189683678,0.08112467775886317,-0.4,-0.023836711857644133
2005-02-08,dev,0.09250431087453848,0.0794536401953814,-0.6,-0.031232154786905275
2005-02-09,dev,0.0924309322656871,0.07723004518278093,-0.6,-0.024996023487927066
2005-02-10,dev,0.09291649431224912,0.07557473959256664,-0.3,-0.0027949124075465903
2005-02-11,dev,0.090888247549841,0.07575330791631835,-0.6,-0.024054132827223573
2005-02-14,dev,0.08886878107644763,0.07593110321702352,-0.6,-0.023982539698864325
2005-02-15,dev,0.08685803800034754,0.07610813050347078,-0.6,-0.016504959410584275
2005-02-16,dev,0.08701113433405822,0.07412922232747646,-0.3,-0.007240202764703552
2005-02-17,dev,0.08593849811853907,0.07308428914853059,0.6,0.011102756262519886
2005-02-18,dev,0.0872294026290143,0.07118389367825477,0.6,0.008834958453416142
2005-02-21,dev,0.08918394352274232,0.0688901380172735,0.5,0.03048524380529294
2005-02-22,dev,0.08752436244683903,0.06834229584202292,0.5,0.04024110245027934
2005-02-23,dev,0.08587185847573703,0.06779678988073928,0.4,0.032447893092957814
2005-02-24,dev,0.0850907481385546,0.06652222224269516,-0.3,-0.024510204360502164
2005-02-25,dev,0.08378216905545789,0.0657838523440907,-0.3,-0.026797372222053584
2005-02-28,dev,0.08113291304757202,0.06635069446483063,-0.3,-0.023733203008771186
2005-03-01,dev,0.07849485896783791,0.06691513979013403,-0.3,-0.0261063620552488
2005-03-02,dev,0.07668322470794842,0.06663486720421799,0.6,0.03986446842134511
2005-03-03,dev,0.07555012642111388,0.06552292335423339,0.6,0.04432623602067409
2005-03-04,dev,0.07368447489501909,0.06682959788500181,0.6,0.015939412696713895
2005-03-07,dev,0.07182664580718887,0.06813079369656365,0.5,0.005854251757745399
2005-03-08,dev,0.06967628889955049,0.06837908322191225,0.7,0.03234875793191422
2005-03-09,dev,0.06753491051762249,0.06862633604778129,0.7,0.027309169508077213
2005-03-10,dev,0.06558560472876938,0.06965094693193083,0.9,0.016118671158131814
2005-03-11,dev,0.06346163474795291,0.06989452747222451,0.3,-0.003091104660508215
2005-03-14,dev,0.06134647792058381,0.0701370973048821,0.7,0.006786461441405212
2005-03-15,dev,0.05924007950657855,0.0703786627075908,0.5,0.007568330167684267
2005-03-16,dev,0.05732402176352391,0.07139118522356595,-0.3,-0.009031795185452107
2005-03-17,dev,0.057205827904217674,0.07330584257362045,-0.2,-0.007622232224377967
2005-03-18,dev,0.05708812043939418,0.07521262067532082,-0.2,-0.0070896868137683144
2005-03-21,dev,0.05697089637278351,0.07711156806613126,0.2,0.016946964766345607
2005-03-22,dev,0.05685415273267535,0.07900273288566786,0.5,0.01100610796905771
2005-03-23,dev,0.0578090716919327,0.08049664101785221,0.5,0.023410996591292976
2005-03-24,dev,0.05707884909664305,0.0819650152198566,0.9,0.026818010984296092
2005-03-25,dev,0.05635160093147677,0.08342740826421532,1.0,0.03296271209669127
2005-03-28,dev,0.05562730905966482,0.0848838566214019,0.9,0.03305890446918858
2005-03-29,dev,0.05490595549159248,0.08633439646598322,1.0,0.032306217118738545
2005-03-30,dev,0.05517436448857306,0.08755133088609257,-0.1,0.013315619197352024
2005-03-31,dev,0.055441689004757766,0.08876334839945399,0.5,0.0180888856480122
2005-04-01,dev,0.055707935599506236,0.08997047874542284,0.9,0.04606837893573884
2005-04-04,dev,0.05579484337274888,0.09113820347698068,1.0,0.034559301925336405
2005-04-05,dev,0.05477722241787014,0.0933963321336731,0.9,0.02427872089802041
2005-04-06,dev,0.05466744842504876,0.09521317315144129,0.9,0.03144101970053409
2005-04-07,dev,0.054558113528198664,0.09702274680513841,0.8,0.03728090357111857
2005-04-08,dev,0.05276508336147571,0.09863797086341158,0.9,0.03868845806356269
2005-04-11,dev,0.052659973633664,0.10043351275412192,0.8,0.04369711697738338
2005-04-12,dev,0.05183433280608741,0.10180682344687474,0.9,0.035513132506952094
2005-04-13,dev,0.05191749881242454,0.10030274244797222,0.3,0.04677089807699608
2005-04-14,dev,0.05279391068508408,0.09882025850579475,0.3,0.044399748908394654
2005-04-15,dev,0.054418823905074035,0.09640164139412322,0.3,0.0264088666205618
2005-04-18,dev,0.054558037270152786,0.0959649517661269,0.1,0.019927866001858863
2005-04-19,dev,0.05646240731879032,0.09497566365911995,0.1,0.01672809168097611
2005-04-20,dev,0.058447091521831335,0.09413419215225856,0.1,0.009031567106222216
2005-04-21,dev,0.05890686054419891,0.09577175830351477,0.1,0.008015539092472157
2005-04-22,dev,0.059938077227788704,0.09726454519252133,0.1,-0.0029892767673214693
2005-04-25,dev,0.06031465764872516,0.09868429378428559,0.3,0.003441445557984757
2005-04-26,dev,0.06139666536360994,0.09969150688682034,0.3,-0.00047031463698471443
2005-04-27,dev,0.06441167401292415,0.09679543607791817,0.3,0.0004920481831299228
2005-04-28,dev,0.06641871778316366,0.09550335280207681,0.3,0.0097561431517178
2005-04-29,dev,0.06628999933784745,0.09725625328114254,0.3,0.006801593219354918
2005-05-02,dev,0.06718578611805641,0.09809214401890799,0.6,0.08833501470602922
2005-05-03,dev,0.06898658575875515,0.09790277694551242,0.6,0.08431803917731523
2005-05-04,dev,0.06885366362819878,0.09964092188396037,0.6,0.09738447720304783
2005-05-05,dev,0.06860813056466039,0.10125925947762245,0.6,0.12810057428569943
2005-05-06,dev,0.06847644509332708,0.10298428968975752,0.6,0.1318069929098002
2005-05-09,dev,0.06778651576045351,0.10462288939022416,0.6,0.08951310004117113
2005-05-10,dev,0.06765690483165723,0.106334891513761,0.6,0.09806905151664186
2005-05-11,dev,0.06609649089113881,0.1075632600414065,0.3,0.008822661441095225
2005-05-12,dev,0.06444678328944141,0.10773933002228,-0.1,-0.006361768564821735
2005-05-13,dev,0.06309524064732336,0.10855228478526718,0.6,0.023408351351078105
2005-05-16,dev,0.06092915599230184,0.11072752136211547,0.6,0.012437570148751798
2005-05-17,dev,0.058771276203397824,0.11289451840647569,0.7,0.024113687332179667
2005-05-18,dev,0.057084878075729144,0.1139413466640564,0.7,0.04080157390753375
2005-05-19,dev,0.05494239458398433,0.116094102539755,0.9,0.03771745423702427
2005-05-20,dev,0.05280798070991088,0.11823875010707055,1.0,0.044255574786689955
2005-05-23,dev,0.051204958189779465,0.11989619606551591,0.2,-0.010281820153154264
2005-05-24,dev,0.04970175939392622,0.1210783795625787,0.2,0.004988054835931788
2005-05-25,dev,0.04769930695472925,0.12331180111807218,0.1,0.0005932523664832212
2005-05-26,dev,0.046208280212757795,0.12448318092906643,0.2,-0.007937426977011719
2005-05-27,dev,0.04421981729606001,0.126701916580684,-0.1,-0.030806053256037802
2005-05-30,dev,0.04421981729606001,0.126701916580684,-0.5,-0.04468187941876067
2005-05-31,dev,0.04421981729606001,0.126701916580684,-0.1,-0.022092802571894055
2005-06-01,dev,0.04421981729606001,0.126701916580684,-0.5,-0.04389988793885191
2005-06-02,dev,0.04421981729606001,0.126701916580684,-0.5,-0.0585369780821432
2005-06-03,dev,0.04421981729606001,0.126701916580684,-0.5,-0.041860388328326226
2005-06-06,dev,0.04421981729606001,0.126701916580684,-0.5,-0.016085834995768822
2005-06-07,dev,0.04421981729606001,0.126701916580684,-0.8,-0.01034066987346366
2005-06-08,dev,0.04421981729606001,0.126701916580684,0.7,0.07036564830415443
2005-06-09,dev,0.04421981729606001,0.126701916580684,0.6,0.07572393716064846
2005-06-10,dev,0.04475820373188362,0.12708670506625688,0.7,0.07758208421097396
2005-06-13,dev,0.04624026146315873,0.12655699978389934,0.6,0.08472783144379115
2005-06-14,dev,0.04790062548750952,0.1262130655924417,0.6,0.04577775141776974
2005-06-15,dev,0.049200809514384505,0.12644230065615938,0.6,0.029267250466072203
2005-06-16,dev,0.04957197252822113,0.12759490268821824,0.3,0.0252394290431342
2005-06-17,dev,0.04948051132429452,0.1292045061887935,0.6,0.03417288464990581
2005-06-20,dev,0.047317563789627315,0.1305779785530867,0.6,0.06846911109668236
2005-06-21,dev,0.04516256826795521,0.13194640138662883,0.6,0.057954993593615944
2005-06-22,dev,0.04347419658305987,0.13285108688867173,0.6,0.05900810366467529
2005-06-23,dev,0.04133413395195537,0.13421033398228222,0.3,0.033738657115365056
2005-06-24,dev,0.03943041524271962,0.13487905366421588,-0.1,0.026445622823611736
2005-06-27,dev,0.03764769550687524,0.1347469750991352,0.6,0.04690948763116953
2005-06-28,dev,0.035757626844749785,0.13541228115542092,-0.1,0.0087066911238603
2005-06-29,dev,0.03398806752321387,0.13527971337150196,-0.1,-0.008581415352876265
2005-06-30,dev,0.03222493128451476,0.1351476267773613,-0.1,-0.018173474680770407
2005-07-01,dev,0.030468183220593536,0.13501601875783711,-0.1,-0.0036915090438778275
2005-07-04,dev,0.02871778867589083,0.1348848867166837,-0.1,-0.011893183604525848
2005-07-05,dev,0.028327503858786334,0.13340043746268246,-0.6,-0.03521972063356804
2005-07-06,dev,0.02965966469449441,0.13437947753350227,-0.6,-0.040751965358637565
2005-07-07,dev,0.030460182338474594,0.13548216686792897,-0.8,-0.044180565774585956
2005-07-08,dev,0.03178373096565286,0.13645395413884412,-0.8,-0.11117796893990001
2005-07-11,dev,0.03351888556965706,0.13620941300239459,-0.9,-0.13780106384421026
2005-07-12,dev,0.03524783210709954,0.13596574678951015,-0.9,-0.10825576961397848
2005-07-13,dev,0.03697060383547972,0.13572295081310032,-0.9,-0.13224820543928056
2005-07-14,dev,0.038966846511527056,0.13457227902632363,-0.9,-0.1420950945607672
2005-07-15,dev,0.04057220171451053,0.13422815837073984,-1.0,-0.14750594583593057
2005-07-18,dev,0.04217185405709263,0.13388526016863947,-1.0,-0.170859428070961
2005-07-19,dev,0.04387013091160133,0.1336478749555745,-1.0,-0.1792292725121939
2005-07-20,dev,0.045562396166625045,0.1334113300441487,-1.0,-0.1866043920930312
2005-07-21,dev,0.04717939602096933,0.1325174071649049,-1.0,-0.12199729713895596
2005-07-22,dev,0.04872152870426741,0.13096958450814902,-1.0,-0.10304401128029744
2005-07-25,dev,0.0501183310536576,0.13046102056210984,-1.0,-0.10710897105162481
2005-07-26,dev,0.05164987814750175,0.12892225244299244,-1.0,-0.07820589959969537
2005-07-27,dev,0.05317605139189382,0.12738888351025793,-1.0,-0.08150157158824495
2005-07-28,dev,0.053912493001586334,0.12624404170117923,-1.0,-0.08966510693760904
2005-07-29,dev,0.05648662463877532,0.12344696433714515,-1.0,-0.09111666627224324
2005-08-01,dev,0.05905177152330395,0.12065964989584764,-1.0,-0.06810715602347217
2005-08-02,dev,0.05931566445756557,0.11907405175280518,-1.0,-0.060400603927763585
2005-08-03,dev,0.059578639503360196,0.11749396873373853,-1.0,-0.06011683481341834
2005-08-04,dev,0.06057169559340371,0.11491425515497927,-1.0,-0.07631636896928362
2005-08-05,dev,0.06057169559340371,0.11491425515497927,-1.0,-0.05278117115026604
2005-08-08,dev,0.06057169559340371,0.11491425515497927,-0.9,-0.04462177246663157
2005-08-09,dev,0.06057169559340371,0.11491425515497927,-0.9,-0.022240152837249616
2005-08-10,dev,0.06057169559340371,0.11491425515497927,-0.7,-0.012280194594679994
2005-08-11,dev,0.06057169559340371,0.11491425515497927,-0.4,-0.0033790513521217425
2005-08-12,dev,0.06057169559340371,0.11491425515497927,-0.9,-0.007986801294265322
2005-08-15,dev,0.06057169559340371,0.11491425515497927,0.2,-0.0021933871493948764
2005-08-16,dev,0.06057169559340371,0.11491425515497927,-0.2,-0.010350868525563661
2005-08-17,dev,0.06057169559340371,0.11491425515497927,-0.4,-0.008545334633138335
2005-08-18,dev,0.06057169559340371,0.11491425515497927,-0.9,-0.03833501282323393
2005-08-19,dev,0.06046671865130076,0.11298199474743166,-0.9,-0.02260003553020762
2005-08-22,dev,0.06046671865130076,0.11298199474743166,-0.5,-0.008488615137145106
2005-08-23,dev,0.060362104951212,0.11105642036205547,-0.4,-0.019686874304815527
2005-08-24,dev,0.060257852611054465,0.10913749735624882,-0.4,0.012986344596759791
2005-08-25,dev,0.060153959761725065,0.10722519132632424,-0.3,0.03010234989604199
2005-08-26,dev,0.060153959761725065,0.10722519132632424,0.2,0.03221014720410853
2005-08-29,dev,0.060153959761725065,0.10722519132632424,-0.3,0.0269347789203635
2005-08-30,dev,0.060050424546988876,0.10531946810545278,0.1,-0.03053456083941969
2005-08-31,dev,0.05994724512336862,0.10342029376162898,0.3,-0.038211128255025206
2005-09-01,dev,0.05994724512336862,0.10342029376162898,0.6,0.05924309943887479
2005-09-02,dev,0.05994724512336862,0.10342029376162898,0.1,0.03950630955403256
2005-09-05,dev,0.059844419660035224,0.10152763459565706,0.1,0.04098080838832696
2005-09-06,dev,0.05874308789121096,0.10035492745879236,-0.1,-0.030907010348792563
2005-09-07,dev,0.05869609115977299,0.09884791048877732,0.3,-0.03741540317293307
2005-09-08,dev,0.05888034128862434,0.09754157161991138,0.1,-0.04358291704061901
2005-09-09,dev,0.057530743887224074,0.09555825264497683,-0.5,-0.045915614538931226
2005-09-12,dev,0.05686600906201905,0.09596263203390261,-0.3,-0.05040758785189742
2005-09-13,dev,0.0574685535387938,0.09510061618005498,-0.4,-0.05831025637799453
2005-09-14,dev,0.05710353101272449,0.09351213163880422,-0.4,-0.05142313360916495
2005-09-15,dev,0.05700690913283832,0.09166185730438998,0.1,-0.03962948305559455
2005-09-16,dev,0.05691061367822204,0.08981783389678122,0.1,-0.030645572941011057
2005-09-19,dev,0.05653358622401481,0.08826108656587041,0.2,0.0004386917029316484
2005-09-20,dev,0.05617259578114256,0.08669481324983713,0.9,0.0362702227426423
2005-09-21,dev,0.05581281875152365,0.08513380471805944,0.8,0.02080861779294224
2005-09-22,dev,0.05506119176914677,0.08453037584450301,0.9,0.011846888563717906
2005-09-23,dev,0.05427923884175732,0.08507850705059657,0.5,0.01683881150278399
2005-09-26,dev,0.0526207451313196,0.08399559984817082,0.9,0.010751383766647582
2005-09-27,dev,0.05105985416920309,0.08365896769679904,0.9,0.022617935891428076
2005-09-28,dev,0.04969529313279314,0.08464748221191716,0.9,0.023432755951049933
2005-09-29,dev,0.04829900531691407,0.08415634444485993,0.7,0.024964273750634314
2005-09-30,dev,0.04707674783299893,0.08432801164677878,0.5,0.02891582628214806
2005-10-03,dev,0.04585854427108683,0.08449910947157682,-0.1,-0.004887972445071942
2005-10-04,dev,0.04581508284536856,0.08487862334694851,0.1,0.015203652290771419
2005-10-05,dev,0.04527447940264894,0.08561642727530067,0.3,0.01714106060318138
2005-10-06,dev,0.044838795443238634,0.08542357838540743,0.1,0.003974385290310911
2005-10-07,dev,0.044353064314007595,0.08404726277027495,0.1,-0.0065009033716662
2005-10-10,dev,0.04356054282664903,0.08298386266703438,-0.5,-0.009257803270152798
2005-10-11,dev,0.0420522332325166,0.08182132758876338,0.3,-0.008185824687788112
2005-10-12,dev,0.04054886891574198,0.08066260410091294,0.3,0.0009636377734155155
2005-10-13,dev,0.03935729957218102,0.08083746072267906,0.3,0.011274486210146484
2005-10-14,dev,0.03816962424608269,0.08101174591757664,0.3,0.00801452875454739
2005-10-17,dev,0.03756358353225004,0.0814233635153185,0.3,0.0008975559137644473
2005-10-18,dev,0.03750240505744182,0.08291941666920234,0.3,0.011224926120386503
2005-10-19,dev,0.036967170794475784,0.08434285393207083,0.4,0.02771013539848438
2005-10-20,dev,0.03785412885054536,0.08515290341161834,0.7,0.09366118913127214
2005-10-21,dev,0.03941352248287835,0.08501489222294473,0.5,0.037372176108331434
2005-10-24,dev,0.040281393119245175,0.08610317841283602,0.9,0.07725179315268038
2005-10-25,dev,0.04145650680996815,0.08705740215815885,0.7,0.07935567147498895
2005-10-26,dev,0.041389641476403685,0.08852989021919408,0.7,0.05612589336454832
2005-10-27,dev,0.04118879932695161,0.08986344380445573,0.3,0.005731910169217147
2005-10-28,dev,0.04085462655204226,0.09105873301591694,0.6,0.024366291488024383
2005-10-31,dev,0.03945143560519575,0.09064504858624987,0.9,0.04635604572877183
2005-11-01,dev,0.038352211114699206,0.09135772244324872,0.9,0.06398986446377697
2005-11-02,dev,0.03709488798095609,0.09205195412774357,0.9,0.05619731391254934
2005-11-03,dev,0.03598680404398067,0.09280851101516979,0.9,0.06394852014195374
2005-11-04,dev,0.03488225466501793,0.09356265464298702,0.6,0.049144402500971185
2005-11-07,dev,0.0334112815064926,0.09323674100325119,1.0,0.0923227372278198
2005-11-08,dev,0.03216579457246002,0.09428087972979611,0.6,0.056639162196589043
2005-11-09,dev,0.03092426156520215,0.095321703730225,0.8,0.07459508616728783
2005-11-10,dev,0.029686663686334953,0.09635922876393305,0.6,0.009558034013131045
2005-11-11,dev,0.02845298225645151,0.09739347049057238,-0.3,-0.002573820404285554
2005-11-14,dev,0.027223198714182235,0.09842444447084005,-0.3,-0.004351793897442335
2005-11-15,dev,0.025997294615263965,0.09945216616725829,0.3,0.03794899523893114
2005-11-16,dev,0.02523456921691972,0.1005422677428479,0.3,0.011467281780428773
2005-11-17,dev,0.02492489666828121,0.10151181090232726,-0.3,-0.004412938774195574
2005-11-18,dev,0.023839195626939064,0.10266066729546855,0.4,0.008908975330354951
2005-11-21,dev,0.02318437025144324,0.1039721614523627,0.1,-0.0003931234929014371
2005-11-22,dev,0.022088983636389847,0.10501082280795647,-0.6,-0.038734752500367065
2005-11-23,dev,0.02099702010450849,0.10604623834681397,-0.6,-0.02739991727013802
2005-11-24,dev,0.019794216641006918,0.10705084639931504,-0.3,-0.013914078224722015
2005-11-25,dev,0.019794216641006918,0.10705084639931504,-0.6,-0.020637054044305214
2005-11-28,dev,0.019794216641006918,0.10705084639931504,-0.6,-0.03619741568747403
2005-11-29,dev,0.019794216641006918,0.10705084639931504,-0.6,-0.04569360829057767
2005-11-30,dev,0.021321016926612826,0.10688410053264943,-0.6,-0.030914675200833353
2005-12-01,dev,0.02284306822221685,0.10671787331564687,-0.6,-0.05815578056592391
2005-12-02,dev,0.02436039265044322,0.10655216233223748,-0.6,-0.05531337185758384
2005-12-05,dev,0.02436039265044322,0.10655216233223748,-0.5,-0.052328523857543385
2005-12-06,dev,0.025781812926315765,0.10629576591092894,-0.6,-0.060181031455361134
2005-12-07,dev,0.02720841758285805,0.1060497483492288,-0.7,-0.07720224996882052
2005-12-08,dev,0.02862104208518475,0.10579492102656886,-0.7,-0.07554979214791013
2005-12-09,dev,0.030120083686905146,0.10408844738300933,-0.6,-0.06212072354759546
2005-12-12,dev,0.03161450574593919,0.1023872325180124,-0.6,-0.07013361059980505
2005-12-13,dev,0.032618499623738965,0.10174388373923973,-0.7,-0.05246192313020348
2005-12-14,dev,0.03361940903494027,0.1011025114544111,-0.7,-0.04701001628905266
2005-12-15,dev,0.03251844287642688,0.10143178593635864,0.0,-0.031621770680539174
2005-12-16,dev,0.031985046373271236,0.10232424955102852,0.0,-0.005678410038140735
2005-12-19,dev,0.031211851790855963,0.1029725546579439,0.1,-0.00990754510046854
2005-12-20,dev,0.029878543218415123,0.10305640531776705,0.0,-0.02816080755071304
2005-12-21,dev,0.028549299611134164,0.10314000033533463,0.0,-0.02794592338111812
2005-12-22,dev,0.027464429252036866,0.10346366772247144,-0.4,-0.0533624767106482
2005-12-23,dev,0.027464429252036866,0.10346366772247144,0.0,-0.040806584653408584
2005-12-26,dev,0.02614289476509168,0.10354638971201494,0.2,-0.026684577429219147
2005-12-27,dev,0.02482537100496575,0.10362886064847943,0.2,-0.03445058027397074
2005-12-28,dev,0.02351183974108263,0.10371108167301522,-0.4,-0.04253163169080321
2005-12-29,dev,0.02220228285318705,0.10379305391986711,-0.2,-0.027557884396219423
2005-12-30,dev,0.020896682330511698,0.10387477851642636,0.0,-0.0275552134247552
2006-01-03,dev,0.019674404251264276,0.10403564056359538,-0.7,-0.04705120618300429
2006-01-04,dev,0.01837654330637097,0.10411675366040037,-0.1,-0.026113370992460583
2006-01-05,dev,0.01837654330637097,0.10411675366040037,0.2,-0.0073114058377421465
2006-01-06,dev,0.01858634510116155,0.10269386340954577,0.1,-0.024639662417175523
2006-01-09,dev,0.01858634510116155,0.10269386340954577,-0.6,-0.05399418795430205
2006-01-10,dev,0.01858634510116155,0.10269386340954577,-0.6,-0.0629251373728163
2006-01-11,dev,0.018795516860532335,0.10127524610238746,-0.7,-0.07765159496378077
2006-01-12,dev,0.01786778744994683,0.10052370900178417,-0.6,-0.03538170010459302
2006-01-13,dev,0.01684303527312555,0.10087222640347812,-0.6,-0.07186106465643266
2006-01-16,dev,0.015416513546259891,0.10156225297088697,-0.8,-0.1031813433368447
2006-01-17,dev,0.016257604374431224,0.10078223075514095,-0.8,-0.08885175983282001
2006-01-18,dev,0.014836207050475291,0.10147033473315117,-1.0,-0.06285516705092209
2006-01-19,dev,0.013419040075697795,0.10215639078265541,-1.0,-0.03717040049474063
2006-01-20,dev,0.012098952348987993,0.10219033373840185,-0.9,-0.018349112529689127
2006-01-23,dev,0.010690051826215012,0.1028732857654962,-0.7,-0.01759685877199796
2006-01-24,dev,0.009007548045731732,0.10401717719399177,-1.0,-0.0398074334766908
2006-01-25,dev,0.008371364348062087,0.10471973664846967,-0.9,-0.02869353648341111
2006-01-26,dev,0.0072973298364696765,0.10461121414234194,-0.9,-0.04056425650453427
2006-01-27,dev,0.005667039946318135,0.10529560387219157,-0.8,-0.04062208994601452
2006-01-30,dev,0.004277986868341231,0.10596895349830027,-0.9,-0.04680347156516251
2006-01-31,dev,0.0028011074758877877,0.10581311680197925,-0.9,-0.053801359235662094
2006-02-01,dev,0.0012709800254466746,0.10657910485424088,-0.9,-0.04992216330475091
2006-02-02,dev,-0.0005709157821922709,0.10800410817930653,-0.9,-0.02571655937441142
2006-02-03,dev,-0.0024935432703531587,0.10933881350135333,-0.9,-0.025416151783635654
2006-02-06,dev,-0.003951886043349719,0.10917896143483088,0.0,-0.01310505651893179
2006-02-07,dev,-0.005066812877851059,0.10803159407979071,0.6,0.020882389524391087
2006-02-08,dev,-0.006517152800769644,0.10787411362194846,0.6,0.019229980272064018
2006-02-09,dev,-0.006517152800769644,0.10787411362194846,-0.1,-0.001962455041054134
2006-02-10,dev,-0.006517152800769644,0.10787411362194846,0.6,0.01641325006315858
2006-02-13,dev,-0.005588337516680574,0.10572521236102629,0.7,0.026631708390190467
2006-02-14,dev,-0.006957203917168875,0.10564804138222737,0.6,0.03325846082518635
2006-02-15,dev,-0.006947106378827556,0.10404332724379163,0.9,0.03389704399939325
2006-02-16,dev,-0.006937038108713313,0.10244326445068469,0.4,0.0020619399265521254
2006-02-17,dev,-0.007515412013901002,0.10081602669897888,-0.1,0.0019334647121094228
2006-02-20,dev,-0.00856428184239729,0.0991289129802424,-0.9,-0.008666694323088975
2006-02-21,dev,-0.008551923571340441,0.09754286837276731,0.0,0.0010594152145525504
2006-02-22,dev,-0.008699703380475559,0.09612149696460931,-1.0,-0.010251571030438222
2006-02-23,dev,-0.008847057923972874,0.09470421583388483,-0.9,-0.005505145608449058
2006-02-24,dev,-0.008403312151093604,0.09341872127090511,0.6,0.008930941642660728
2006-02-27,dev,-0.008260826637377414,0.09198040042390108,0.7,0.009191996847365436
2006-02-28,dev,-0.008118749391608835,0.09054620084006897,0.7,0.005531673039659402
2006-03-01,dev,-0.007977078661564916,0.08911610483158403,0.9,0.007808733354883635
2006-03-02,dev,-0.007638301882524584,0.08776855801515795,0.7,0.008524684717536535
2006-03-03,dev,-0.00727077220794181,0.08657345308218341,0.5,0.0077158779538417654
2006-03-06,dev,-0.008299113937939993,0.08624238928387071,0.2,0.007967025091930813
2006-03-07,dev,-0.009265260290802099,0.08638642571447686,-0.5,-0.021376120182431735
2006-03-08,dev,-0.01022866190970721,0.0865300529506779,-0.1,-0.024159808367276936
2006-03-09,dev,-0.011455287921182803,0.08552079046422302,-0.1,-0.022561793034723276
2006-03-10,dev,-0.012412858334892177,0.0856652369366533,-0.1,-0.029422330741140645
2006-03-13,dev,-0.01279310888887394,0.08629548412627615,-0.1,-0.03195421398288534
2006-03-14,dev,-0.013746084723776662,0.0864384283577362,-0.5,-0.05530726842899991
2006-03-15,dev,-0.013638544406817879,0.08763879728812021,-0.1,-0.03908022549043777
2006-03-16,dev,-0.012651025330188559,0.0886597285595454,0.2,-0.013851836596745937
2006-03-17,dev,-0.01386389308640489,0.08765598773175419,-0.1,-0.0402870671721588
2006-03-20,dev,-0.013932202225328478,0.08621616190628825,0.2,-0.02427598903572703
2006-03-21,dev,-0.015227528729921285,0.08530632156700874,0.5,0.032373399752887
2006-03-22,dev,-0.015206201658870976,0.08378628470206896,0.2,0.0042564175811359295
2006-03-23,dev,-0.015709409768438987,0.08209567451367446,0.2,0.002061092689978783
2006-03-24,dev,-0.01708411729669536,0.0819810157503872,0.2,-0.029008806641163343
2006-03-27,dev,-0.016362940006183928,0.08326137695575625,0.1,-0.03760875930613505
2006-03-28,dev,-0.01738471864127281,0.08349360345024684,0.2,-0.0179882949019059
2006-03-29,dev,-0.016838981897682723,0.08494215198508656,0.0,-0.029709528158213483
2006-03-30,dev,-0.015687122200602605,0.08647348232955171,-0.6,-0.054364060949567805
2006-03-31,dev,-0.014365087357051146,0.08782719455933043,0.0,-0.05089159503317575
2006-04-03,dev,-0.012787019369021987,0.08891746160287707,0.0,-0.03841746149369352
2006-04-04,dev,-0.011472652813878112,0.08888092292846092,0.0,-0.019998219640026238
2006-04-05,dev,-0.00985977622159375,0.08957825590784149,0.0,-0.014997296211715694
2006-04-06,dev,-0.008251348944046723,0.09027366521003757,0.0,-0.009799806226615804
2006-04-07,dev,-0.006647352595638945,0.09096715878412844,0.1,0.0327176313243297
2006-04-10,dev,-0.00504776889193105,0.091658744535457,0.1,0.007600292376998663
2006-04-11,dev,-0.003753060418178397,0.09161869131494127,0.5,0.06732388367388709
2006-04-12,dev,-0.0021618353695937896,0.09230748597706069,0.5,0.07323761122395145
2006-04-13,dev,-0.0006177780608683179,0.0933796675031195,0.3,0.007543314904528531
2006-04-14,dev,0.0009648043988592727,0.09406416864196612,0.3,-0.013460016064911484
2006-04-17,dev,0.002500371605964657,0.09513102087059733,-0.2,-0.06879928784909983
2006-04-18,dev,0.0036213476667693767,0.0960206821617053,-0.1,-0.04656506755746198
2006-04-19,dev,0.0051491114982860405,0.09708196188628064,-0.1,-0.05801301628189098
2006-04-20,dev,0.006672718149308782,0.09814035377487072,-0.1,-0.05468031797097073
2006-04-21,dev,0.008192184564866785,0.09919586959854618,-0.1,-0.08100864975349675
2006-04-24,dev,0.009368314572241458,0.09990930803871097,0.6,0.18242935846591074
2006-04-25,dev,0.010800968165865342,0.10076760617596656,0.3,0.05443499280744557
2006-04-26,dev,0.011688472494012569,0.1010823094603473,0.6,0.11781196007143024
2006-04-27,dev,0.012682778271013561,0.10023591103505962,0.6,0.12319822836519467
2006-04-28,dev,0.01356534762107517,0.10055048245516526,0.6,0.10282760004420599
2006-05-01,dev,0.014445538078009931,0.100864205973869,0.6,0.10783369726129838
2006-05-02,dev,0.015687872481673443,0.1014855192901895,0.6,0.1308502508294095
2006-05-03,dev,0.016926867276724957,0.1021051624094231,0.4,0.10648530380134474
2006-05-04,dev,0.018162535911252845,0.1027231420571957,-0.1,0.09624435700131845
2006-05-05,dev,0.01882874097725856,0.10278854689561119,-0.1,0.09903971512531212
2006-05-08,dev,0.019493162361695314,0.10285377662067083,0.2,0.11020341678770573
2006-05-09,dev,0.01991273478278039,0.10316190437028668,-0.1,0.0693222344888389
2006-05-10,dev,0.020331186850271115,0.10346920934887552,0.0,0.028243603974794917
2006-05-11,dev,0.020915189712248535,0.10360902818085481,0.0,-0.0033162912927007238
2006-05-12,dev,0.021497637306950375,0.10374847465908713,-0.1,-0.03429167790092624
2006-05-15,dev,0.02263261385308475,0.10311184104916812,0.2,-0.0003790096516095298
2006-05-16,dev,0.023875244290641525,0.10258756680253354,0.4,-0.04321703654123915
2006-05-17,dev,0.02511457862624191,0.10206468320376805,-0.2,-0.07168510373850256
2006-05-18,dev,0.026350629956979777,0.10154318472711846,-0.6,-0.08877475621634545
2006-05-19,dev,0.027638525949100174,0.10140886834520428,-0.5,-0.020419926973918312
2006-05-22,dev,0.028923019309801495,0.10127490682823571,-0.1,-0.010063632228208885
2006-05-23,dev,0.03020412350596271,0.10114129877173408,0.7,0.024233694775508907
2006-05-24,dev,0.03148185193349108,0.10100804277862244,0.7,0.023868539752386897
2006-05-25,dev,0.03275621791778913,0.10087513745917688,0.7,0.041958958249502465
2006-05-26,dev,0.034027234714217786,0.10074258143097824,0.7,0.03695592012211529
2006-05-29,dev,0.03529491550855608,0.10061037331886409,0.7,0.025441752082078217
2006-05-30,dev,0.03677770941570957,0.10004163975837627,0.6,0.015910320783687315
2006-05-31,dev,0.03907181409476038,0.09832623667519846,0.6,0.025662444564050813
2006-06-01,dev,0.040763659217948056,0.09667265118063392,0.7,0.011299873107696479
2006-06-02,dev,0.04132882965046551,0.09585935034427058,0.7,0.02303803431095275
2006-06-05,dev,0.04278458702620428,0.09463644993553244,0.5,0.0013626334286246378
2006-06-06,dev,0.04334565424430339,0.09382791837380168,-0.5,-0.005060155934096033
2006-06-07,dev,0.04334565424430339,0.09382791837380168,0.6,0.06472513236702854
2006-06-08,dev,0.04334565424430339,0.09382791837380168,0.9,0.07607071570836965
2006-06-09,dev,0.044742665173535145,0.09255850243160366,0.9,0.10150464996226527
2006-06-12,dev,0.044742665173535145,0.09255850243160366,0.9,0.08713280365054488
2006-06-13,dev,0.04700854961384293,0.09086618448586202,0.6,0.07848346391231409
2006-06-14,dev,0.04749369109499093,0.0899974250138686,0.6,0.10991578101775579
2006-06-15,dev,0.04770487325133094,0.08885821373248985,0.6,0.09044343747880895
2006-06-16,dev,0.04770487325133094,0.08885821373248985,0.6,0.07176359966410711
2006-06-19,dev,0.04770487325133094,0.08885821373248985,0.6,0.06453290820931368
2006-06-20,dev,0.04770487325133094,0.08885821373248985,0.6,0.05871990631679924
2006-06-21,dev,0.04770487325133094,0.08885821373248985,0.3,0.0265525887361045
2006-06-22,dev,0.04770487325133094,0.08885821373248985,0.6,0.04258388042897465
2006-06-23,dev,0.04770487325133094,0.08885821373248985,0.6,0.05184307835340596
2006-06-26,dev,0.04770487325133094,0.08885821373248985,0.3,0.023081449541331622
2006-06-27,dev,0.04770487325133094,0.08885821373248985,0.3,0.013582951806093979
2006-06-28,dev,0.04770487325133094,0.08885821373248985,0.3,0.019810054220551543
2006-06-29,dev,0.04770487325133094,0.08885821373248985,0.3,0.020591278937296564
2006-06-30,dev,0.04770487325133094,0.08885821373248985,0.1,-0.004164839329448167
2006-07-03,dev,0.04770487325133094,0.08885821373248985,-0.6,-0.04255706414185062
2006-07-04,dev,0.04770487325133094,0.08885821373248985,-0.3,-0.03447832946652862
2006-07-05,dev,0.04770487325133094,0.08885821373248985,-0.5,-0.05942063852585683
2006-07-06,dev,0.04770487325133094,0.08885821373248985,-0.5,-0.07759756654175332
2006-07-07,dev,0.04770487325133094,0.08885821373248985,-0.5,-0.09901973752124477
2006-07-10,dev,0.04770487325133094,0.08885821373248985,-0.5,-0.11056491950157121
2006-07-11,dev,0.04770487325133094,0.08885821373248985,-0.5,-0.0871394498239279
2006-07-12,dev,0.04770487325133094,0.08885821373248985,-0.6,-0.09950059344572076
2006-07-13,dev,0.04770487325133094,0.08885821373248985,-0.8,-0.055869328497832826
2006-07-14,dev,0.04770487325133094,0.08885821373248985,-0.6,-0.06267553150529886
2006-07-17,dev,0.04770487325133094,0.08885821373248985,-0.8,-0.09846891447457667
2006-07-18,dev,0.04770487325133094,0.08885821373248985,-0.8,-0.1027025751889532
2006-07-19,dev,0.04770487325133094,0.08885821373248985,-0.7,-0.057482725066381635
2006-07-20,dev,0.04770487325133094,0.08885821373248985,-0.9,-0.08827050354857857
2006-07-21,dev,0.04770487325133094,0.08885821373248985,-0.9,-0.11122311905268062
2006-07-24,dev,0.04770487325133094,0.08885821373248985,-0.9,-0.08458353699530075
2006-07-25,dev,0.04770487325133094,0.08885821373248985,-0.9,-0.08122887843257143
2006-07-26,dev,0.04770487325133094,0.08885821373248985,-0.9,-0.07613956160268859
2006-07-27,dev,0.04770487325133094,0.08885821373248985,-0.9,-0.07090504362826155
2006-07-28,dev,0.04770487325133094,0.08885821373248985,-0.9,-0.0470792150591795
2006-07-31,dev,0.04770487325133094,0.08885821373248985,-0.5,-0.03043268993027315
2006-08-01,dev,0.04770487325133094,0.08885821373248985,-0.5,-0.05095985299672634
2006-08-02,dev,0.04770487325133094,0.08885821373248985,-0.5,-0.04437677144745489
2006-08-03,dev,0.04770487325133094,0.08885821373248985,-0.3,-0.02619306430735968
2006-08-04,dev,0.04770487325133094,0.08885821373248985,-0.3,-0.030544776323107703
2006-08-07,dev,0.04770487325133094,0.08885821373248985,-0.5,-0.05870801496777456
2006-08-08,dev,0.04770487325133094,0.08885821373248985,-0.3,-0.029540848466045877
2006-08-09,dev,0.04770487325133094,0.08885821373248985,-0.2,-0.047178947161779894
2006-08-10,dev,0.04770487325133094,0.08885821373248985,-0.6,-0.03932992492881948
2006-08-11,dev,0.04770487325133094,0.08885821373248985,-0.1,0.03767682307454956
2006-08-14,dev,0.04770487325133094,0.08885821373248985,-0.2,-0.06151331503643265
2006-08-15,dev,0.04770487325133094,0.08885821373248985,0.6,0.07444393264301619
2006-08-16,dev,0.04770487325133094,0.08885821373248985,0.2,-0.008167901454879667
2006-08-17,dev,0.04770487325133094,0.08885821373248985,0.7,0.06928047454495456
2006-08-18,dev,0.04770487325133094,0.08885821373248985,0.7,0.09222397628590778
2006-08-21,dev,0.04770487325133094,0.08885821373248985,-0.2,-0.05286928348010872
2006-08-22,dev,0.04770487325133094,0.08885821373248985,0.5,0.06926885740449734
2006-08-23,dev,0.04771124673864793,0.08751768768490237,0.5,0.059880037908827066
2006-08-24,dev,0.04771124673864793,0.08751768768490237,-0.2,-0.054342078397333016
2006-08-25,dev,0.04771124673864793,0.08751768768490237,0.7,0.07723116013830233
2006-08-28,dev,0.04934959070110989,0.08522863314484981,0.7,0.04587330462066719
2006-08-29,dev,0.05001962664985735,0.08370183592055157,0.3,0.029767888846207735
2006-08-30,dev,0.050231309752480885,0.08258145432050669,0.4,0.040800764253202226
2006-08-31,dev,0.05077951974789657,0.08158652813672715,0.2,-0.0005919412410929636
2006-09-01,dev,0.05078487390624768,0.08081780057294792,0.5,0.0534121972623568
2006-09-04,dev,0.04992501191272539,0.08077518343180042,0.7,0.06974604128700651
2006-09-05,dev,0.050021261897452665,0.08019085627355452,0.1,-0.05334784660671238
2006-09-06,dev,0.05011241536648554,0.07981657705665982,-0.3,-0.07660345653465966
2006-09-07,dev,0.04989375611297452,0.0793772511732929,-0.5,-0.06518861670927445
2006-09-08,dev,0.04893182704604007,0.07928990987037556,-0.5,-0.052219269899048404
2006-09-11,dev,0.047825814743453515,0.07942068572745184,0.3,0.03328724994806814
2006-09-12,dev,0.04795790307055122,0.07997575684773728,0.6,0.05405244065264109
2006-09-13,dev,0.048373987163336775,0.0803511057576002,0.6,0.06654661987130372
2006-09-14,dev,0.04868312652738167,0.08093727546650625,0.6,0.040152338851959624
2006-09-15,dev,0.04908281337650474,0.08164213125444678,0.2,0.011189715265773725
2006-09-18,dev,0.04864933795659879,0.08162827186211803,-0.4,-0.004933538310401442
2006-09-19,dev,0.048904212212349925,0.08247431202431789,-0.7,-0.014309853872332301
2006-09-20,dev,0.049000414219666805,0.08316018520759941,0.2,0.013129407845475671
2006-09-21,dev,0.04801788002662851,0.08350236510843156,-0.3,-0.0023214707047946037
2006-09-22,dev,0.04756931736872317,0.08427008935458448,-0.3,0.01366229880710279
2006-09-25,dev,0.04818111083971134,0.08525547547210599,-0.3,0.015324256802457692
2006-09-26,dev,0.048670820134252585,0.0858557830501285,0.3,0.029827767938795546
2006-09-27,dev,0.049155333468686224,0.08617937420639007,0.6,0.03885549469087651
2006-09-28,dev,0.04884271699005551,0.0868240675888162,0.2,0.03001508301573902
2006-09-29,dev,0.04893815218179729,0.08749847351915602,0.4,0.012203627189166177
2006-10-02,dev,0.0493320172774851,0.08818541364787252,-0.1,0.001529024728156303
2006-10-03,dev,0.04841097725588825,0.08830955688081268,-0.2,-0.00878918551172625
2006-10-04,dev,0.04726855822477395,0.08861545422969222,-0.3,-0.01962834762701171
2006-10-05,dev,0.04584049366877514,0.08921397292888261,-0.3,-0.017857370679720153
2006-10-06,dev,0.045181269537784785,0.08903444736490511,-0.3,-0.013831714572988818
2006-10-09,dev,0.04486595286754707,0.08949377433750266,-0.3,-0.011749894991427312
2006-10-10,dev,0.044998436344127944,0.09002254171739583,-0.3,-0.01699784919741132
2006-10-11,dev,0.04513059107759076,0.09054999701942329,-0.2,-0.0173060967794213
2006-10-12,dev,0.04526241829002887,0.09107614512119787,-0.5,-0.015886651273757657
2006-10-13,dev,0.04521890169573553,0.09108843962106038,-0.3,-0.004754031545154747
2006-10-16,dev,0.04569989617366841,0.0901642689212004,0.1,0.000856412032107623
2006-10-17,dev,0.045780650760010935,0.08895556131896573,0.3,0.001547964904175303
2006-10-18,dev,0.045970810253525105,0.08909248417800524,0.3,0.0007833897817538515
2006-10-19,dev,0.04610079096936454,0.08838566032452433,0.4,0.014750203696869746
2006-10-20,dev,0.04623045192944546,0.08768057527511104,0.3,0.018644924566731058
2006-10-23,dev,0.04651917373297194,0.0869202183030286,0.3,0.027368911893631664
2006-10-24,dev,0.04627037720078424,0.08731203398609236,0.3,0.014933620600742215
2006-10-25,dev,0.046622170039181975,0.08802202740849503,0.3,0.017541018174139333
2006-10-26,dev,0.046809903001190326,0.08815908735046749,0.3,0.032400620131688096
2006-10-27,dev,0.04760471937523495,0.08801426813573215,0.5,0.09198801744184126
2006-10-30,dev,0.04844199485015326,0.087988202688273,0.5,0.11138649661568334
2006-10-31,dev,0.04822278128166145,0.08749903254702958,0.8,0.09009000075968365
2006-11-01,dev,0.04708135415599696,0.08752779269144381,0.6,0.08975065854273212
2006-11-02,dev,0.045942704225285416,0.08755648285983757,0.9,0.12217193324138087
2006-11-03,dev,0.04480682136609444,0.08758510330728748,0.9,0.12298542720939554
2006-11-06,dev,0.0436736955041345,0.08761365428763192,0.6,0.14239513425774752
2006-11-07,dev,0.042543316613961144,0.08764213605347856,0.6,0.14605013588452997
2006-11-08,dev,0.04125454986021783,0.08802827560619035,0.6,0.15444861931365284
2006-11-09,dev,0.03999547543475202,0.08792183270944767,0.5,0.1351179656818482
2006-11-10,dev,0.03887363441503749,0.0879498390843289,0.6,0.10955977956570662
2006-11-13,dev,0.03823023377701513,0.08826793137933979,0.6,0.177587410833137
2006-11-14,dev,0.037800219858390625,0.0888897719492389,0.6,0.18884941682858836
2006-11-15,dev,0.03737124087097822,0.08951011591126821,0.6,0.16734808835206505
2006-11-16,dev,0.03743198708136417,0.09015538455365088,0.8,0.1788396762211083
2006-11-17,dev,0.037004480111661076,0.09077271975154037,0.9,0.18292528541421776
2006-11-20,dev,0.0363181995175781,0.0914390170257767,0.9,0.19553506308129415
2006-11-21,dev,0.03563356270934922,0.0921037183783981,0.8,0.19263522449386206
2006-11-22,dev,0.034950563788221374,0.09276682953639602,0.9,0.19789423327156896
2006-11-23,dev,0.03421187334960542,0.09335293049672688,0.9,0.17633805371115308
2006-11-24,dev,0.03459221858006005,0.09366270167330668,0.9,0.17486270121248348
2006-11-27,dev,0.03497165714727164,0.09397173442038328,0.7,0.17590701200968184
2006-11-28,dev,0.035146474438546536,0.09483388928200405,0.7,0.18963223580938554
2006-11-29,dev,0.03592216234052211,0.09494407490711462,0.9,0.22046453757142304
2006-11-30,dev,0.036551300586740686,0.09561108391145967,0.9,0.2026350981798774
2006-12-01,dev,0.037178946215530514,0.0962765104507885,0.7,0.2223732857537668
2006-12-04,dev,0.03794946879110453,0.09638459515404586,0.7,0.198290232585757
2006-12-05,dev,0.038718167644606186,0.09649242403552036,0.7,0.19174397065371052
2006-12-06,dev,0.03961802796653927,0.09661477341609304,0.7,0.20883345315663504
2006-12-07,dev,0.04075189097956579,0.09650070638726649,0.6,0.19623109025592816
2006-12-08,dev,0.04151456563642951,0.09660801687501734,0.7,0.2689336405254198
2006-12-11,dev,0.04187985867060138,0.09707668292640777,0.6,0.26238280389993346
2006-12-12,dev,0.041806821166045366,0.0979012748264706,0.6,0.2585625049719198
2006-12-13,dev,0.04173395531249887,0.09872392879022303,0.6,0.23106414855858837
2006-12-14,dev,0.04156760090485509,0.09966439366253498,0.7,0.1787331836517913
2006-12-15,dev,0.04177008403894754,0.10038493448389861,0.6,0.2129393040535582
2006-12-18,dev,0.04197209297366272,0.10110378785603187,0.5,0.20150830350374294
2006-12-19,dev,0.04247339840327729,0.10153593340859106,0.5,0.17589895411270284
2006-12-20,dev,0.04235506087078308,0.10251682188660466,0.6,0.17640114931480222
2006-12-21,dev,0.04223699950522585,0.10349542124331601,0.6,0.21606645658805357
2006-12-22,dev,0.04211921334098693,0.10447173948264574,0.6,0.27070254864220755
2006-12-25,dev,0.04294328876201023,0.10464115538545989,0.6,0.2298774182750707
2006-12-26,dev,0.04376544772856603,0.10481017729780238,0.6,0.22990605148634746
2006-12-27,dev,0.04432949687720403,0.10530332664438552,0.6,0.17145625671672032
2006-12-28,dev,0.04489223732712129,0.10579533179294874,0.6,0.1905231613217065
2006-12-29,dev,0.04570927992581524,0.10596242874336248,0.6,0.17429166406940877
2007-01-02,dev,0.0465244312221974,0.10612913889527988,0.5,0.1633774688663041
2007-01-03,dev,0.04733769777569775,0.10629546359019863,0.6,0.08157238453424365
2007-01-04,dev,0.04814908611544868,0.1064614041634201,0.5,0.06871010530168858
2007-01-05,dev,0.04906483718470179,0.10615649511958443,0.3,0.02444797202760618
2007-01-08,dev,0.05016038460730006,0.10603419500999967,-0.1,-0.019593010229777996
2007-01-09,dev,0.05089380188623297,0.10612794162103534,-0.3,-0.02926196795663516
2007-01-10,dev,0.05191711529853412,0.10593834222904362,-0.3,-0.02590866418551513
2007-01-11,dev,0.052938078967064206,0.10574917819730906,0.1,0.0024177763779174577
2007-01-12,dev,0.0536418961547931,0.10581903770243445,0.4,0.04450464489951489
2007-01-15,dev,0.05396227580791858,0.10607964972492118,0.4,0.03175423525743726
2007-01-16,dev,0.05485400470668907,0.10576758300136099,0.3,0.017456006266965807
2007-01-17,dev,0.05569357005469346,0.10540610425988575,0.7,0.05563834120601241
2007-01-18,dev,0.0553896660754193,0.10618700332375636,0.7,0.07762850976205038
2007-01-19,dev,0.05508645514968966,0.10696612154597615,0.7,0.05636862391737307
2007-01-22,dev,0.05478393490944004,0.10774346501142554,0.2,0.016385503617321606
2007-01-23,dev,0.05448210299738212,0.10851903977729481,0.2,0.0011096712922155083
2007-01-24,dev,0.05418095706694251,0.10929285187324168,0.2,-0.001392896016152556
2007-01-25,dev,0.05567271653977411,0.10845190771973241,0.5,0.02955840607296123
2007-01-26,dev,0.057161093338064135,0.10761287046906556,0.5,0.02287233678522982
2007-01-29,dev,0.05864609895447808,0.10677573364252256,-0.8,-0.07318407914788178
2007-01-30,dev,0.05947282699209805,0.10641679467257685,0.2,-0.018067058777702816
2007-01-31,dev,0.0609518645351935,0.1055829011787452,0.5,0.02862610735700355
2007-02-01,dev,0.06236815980511339,0.10469148647502678,0.9,0.06603674341986066
2007-02-02,dev,0.06248574549492348,0.10476135702766673,0.9,0.09501109805141089
2007-02-05,dev,0.06297844172747424,0.10408031946344638,0.7,0.12329303795387714
2007-02-06,dev,0.06272012327033798,0.10377576717308631,0.9,0.12424063000889302
2007-02-07,dev,0.06188087534945469,0.10401398482085161,0.9,0.11419862981787615
2007-02-08,dev,0.06127979220032363,0.10448794868690418,0.9,0.10514971384004079
2007-02-09,dev,0.0608570688080764,0.10513786189052401,0.9,0.11270423478109398
2007-02-12,dev,0.06043529216474797,0.10578631952145935,1.0,0.10064262925393863
2007-02-13,dev,0.05936686695862939,0.10690430256214534,0.9,0.06913080311673431
2007-02-14,dev,0.05944020006817282,0.10748318043637758,0.9,0.05913125316091877
2007-02-15,dev,0.06095985679976967,0.1067170749130992,0.8,0.01585668400337803
2007-02-16,dev,0.062476125222042996,0.1059526775403744,0.8,0.032865847043931806
2007-02-20,dev,0.062476125222042996,0.1059526775403744,0.5,0.026274012734071706
2007-02-21,dev,0.062476125222042996,0.1059526775403744,0.8,0.0441175573402402
2007-02-22,dev,0.062476125222042996,0.1059526775403744,0.9,0.04739054389558195
2007-02-23,dev,0.061527406057864185,0.10718271499944912,0.8,0.05452134041891471
2007-02-26,dev,0.06058079750361681,0.10841001600144023,0.8,0.05238372364618016
2007-02-27,dev,0.0594608539274432,0.10834803996026905,0.7,0.1169980042610903
2007-02-28,dev,0.057759250082322494,0.10992181104740935,0.6,0.09791861829372062
2007-03-01,dev,0.05681996745006878,0.11114199342517218,0.6,0.12658120447519006
2007-03-02,dev,0.05681996745006878,0.11114199342517218,0.9,0.09534149368749834
2007-03-05,dev,0.05611590617003432,0.11259261428691501,0.9,0.12588530022733313
2007-03-06,dev,0.05587916873307398,0.1133995973055776,0.9,0.1248746207127287
2007-03-07,dev,0.05587916873307398,0.1133995973055776,0.5,0.09670107352415946
2007-03-08,dev,0.05587916873307398,0.1133995973055776,0.6,0.09684533119415262
2007-03-09,dev,0.05587916873307398,0.1133995973055776,0.9,0.10525050674358849
2007-03-12,dev,0.055177702946163344,0.11484451778543768,0.9,0.13202838492092728
2007-03-13,dev,0.055177702946163344,0.11484451778543768,0.6,0.11295800342833484
2007-03-14,dev,0.055177702946163344,0.11484451778543768,0.9,0.1668262631519023
2007-03-15,dev,0.05622055316366206,0.11471775783203213,0.9,0.1595946078550724
2007-03-16,dev,0.05720307561998948,0.11453324919170202,0.9,0.1618093980028985
2007-03-19,dev,0.05818343392993733,0.11434914695806868,0.9,0.15952954103162986
2007-03-20,dev,0.05818343392993733,0.11434914695806868,0.9,0.16695530818272952
2007-03-21,dev,0.05818343392993733,0.11434914695806868,1.0,0.17957269000516363
2007-03-22,dev,0.05806152522490179,0.11526555980085698,1.0,0.1202461994559928
2007-03-23,dev,0.05806152522490179,0.11526555980085698,1.0,0.1571477943249372
2007-03-26,dev,0.05806152522490179,0.11526555980085698,1.0,0.18771855307267815
2007-03-27,dev,0.05806152522490179,0.11526555980085698,0.7,0.17638493664343713
2007-03-28,dev,0.05806152522490179,0.11526555980085698,0.7,0.15344038973765872
2007-03-29,dev,0.05806152522490179,0.11526555980085698,0.6,0.165800012732363
2007-03-30,dev,0.05806152522490179,0.11526555980085698,0.7,0.17614777127167236
2007-04-02,dev,0.05806152522490179,0.11526555980085698,0.7,0.18621161150885068
2007-04-03,dev,0.05806152522490179,0.11526555980085698,0.9,0.1790001052507102
2007-04-04,dev,0.05806152522490179,0.11526555980085698,0.7,0.17757166883819342
2007-04-05,dev,0.05806152522490179,0.11526555980085698,0.9,0.16091864432112646
2007-04-06,dev,0.05806152522490179,0.11526555980085698,0.9,0.14931968399821638
2007-04-09,dev,0.05806152522490179,0.11526555980085698,0.9,0.1220350743640668
2007-04-10,dev,0.05806152522490179,0.11526555980085698,0.9,0.1509225239566211
2007-04-11,dev,0.0579398844510861,0.1161799585494853,0.9,0.14483165783657814
2007-04-12,dev,0.05897397897967986,0.11605242840837719,0.9,0.16137652979483813
2007-04-13,dev,0.06000580575711442,0.11592517793863116,0.9,0.1582514761457569
2007-04-16,dev,0.061035372234927006,0.11579820622128327,0.9,0.15266673475198544
2007-04-17,dev,0.06206268583204415,0.11567151234139127,0.9,0.1033819162567231
2007-04-18,dev,0.0625734498526713,0.11612368748058743,0.9,0.1299978516989208
2007-04-19,dev,0.06250513822619458,0.1170886179527702,0.9,0.20641964026853094
2007-04-20,dev,0.0630143057577973,0.11753826151520544,0.9,0.15865531844481645
2007-04-23,dev,0.06294566272320275,0.11849954881202984,0.9,0.12435493910850276
2007-04-24,dev,0.06270535760942113,0.11928693261436484,0.9,0.12874729816565367
2007-04-25,dev,0.06246557489806077,0.12007260471278171,0.9,0.1478561632911065
2007-04-26,dev,0.06246557489806077,0.12007260471278171,1.0,0.13823513754143596
2007-04-27,dev,0.062226312887485126,0.12085657068286328,1.0,0.15566640319758485
2007-04-30,dev,0.061987569883440015,0.12163883607600322,0.9,0.14728050527807224
2007-05-01,dev,0.061293165833272635,0.1230466516724311,1.0,0.16206565775571385
2007-05-02,dev,0.061055949488385865,0.12382485363291322,1.0,0.08850725101717116
2007-05-03,dev,0.06036405400956485,0.12522726204150353,1.0,0.10195962732372443
2007-05-04,dev,0.05967365290542811,0.12662664149024805,1.0,0.06622728348203549
2007-05-07,dev,0.058984741339811624,0.1280230017816059,-0.1,-0.018648500544240887
2007-05-08,dev,0.058297314497396904,0.12941635267578405,-0.1,-0.019156129270675892
2007-05-09,dev,0.057611367583598784,0.13080670389096505,-0.2,-0.02001637085089042
2007-05-10,dev,0.056926895824453996,0.1321940651035328,0.3,-0.0025988630950204983
2007-05-11,dev,0.05624389446651039,0.13357844594829693,0.6,0.024046347110669775
2007-05-14,dev,0.055562358776716864,0.13495985601871607,0.6,0.029418943273228526
2007-05-15,dev,0.05550280640932488,0.13588701587292967,0.9,0.10134137903038637
2007-05-16,dev,0.054823523566894065,0.1372629961895314,0.9,0.08924197070973244
2007-05-17,dev,0.054764888782330545,0.13818570956259071,0.7,0.0439491413559836
2007-05-18,dev,0.05470637928576823,0.13910645132587854,0.9,0.05274174505121115
2007-05-21,dev,0.054647994676071565,0.14002522779191282,0.9,0.07480260814818229
2007-05-22,dev,0.054589734553815626,0.14094204524629245,0.9,0.06486220850299224
2007-05-23,dev,0.05453159852127695,0.1418569099478406,0.7,0.03304335267591013
2007-05-24,dev,0.05453159852127695,0.1418569099478406,0.7,0.03527301687656975
2007-05-25,dev,0.05453159852127695,0.1418569099478406,0.1,-0.0033552167998611715
2007-05-28,dev,0.05447358618242453,0.14276982812874714,-0.8,-0.059117578401229165
2007-05-29,dev,0.05441569714291079,0.14368080599471023,-0.6,-0.05549269426174114
2007-05-30,dev,0.05441569714291079,0.14368080599471023,0.9,0.03317660186751903
2007-05-31,dev,0.0543579310100627,0.14458984972507677,0.0,-0.01897789739603306
2007-06-01,dev,0.054300287392872806,0.14549696547298233,0.0,-0.00419398837079854
2007-06-04,dev,0.054300287392872806,0.14549696547298233,0.7,0.03972674602382659
2007-06-05,dev,0.054300287392872806,0.14549696547298233,0.7,0.033819060580419946
2007-06-06,dev,0.05301618249431881,0.14623489799171635,0.7,0.02149273453452416
2007-06-07,dev,0.05089937339003633,0.14825224897685457,-0.6,-0.07706887359589765
2007-06-08,dev,0.05089937339003633,0.14825224897685457,-0.6,-0.049875172316199146
2007-06-11,dev,0.05089937339003633,0.14825224897685457,-0.6,-0.043584796952786276
2007-06-12,dev,0.0502335734515468,0.1495977039267511,-0.9,-0.07863201963496491
2007-06-13,dev,0.0502335734515468,0.1495977039267511,-0.9,-0.09098010015509017
2007-06-14,dev,0.0502335734515468,0.1495977039267511,-0.9,-0.07839112569225326
2007-06-15,dev,0.0502335734515468,0.1495977039267511,-0.9,-0.07695879974863395
2007-06-18,dev,0.0502335734515468,0.1495977039267511,-0.9,-0.12585883364182365
2007-06-19,dev,0.0502335734515468,0.1495977039267511,-0.7,-0.11039196134486207
2007-06-20,dev,0.0502335734515468,0.1495977039267511,-0.9,-0.0964036444428461
2007-06-21,dev,0.0502335734515468,0.1495977039267511,-1.0,-0.11664515099980344
2007-06-22,dev,0.0502335734515468,0.1495977039267511,-1.0,-0.04914931339229628
2007-06-25,dev,0.0502335734515468,0.1495977039267511,0.6,0.033476871859727586
2007-06-26,dev,0.0502335734515468,0.1495977039267511,0.6,0.028450942630437792
2007-06-27,dev,0.0502335734515468,0.1495977039267511,0.6,0.035596480503378714
2007-06-28,dev,0.0502335734515468,0.1495977039267511,0.7,0.11571482627719443
2007-06-29,dev,0.0502335734515468,0.1495977039267511,0.7,0.15321002828540414
2007-07-02,dev,0.0499693352536043,0.15049570001552962,0.7,0.1786286779743565
2007-07-03,dev,0.04982872062429319,0.15130389723773544,0.7,0.1703979212550647
2007-07-04,dev,0.04960983394624641,0.1520318228077251,0.7,0.15075884415120883
2007-07-05,dev,0.04960983394624641,0.1520318228077251,0.7,0.2455970274218745
2007-07-06,dev,0.04960983394624641,0.1520318228077251,0.7,0.24386236796107102
2007-07-09,dev,0.04960983394624641,0.1520318228077251,0.6,0.22730017761841248
2007-07-10,dev,0.04960983394624641,0.1520318228077251,0.6,0.23394567320656967
2007-07-11,dev,0.04960983394624641,0.1520318228077251,0.6,0.21455414326716432
2007-07-12,dev,0.04960983394624641,0.1520318228077251,0.7,0.26725801243773123
2007-07-13,dev,0.05016703135095673,0.1503759444346865,0.7,0.2532266442874115
2007-07-16,dev,0.05072305694198732,0.14872354845570263,0.5,0.13630239430665309
2007-07-17,dev,0.05072305694198732,0.14872354845570263,0.5,0.12887624320023816
2007-07-18,dev,0.05127791441202836,0.14707462389684273,0.7,0.2936345665792932
2007-07-19,dev,0.051224107576338926,0.14587097791164141,0.3,0.13611295745452195
2007-07-20,dev,0.051170413543240034,0.14466985529328538,0.6,0.20161985337187255
2007-07-23,dev,0.05199861757425015,0.14435303373083996,0.6,0.21524597782075378
2007-07-24,dev,0.05199861757425015,0.14435303373083996,0.6,0.2225543926598441
2007-07-25,dev,0.05199861757425015,0.14435303373083996,0.6,0.19388277205693683
2007-07-26,dev,0.05199861757425015,0.14435303373083996,0.6,0.18326353665282064
2007-07-27,dev,0.05199861757425015,0.14435303373083996,0.7,0.17952216860714432
2007-07-30,dev,0.05122852432750324,0.14557838565547737,0.6,0.17625891384081638
2007-07-31,dev,0.05122852432750324,0.14557838565547737,0.6,0.18177581456576003
2007-08-01,dev,0.050580816934287044,0.14657364253116265,0.9,0.19867392560551744
2007-08-02,dev,0.04983212436267854,0.1472905106844008,0.7,0.18494533389932954
2007-08-03,dev,0.04915451005156,0.1481796759495891,1.0,0.13632195228825328
2007-08-06,dev,0.04826997410358962,0.1490669887871416,1.0,0.15034978400680243
2007-08-07,dev,0.04690532491645078,0.15071920014663803,0.8,0.12632090787871997
2007-08-08,dev,0.0455435128378091,0.15236797655528306,0.7,0.15035731580685774
2007-08-09,dev,0.04478572048147099,0.15357609856683957,0.6,0.10334719978929119
2007-08-10,dev,0.04414939976418691,0.15455583209082238,0.7,0.09770699922397735
2007-08-13,dev,0.043412802804154924,0.15525922846516696,0.7,0.10795623758416328
2007-08-14,dev,0.042746744002080235,0.1561337013135467,0.4,0.01871940483055401
2007-08-15,dev,0.04211450595142618,0.15710775044940267,0.9,0.028753859151235517
2007-08-16,dev,0.04124455294941024,0.15797850690555,0.7,0.059029422543078525
2007-08-17,dev,0.03989842039245848,0.15960788110406146,0.7,0.1112939599516336
2007-08-20,dev,0.03880614589397424,0.16079769307219755,0.7,0.06883901967370909
2007-08-21,dev,0.03880614589397424,0.16079769307219755,0.7,0.039089608038686885
2007-08-22,dev,0.03880614589397424,0.16079769307219755,-0.1,0.019171721094745076
2007-08-23,dev,0.03880614589397424,0.16079769307219755,-0.1,0.013270522384278616
2007-08-24,dev,0.03880614589397424,0.16079769307219755,-0.1,0.003953500604576998
2007-08-27,dev,0.03880614589397424,0.16079769307219755,-0.1,-0.0014972785631938157
2007-08-28,dev,0.03880614589397424,0.16079769307219755,-0.9,-0.03300116581774615
2007-08-29,dev,0.03880614589397424,0.16079769307219755,-0.7,-0.022368440727193573
2007-08-30,dev,0.04022967471548297,0.16003585469784817,-0.9,-0.0303653514168305
2007-08-31,dev,0.040188286161248934,0.16090001534116316,0.3,-0.00546947582921109
2007-09-03,dev,0.04014698268112432,0.161762399703608,-0.6,-0.010560604946007746
2007-09-04,dev,0.04107842152955502,0.16154228268240575,0.6,0.009546285231032847
2007-09-05,dev,0.04249377969370825,0.16078280611717144,0.3,0.002521093989996115
2007-09-06,dev,0.043414561139296905,0.1605577996258508,-0.5,-0.00977216060885977
2007-09-07,dev,0.04439366598971727,0.1603934620622624,-0.6,-0.019763968954775613
2007-09-10,dev,0.04537076858072983,0.16022946056731122,-0.6,-0.019999887607100475
2007-09-11,dev,0.04656618789219978,0.15960513998230186,0.6,0.04202056416073752
2007-09-12,dev,0.04753907953720774,0.1594422775945648,0.6,0.03249833369299826
2007-09-13,dev,0.04850998771301079,0.15927974724023805,0.8,0.04300874849171221
2007-09-14,dev,0.049478918479087156,0.15911754790496285,0.5,0.022396677609723303
2007-09-17,dev,0.05044587787025797,0.15895567857850817,0.5,0.021834799800442672
2007-09-18,dev,0.051410871896812586,0.15879413825474953,0.9,0.07133079058865144
2007-09-19,dev,0.05269240958036514,0.15759779106551905,0.9,0.06884056239015557
2007-09-20,dev,0.053971347795999734,0.15640387054401522,0.3,0.009589948897551825
2007-09-21,dev,0.05524769444483467,0.1552123693143483,0.7,0.04420388485475063
2007-09-24,dev,0.05652145739599989,0.15402328003049037,0.3,0.0007978561790454863
2007-09-25,dev,0.056523785072456686,0.152915899089521,0.3,0.01837764898843186
2007-09-26,dev,0.057689444194393064,0.15095388940941995,0.9,0.06054240595446986
2007-09-27,dev,0.05821543604527769,0.1493676063408141,-0.1,0.007793813405642613
2007-09-28,dev,0.0599076000263441,0.14794368950505035,-0.3,-0.03394591239197009
2007-10-01,dev,0.0599076000263441,0.14794368950505035,-0.1,0.0034029181597367564
2007-10-02,dev,0.06069531167098816,0.1476356951179938,0.3,0.029538772579846995
2007-10-03,dev,0.06069531167098816,0.1476356951179938,0.3,0.024851342668151366
2007-10-04,dev,0.05984001087030253,0.14769896536011803,0.3,0.04184627446777961
2007-10-05,dev,0.05984001087030253,0.14769896536011803,0.3,0.027261232753592546
2007-10-08,dev,0.05984001087030253,0.14769896536011803,-0.3,-0.009481811891609682
2007-10-09,dev,0.06062620710375739,0.14739183601117106,-0.3,-0.028290394753035963
2007-10-10,dev,0.06062620710375739,0.14739183601117106,0.3,0.0036812771009815948
2007-10-11,dev,0.06062620710375739,0.14739183601117106,-0.6,-0.05692164981638842
2007-10-12,dev,0.06062620710375739,0.14739183601117106,-0.6,-0.03157212993872599
2007-10-15,dev,0.06062620710375739,0.14739183601117106,-0.6,-0.05733264615668077
2007-10-16,dev,0.06156935348216728,0.14724385224007552,-0.6,-0.11059402004052338
2007-10-17,dev,0.06251060789191434,0.14709616532709652,-0.7,-0.04899701657855232
2007-10-18,dev,0.06418829476302783,0.14568308510659156,-0.7,-0.014881578435101517
2007-10-19,dev,0.06554651732240312,0.1449577292972546,-0.7,-0.056409978110192494
2007-10-22,dev,0.06721781291034387,0.14354961367322047,-0.7,-0.015282081873176423
2007-10-23,dev,0.06888576924636065,0.14214431146701662,-0.7,-0.011222627878193225
2007-10-24,dev,0.06981502496567567,0.14200245087673016,-0.6,-0.02551834505951983
2007-10-25,dev,0.07126716929718914,0.14039159677762444,-0.7,-0.029186730862208632
2007-10-26,dev,0.07208735821432866,0.139150904790899,-0.7,-0.020584238525731602
2007-10-29,dev,0.0735343516782683,0.13754609373088184,-0.6,-0.031049983126160197
2007-10-30,dev,0.0735343516782683,0.13754609373088184,-0.6,-0.08071968367522986
2007-10-31,dev,0.0735343516782683,0.13754609373088184,-0.6,-0.11919335995065328
2007-11-01,dev,0.0735343516782683,0.13754609373088184,-0.6,-0.10049475444115535
2007-11-02,dev,0.0735343516782683,0.13754609373088184,-0.8,-0.10236440914594891
2007-11-05,dev,0.0735343516782683,0.13754609373088184,-0.8,-0.0778071657514548
2007-11-06,dev,0.07435065634072059,0.13631069686047867,-0.2,0.000581571813970394
2007-11-07,dev,0.07547893405616125,0.13539134792197716,-1.0,-0.06686290267594497
2007-11-08,dev,0.07547893405616125,0.13539134792197716,-0.9,-0.051631720186723185
2007-11-09,dev,0.07547893405616125,0.13539134792197716,-0.6,-0.05229290929757463
2007-11-12,dev,0.07547893405616125,0.13539134792197716,-0.7,-0.03722135332720872
2007-11-13,dev,0.07547893405616125,0.13539134792197716,0.6,0.019147671833440127
2007-11-14,dev,0.07547893405616125,0.13539134792197716,-0.9,-0.0398997511276965
2007-11-15,dev,0.0755606957652743,0.13442160922050903,-1.0,-0.07231557385461201
2007-11-16,dev,0.0755606957652743,0.13442160922050903,-0.5,-0.02754453260748596
2007-11-19,dev,0.07564229540955261,0.13345379269684363,-0.7,-0.046219945834964804
2007-11-20,dev,0.07572373347037693,0.1324878926415419,0.0,-0.03714485562057934
2007-11-21,dev,0.07481589074374165,0.13251302305123583,-1.0,-0.04692591064672069
2007-11-22,dev,0.07554482761059567,0.13120866235652118,-0.6,-0.020810193178605663
2007-11-23,dev,0.07627232531285569,0.129906876905034,-0.6,-0.03136470733019947
2007-11-26,dev,0.07675183978493375,0.12885420740118286,-0.6,-0.04183739384724244
2007-11-27,dev,0.07723040940090918,0.1278036121229551,0.0,0.007201916980678402
2007-11-28,dev,0.07770803695071143,0.12675508494566873,0.7,0.06514853792042863
2007-11-29,dev,0.07818472521329677,0.12570861976873102,0.6,0.07544077122713072
2007-11-30,dev,0.07823071271308724,0.12472560540746506,0.7,0.10462407689615855
2007-12-03,dev,0.07827660995281925,0.12374452041687874,0.7,0.09357485185679049
2007-12-04,dev,0.07855637441721487,0.12299931634160373,0.7,0.10625599862081264
2007-12-05,dev,0.07823188506641715,0.1220716227661704,0.9,0.12018924978556433
2007-12-06,dev,0.07752094227442297,0.12145756588920299,0.6,0.16657829526172435
2007-12-07,dev,0.07646764712068452,0.12133883904082646,0.8,0.16672040879561156
2007-12-10,dev,0.07566054980904323,0.12097620345582565,0.8,0.18093885419955819
2007-12-11,dev,0.07552240872051337,0.12161936792096122,0.9,0.15131026957001575
2007-12-12,dev,0.07520513541766687,0.12076983637327997,0.6,0.1457607294867202
2007-12-13,dev,0.07488580495207298,0.11984973349056419,0.6,0.22181484816537356
2007-12-14,dev,0.07490916613295724,0.11941245716453219,0.9,0.1977532765701397
2007-12-17,dev,0.0751353888166884,0.11862361348185753,0.8,0.21415702934073377
2007-12-18,dev,0.0754038480039036,0.11802834250322902,0.8,0.19208904598784676
2007-12-19,dev,0.07508556371607514,0.11711446843273529,0.9,0.18764049651716525
2007-12-20,dev,0.0743313173333108,0.11699033715422584,0.8,0.19775648214494346
2007-12-21,dev,0.07357853125332048,0.11686644620733017,0.9,0.1721727647040897
2007-12-24,dev,0.07282720123924888,0.11674279489476118,0.8,0.1467875443862694
2007-12-25,dev,0.07203219911244768,0.11687154581756816,0.8,0.14954131729757997
2007-12-26,dev,0.07196266996272524,0.11772398641040835,0.8,0.14500463834833283
2007-12-27,dev,0.07165219487115077,0.11833370291338771,0.8,0.14247693708754905
2007-12-28,dev,0.07158316578167953,0.11918309240961758,0.1,0.10312833723824427
2007-12-31,dev,0.07151426956822267,0.12003084689238022,0.1,0.09697013522887221
2008-01-02,dev,0.07144550584748399,0.12087697107806063,-0.2,0.06112134842200173
2008-01-03,dev,0.07173710478519053,0.12184154651410475,-0.2,0.02823480638994952
2008-01-04,dev,0.07142833597061742,0.12244438572090505,-0.2,-0.028001548233679674
2008-01-07,dev,0.07147969902337808,0.12316591555242862,-0.2,0.012771940175682117
2008-01-08,dev,0.07153096367948597,0.12388606314289564,-0.2,0.0009012277361024612
2008-01-09,dev,0.0713851846895457,0.12454079495623335,-0.2,0.0240865852133178
2008-01-10,dev,0.07125390433522104,0.12516763911040502,-0.2,0.01530333242687898
2008-01-11,dev,0.070947071570813,0.12576442264516108,-0.2,0.0018398948781201407
2008-01-14,dev,0.07113382690964491,0.1265350036668101,-0.2,0.004802748746686458
2008-01-15,dev,0.07087535805653752,0.1271770103363365,-0.2,-0.02850426477636664
2008-01-16,dev,0.0706173815250551,0.12781779413601618,-0.2,-0.03945160813813131
2008-01-17,dev,0.07099794370751854,0.12814393156813617,-0.2,-0.02837815019654294
2008-01-18,dev,0.07120770485101582,0.12853701401594844,-0.2,-0.0447419853888566
2008-01-21,dev,0.07167426923387336,0.12930525996655057,-0.2,-0.012037416040734716
2008-01-22,dev,0.07183627110597048,0.12972883901379062,0.9,0.03621103542521187
2008-01-23,dev,0.07204464114915599,0.13011930140967015,-0.2,0.018430281970086337
2008-01-24,dev,0.07225261655210817,0.13050902429343622,0.1,0.029824351652311454
2008-01-25,dev,0.07307468263918114,0.13032990172607084,-0.2,-0.017189949997559628
2008-01-28,dev,0.07395079352515545,0.1292615369796379,-0.5,-0.015472208132724874
2008-01-29,dev,0.07482524981077852,0.12819518991922274,-0.4,-0.01644288662358795
2008-01-30,dev,0.07571655414410539,0.12683488739081208,-0.2,0.006404865521053293
2008-01-31,dev,0.07660617835616303,0.1254771490518989,0.8,0.043179522316519336
2008-02-01,dev,0.07749412719305672,0.12412196765901004,0.9,0.10362808073695606
2008-02-04,dev,0.07838040538303244,0.12276933599592905,0.6,0.07479047044662956
2008-02-05,dev,0.07926501763656084,0.12141924687356814,-0.2,0.03756913830367553
2008-02-06,dev,0.08014796864642064,0.12007169312984078,-0.2,0.02077267675923239
2008-02-07,dev,0.08102926308778166,0.11872666762953504,-0.2,0.0471475139696419
2008-02-08,dev,0.08177337811769002,0.1175610381378485,-0.2,0.03712511151966558
2008-02-11,dev,0.0825160996737596,0.11639759147292543,-0.4,0.03708967409456748
2008-02-12,dev,0.08325743166658114,0.11523632150896572,-0.4,0.016954817289302093
2008-02-13,dev,0.0839973779921264,0.11407722214306949,-0.4,0.04191039835211091
2008-02-14,dev,0.0847359425318163,0.11292028729513011,-0.4,0.010208538002638101
2008-02-15,dev,0.08547312915258885,0.11176551090772795,-0.4,0.036744198602212175
2008-02-18,dev,0.08620894170696668,0.11061288694602456,-0.4,0.022327018833743717
2008-02-19,dev,0.08673970619327305,0.11088815427661486,-0.4,-0.06362544423525901
2008-02-20,dev,0.0874729715828607,0.10973849087728776,-0.4,-0.045389116284708986
2008-02-21,dev,0.08837913053120376,0.10876522090435349,-0.9,-0.08338593356144924
2008-02-22,dev,0.08910951202560376,0.1076196635961786,-0.9,-0.059171831292752275
2008-02-25,dev,0.0895776386378249,0.10644724275796322,-0.6,-0.06832520263801678
2008-02-26,dev,0.09024763155845714,0.1052480330797816,-0.1,-0.05410147914893493
2008-02-27,dev,0.09097425412182894,0.10410891453063366,0.2,-0.05553760241736938
2008-02-28,dev,0.09181516600515749,0.10401260656159514,0.2,-0.0691376280517435
2008-02-29,dev,0.09246155567724958,0.10425163128994613,-0.5,-0.08702979086203616
2008-03-03,dev,0.09341496144301388,0.10380910900805329,-0.5,-0.13119761801086594
2008-03-04,dev,0.0941359808512768,0.10267552126911597,-0.6,-0.18925502156210683
2008-03-05,dev,0.09485567119150602,0.10154402309283107,-0.6,-0.18797839123818216
2008-03-06,dev,0.09557403613516026,0.10041460870692606,-0.6,-0.1957318101082804
2008-03-07,dev,0.0964060747403717,0.09940226776055355,-0.6,-0.19506366550557513
2008-03-10,dev,0.09706424930402946,0.0982194531762148,-0.6,-0.16598266027971287
2008-03-11,dev,0.09772121509897526,0.09703881088679679,-0.6,-0.12233787523880546
2008-03-12,dev,0.09837697545209546,0.09586033491350615,-0.5,-0.12305515938106576
2008-03-13,dev,0.09903153367807888,0.09468401929946994,-0.6,-0.11289278036599026
2008-03-14,dev,0.09968489307947258,0.09350985810963526,-0.6,-0.1106696169711765
2008-03-17,dev,0.10033705694673747,0.09233784543066945,-0.6,-0.1285186928892903
2008-03-18,dev,0.10098802855830352,0.0911679753708608,0.0,-0.020815205473939058
2008-03-19,dev,0.1019612510588591,0.089867060933688,0.1,-0.020276297762912343
2008-03-20,dev,0.1021723569733431,0.08872058855449061,-0.2,-0.007277838474889664
2008-03-21,dev,0.10238307800922278,0.08757620637106202,-0.2,-0.03817300725943479
2008-03-24,dev,0.10152288826316894,0.0876402487485402,-0.2,-0.026244575998381814
2008-03-25,dev,0.100424811788048,0.0883746405532324,-0.1,-0.026628283587336432
2008-03-26,dev,0.0999507413849871,0.08882061576038497,-0.2,-0.052314785594133106
2008-03-27,dev,0.09947753214523784,0.0892657808400041,-0.9,-0.0860744636796108
2008-03-28,dev,0.09867086134999667,0.08937581762307983,-0.7,-0.07064283745835409
2008-03-31,dev,0.09786565323978767,0.08948565488343016,-0.7,-0.054924005248612684
2008-04-01,dev,0.09701423030826803,0.08954761963158112,-0.7,-0.02073277115319444
2008-04-02,dev,0.09616434841372852,0.08960947222634177,-0.4,-0.0213738979640401
2008-04-03,dev,0.09531600337614116,0.08967121297192565,-0.4,-0.049230700991266196
2008-04-04,dev,0.09446919103058196,0.08973284217144704,-0.4,-0.04486752757776302
2008-04-07,dev,0.09362390722716275,0.08979436012692597,-0.4,-0.04334612605637139
2008-04-08,dev,0.09282760642334158,0.0899032257316713,-0.7,-0.05064626443365078
2008-04-09,dev,0.09293364129664439,0.0891109942812729,-0.9,-0.06347908014460224
2008-04-10,dev,0.09293823677314271,0.0885189704781571,-0.7,-0.05311409288134611
2008-04-11,dev,0.09294282398439553,0.08792801146605408,-0.7,-0.05991160050341898
2008-04-14,dev,0.09294740295268113,0.08733811437490724,-0.4,-0.06662885608203456
2008-04-15,dev,0.09319039124772933,0.08668847186975594,-0.5,-0.07135302815595285
2008-04-16,dev,0.09355031510715332,0.08602924306238248,-0.4,-0.06015096609413334
2008-04-17,dev,0.09374219861305401,0.08533180853248097,-0.4,-0.055681474346670645
2008-04-18,dev,0.09416468237943136,0.08466762100777361,-0.9,-0.18202413791152805
2008-04-21,dev,0.09458641036089571,0.08400462165395121,-0.5,-0.07619411053729702
2008-04-22,dev,0.09510667958914126,0.08324351228010787,-0.9,-0.09003619656518014
2008-04-23,dev,0.09552681341598718,0.08258296837935271,-0.1,-0.026645872859740627
2008-04-24,dev,0.09505413701299037,0.08192360296905386,0.9,0.03137800789724271
2008-04-25,dev,0.09487038902000988,0.08105835119377941,0.6,0.04064489881374489
2008-04-28,dev,0.0946869682718967,0.08019464038337631,0.7,0.04234904338593459
2008-04-29,dev,0.09371304748161921,0.08012329283855125,0.7,0.05018427447327417
2008-04-30,dev,0.09282166618688806,0.08013288021461396,0.2,0.009302129126247616
2008-05-01,dev,0.09193186816266266,0.0801424505615895,0.2,0.0011474361256458288
2008-05-02,dev,0.09104364919438089,0.08015200392480823,-0.4,-0.03156736832777324
2008-05-05,dev,0.09015700508242584,0.08016154034943969,0.2,0.0003477980056919572
2008-05-06,dev,0.0899787339431933,0.07930321401707624,0.7,0.052911071582946834
2008-05-07,dev,0.08912141835670563,0.07904531629482997,0.6,0.04957322004724979
2008-05-08,dev,0.08815844628035134,0.07897542653683277,0.3,0.04985421986109073
2008-05-09,dev,0.08798241310244367,0.07812042272461923,0.7,0.05647001802890478
2008-05-12,dev,0.0871023836918582,0.07813171016344049,0.7,0.051142070555355135
2008-05-13,dev,0.08651785109975112,0.07784903295657304,0.7,0.06870413864487152
2008-05-14,dev,0.08564066276478137,0.07786053961556204,0.2,-0.013168117149709835
2008-05-15,dev,0.08476501877547178,0.0778720260163486,0.2,-0.012086071455930825
2008-05-16,dev,0.08386592904919608,0.07730881403216536,0.6,0.09015712150908872
2008-05-19,dev,0.08320641007229286,0.07694796855996369,0.4,-0.0065900190130625536
2008-05-20,dev,0.08231026748223817,0.076386556822861,0.6,0.08472511204803257
2008-05-21,dev,0.08171174970374498,0.07667042826424444,0.3,0.0755938172932682
2008-05-22,dev,0.08257498801834877,0.07724594351846802,0.6,0.1102964227539241
2008-05-23,dev,0.08302807471885809,0.07770369663272506,0.6,0.08795464173483158
2008-05-26,dev,0.08371367278705391,0.07810232273657511,0.3,0.07172606284833216
2008-05-27,dev,0.08439807225722838,0.0785002519416422,0.7,0.07186188979431751
2008-05-28,dev,0.08467916564390329,0.07873191111025211,0.2,-0.008541753550095288
2008-05-29,dev,0.0845567967772371,0.07871168741430562,0.7,0.09169708659949594
2008-05-30,dev,0.08397832758351585,0.07827597309957741,0.7,0.11981321976927894
2008-06-02,dev,0.08385678238914383,0.07825618179509654,-0.5,-0.12078562060206305
2008-06-03,dev,0.08453807906823653,0.07865224546049102,-0.1,-0.014206877075002955
2008-06-04,dev,0.08527616189803228,0.07881573626153987,-0.1,-0.021057710957181286
2008-06-05,dev,0.08589712092331635,0.0785734984368122,-0.1,-0.019627321952013055
2008-06-06,dev,0.08657487226510745,0.07896825523793766,-0.1,-0.01832162571448187
2008-06-09,dev,0.08725144797577662,0.07936232729179316,-0.1,-0.009982432815051456
2008-06-10,dev,0.08792685111155729,0.07975571637848426,-0.1,-0.005977771112012864
2008-06-11,dev,0.08780262391963772,0.07973476385829124,0.3,0.04006338200237064
2008-06-12,dev,0.08767861165365572,0.07971384758813317,0.3,0.05163416021605999
2008-06-13,dev,0.08840951461102795,0.0798754317014249,0.2,0.00393070767801279
2008-06-16,dev,0.08884590535834139,0.07994138556005925,0.0,-0.0164586821507422
2008-06-17,dev,0.08957453989498936,0.0801024945170106,0.1,-0.00591412480620751
2008-06-18,dev,0.0901869756364592,0.07986102684932352,1.0,0.08165823409286221
2008-06-19,dev,0.09091319988942809,0.08002192748654775,0.1,0.020361735965926164
2008-06-20,dev,0.091638174186712,0.08018255118635854,0.0,0.011741439653738805
2008-06-23,dev,0.09224725572223502,0.0799416375567916,0.0,-0.024916441984054405
2008-06-24,dev,0.09291256449452405,0.08033114932292264,0.6,0.021674865727335346
2008-06-25,dev,0.09318152366663175,0.08055725992436219,0.4,0.035132520840811365
2008-06-26,dev,0.09384488999853574,0.08094557559623952,0.7,0.005390411751812596
2008-06-27,dev,0.0945071194558349,0.08133322577424903,0.0,-0.01946861024364427
2008-06-30,dev,0.09397559299271031,0.0808580396130328,0.2,-0.02119772621615912
2008-07-01,dev,0.0934199632676904,0.08040867906208542,-0.4,-0.042434306823093126
2008-07-02,dev,0.09286528333707227,0.07996008664883197,-0.3,-0.04803555110343222
2008-07-03,dev,0.09231155076756532,0.0795122604053706,0.0,-0.0017447280098914497
2008-07-04,dev,0.09175876313418381,0.07906519837051582,-0.3,-0.014761904657734248
2008-07-07,dev,0.09120691802021132,0.07861889858976988,0.0,0.015893815982403914
2008-07-08,dev,0.09065601301716551,0.0781733591152944,0.0,0.01867986852953507
2008-07-09,dev,0.09040864619757644,0.0787876796607282,-0.5,-0.10861431657731596
2008-07-10,dev,0.09016170006985741,0.07940095544332962,-0.6,-0.09008056815994708
2008-07-11,dev,0.09013819820063917,0.08013001155595212,-0.6,-0.16039812162636424
2008-07-14,dev,0.0898494560969035,0.08069866180081124,-0.6,-0.2296076956371388
2008-07-15,dev,0.08977324790682978,0.08147839151938562,-0.8,-0.22680359685259976
2008-07-16,dev,0.09070352481538331,0.08209790135708105,-0.3,0.00221771910757812
2008-07-17,dev,0.090626722508173,0.08287512582671942,-0.3,-0.015495822936129888
2008-07-18,dev,0.09033854423193935,0.08343952927356653,-0.4,-0.004029773310131879
2008-07-21,dev,0.09005085315482021,0.08400297853030908,0.2,0.043938109508039225
2008-07-22,dev,0.08997479669100703,0.08477662466330713,0.2,0.04764183922992049
2008-07-23,dev,0.08981448040687959,0.08538018869312712,0.4,0.07280305989994901
2008-07-24,dev,0.08994954408275913,0.08594057639237405,0.1,0.04785682698858801
2008-07-25,dev,0.08955784269768519,0.08639471238530382,0.1,0.037513554352318346
2008-07-28,dev,0.08900631541792571,0.08687465425750951,0.2,0.047107976608549096
2008-07-29,dev,0.08816687284054234,0.08687804739178333,0.7,0.1463169034850958
2008-07-30,dev,0.08742221177262609,0.0867880641417045,0.7,0.1547134597328832
2008-07-31,dev,0.08736726283073305,0.08637380597987822,0.7,0.13164290278247814
2008-08-01,dev,0.08686067660647613,0.08634743957800337,0.7,0.11761133939648405
2008-08-04,dev,0.08741653521787053,0.08522728246184409,0.6,0.13464459155788777
2008-08-05,dev,0.0878403124860353,0.08433678894385095,0.7,0.10449867196869611
2008-08-06,dev,0.08794297859758629,0.08360556679058369,0.5,0.11476042713761925
2008-08-07,dev,0.08839752372197662,0.08239149771079926,0.5,0.10273005050053663
2008-08-08,dev,0.0888513093724749,0.08117945715078058,0.7,0.08511123059160897
2008-08-11,dev,0.08930433745093563,0.0799694400307619,0.6,0.07993556007775626
2008-08-12,dev,0.08927375133041555,0.07911261112243546,0.6,0.06343743011416486
2008-08-13,dev,0.0895118565376402,0.07810918394650011,0.6,0.037296900939815136
2008-08-14,dev,0.08962947300244586,0.07740365525942496,0.7,0.06420746448687742
2008-08-15,dev,0.08986484700128564,0.07653993814712469,0.6,0.09089461621189543
2008-08-18,dev,0.09051749467626378,0.07554115183112542,0.6,0.039754316571792625
2008-08-19,dev,0.09116905821889147,0.07454402462860786,0.5,0.08878587828132051
2008-08-20,dev,0.09176767310833638,0.07391162294841815,0.7,0.19483067875441468
2008-08-21,dev,0.09235818214276349,0.07313495900066722,0.9,0.21749098505844383
2008-08-22,dev,0.09294771270323134,0.07235958198572116,0.7,0.12681966334165756
2008-08-25,dev,0.09359510698079489,0.07136839027877935,0.0,0.08382147051219885
2008-08-26,dev,0.0943448215325064,0.07089579442246935,0.3,0.06639322079741061
2008-08-27,dev,0.09509329688661176,0.07042397971633509,0.3,0.054291633709792675
2008-08-28,dev,0.09584053611296468,0.06995294422523984,0.1,0.016811659045196603
2008-08-29,dev,0.09658654227128732,0.06948268602043353,-0.1,0.04764539798842271
2008-09-01,dev,0.09729898890892474,0.0691182740619601,-0.3,-0.023007962388624292
2008-09-02,dev,0.09791250313812488,0.0689312781715943,-0.3,0.00041914887130101164
2008-09-03,dev,0.09868723826827829,0.06835812404931962,-0.3,-0.01031719624525429
2008-09-04,dev,0.09946069916302025,0.06778591261474604,0.1,-0.03768505876399958
2008-09-05,dev,0.10006371693965979,0.06759326464491743,-0.2,-0.08267576806714444
2008-09-08,dev,0.10041772866631032,0.06776868068379681,0.2,-0.05176401242540585
2008-09-09,dev,0.10028407999636256,0.06848216002696023,0.2,-0.03376444595044126
2008-09-10,dev,0.10063733075046391,0.06865655989579059,-0.5,-0.17064449584464947
2008-09-11,dev,0.1013227219619705,0.0685491425658186,-0.7,-0.2546748323736346
2008-09-12,dev,0.1011886608147021,0.06926023164718864,-0.7,-0.21691579166658914
2008-09-15,dev,0.10105481890070807,0.06997015786824572,-0.7,-0.13504214761790434
2008-09-16,dev,0.10120203718591991,0.07034702048436643,-0.5,-0.1783514184749211
2008-09-17,dev,0.10127248450250283,0.07085081883499143,-0.5,-0.12750302255049223
2008-09-18,dev,0.10196261169381615,0.0707500990978117,-0.6,-0.1440901639309965
2008-09-19,dev,0.10201534523495132,0.07123576867203245,-0.7,-0.1564695907545816
2008-09-22,dev,0.10138938268454283,0.07185636929472079,-0.2,-0.027118384531030104
2008-09-23,dev,0.10220620430798481,0.07106988173459063,-0.6,-0.05935292420918897
2008-09-24,dev,0.10302169776618542,0.07028467301602165,-0.9,-0.06809592065237563
2008-09-25,dev,0.10336555974157738,0.06984278115286784,-1.0,-0.0764818769185911
2008-09-26,dev,0.10287581496905986,0.07019193473959441,-0.6,-0.08174754630924952
2008-09-29,dev,0.10211652125591923,0.07067569364626682,1.0,0.05677211031228652
2008-09-30,dev,0.10135845816467996,0.07115866850284736,1.0,0.05809223742284436
2008-10-01,dev,0.1005172772268948,0.07155651573482885,1.0,0.0825628832098575
2008-10-02,dev,0.10086177440508799,0.07111538246115479,0.7,0.10359463449681972
2008-10-03,dev,0.10138257979297045,0.07031288932460496,0.7,0.12450479177762885
2008-10-06,dev,0.10117447593207145,0.07033182075487587,0.6,0.09470252780589888
2008-10-07,dev,0.10096670799346606,0.07035072162593732,0.6,0.15545197406937294
2008-10-08,dev,0.10039652467568051,0.07034286302834064,0.0,0.05592885520741686
2008-10-09,dev,0.09950982320535362,0.07028618062461112,-0.3,0.008120933319938461
2008-10-10,dev,0.09862454959568748,0.07022958949689405,-0.2,0.049195282917092076
2008-10-13,dev,0.09758985567002723,0.07082674992368657,-0.6,-0.023324843321681443
2008-10-14,dev,0.09697550155239323,0.07103776807755285,-0.9,-0.031052320252216492
2008-10-15,dev,0.09703147839184244,0.07031136558645976,-0.7,-0.03752160853501679
2008-10-16,dev,0.09708032530873673,0.06957908899838243,-0.7,-0.09830608836320687
2008-10-17,dev,0.09641439615184652,0.06957675345521346,-0.7,-0.10885664102986842
2008-10-20,dev,0.09701190485938342,0.06859320258157779,-0.6,-0.13613232435711003
2008-10-21,dev,0.09706065012117904,0.0678640604953172,-0.6,-0.04701759614303985
2008-10-22,dev,0.09604966826774876,0.06807643591358761,-0.6,-0.11333081358099228
2008-10-23,dev,0.0951735294441934,0.06802201829894845,-0.7,-0.11635233196338113
2008-10-24,dev,0.09440528647605374,0.06839367270392799,-0.1,-0.0760926499152112
2008-10-27,dev,0.0951280276680122,0.06833908876721297,-0.3,-0.05466648085036857
2008-10-28,dev,0.0958496161626948,0.06828459188621838,-0.1,-0.06249703410976504
2008-10-29,dev,0.09657005471555322,0.06823018185284291,-0.6,-0.09493685321964235
2008-10-30,dev,0.09662586411997288,0.06870664402228066,-0.3,-0.0824704808093758
2008-10-31,dev,0.0972948172909196,0.06860226323944671,-0.1,-0.06067782250694137
2008-11-03,dev,0.09784503896573647,0.06838038042622817,-0.6,-0.1517578161243498
2008-11-04,dev,0.09839438657911596,0.06815885008769305,-0.5,-0.18160746786146376
2008-11-05,dev,0.09826961045531367,0.06805807042142366,-0.5,-0.1518891951550838
2008-11-06,dev,0.0977820980628166,0.06804767151938054,-0.5,-0.185767868043005
2008-11-07,dev,0.09726439786185116,0.06834592569760958,-0.5,-0.18683235764442485
2008-11-10,dev,0.09604372577768149,0.06912756435941318,0.1,-0.05394610828487445
2008-11-11,dev,0.09521824148430307,0.06911451373804291,0.1,-0.0362478587334219
2008-11-12,dev,0.09410282036559278,0.06960075564521898,0.3,-0.01108693381909065
2008-11-13,dev,0.09388038527841618,0.06900272977188153,0.3,0.04810525403689275
2008-11-14,dev,0.09306635182515775,0.0689975973884783,0.3,0.04449999102317925
2008-11-17,dev,0.09229709370764859,0.06903596447162898,0.6,0.06953204374649863
2008-11-18,dev,0.09152904797487939,0.06907427108656349,0.2,0.029599181938550156
2008-11-19,dev,0.09076221176294919,0.06911251737612016,0.0,-0.05143548814300175
2008-11-20,dev,0.08995030091924251,0.06910442218496017,-0.7,-0.09675232530179856
2008-11-21,dev,0.08889302712859506,0.06989791821512059,-0.5,-0.016732612924070578
2008-11-24,dev,0.08800684589261461,0.07033590176749846,-0.6,-0.03962842449361237
2008-11-25,dev,0.0869527573473423,0.07112718549652634,-0.5,-0.02592346763329012
2008-11-26,dev,0.08626536405984593,0.0712365181477365,0.6,0.04773841071630047
2008-11-27,dev,0.08538332561914502,0.07167242289871176,0.7,0.04407824675138683
2008-11-28,dev,0.08433376783809299,0.07246080108951074,0.6,0.05039322698721305
2008-12-01,dev,0.08365003743742896,0.07256883357362652,0.3,0.03284912585288141
2008-12-02,dev,0.08365003743742896,0.07256883357362652,0.3,0.026389010767198517
2008-12-03,dev,0.08365003743742896,0.07256883357362652,0.3,0.04878975106040334
2008-12-04,dev,0.08365003743742896,0.07256883357362652,0.3,0.09782606900969104
2008-12-05,dev,0.08365003743742896,0.07256883357362652,0.3,0.03386689565592249
2008-12-08,dev,0.0839712692255979,0.07200517408814937,0.3,0.0383942096299148
2008-12-09,dev,0.0843939479215154,0.07126532629589301,0.0,-0.007565747648036636
2008-12-10,dev,0.08476717668972655,0.07086816366802735,0.1,0.01096348371220418
2008-12-11,dev,0.08473355694711886,0.07097539078945116,-0.3,-0.0033356820952797905
2008-12-12,dev,0.08459665698776095,0.07162863749116702,0.3,0.005123872696132348
2008-12-15,dev,0.08453077174088575,0.07235166814732655,-0.3,-0.020994027866375387
2008-12-16,dev,0.08465364603713738,0.07274342371745125,0.3,0.013551056824030239
2008-12-17,dev,0.08439341769651751,0.0732700618016523,-0.3,-0.011149961193816005
2008-12-18,dev,0.0835508431683928,0.07321313090670152,-0.1,-0.0015697946768481463
2008-12-19,dev,0.08275663138068912,0.07346214198048466,0.5,0.01272277904439012
2008-12-22,dev,0.08283348285503939,0.07277040888493595,0.7,0.03530604329970821
2008-12-23,dev,0.0825265334007864,0.07281579084030665,0.2,0.02442860177499484
2008-12-24,dev,0.08297900445676307,0.07288848710353388,0.2,0.03316008557253991
2008-12-25,dev,0.08330177612514018,0.07321906876986241,0.2,0.05470291672037686
2008-12-26,dev,0.08375294773422103,0.07329134069398988,-0.5,-0.07561209836133354
2008-12-29,dev,0.08362382386940839,0.07394309906027478,0.2,0.038343268562317345
2008-12-30,dev,0.08349489942369198,0.07459385084993223,-0.5,-0.082666851157291
2008-12-31,dev,0.08336617393545354,0.0752435983930007,-0.6,-0.12351230657044493
2009-01-02,dev,0.08323180595947471,0.07588650302730902,-0.8,-0.13196933481411788
2009-01-05,dev,0.08310348150701491,0.07653425353858742,-0.5,-0.01858796203063734
2009-01-06,dev,0.0828855419523521,0.07709119406704117,0.3,0.06737637360269993
2009-01-07,dev,0.08262947615085028,0.07760881622545114,0.2,0.09002886344162053
2009-01-08,dev,0.08225850806772127,0.07801034672796808,-0.6,-0.1281612858839437
2009-01-09,dev,0.08158089016597954,0.07810404077810021,0.3,0.038927901752062066
2009-01-12,dev,0.08136478817813152,0.07865806684043475,0.1,0.039821680639136936
2009-01-13,dev,0.08072723849394584,0.07917289961126263,0.3,0.07567827956136969
2009-01-14,dev,0.08124009118475507,0.07853751807899347,0.2,0.09922565680637774
2009-01-15,dev,0.08124169397353652,0.07777549343523722,0.8,0.10046252646636888
2009-01-16,dev,0.08114765544205971,0.07787538466698787,0.5,0.08406894523043296
2009-01-19,dev,0.08172272094503469,0.07768842591214561,0.5,0.08547157991293508
2009-01-20,dev,0.08236056964306496,0.07756541463693899,0.5,0.08262529636404581
2009-01-21,dev,0.08288371177896854,0.07698958784960722,0.9,0.11213236024161816
2009-01-22,dev,0.0834060558338105,0.07641463951656582,0.9,0.10477349720871976
2009-01-23,dev,0.0840094048766201,0.07549892713888551,0.5,0.1051618568387015
2009-01-26,dev,0.0841057620060282,0.07484015134958664,0.5,0.11672579193714644
2009-01-27,dev,0.08462598347153107,0.07426815148039542,0.5,0.09520478876805571
2009-01-28,dev,0.08472172516911124,0.0736113135825316,0.5,0.11860870219935843
2009-01-29,dev,0.08472172516911124,0.0736113135825316,0.5,0.08046004637612819
2009-01-30,dev,0.08394216726959958,0.07360007666446872,0.5,0.06580555308088204
2009-02-02,dev,0.08383624644740888,0.07312235788525837,0.5,0.09903869036132923
2009-02-03,dev,0.08434168176876895,0.07249783409323617,0.9,0.10188370943896663
2009-02-04,dev,0.0848597523418607,0.0719297783609686,0.5,0.08043519900348939
2009-02-05,dev,0.0848597523418607,0.0719297783609686,0.5,0.1105634053844814
2009-02-06,dev,0.08536364646887444,0.07130710428645272,0.9,0.1305962081537252
2009-02-09,dev,0.08585100681724521,0.07098501967558737,0.9,0.1284273952980146
2009-02-10,dev,0.08635338880906272,0.07036400226282219,0.9,0.06073393880912353
2009-02-11,dev,0.08686837246655911,0.06979927688184674,0.9,0.052989145876835175
2009-02-12,dev,0.08752657863035576,0.06952626635046569,0.9,0.04086529499087782
2009-02-13,dev,0.08808945165277311,0.06897064904252824,0.9,0.03685635162454881
2009-02-16,dev,0.08865147569627277,0.06841586976974603,0.5,0.03773885128763366
2009-02-17,dev,0.08923168246559424,0.06805222449174216,-0.5,-0.01034113979371687
2009-02-18,dev,0.08986425870567506,0.0682215596336379,-0.1,-0.039783611150844445
2009-02-19,dev,0.09059924923085264,0.06872201995997325,0.0,-0.002976203233645891
2009-02-20,dev,0.09117668277172106,0.06835896474636319,0.0,-0.018780352700937475
2009-02-23,dev,0.09173427604787554,0.06780672911044056,-0.5,-0.07297148983532714
2009-02-24,dev,0.09230999044918033,0.06744490618007129,-0.1,-0.04376357930752989
2009-02-25,dev,0.09299092819077884,0.06739430985135406,-0.5,-0.04588486104140738
2009-02-26,dev,0.09356483743395357,0.06703333854401315,0.0,-0.039995428305075076
2009-02-27,dev,0.09413788688799994,0.06667290801765703,-0.1,-0.050996731841393694
2009-03-02,dev,0.09471007848358216,0.06631301705795713,-0.1,-0.06793641726742439
2009-03-03,dev,0.09533429901522716,0.06648251315060584,0.0,-0.05505962998369107
2009-03-04,dev,0.09590474113747725,0.0661233024426148,-0.5,-0.04791197106968237
2009-03-05,dev,0.09647433121772249,0.06576462827040866,-0.5,-0.10877944335577455
2009-03-06,dev,0.09714860410487344,0.06571555018960984,-0.8,-0.21165547672714685
2009-03-09,dev,0.09776914424297044,0.06588498623937843,-0.8,-0.19184125437485477
2009-03-10,dev,0.09844144741417538,0.06583589161475892,-0.1,-0.06407020223643234
2009-03-11,dev,0.09916238949850335,0.06633291130330589,-0.5,-0.07642172457527235
2009-03-12,dev,0.09983265557774554,0.06628355645858616,-0.5,-0.0823260535121152
2009-03-13,dev,0.10018650310204283,0.06679752835532757,0.0,-0.07721841544480346
2009-03-16,dev,0.10011207033599376,0.06749084371316165,0.0,-0.07556086737752366
2009-03-17,dev,0.09954282108803335,0.06719327565299349,0.0,-0.03377015189386734
2009-03-18,dev,0.09952142958181602,0.06692612241220545,-0.1,-0.02822842291297667
2009-03-19,dev,0.09963484976190752,0.06652458527568975,0.3,-0.09239662994613085
2009-03-20,dev,0.0995610461694913,0.0661049374347448,-0.6,-0.12955379014037205
2009-03-23,dev,0.09903875034992794,0.06601114691065833,0.4,-0.0025789851194781277
2009-03-24,dev,0.09908877099809121,0.0653459512891761,0.4,-0.04549253653808588
2009-03-25,dev,0.0983996194058285,0.06542083725767386,-0.2,-0.04339630052368154
2009-03-26,dev,0.09832694612709451,0.06500324432026051,0.0,-0.03833262464246756
2009-03-27,dev,0.0983773813452049,0.06434026529616192,-0.8,-0.06889217572771811
2009-03-30,dev,0.09812046587223647,0.06410845094122375,-0.8,-0.09286788073965696
2009-03-31,dev,0.09804815897034094,0.0639138242271919,-0.8,-0.09695492162717417
2009-04-01,dev,0.0971240714121168,0.06424216745056557,-0.8,-0.09288991054265394
2009-04-02,dev,0.09620134380614906,0.06457002746095412,-0.8,-0.058285813026230315
2009-04-03,dev,0.09620134380614906,0.06457002746095412,-0.8,-0.04440581753081885
2009-04-06,dev,0.09477611835985196,0.06537394268844027,-0.8,-0.04588991909212803
2009-04-07,dev,0.09481144607807188,0.06522094409509305,-0.6,-0.07286423871987613
2009-04-08,dev,0.09389244887456517,0.06554736331497081,0.1,-0.03671975884288248
2009-04-09,dev,0.09297480016291984,0.06587330356313931,0.3,0.020057270094565816
2009-04-10,dev,0.09290663681969188,0.06567838178633349,-0.1,0.007863599484697281
2009-04-13,dev,0.0927954791887531,0.06558717159497957,-0.7,-0.025088172299997713
2009-04-14,dev,0.09314586944661533,0.06512083503346891,-0.3,-0.01751078910050674
2009-04-15,dev,0.09337034210978533,0.06463427992371511,0.3,0.01253010432882351
2009-04-16,dev,0.09369804410142046,0.06443474219472603,0.1,-0.002059040051782479
2009-04-17,dev,0.09371553790326277,0.06374315148371712,-0.2,-0.014068112564509905
2009-04-20,dev,0.09422499128192219,0.06336207375757329,-0.5,-0.008033229448079382
2009-04-21,dev,0.0947337014754924,0.0629815519435026,-0.1,-0.00048247141348112255
2009-04-22,dev,0.0947557614598397,0.06284453915054086,0.3,0.010226003543969409
2009-04-23,dev,0.09482652870707886,0.06273991233338237,0.4,-0.0027671266317272902
2009-04-24,dev,0.09429436701488764,0.06242959481084252,0.4,-0.00442764014467123
2009-04-27,dev,0.09383184989948289,0.062172070257040704,0.4,0.006286492536485722
2009-04-28,dev,0.09337000504732726,0.06191492001218336,0.4,-0.0035467319645843265
2009-04-29,dev,0.09290883099379493,0.06165814326078259,-0.1,-0.006264115162485928
2009-04-30,dev,0.09244832627851159,0.06140173918971768,-0.2,-0.023820309089547242
2009-05-01,dev,0.09198848944533887,0.06114570698822647,-0.2,-0.033698582354051876
2009-05-04,dev,0.09168028522593404,0.06071492507494997,-0.2,-0.0182273154817556
2009-05-05,dev,0.09169908810326755,0.0600320374093081,0.0,-0.01838678213579714
2009-05-06,dev,0.09235632465312046,0.05926500988585708,0.8,0.02954351576451697
2009-05-07,dev,0.09323945492466275,0.05848491382437978,0.2,0.00914964672240215
2009-05-08,dev,0.09337852633419282,0.057926553543953416,0.5,0.01790169619459614
2009-05-11,dev,0.09331110501553996,0.05716270765691807,0.7,0.03441755176241512
2009-05-12,dev,0.09326564464417453,0.05661860058287289,0.6,0.036770440338163346
2009-05-13,dev,0.09366585084728013,0.05622125083875727,-0.2,0.011281483577932239
2009-05-14,dev,0.09348920747382015,0.056530060085161975,0.5,0.01170783580531265
2009-05-15,dev,0.09333487462403402,0.05667923661766817,-0.2,-0.0037629508510168552
2009-05-18,dev,0.09276966414422703,0.05641709881600632,0.3,0.01936847186870483
2009-05-19,dev,0.09280567239635709,0.05576033393034214,0.9,0.03317454706610168
2009-05-20,dev,0.09321067238498446,0.05531391374385729,0.8,0.06025858300946696
2009-05-21,dev,0.0935934167884221,0.05533731516106349,0.9,0.0927760414821765
2009-05-22,dev,0.0939756120607214,0.055360683003783016,0.9,0.10714366490044436
2009-05-25,dev,0.09435725938280949,0.05538401734421908,0.8,0.12928526536216295
2009-05-26,dev,0.09473835993222986,0.055407318254367975,0.8,0.14878156383133462
2009-05-27,dev,0.0947492058520279,0.05539125505802773,0.6,0.08824473708577102
2009-05-28,dev,0.094594965274967,0.05554028582246137,0.2,-0.013651925856075886
2009-05-29,dev,0.09444094519908844,0.05568910353362206,0.3,0.026758653549851352
2009-06-01,dev,0.09428714515188974,0.055837708648052514,0.5,0.07865625444740765
2009-06-02,dev,0.0939343349126664,0.056226118563364395,0.8,0.1374576994716203
2009-06-03,dev,0.09432123170400089,0.0564453840734022,0.8,0.10868197009533681
2009-06-04,dev,0.09418272761868086,0.05669025550314318,0.8,0.15886147753534552
2009-06-05,dev,0.09432932111752797,0.056863553041958614,0.9,0.1661076343210196
2009-06-08,dev,0.09471511066574584,0.05708189667939235,0.8,0.17306876928502918
2009-06-09,dev,0.0952573779107509,0.056939692526094675,0.9,0.16417635933754143
2009-06-10,dev,0.09520403366220169,0.056332073840589414,0.8,0.16325216693715017
2009-06-11,dev,0.09554533589380351,0.056119888956878604,0.8,0.1883960387362874
2009-06-12,dev,0.09549186299409324,0.055513714587157745,-0.3,-0.030018169159729047
2009-06-15,dev,0.09579741187812132,0.05581028940697275,0.8,0.1338632375711874
2009-06-16,dev,0.09633085442709845,0.05611435616490437,0.8,0.15861617512458104
2009-06-17,dev,0.096906463530968,0.056138998328320935,0.8,0.13416518968179936
2009-06-18,dev,0.09751448723409112,0.056231478291862945,0.9,0.1182426843694625
2009-06-19,dev,0.09812165093197647,0.05632382744923305,0.9,0.11455207227096476
2009-06-22,dev,0.09869477408261883,0.056348269331536846,0.8,0.09958096885237966
2009-06-23,dev,0.09916831645207373,0.05647144797661996,0.8,0.08427494530844393
2009-06-24,dev,0.09954037383381088,0.05649363614876919,0.8,0.10274887060672788
2009-06-25,dev,0.09951165955706755,0.05641231233666726,0.8,0.11637638373122583
2009-06-26,dev,0.0998124376613076,0.05670637287097991,0.8,0.12311797809448533
2009-06-29,dev,0.10015639741937545,0.056956413950565395,0.8,0.1296085694278638
2009-06-30,dev,0.10072566871541452,0.05698030746003655,0.8,0.13477011692127638
2009-07-01,dev,0.10129413934858997,0.057004167364009165,0.9,0.07183591904417441
2009-07-02,dev,0.10186181100687691,0.057027993733331075,0.2,0.04368653950132617
2009-07-03,dev,0.1023861249376901,0.05732842947147374,0.6,0.05052529324067667
2009-07-06,dev,0.10278919971090411,0.05782691953337219,0.3,0.04025334846061246
2009-07-07,dev,0.10302391976720783,0.058356143292465204,-0.1,0.0374026509764408
2009-07-08,dev,0.10342598266629717,0.058853214507871156,-0.1,0.014361083118599294
2009-07-09,dev,0.10382748245208244,0.059349589545104275,-0.6,-0.05102658741545307
2009-07-10,dev,0.10386531817943725,0.05989735418724059,-1.0,-0.09744508707869615
2009-07-13,dev,0.10426594919942903,0.060392304826044456,-0.4,-0.01673922348311896
2009-07-14,dev,0.1048283705550485,0.06041363032295784,-0.4,-0.028132081115282648
2009-07-15,dev,0.10527890940242626,0.060546023039212755,-0.9,-0.07142348784836683
2009-07-16,dev,0.10590327862126617,0.06050377180192091,-0.9,-0.06449738107086489
2009-07-17,dev,0.10652677703226947,0.06046157949243561,-0.9,-0.08673985030816639
2009-07-20,dev,0.10697519042806579,0.060593662015437394,-0.9,-0.13158136201463222
2009-07-21,dev,0.1074229792926702,0.0607255605794935,-0.9,-0.11327351202240143
2009-07-22,dev,0.10787014492990564,0.060857275568651815,-0.9,-0.17702327236455218
2009-07-23,dev,0.1083166886399683,0.060988807365891975,-0.9,-0.14058771672616482
2009-07-24,dev,0.10876261171944017,0.06112015635312902,-0.9,-0.14838584747881806
2009-07-27,dev,0.10920791546130168,0.061251322911217126,-0.9,-0.14935420382648507
2009-07-28,dev,0.10965260115494407,0.06138230741995327,-0.9,-0.18960882042746963
2009-07-29,dev,0.11027004040518336,0.06133973993907952,-0.9,-0.13629693056861913
2009-07-30,dev,0.11027062326776543,0.06137423153379333,-0.9,-0.15029113588592147
2009-07-31,dev,0.11042509882875268,0.061562568861909354,-0.9,-0.195386187828
2009-08-03,dev,0.1111221382474342,0.0609093401352392,-0.9,-0.24750054460982107
2009-08-04,dev,0.11231922201293243,0.05937489748172789,-1.0,-0.22751644120284786
2009-08-05,dev,0.11298688763182398,0.05846662045459172,-0.8,-0.12253842346712068
2009-08-06,dev,0.11298688763182398,0.05846662045459172,-0.9,-0.18079713939527364
2009-08-07,dev,0.11298688763182398,0.05846662045459172,-0.3,-0.0210671032177302
2009-08-10,dev,0.11357238309183343,0.05747834998493535,-0.7,-0.08612674502625034
2009-08-11,dev,0.1143294251433846,0.056203710899914314,-0.7,-0.07953363265142965
2009-08-12,dev,0.11425057726397536,0.05547529454756955,-0.3,-0.011251832185126431
2009-08-13,dev,0.11417183806530963,0.054747882215007475,-0.3,-0.008641077778144601
2009-08-14,dev,0.11409320732284041,0.054021471827807054,-0.3,-0.01298741398354697
2009-08-17,dev,0.11401468481263886,0.053296061317257976,0.3,0.0035911468039816485
2009-08-18,dev,0.11393627031139221,0.05257164862034102,0.1,0.0014292172684762239
2009-08-19,dev,0.11385796359640156,0.051848231679708486,0.6,0.003279535417254009
2009-08-20,dev,0.11377976444557986,0.051125808443664725,-0.1,-0.0014571120166524398
2009-08-21,dev,0.11370167263744975,0.050404376866146766,-0.3,-0.0026005250012923198
2009-08-24,dev,0.11362368795114147,0.04968393490670497,-0.1,-0.0014877473374591
2009-08-25,dev,0.11354581016639087,0.04896448053048379,-0.1,-0.00017110958852900593
2009-08-26,dev,0.11346803906353717,0.048246011708202634,-0.3,-0.017098919905752852
2009-08-27,dev,0.11339037442352107,0.047528526416136786,-0.3,-0.014262057442495868
2009-08-28,dev,0.11331281602788254,0.04681202263609839,-0.2,0.0034463574083223314
2009-08-31,dev,0.1132353636587589,0.04609649835541753,-0.2,-0.0013644978369947713
2009-09-01,dev,0.1127963970410235,0.045703391618353795,0.3,0.015130767616812424
2009-09-02,dev,0.11232122316363484,0.045274015014291215,0.5,0.0151559099924643
2009-09-03,dev,0.11174437830927131,0.04501575625007047,0.9,0.039226683430400144
2009-09-04,dev,0.1113046525344638,0.044394295839084275,0.9,0.03697983217523848
2009-09-07,dev,0.11098112323189512,0.043930564277638286,1.0,0.05717000157885671
2009-09-08,dev,0.11054251570530203,0.04367374746510528,0.6,0.08223671396858434
2009-09-09,dev,0.1101045049236431,0.043054468271818365,0.5,0.08152651419128748
2009-09-10,dev,0.10966708966989941,0.04243603106247881,0.5,0.06919436305783794
2009-09-11,dev,0.10923026873035917,0.041818434121086726,0.6,0.05185540034021335
2009-09-14,dev,0.10928340500413354,0.04132330959011518,0.6,0.06665312239531362
2009-09-15,dev,0.10916403589173815,0.04079776234254161,0.7,0.06976739096751522
2009-09-16,dev,0.11010697552842172,0.041787051995190734,0.7,0.04082932892931368
2009-09-17,dev,0.10996886104635639,0.041652880550749546,0.7,0.05480808082245098
2009-09-18,dev,0.10959819831037375,0.04124384000873821,0.5,0.0055931591244468
2009-09-21,dev,0.1094606149556306,0.041110217654199144,-0.1,0.004621943574107057
2009-09-22,dev,0.10932321765004871,0.04097677599249921,-0.8,-0.04608305814192637
2009-09-23,dev,0.10902412538587074,0.04072386375646824,-0.8,-0.06092100022430902
2009-09-24,dev,0.1087254370275188,0.04047129306295723,-0.8,-0.043867159024198465
2009-09-25,dev,0.1087254370275188,0.04047129306295723,-0.9,-0.07326806438855127
2009-09-28,dev,0.10874468767862089,0.04057629113199205,-0.8,-0.13236966980005704
2009-09-29,dev,0.10890935152810972,0.040310938827472435,-0.7,-0.06999053073496109
2009-09-30,dev,0.10929923740982933,0.04015742741316821,-0.9,-0.12067391393478732
2009-10-01,dev,0.10989903590315604,0.04013038537450614,-0.6,-0.03144611021397248
2009-10-02,dev,0.11049802713067748,0.04010337973158925,-0.6,-0.06107475710220611
2009-10-05,dev,0.11109621272104017,0.04007641041098966,-0.9,-0.12121842615680001
2009-10-06,dev,0.11124556562467747,0.03982546300255933,-0.7,-0.11405970877658383
2009-10-07,dev,0.11102946630875124,0.039268512601476,-0.8,-0.15565414971917024
2009-10-08,dev,0.11084309306514357,0.03868287377870096,-0.6,-0.1274580136140555
2009-10-09,dev,0.11129824436705195,0.038798127596280284,-0.6,-0.07196864933516661
2009-10-12,dev,0.11144706145080951,0.03854870972702451,-0.5,-0.07415183762373012
2009-10-13,dev,0.11187475933329391,0.03869033818668491,-0.7,-0.06842403845454503
2009-10-14,dev,0.11230188466171874,0.03883177705001377,-0.5,-0.04949203737538632
2009-10-15,dev,0.11272843858502193,0.038973026697471956,-0.5,-0.05025881433952112
2009-10-16,dev,0.1134001756306359,0.039536783324797486,-0.5,-0.044471977479509484
2009-10-19,dev,0.11338704926080916,0.03994874940140083,-0.5,-0.039827377362514405
2009-10-20,dev,0.11277731157772451,0.04005559269285517,0.1,-0.022122667793107342
2009-10-21,dev,0.11216838742056792,0.04016229343155239,-0.5,-0.027333688825966207
2009-10-22,dev,0.1117798830054248,0.04044924405946077,-0.6,-0.047848804636749565
2009-10-23,dev,0.11118561274344932,0.04046622262166904,0.1,-0.015783371205607022
2009-10-26,dev,0.11054668434050105,0.04076208298267225,0.1,0.011672379312938519
2009-10-27,dev,0.10980779765763977,0.04086802970058131,0.2,0.014303409648801169
2009-10-28,dev,0.10898678183472911,0.04109019191487614,0.2,0.020932495143304752
2009-10-29,dev,0.10845755473716451,0.04118747417938452,0.2,0.015495299374499782
2009-10-30,dev,0.10792903046443067,0.04128462725097856,0.9,0.059190152453063805
2009-11-02,dev,0.10731449108244907,0.04113658291848409,0.9,0.0489030075028708
2009-11-03,dev,0.10661920529884782,0.041070296371846,0.9,0.04546036632101569
2009-11-04,dev,0.10603150550725166,0.041086773356314,0.8,0.04409225151539253
2009-11-05,dev,0.10553985309541662,0.041300382356499465,0.2,0.03946352221949623
2009-11-06,dev,0.10502637227250128,0.04133850328075136,0.2,0.005738433539173804
2009-11-09,dev,0.10456008498925227,0.0412450254346662,0.1,-0.012317396298155425
2009-11-10,dev,0.10407698273455109,0.04127586949446622,-0.4,-0.017597544200179505
2009-11-11,dev,0.1036119384923222,0.04118255650272615,0.3,0.00845951579652704
2009-11-12,dev,0.10314750816988502,0.041089366696453716,0.3,0.003257510649131823
2009-11-13,dev,0.10265179632521383,0.04138845385200058,-0.2,-0.0016903388727060875
2009-11-16,dev,0.10221125027249016,0.04179397606868723,-0.6,-0.01390336755616578
2009-11-17,dev,0.10214391743304847,0.042425205333464125,-0.9,-0.011868155731499352
2009-11-18,dev,0.1017042857786116,0.04282951109464397,-0.6,-0.014724875585845232
2009-11-19,dev,0.10120542397443774,0.04317347626211892,-0.6,-0.043257228506778544
2009-11-20,dev,0.10115216729871623,0.043669732883892545,-0.7,-0.06881629578958015
2009-11-23,dev,0.10097620223040783,0.04418856573569901,-0.7,-0.08387727810982465
2009-11-24,dev,0.10098285679960067,0.04474319496954877,-0.9,-0.09291316410287287
2009-11-25,dev,0.10098950263576309,0.04529709634351159,-0.9,-0.10601765666506302
2009-11-26,dev,0.10091607410223864,0.04572857149561205,-0.2,-0.01713946719502435
2009-11-27,dev,0.10144567753276858,0.04563903174305326,-0.2,-0.026383234831794777
2009-11-30,dev,0.10200533586840131,0.045486803702086506,-0.9,-0.06918846202403406
2009-12-01,dev,0.10253353323307572,0.04539753937315249,-0.7,-0.0734794502079878
2009-12-02,dev,0.10297675510814878,0.04541097071818905,-0.9,-0.07817287282766666
2009-12-03,dev,0.10276939401704169,0.0458948290940035,-1.0,-0.08038435493378959
2009-12-04,dev,0.10269509068261577,0.04632422287205882,-1.0,-0.0608889512322866
2009-12-07,dev,0.10230808600303747,0.046844335817248055,-0.9,-0.051746230794618264
2009-12-08,dev,0.10217739630852388,0.046532387425312724,-0.9,-0.07069292317180875
2009-12-09,dev,0.1021568811027863,0.0463110955867504,-0.9,-0.04047965848169255
2009-12-10,dev,0.1021771914951189,0.046498080757920814,-0.5,-0.026967984972119385
2009-12-11,dev,0.10198046155273927,0.046467808569927375,-0.9,-0.051249026948870235
2009-12-14,dev,0.10140046536161157,0.04657454800208063,-0.9,-0.043264948906829026
2009-12-15,dev,0.10057597437849827,0.0467609971472895,-0.9,-0.035074495239659775
2009-12-16,dev,0.10092100555003167,0.04584145065620512,-0.9,-0.05849244555883221
2009-12-17,dev,0.09972765288067247,0.0466319158796341,-0.9,-0.04066641589834563
2009-12-18,dev,0.09911646993710428,0.046704117580453355,-0.7,-0.007415051754996349
2009-12-21,dev,0.0985060797081192,0.04677622563444924,0.5,0.010109753334475835
2009-12-22,dev,0.09783227377792064,0.04678403334914614,-0.8,-0.03341878668529752
2009-12-23,dev,0.09715533032271952,0.04678782061961131,-0.3,4.2063799578828664e-05
2009-12-24,dev,0.09709955924224463,0.046302329018370975,-0.2,0.002553267102013701
2009-12-25,dev,0.09704386031064487,0.04581746547871052,-0.7,-0.016778841945596035
2009-12-28,dev,0.09671948683613124,0.045310734577887014,-0.4,-0.005276996825133939
2009-12-29,dev,0.09648781742479992,0.04489694334415577,-0.1,0.002578075571228411
2009-12-30,dev,0.09616422173584789,0.04439146098041181,-0.6,-0.04143538161581828
2009-12-31,dev,0.09545701901214734,0.04436282132816638,-0.9,-0.07473420842507889
2010-01-01,dev,0.09488534537564126,0.04410040986203773,-0.7,-0.04575026788926062
2010-01-04,dev,0.09413692268746968,0.04359948605843247,-0.6,-0.05100897679641647
2010-01-05,dev,0.09343239150737472,0.04357141169522678,-0.1,0.018745810749608238
2010-01-06,dev,0.09299689232794053,0.04316799808838729,-0.5,-0.03400663384522118
2010-01-07,dev,0.0924654902535603,0.04245427804674417,-0.3,-0.001958755156465597
2010-01-08,dev,0.09203117224354301,0.04205210091860788,0.7,0.014829843211517535
2010-01-11,dev,0.09159741212435427,0.041650440395645805,0.7,0.01356087035182224
2010-01-12,dev,0.09116420882174985,0.04124929548311116,0.7,0.043638976156318676
2010-01-13,dev,0.09073156126424177,0.0408486651888094,-0.5,-0.007848634009818778
2010-01-14,dev,0.09018129951492061,0.04038865471319627,0.7,0.012116455779212332
2010-01-15,dev,0.08916260553701227,0.0397221661451545,0.7,0.017108955798463943
2010-01-18,dev,0.08950645958357156,0.03986487043227429,0.7,0.036066604201373365
2010-01-19,dev,0.08914811364954874,0.0401404452018596,0.7,0.030226751155939924
2010-01-20,dev,0.08875010760927834,0.04032790868531962,0.6,0.018593964944592645
2010-01-21,dev,0.08836059742337252,0.040555068701069154,0.6,0.03827506177462231
2010-01-22,dev,0.08785717430879822,0.04046531450649631,0.6,0.05552480280916616
2010-01-25,dev,0.08749532118756308,0.03986780420155705,0.7,0.03708689344941152
2010-01-26,dev,0.08755866166308961,0.039232656395278016,0.7,0.012626476745947857
2010-01-27,dev,0.08760349026422347,0.03867093687994776,-0.9,-0.02164985632382488
2010-01-28,dev,0.08722922052520167,0.038327834372380916,0.1,0.0013643366009036262
2010-01-29,dev,0.08691159230979266,0.038041333710220046,0.6,0.013625119314524592
2010-02-01,dev,0.08695674698188702,0.03748144401755585,0.0,-0.009057847012878484
2010-02-02,dev,0.08721933010522974,0.036821888109089505,-0.7,-0.030101587624580817
2010-02-03,dev,0.08726980490609469,0.03626905759991388,1.0,0.02851685910064672
2010-02-04,dev,0.08707971537147417,0.03568806906887402,0.9,0.07043894546451845
2010-02-05,dev,0.0875115662929877,0.03523600324029753,0.8,0.03788701788379223
2010-02-08,dev,0.0879364643217022,0.03484856279705221,0.9,0.042627777448443815
2010-02-09,dev,0.08835442267604506,0.03452562487718876,0.6,0.04891781127817196
2010-02-10,dev,0.0880361859206192,0.03396000645827612,1.0,0.06797426358812164
2010-02-11,dev,0.088453552098818,0.03363803969801932,0.9,0.06871177194008804
2010-02-12,dev,0.08874021441037261,0.03343228087046417,1.0,0.09136716689848379
2010-02-16,dev,0.08902651431698215,0.033226782167849044,1.0,0.07684849007771755
2010-02-17,dev,0.08931245250545322,0.033021543097201844,0.7,0.056962362324888716
2010-02-18,dev,0.0898479244420028,0.032645582527064725,0.9,0.051846017989405135
2010-02-19,dev,0.09031122280145633,0.03215353310764529,0.7,0.03618839498897064
2010-02-22,dev,0.09084538974798756,0.031778593931663164,0.9,0.05565797585752169
2010-02-23,dev,0.09133517328824205,0.03140542559242483,0.6,0.05801879696145629
2010-02-24,dev,0.09143508816652401,0.031857941067492575,0.7,0.05394422383412856
2010-02-25,dev,0.09078755192475779,0.031877224930886225,0.9,0.08137478168866302
2010-02-26,dev,0.09100561006820133,0.03150340277684164,0.7,0.06305709883102922
2010-03-01,dev,0.09094840981045892,0.03211213728169592,0.7,0.043596902802997994
2010-03-02,dev,0.09087747612214957,0.03234736420965554,0.7,0.035558453027166426
2010-03-03,dev,0.09042722433150563,0.03238224476439655,0.7,0.04482596182727172
2010-03-04,dev,0.09099784715187482,0.03236192967985176,0.5,0.006326180889572375
2010-03-05,dev,0.09141101464582349,0.03249837988067944,-0.7,-0.009912591105406987
2010-03-08,dev,0.09190198518802536,0.03239969668526548,0.5,0.006679155883281607
2010-03-09,dev,0.09231406910462647,0.032535952354216476,0.5,0.012331564286344188
2010-03-10,dev,0.0922563006008063,0.033141374161253886,-0.7,-0.0012929007339762544
2010-03-11,dev,0.09282399522206909,0.033120647848457606,0.6,0.008112312100604702
2010-03-12,dev,0.0932347302250553,0.03325619744355232,-0.7,-0.0071851006975584
2010-03-15,dev,0.0938011045347211,0.033235425302738104,-0.9,-0.011835532432107443
2010-03-16,dev,0.09436677176035485,0.033214679094683966,-0.6,-0.022660050012204835
2010-03-17,dev,0.09446386048664285,0.03366183150947206,0.3,0.004452464718794458
2010-03-18,dev,0.094872548852923,0.03379670567935393,0.7,0.006709350101237965
2010-03-19,dev,0.0949692014704601,0.034242938261485174,1.0,0.016568721504895634
2010-03-22,dev,0.09523971365180221,0.03455126256188642,0.9,0.06574874094440586
2010-03-23,dev,0.09518044811748248,0.03515203962314224,0.9,0.05917482133719265
2010-03-24,dev,0.09527672893332982,0.03559659681243133,0.7,0.04850734522285666
2010-03-25,dev,0.09568364209123328,0.03572984939365419,0.9,0.05120247136977729
2010-03-26,dev,0.09577949076074184,0.03617349544993142,0.7,0.07541640986866743
2010-03-29,dev,0.09587522043748874,0.03661659073518907,0.7,0.0937064951491074
2010-03-30,dev,0.09597083134292454,0.037059136274435224,0.7,0.09066350364040543
2010-03-31,dev,0.09606632369795062,0.037501133090136134,0.7,0.09534336443482072
2010-04-01,dev,0.0959680793833918,0.0380587532059415,0.9,0.1281034003082776
2010-04-02,dev,0.09517336230637422,0.03853828338971491,0.7,0.11106157385313248
2010-04-05,dev,0.09507579215643215,0.039094571580686625,0.7,0.11570161935453854
2010-04-06,dev,0.09497834268694766,0.0396501717219478,0.7,0.0986929024608168
2010-04-07,dev,0.0947651298669928,0.039162130824715445,0.6,0.08514408565853376
2010-04-08,dev,0.0954014701203177,0.038597484666083745,0.7,0.07966173546539335
2010-04-09,dev,0.09518825933629281,0.03811069609530221,0.6,0.07980248813511148
2010-04-12,dev,0.09455119070005821,0.038125741933614794,0.6,0.11020284563435973
2010-04-13,dev,0.09379930957138986,0.038641694003939325,0.6,0.13311474187907296
2010-04-14,dev,0.09351046218410004,0.03931104601009833,0.6,0.13481763418866644
2010-04-15,dev,0.09360682273694235,0.03974866236107733,0.6,0.10034496536392007
2010-04-16,dev,0.0941646031537196,0.03972420164577821,0.6,0.09142842394602912
2010-04-19,dev,0.09485434587903085,0.03942241530272615,0.6,0.09265931467744903
2010-04-20,dev,0.09554324073375167,0.039120999932437533,0.5,0.05580222411063962
2010-04-21,dev,0.09632764231782667,0.0385068074793307,0.5,0.0678565974528294
2010-04-22,dev,0.09714085593922699,0.038127768697316954,0.6,0.02916332266349536
2010-04-23,dev,0.09752221124233175,0.03808520564903639,0.5,0.020348194991150204
2010-04-26,dev,0.09790309891171109,0.03804269479333496,-0.7,-0.02125339443204144
2010-04-27,dev,0.09868413195135331,0.03743066844007587,-0.2,-0.0019238487019559436
2010-04-28,dev,0.09946420842879145,0.03681939165981527,-0.7,-0.014016081040366446
2010-04-29,dev,0.09998312165561142,0.03676464810375213,-0.7,-0.019116699245199487
2010-04-30,dev,0.09998312165561142,0.03676464810375213,-0.4,0.045664999409363194
2010-05-03,dev,0.09998312165561142,0.03676464810375213,0.2,0.06125490347352891
2010-05-04,dev,0.09998312165561142,0.03676464810375213,0.9,0.07564012925685526
2010-05-05,dev,0.09982539819475657,0.03725721117106352,0.9,0.09076764111290164
2010-05-06,dev,0.09982539819475657,0.03725721117106352,0.9,0.06340979274061143
2010-05-07,dev,0.09982539819475657,0.03725721117106352,0.7,0.03410314164529715
2010-05-10,dev,0.09982539819475657,0.03725721117106352,0.1,0.03752809114797939
2010-05-11,dev,0.10056739091602877,0.03661120563664524,0.0,0.010283264118878144
2010-05-12,dev,0.10107865090936045,0.03624522444810728,0.1,-0.040514632900095604
2010-05-13,dev,0.10181897254506664,0.03560062550574747,0.1,0.011672532236917166
2010-05-14,dev,0.102558390798667,0.03495681313927828,0.7,0.021937351888278833
2010-05-17,dev,0.102558390798667,0.03495681313927828,-0.6,-0.03451907046134162
2010-05-18,dev,0.102558390798667,0.03495681313927828,1.0,0.01321558111737603
2010-05-19,dev,0.102558390798667,0.03495681313927828,1.0,0.021547487739045634
2010-05-20,dev,0.102558390798667,0.03495681313927828,1.0,0.04489390361700407
2010-05-21,dev,0.102558390798667,0.03495681313927828,1.0,0.07956326703628286
2010-05-24,dev,0.102558390798667,0.03495681313927828,0.9,0.06493733359331905
2010-05-25,dev,0.102558390798667,0.03495681313927828,1.0,0.038273228226027134
2010-05-26,dev,0.102558390798667,0.03495681313927828,0.7,0.03890383900874511
2010-05-27,dev,0.102558390798667,0.03495681313927828,0.9,0.03020357016033154
2010-05-28,dev,0.10323398099683212,0.033844355518943034,0.8,0.0440619760554426
2010-05-31,dev,0.10310336241541353,0.03406071416206914,0.7,0.018981757400532262
2010-06-01,dev,0.1036137601670413,0.0340041464132422,0.8,0.036679640226478294
2010-06-02,dev,0.10412353661891056,0.03394764752351304,0.1,0.03449583042856197
2010-06-03,dev,0.1046364592980065,0.0338949837604529,0.1,0.021465137897124675
2010-06-04,dev,0.1046364592980065,0.0338949837604529,0.8,0.031280004303642917
2010-06-07,dev,0.1046364592980065,0.0338949837604529,0.8,0.023181363314369985
2010-06-08,dev,0.10497811899853456,0.03336779329413449,-0.2,0.0015278819200518767
2010-06-09,dev,0.1060974326692843,0.032100478973210125,0.5,0.04815374387640586
2010-06-10,dev,0.10721538712489047,0.03083470358892319,0.6,0.03440603357470634
2010-06-11,dev,0.10721538712489047,0.03083470358892319,0.6,0.012728806714532859
2010-06-14,dev,0.10721538712489047,0.03083470358892319,0.7,0.0013309432320082748
2010-06-15,dev,0.10721538712489047,0.03083470358892319,0.9,0.01519974014360126
2010-06-16,dev,0.10721538712489047,0.03083470358892319,0.7,0.009124311854329714
2010-06-17,dev,0.10721538712489047,0.03083470358892319,0.6,0.015191218023708652
2010-06-18,dev,0.10721538712489047,0.03083470358892319,-0.8,-0.030564765292092566
2010-06-21,dev,0.10721538712489047,0.03083470358892319,-0.4,-0.007894318035105596
2010-06-22,dev,0.10721538712489047,0.03083470358892319,-0.4,-0.013856962211010015
2010-06-23,dev,0.10721538712489047,0.03083470358892319,-0.9,-0.02748322598988784
2010-06-24,dev,0.10721538712489047,0.03083470358892319,-0.1,-0.019488969710916404
2010-06-25,dev,0.10721538712489047,0.03083470358892319,-0.3,-0.03252768015053792
2010-06-28,dev,0.10721538712489047,0.03083470358892319,-0.3,-0.035928124656166405
2010-06-29,dev,0.10721538712489047,0.03083470358892319,-0.3,-0.06957932306759979
2010-06-30,dev,0.10721538712489047,0.03083470358892319,-0.8,-0.10559229808116533
2010-07-01,dev,0.10721538712489047,0.03083470358892319,-0.9,-0.10750653512255026
2010-07-02,dev,0.10721538712489047,0.03083470358892319,-0.8,-0.09060136023562948
2010-07-05,dev,0.10721538712489047,0.03083470358892319,-0.9,-0.10666119309661276
2010-07-06,dev,0.10721538712489047,0.03083470358892319,-0.8,-0.06389827526401853
2010-07-07,dev,0.10721538712489047,0.03083470358892319,-0.9,-0.07328932146246325
2010-07-08,dev,0.10762937881001526,0.030688246659688726,-0.9,-0.06987966529667355
2010-07-09,dev,0.10762937881001526,0.030688246659688726,-0.9,-0.06813417508908554
2010-07-12,dev,0.10762937881001526,0.030688246659688726,-0.9,-0.05888307311836183
2010-07-13,dev,0.10762937881001526,0.030688246659688726,-0.8,-0.06248502590087612
2010-07-14,dev,0.10762937881001526,0.030688246659688726,-0.8,-0.07789070551504829
2010-07-15,dev,0.10762937881001526,0.030688246659688726,-0.5,-0.07288490776617301
2010-07-16,dev,0.10762937881001526,0.030688246659688726,-0.5,-0.06299779238582537
2010-07-19,dev,0.10762937881001526,0.030688246659688726,-0.5,-0.05618275807299711
2010-07-20,dev,0.10762937881001526,0.030688246659688726,-0.5,-0.043926559066637005
2010-07-21,dev,0.10762937881001526,0.030688246659688726,0.2,0.01807513747123124
2010-07-22,dev,0.10762937881001526,0.030688246659688726,0.3,0.03112215907044852
2010-07-23,dev,0.10762937881001526,0.030688246659688726,-0.2,-0.03413795072158837
2010-07-26,dev,0.10762937881001526,0.030688246659688726,0.6,0.04552562262212023
2010-07-27,dev,0.10762937881001526,0.030688246659688726,0.1,-0.0366546307997106
2010-07-28,dev,0.10762937881001526,0.030688246659688726,0.6,0.06079795189285869
2010-07-29,dev,0.10762937881001526,0.030688246659688726,-0.1,-0.050029304855776
2010-07-30,dev,0.10762937881001526,0.030688246659688726,-0.2,-0.042406565164077314
2010-08-02,dev,0.10762937881001526,0.030688246659688726,0.9,0.09301675780588897
2010-08-03,dev,0.10762937881001526,0.030688246659688726,0.0,0.01414601968366036
2010-08-04,dev,0.10698959845837024,0.030701553713835286,0.0,-0.0018339101858509954
2010-08-05,dev,0.10635059359806052,0.030714844638219246,0.0,0.011415021568328465
2010-08-06,dev,0.10571236281995593,0.03072811946214968,0.0,-0.00895575185896913
2010-08-09,dev,0.10571236281995593,0.03072811946214968,0.0,0.0038360850686564585
2010-08-10,dev,0.10568023159485145,0.03013605133835139,0.0,0.03307747987517706
2010-08-11,dev,0.10568023159485145,0.03013605133835139,0.8,0.03721595695280522
2010-08-12,dev,0.10574365935298492,0.02964021967740228,0.8,0.0137300028860311
2010-08-13,dev,0.10580701041491751,0.02914498757106133,-0.5,-0.00038038404665297065
2010-08-16,dev,0.10587028491967555,0.028650353932522604,-0.4,-0.013251103128777197
2010-08-17,dev,0.10593348300594958,0.028156317677605305,-0.5,-0.006398305298494833
2010-08-18,dev,0.10639761488102144,0.027460387491921777,-0.7,-0.006687087657248791
2010-08-19,dev,0.10681595166336098,0.026840688826365734,-0.9,-0.04724519543735589
2010-08-20,dev,0.10681595166336098,0.026840688826365734,-0.7,-0.03760608377561908
2010-08-23,dev,0.10737797681984752,0.02644629963455228,-0.9,-0.08465591005549211
2010-08-24,dev,0.10737797681984752,0.02644629963455228,-0.9,-0.10093348954755343
2010-08-25,dev,0.10793932483759129,0.0260523856104398,-0.7,-0.0523534257170063
2010-08-26,dev,0.10768799242677767,0.02602236639947053,-0.6,-0.05384007143691549
2010-08-27,dev,0.10737855716864278,0.025993485299363735,-0.7,-0.06116933215567444
2010-08-30,dev,0.1080280589382347,0.026466429685834354,-0.8,-0.07171780305222208
2010-08-31,dev,0.10824780422164101,0.02676681992609147,-0.9,-0.09968283304282588
2010-09-01,dev,0.1084672855467489,0.027066849337231167,-0.4,-0.019658877398449293
2010-09-02,dev,0.1086865033888735,0.027366518569005748,-0.7,-0.027243375035777118
2010-09-03,dev,0.1089054582221893,0.027665828269608436,-0.5,-0.011531814242974447
2010-09-06,dev,0.10912415051973375,0.027964779085678026,-0.2,-0.011445732993798141
2010-09-07,dev,0.10934258075341054,0.028263371662303555,-0.7,-0.04238011295969779
2010-09-08,dev,0.10995075884876779,0.028770399583463852,-0.4,-0.025485616985508164
2010-09-09,dev,0.11032132492166899,0.028541233176372208,-0.2,-0.012784474743375296
2010-09-10,dev,0.10993515574686323,0.02873560765027112,-0.7,-0.027179533374628972
2010-09-13,dev,0.10952788513886837,0.029059990772672975,-0.1,-0.0034990772658810565
2010-09-14,dev,0.10926333243966155,0.029540440798097502,0.8,0.02098536928549022
2010-09-15,dev,0.10880630955462295,0.029765342027471775,0.8,0.04516226256248901
2010-09-16,dev,0.10825660411932783,0.030008620463016243,-0.4,-0.008515137631875502
2010-09-17,dev,0.10784420701887901,0.03033856960605161,0.0,-0.005836539517722228
2010-09-20,dev,0.10733297685974975,0.030469476298777443,-0.4,-0.008246453507995355
2010-09-21,dev,0.10682235567043484,0.030600227057384483,0.0,-0.0016216924044699654
2010-09-22,dev,0.1064115487126945,0.03092923485873922,0.7,0.13561788037630862
2010-09-23,dev,0.10594564792418744,0.03136751417629902,0.4,0.053924889101145235
2010-09-24,dev,0.10553585067016989,0.03169567459196908,0.4,0.02728264583131612
2010-09-27,dev,0.10507702564501431,0.03177587125986848,1.0,0.1499394531576259
2010-09-28,dev,0.10456926019035576,0.031905458034654784,-0.3,0.014580704269112288
2010-09-29,dev,0.1042698125581953,0.03230195331178555,-0.1,0.006576665596732978
2010-09-30,dev,0.10386198151081007,0.03262878093931909,0.0,0.04396749691157742
2010-10-01,dev,0.10355960333564064,0.032998443784049786,0.4,0.04897593406994005
2010-10-04,dev,0.1034982528597309,0.03357131200455686,0.0,0.04664268473210509
2010-10-05,dev,0.10304843151404722,0.033791962500705736,0.0,0.05672086093438189
2010-10-06,dev,0.10283952711670163,0.034215754238871,-0.1,0.030604547758141865
2010-10-07,dev,0.10277871131119205,0.034786886258836185,-0.1,0.044531901619468184
2010-10-08,dev,0.10306013486740355,0.03560619225488826,-0.1,0.035194342153908265
2010-10-11,dev,0.10324796268589827,0.035927126204189,-0.1,0.020170681253684708
2010-10-12,dev,0.10374043732421828,0.0359428126704203,0.3,0.011619891273018212
2010-10-13,dev,0.10423233087151962,0.03595848062754689,-0.3,-0.006423938170525445
2010-10-14,dev,0.10396242068024197,0.03566331261736175,-0.3,-0.00914627254593614
2010-10-15,dev,0.1038310063963717,0.035319598792826444,-0.6,-0.02141802768289447
2010-10-18,dev,0.1035616504717947,0.03502515470363958,-0.7,-0.015470518638718178
2010-10-19,dev,0.10343062676989982,0.03468222109426778,-0.8,-0.0405794626411235
2010-10-20,dev,0.10386514126189277,0.03475469904470769,-0.3,-0.01840097729397322
2010-10-21,dev,0.1039941049197237,0.0342829580295863,-0.3,-0.03886241900558757
2010-10-22,dev,0.10421787365058667,0.03376429304338511,-0.3,-0.03210012303517418
2010-10-25,dev,0.10474387607357517,0.03374446668223221,-0.5,-0.04959910882343144
2010-10-26,dev,0.10498158736787977,0.033045753529778996,-0.3,-0.03333162734087747
2010-10-27,dev,0.10515461869493674,0.032439861592224874,-0.3,-0.027566723935026072
2010-10-28,dev,0.1051906749950374,0.03193237437362842,-0.3,-0.025392105523767194
2010-10-29,dev,0.10544637270544843,0.031498709635663,-0.8,-0.035762986488071524
2010-11-01,dev,0.10548221596889176,0.0309923676901308,-0.3,-0.03448273356445708
2010-11-02,dev,0.10551801728585945,0.030486618303926318,-0.3,-0.011593282816426353
2010-11-03,dev,0.10544449679610045,0.03000213501954987,0.1,0.019554127534947896
2010-11-04,dev,0.1054681021944273,0.029534083898361745,0.2,0.03844843487724259
2010-11-05,dev,0.10539469674910228,0.029050722986049732,0.5,0.0459350027379406
2010-11-08,dev,0.10532137700774144,0.028567926418060333,0.2,0.04125781049115296
2010-11-09,dev,0.10557595418957277,0.028137995694751467,0.1,-0.040023263155834043
2010-11-10,dev,0.10556298473134756,0.02758708918608592,0.1,-0.038956275131916185
2010-11-11,dev,0.10555003038904104,0.0270368247595983,0.7,0.08132080058000385
2010-11-12,dev,0.10497894708654305,0.02723948240388508,0.6,0.05421802835980233
2010-11-15,dev,0.1046268056738035,0.02693259097058829,0.6,0.03981680449491437
2010-11-16,dev,0.10410055389621548,0.02703327009160598,0.7,0.019443860204260588
2010-11-17,dev,0.10360398380674093,0.02745359958573877,0.7,0.012167473162983278
2010-11-18,dev,0.10342052930591121,0.027948273774699918,0.6,0.027947183650662066
2010-11-19,dev,0.1032443269079403,0.028396619724888827,0.6,0.026183262270395025
2010-11-22,dev,0.10295225242917772,0.02872836863973219,0.9,0.053378288213900504
2010-11-23,dev,0.10277652606465963,0.02917574197578803,0.6,0.03181163868690817
2010-11-24,dev,0.10260100344085403,0.029622596618120903,0.9,0.039981767966343784
2010-11-25,dev,0.10242568420363453,0.03006893346828422,0.8,0.05979590100643073
2010-11-26,dev,0.10193355888129615,0.030355663978871506,0.9,0.06165479484729064
2010-11-29,dev,0.1017588288124991,0.03080106000666151,0.9,0.08173656415150837
2010-11-30,dev,0.10139618488302252,0.031215561850194237,0.9,0.0894946158479431
2010-12-01,dev,0.10122196743511325,0.03165994591848892,0.9,0.06340550544638218
2010-12-02,dev,0.10110572135340608,0.03216158661986472,0.9,0.050989576551950855
2010-12-03,dev,0.10122055638726671,0.03260491133890637,0.6,0.020569433334310494
2010-12-06,dev,0.10110444527567565,0.03310542783553712,0.5,0.026437568170987358
2010-12-07,dev,0.1012235847580382,0.033485590617816335,0.1,0.003992058832786749
2010-12-08,dev,0.10134258690382164,0.03386531517210445,0.6,0.032038205584111135
2010-12-09,dev,0.10172641995726228,0.03423565063385305,0.6,0.021788534205692045
2010-12-10,dev,0.10205747422140184,0.034657896527372285,0.5,0.02049136149654729
2010-12-13,dev,0.10220740511232011,0.03509319623662512,0.7,0.025176866582255986
2010-12-14,dev,0.10234031248910044,0.03549471442932017,0.4,0.016555492678071215
2010-12-15,dev,0.10259095687184322,0.03578377582244214,0.2,-0.010330550244715131
2010-12-16,dev,0.10272349126383719,0.036069559600449545,0.9,0.03757563075641651
2010-12-17,dev,0.10287269555280017,0.03650304940045433,0.2,-0.005147504413925197
2010-12-20,dev,0.10310053680606879,0.03676896847710352,0.9,0.07018523989727565
2010-12-21,dev,0.1034873930222223,0.036620464353996116,0.9,0.07777723883950866
2010-12-22,dev,0.1037146208772239,0.03688601136582764,0.7,0.041789446813948916
2010-12-23,dev,0.10403704472933697,0.03696034163805034,0.6,0.05567103487243069
2010-12-24,dev,0.10479091741785994,0.03660779000092435,0.6,0.045556660640305
2010-12-27,dev,0.10526939885560042,0.0365531954246013,0.6,0.053867087200817676
2010-12-28,dev,0.10574733314475573,0.03649866327775375,0.5,0.04456848960269044
2010-12-29,dev,0.10611547752581588,0.03662066404159504,0.5,0.043617433291044394
2010-12-30,dev,0.10648320141072404,0.036742525455620394,0.6,0.03892646557569235
2010-12-31,dev,0.10661268207962964,0.036911812446418175,0.6,0.03726448174752589
2011-01-03,dev,0.10643176993024624,0.03734111185986034,0.6,0.019544729268671734
2011-01-04,dev,0.1066561531857022,0.037034760028697364,0.6,0.051337773009977716
2011-01-05,dev,0.1073439419817195,0.036432684471337844,0.7,0.03685759216036061
2011-01-06,dev,0.1078166960010921,0.03609160663280064,0.7,0.03233790880122078
2011-01-07,dev,0.10825333988498448,0.03571534504678311,0.7,0.04217556970431913
2011-01-10,dev,0.10861682077654747,0.03616384361284058,0.6,0.028976004355870832
2011-01-11,dev,0.1086308722333734,0.03644648687021437,0.7,0.03747445165668739
2011-01-12,dev,0.10886676919449621,0.03688573534899482,0.9,0.045348582533232484
2011-01-13,dev,0.10924088049403184,0.0372490981777391,0.6,0.029748744140587813
2011-01-14,dev,0.10947616349250829,0.03768739256556321,0.7,0.013023565420763439
2011-01-17,dev,0.10984950473141032,0.03804988847265459,-0.6,-0.04929115966126185
2011-01-18,dev,0.11022242268092583,0.038411973386654044,-0.6,-0.054742191831692155
2011-01-19,dev,0.11049991705901029,0.03873015357170409,-0.6,-0.02349093379174161
2011-01-20,dev,0.11072047203236306,0.038991348275230875,-0.7,-0.0515229290025343
2011-01-21,dev,0.11094077736794179,0.039252247342420894,-0.7,-0.02428536066421072
2011-01-24,dev,0.11146581973723284,0.038875152756598176,-0.7,-0.05542543182989179
2011-01-25,dev,0.1121121940396902,0.03824354929401727,-0.9,-0.05571854959427225
2011-01-26,dev,0.11275783797570413,0.03761265950766527,-0.8,-0.06153113223599549
2011-01-27,dev,0.11343596764945928,0.03701569705557892,-0.6,-0.05249303536080585
2011-01-28,dev,0.11400682771286251,0.036501015510965164,-0.7,-0.017739505167762237
2011-01-31,dev,0.11457704382808369,0.03598691454338989,-0.5,-0.019445876283581853
2011-02-01,dev,0.11549151116823873,0.03525458939723418,-0.6,-0.055994547617917334
2011-02-02,dev,0.1159898258098341,0.03495303751588362,-0.6,-0.048048578065184644
2011-02-03,dev,0.11646549838185868,0.03472358815939504,-0.5,-0.027089003370530107
2011-02-04,dev,0.11694063558801716,0.034494397046414035,-0.6,-0.0529040773957119
2011-02-07,dev,0.11745935046466874,0.03412209930882204,-0.8,-0.09158445047364439
2011-02-08,dev,0.11795543851949468,0.033821862041082396,-0.8,-0.08726597067890596
2011-02-09,dev,0.1185446021308133,0.033615595077388906,-0.8,-0.09973869879676917
2011-02-10,dev,0.11928907144148913,0.03300404474014413,-0.8,-0.08092050491166386
2011-02-11,dev,0.11968976968048567,0.03289199608054435,-0.5,-0.06787061283255114
2011-02-14,dev,0.11943569054250822,0.032686597690519736,-0.8,-0.06590516587296436
2011-02-15,dev,0.11918189624661367,0.03248142956774852,-0.9,-0.048690351031299484
2011-02-16,dev,0.11892838631407589,0.032276491325226905,-0.8,-0.07483569485613983
2011-02-17,dev,0.11839520506007399,0.03235173778398471,-0.8,-0.058262413523362255
2011-02-18,dev,0.11786262053942853,0.032426900027343795,-0.5,-0.05945591739627126
2011-02-21,dev,0.11733063175090909,0.032501978196605164,-0.8,-0.047147405352149785
2011-02-22,dev,0.11698556152634178,0.03220432477111796,-0.5,-0.0449488111842728
2011-02-23,dev,0.11654776698545184,0.03209322365858289,-0.5,-0.032339663187792855
2011-02-24,dev,0.11629657709135983,0.03188918873005585,-0.8,-0.022892408549520793
2011-02-25,dev,0.11576175463586359,0.03195950432610052,-0.5,-0.03193758583985501
2011-02-28,dev,0.11581460715184441,0.03150137092479733,-0.8,-0.03366627178702025
2011-03-01,dev,0.11556424598100541,0.031298007098566484,0.7,0.012433701861683744
2011-03-02,dev,0.11531416376411721,0.03109486986155707,0.0,-0.008429934008710505
2011-03-03,dev,0.11536717721179278,0.030637983138799788,-0.8,-0.014549819253357688
2011-03-04,dev,0.11539084307691816,0.03015231633507319,-0.1,-0.002554410007253094
2011-03-07,dev,0.11535593803568928,0.029608645179685145,1.0,0.027730390547900996
2011-03-08,dev,0.11532107179939782,0.02906557843914467,0.0,0.007681228709897792
2011-03-09,dev,0.11528624430336892,0.028523115106093684,0.3,0.004717216898699861
2011-03-10,dev,0.11525145548307131,0.02798125417541144,0.2,0.006471306368024177
2011-03-11,dev,0.11530432721465089,0.027527616584742218,-0.8,-0.010620529990492011
2011-03-14,dev,0.11485906691114858,0.02740835556611507,0.3,0.00022464104694952525
2011-03-15,dev,0.11437965501153044,0.02725458153309616,-0.4,-0.00686328529788538
2011-03-16,dev,0.11398387680930798,0.027017875393742646,-0.3,-0.004994726271541405
2011-03-17,dev,0.11358853689966826,0.026781431387433816,0.5,0.0015284339984298345
2011-03-18,dev,0.11361791051879777,0.02630544092549648,0.8,0.012697090408554934
2011-03-21,dev,0.11322321034705063,0.026069652517904947,0.9,0.04415065091341214
2011-03-22,dev,0.11279209377600934,0.02559458176840177,0.2,-0.005962754678174309
2011-03-23,dev,0.11241726026251068,0.025217697658824947,-0.8,-0.02130120720419304
2011-03-24,dev,0.11207909501664513,0.0249276823647008,-0.3,-0.00785864852551843
2011-03-25,dev,0.11170506871384533,0.024551582288028416,-0.7,-0.026754857975988422
2011-03-28,dev,0.11131251213981674,0.024207097135084107,-0.9,-0.04698797247787484
2011-03-29,dev,0.11160752434175987,0.02389862931122048,-0.2,-0.004957661029857396
2011-03-30,dev,0.11228065150924835,0.022967188376797405,0.0,0.017634729623980605
2011-03-31,dev,0.11177940676834028,0.022965665707097637,0.3,0.019045622946152918
2011-04-01,dev,0.11193469569908934,0.02243602365695948,0.0,0.03412958610660338
2011-04-04,dev,0.11234539490859803,0.022651483167676997,-0.6,-0.03748034821355822
2011-04-05,dev,0.11233361024449715,0.023138805556859644,-0.6,-0.025472728616304174
2011-04-06,dev,0.11235201668575473,0.023549626725967596,-0.6,-0.05315425658758122
2011-04-07,dev,0.11214387902328773,0.02404923337429674,-0.6,-0.05365246757587128
2011-04-08,dev,0.11171643086429214,0.023944559444526725,-0.5,-0.03175065180475578
2011-04-11,dev,0.11172828873728669,0.023748575959733606,-0.8,-0.0696884608182719
2011-04-12,dev,0.11126498740939708,0.023370058831100708,-0.8,-0.07961931567175584
2011-04-13,dev,0.11065607508752892,0.02280930811393298,-0.6,-0.08034588964266232
2011-04-14,dev,0.11083334089215977,0.02243725172582806,-0.9,-0.09647802442635839
2011-04-15,dev,0.11113757369225527,0.022242522341559223,-0.9,-0.07689247842461766
2011-04-18,dev,0.11159164311068852,0.022262533833391943,-0.8,-0.08736932383233564
2011-04-19,dev,0.11236513909011062,0.023056094072152426,-0.6,-0.040680802129424765
2011-04-20,dev,0.11233249780041513,0.023561182775420447,-0.5,-0.026921045795037846
2011-04-21,dev,0.11233249780041513,0.023561182775420447,-0.5,-0.036591279011872146
2011-04-22,dev,0.11233249780041513,0.023561182775420447,0.2,-0.019454336584205645
2011-04-25,dev,0.11233249780041513,0.023561182775420447,0.1,-0.011295603700705925
2011-04-26,dev,0.11245319732828674,0.02413087446514805,0.1,0.00969227907067749
2011-04-27,dev,0.11255377052663554,0.0246575557503805,0.2,0.005719582412828272
2011-04-28,dev,0.11260808991648528,0.02512352974003543,1.0,0.03819013248309955
2011-04-29,dev,0.11270846898234504,0.025649095421208256,0.5,0.007347374169424492
2011-05-02,dev,0.11254486763685058,0.026009777113076806,0.1,-0.019596273280906795
2011-05-03,dev,0.11238144450632942,0.02637006590549888,-0.3,-0.02723464155300226
2011-05-04,dev,0.1123522894082921,0.026868055238478045,0.0,0.011494266021014998
2011-05-05,dev,0.11232316603506222,0.027365502689702073,0.0,0.0053485200403358135
2011-05-06,dev,0.11207087048439152,0.02761952117356058,0.1,0.026839407739534027
2011-05-09,dev,0.1116363210982587,0.027706412738140163,0.3,0.03689556269091421
2011-05-10,dev,0.11120224379185009,0.027793209906669145,0.0,0.02644594890511559
2011-05-11,dev,0.11084780898704089,0.02793646368341182,0.0,0.024608167103175205
2011-05-12,dev,0.11026892034622104,0.02781994189800943,0.3,0.026119358888178013
2011-05-13,dev,0.10968941803945338,0.027646684518093663,0.1,0.02889990423489891
2011-05-16,dev,0.10930476252832089,0.02741489769721665,0.7,0.03446852408087564
2011-05-17,dev,0.1089205237620542,0.027725073808973304,0.6,0.035721160567586285
2011-05-18,dev,0.1085826396045482,0.027792096049204042,0.0,0.03043705937526059
2011-05-19,dev,0.10825331999437257,0.028047619806753174,0.6,0.046313927702391455
2011-05-20,dev,0.10830293961579261,0.02846511703779333,0.9,0.057381274306098795
2011-05-23,dev,0.10825531749719057,0.028881070919383602,0.5,0.033415657132554955
2011-05-24,dev,0.10820774683414616,0.029296575364040768,0.9,0.03584082217875345
2011-05-25,dev,0.10825731068574761,0.02971272192161958,0.3,0.021902065220289868
2011-05-26,dev,0.1087385533675146,0.029696686993437377,0.0,-0.009390040174155734
2011-05-27,dev,0.1089087280551494,0.030089286276383614,-0.6,-0.05582643411201049
2011-05-30,dev,0.10890392550633261,0.030558240839037853,-0.7,-0.05763090631852774
2011-05-31,dev,0.10864932405744107,0.030884644608178264,-0.7,-0.04143675073808867
2011-06-01,dev,0.1085418612599362,0.03135756128264392,-1.0,-0.0145572254506664
2011-06-02,dev,0.10848344260479093,0.03187889736376198,-1.0,-0.03807878325041458
2011-06-03,dev,0.10847887916067861,0.03234588020541677,-0.1,-0.022988457784691663
2011-06-06,dev,0.10872297653747394,0.032093274893478366,-0.6,-0.03919813536947836
2011-06-07,dev,0.1084100226486702,0.03235884314419315,-0.3,-0.02209461837851917
2011-06-08,dev,0.10870983824696127,0.03189391716327074,-0.1,-0.003153451129460638
2011-06-09,dev,0.10909879342414129,0.03151895173985156,-0.3,-0.012751443966176279
2011-06-10,dev,0.10914322496839829,0.0314586904562958,-0.1,0.0008663756584738058
2011-06-13,dev,0.10930548849703849,0.0316626078908406,-0.3,-0.007072801689730457
2011-06-14,dev,0.10943637266908472,0.03193253872013465,0.8,0.014683012791643746
2011-06-15,dev,0.10955629605455032,0.031558355964169574,0.5,0.010830156555663106
2011-06-16,dev,0.10989914600312925,0.031407628792882544,-0.8,-0.02974615976058992
2011-06-17,dev,0.10984034496192908,0.031925869761960726,-0.9,-0.04425467120331228
2011-06-20,dev,0.1094548094239221,0.03265151843529063,-0.8,-0.05158875299573229
2011-06-21,dev,0.10939630872406966,0.033168540606089515,-0.8,-0.0308754618269389
2011-06-22,dev,0.10963835129419569,0.03291711510362899,-0.9,-0.03131164058004099
2011-06-23,dev,0.10988013540989554,0.03239900665990041,0.7,0.015605410423939148
2011-06-24,dev,0.10971477781362558,0.031954823625396735,0.9,0.05771041258936105
2011-06-27,dev,0.10956737437656944,0.03158222549724097,1.0,0.08542083142398538
2011-06-28,dev,0.10937570733265868,0.031165603841858645,0.9,0.07512993846653981
2011-06-29,dev,0.10878467072779312,0.03114899989735046,0.7,0.036938176949470325
2011-06-30,dev,0.10819426355488163,0.03113241363542429,0.9,0.05238305314768177
2011-07-01,dev,0.10785657858786268,0.03136793880673397,-0.6,-0.007970244425096584
2011-07-04,dev,0.10687535588368662,0.032023146230101045,0.6,0.07038352502941142
2011-07-05,dev,0.10623094412729192,0.03248179253306498,0.1,0.06084866252369642
2011-07-06,dev,0.10589484065566547,0.03271622527376278,0.1,0.062410930222967065
2011-07-07,dev,0.10575009211221229,0.03261033951065049,0.1,0.02367717339873937
2011-07-08,dev,0.10566447340325913,0.032563542326432764,0.0,0.03759510956577716
2011-07-11,dev,0.10627852826868807,0.03162486559031097,0.0,0.06763617264246008
2011-07-12,dev,0.10719890299556466,0.030994155302700985,0.0,0.08132417505698242
2011-07-13,dev,0.10803462722625899,0.030280438488187518,0.1,0.06588886253364784
2011-07-14,dev,0.10803462722625899,0.030280438488187518,0.2,0.07288308904051599
2011-07-15,dev,0.10747562137441637,0.030292277015973104,0.1,0.0684330298155672
2011-07-18,dev,0.10747562137441637,0.030292277015973104,0.2,0.06332109224809485
2011-07-19,dev,0.10747562137441637,0.030292277015973104,0.1,0.05535754823083838
2011-07-20,dev,0.10747562137441637,0.030292277015973104,0.1,0.06393118798356134
2011-07-21,dev,0.10786452007308416,0.030192654457022294,0.1,0.056990611426466276
2011-07-22,dev,0.10786452007308416,0.030192654457022294,0.1,0.0630204660004659
2011-07-25,dev,0.10786452007308416,0.030192654457022294,0.1,0.055643494642466984
2011-07-26,dev,0.10786452007308416,0.030192654457022294,0.1,0.05242241893046512
2011-07-27,dev,0.10786452007308416,0.030192654457022294,0.3,0.06701127967924736
2011-07-28,dev,0.10786452007308416,0.030192654457022294,0.1,0.004851154909352007
2011-07-29,dev,0.10731141715241058,0.030474298555193183,0.3,0.059219737305533926
2011-08-01,dev,0.10751389449840686,0.030541135385728797,0.3,0.06738978067941481
2011-08-02,dev,0.10751389449840686,0.030541135385728797,0.6,0.07440935750487926
2011-08-03,dev,0.10751389449840686,0.030541135385728797,0.3,0.06157748536768631
2011-08-04,dev,0.10751389449840686,0.030541135385728797,0.1,0.035376539255654205
2011-08-05,dev,0.10751389449840686,0.030541135385728797,0.7,0.08162393173038118
2011-08-08,dev,0.10751389449840686,0.030541135385728797,0.7,0.02461946808476867
2011-08-09,dev,0.10751389449840686,0.030541135385728797,0.9,0.054251402392141046
2011-08-10,dev,0.10751389449840686,0.030541135385728797,0.6,0.05611966754436404
2011-08-11,dev,0.10751389449840686,0.030541135385728797,0.9,0.07164965338518081
2011-08-12,dev,0.10751389449840686,0.030541135385728797,0.9,0.06471343433047139
2011-08-15,dev,0.10751389449840686,0.030541135385728797,0.4,0.029775027573828827
2011-08-16,dev,0.10751389449840686,0.030541135385728797,0.4,0.017182501433143593
2011-08-17,dev,0.10751389449840686,0.030541135385728797,0.1,0.0078048262820530345
2011-08-18,dev,0.10751389449840686,0.030541135385728797,-0.6,-0.10746320602892684
2011-08-19,dev,0.10751389449840686,0.030541135385728797,-0.6,-0.12190785195070603
2011-08-22,dev,0.10751389449840686,0.030541135385728797,-0.7,-0.06807352157219837
2011-08-23,dev,0.10751389449840686,0.030541135385728797,0.3,0.018407166866247493
2011-08-24,dev,0.10804124611753811,0.030052087828915372,0.9,0.040130028268049234
2011-08-25,dev,0.10804124611753811,0.030052087828915372,-0.4,-0.040030406222065995
2011-08-26,dev,0.10856804057700836,0.029563556962600438,-0.9,-0.06805255290477752
2011-08-29,dev,0.1090942787593303,0.029075541968372417,-0.1,0.01833113824984922
2011-08-30,dev,0.10935333191038078,0.02906019867445771,-0.1,0.014045499966807096
2011-08-31,dev,0.10987860080594215,0.028572963948308067,-0.1,0.002944743059573096
2011-09-01,dev,0.10977674949643278,0.029041120881738935,-0.3,-0.014415994774214846
2011-09-02,dev,0.10971891137762538,0.029552690364941393,-0.1,-0.006962311812910016
2011-09-05,dev,0.10966113417310847,0.030063721070383763,-0.7,-0.03298891756097222
2011-09-06,dev,0.10966113417310847,0.030063721070383763,-0.1,-0.0374549992633868
2011-09-07,dev,0.10966113417310847,0.030063721070383763,-0.1,-0.0018679501376392404
2011-09-08,dev,0.10966113417310847,0.030063721070383763,-0.1,-0.0003137419266195929
2011-09-09,dev,0.10966113417310847,0.030063721070383763,-0.4,-0.03103344333316782
2011-09-12,dev,0.10936605968556638,0.030687732940615036,-0.4,-0.012527830221644831
2011-09-13,dev,0.10907129563935783,0.03131108830177716,-0.3,-0.022854543097896918
2011-09-14,dev,0.10880364511588814,0.03182038846565635,-0.2,-0.00918958313720919
2011-09-15,dev,0.10835235575954769,0.032197781850592945,-0.1,-0.009580082803700707
2011-09-16,dev,0.10790154044664876,0.03257477881390671,-0.1,-0.002524275371270257
2011-09-19,dev,0.10738995608595936,0.032732657320216116,-0.7,-0.028382567595604535
2011-09-20,dev,0.10667088585992432,0.0336267336307843,-0.1,0.0010156829505651999
2011-09-21,dev,0.10667088585992432,0.0336267336307843,-0.7,-0.02273319304748006
2011-09-22,dev,0.1063607026555675,0.03405403206542198,-0.5,-0.02317226408783296
2011-09-23,dev,0.10582452478904643,0.03407985979145338,0.1,0.008731909867712051
2011-09-26,dev,0.10582452478904643,0.03407985979145338,0.5,0.062164618245233616
2011-09-27,dev,0.10582452478904643,0.03407985979145338,0.5,0.030786240916888807
2011-09-28,dev,0.10582452478904643,0.03407985979145338,0.7,0.04301255187323483
2011-09-29,dev,0.10519011531671338,0.03453070158417932,0.6,0.06039953136664
2011-09-30,dev,0.10519011531671338,0.03453070158417932,0.7,0.05339954954007631
2011-10-03,dev,0.10519011531671338,0.03453070158417932,-0.2,0.04000661164108421
2011-10-04,dev,0.10519011531671338,0.03453070158417932,0.6,0.023700017235694593
2011-10-05,dev,0.10519011531671338,0.03453070158417932,-0.1,-0.0016205468441534698
2011-10-06,dev,0.10519011531671338,0.03453070158417932,0.6,0.005200618110948629
2011-10-07,dev,0.10479626770475206,0.034697408639093666,-0.2,0.003498762203598127
2011-10-10,dev,0.10440283228286082,0.03486394122299293,0.0,-0.009395832618252942
2011-10-11,dev,0.103770161785906,0.03531366554353805,0.1,-0.0015088572294802427
2011-10-12,dev,0.10341327860231637,0.0355153064039852,0.0,-0.009168855799329911
2011-10-13,dev,0.10341327860231637,0.0355153064039852,0.3,0.007339929487956476
2011-10-14,dev,0.10341327860231637,0.0355153064039852,0.3,0.009081038779885142
2011-10-17,dev,0.10341327860231637,0.0355153064039852,0.3,0.0007166979882700097
2011-10-18,dev,0.10341327860231637,0.0355153064039852,0.0,-0.021433783311951005
2011-10-19,dev,0.10278556047572882,0.035793839394881975,0.0,0.004059004276701472
2011-10-20,dev,0.10185240325025022,0.036462244425842456,0.0,-0.03025027991031054
2011-10-21,dev,0.10147176474104229,0.03698560217211002,0.0,-0.031043724262036
2011-10-24,dev,0.10130901143873111,0.03737813638287602,-0.7,-0.043869015311021164
2011-10-25,dev,0.10114642784789263,0.037770261277468124,-0.4,-0.02057296560377342
2011-10-26,dev,0.10153254501063885,0.0376682993190942,-0.4,-0.02420730239384483
2011-10-27,dev,0.10165327458789025,0.037822291524309944,-0.6,-0.0425135267379651
2011-10-28,dev,0.10203415957422313,0.03771584230088934,-0.4,-0.026623152335396416
2011-10-31,dev,0.10169202132493603,0.03792745967973614,-0.3,-0.009521453854472839
2011-11-01,dev,0.10155703081106862,0.03834564886511221,-0.1,0.0013122824569028468
2011-11-02,dev,0.10172308881562574,0.038024810498539355,0.3,0.03697913953976534
2011-11-03,dev,0.1020803618521945,0.03789569303033778,0.6,0.03508427898085659
2011-11-04,dev,0.10172676489982004,0.03809463225076801,0.6,0.05638507306010654
2011-11-07,dev,0.10142816034588846,0.03834799040189562,0.9,0.06485613447312316
2011-11-08,dev,0.10164853774688837,0.03808241353419427,0.9,0.051333021647731236
2011-11-09,dev,0.10135028334135533,0.03833551533613283,0.9,0.09924515353210211
2011-11-10,dev,0.10113414875222293,0.038670165600889136,0.9,0.05710468774300992
2011-11-11,dev,0.10091823802076956,0.03900446925739607,0.9,0.05882458572735666
2011-11-14,dev,0.10070255079939017,0.03933842684386522,0.8,0.0660714510246807
2011-11-15,dev,0.10040540296631945,0.039590355122514895,0.8,0.06188741918889007
2011-11-16,dev,0.1001085624215973,0.03984202287554032,0.6,0.07190113937191905
2011-11-17,dev,0.09981202868880769,0.04009343050685719,0.9,0.10654473968846484
2011-11-18,dev,0.09951580129251887,0.04034457841954666,0.9,0.07561806390813436
2011-11-21,dev,0.09902967787256513,0.040405265130141685,1.0,0.08438698167177128
2011-11-22,dev,0.09902967787256513,0.040405265130141685,1.0,0.12183991829633217
2011-11-23,dev,0.09902967787256513,0.040405265130141685,0.9,0.1457353953043079
2011-11-24,dev,0.0990600520000004,0.03994989334051938,0.9,0.15660621113601475
2011-11-25,dev,0.09792321692527386,0.04090646216401847,0.9,0.14347386624927866
2011-11-28,dev,0.09758279258665259,0.04111089182269681,0.8,0.12171564114702327
2011-11-29,dev,0.09733931871102834,0.04128291094076858,0.9,0.14203770930669152
2011-11-30,dev,0.09727879278985788,0.04167255918332214,0.7,0.06350498013807487
2011-12-01,dev,0.09732522676165929,0.04200494592589377,0.9,0.111040595809132
2011-12-02,dev,0.09737161296188478,0.04233699070679609,0.7,0.07080989517188757
2011-12-05,dev,0.09780355557732853,0.042283089940365864,0.7,0.0621795449416771
2011-12-06,dev,0.09823505426408222,0.04222924457040678,0.9,0.07807902260737848
2011-12-07,dev,0.09866610970616538,0.042175454511562196,1.0,0.09536025783349172
2011-12-08,dev,0.09898977528982067,0.04233561427139542,1.0,0.1072268398467297
2011-12-09,dev,0.09932250231505665,0.0425833910343411,0.7,0.058342052341681494
2011-12-12,dev,0.09961862804554518,0.042955233791593626,0.7,0.039383453808812696
2011-12-13,dev,0.09987510235203131,0.043240751355001314,0.7,0.035633116181697955
2011-12-14,dev,0.1004969519359678,0.04269625924716717,0.9,0.045374874011747
2011-12-15,dev,0.10092740739866739,0.04264427778856045,0.8,0.032693057241504064
2011-12-16,dev,0.10135742227235703,0.04259234953513141,0.9,0.06979276174408
2011-12-19,dev,0.10181708599497986,0.04257056316708275,0.8,0.04098151554107443
2011-12-20,dev,0.10227627971379634,0.04254879907548404,0.9,0.0328370781194286
2011-12-21,dev,0.10270306751159206,0.04249512058847562,0.1,0.013983972928020894
2011-12-22,dev,0.1030336583862031,0.042601098565703155,-0.2,-0.005339570556576412
2011-12-23,dev,0.10333838852485229,0.042936677382157624,-0.7,-0.008966186067311477
2011-12-26,dev,0.10359178730621717,0.04322089336308509,-0.7,-0.018252957793444713
2011-12-27,dev,0.1038959220398703,0.04355581386621458,-0.7,-0.019229727864087387
2011-12-28,dev,0.10444821769632297,0.04311949591827053,-0.5,-0.009684825207495584
2011-12-29,dev,0.10490443358134777,0.04309752979706917,-0.5,-0.01634793855719241
2011-12-30,dev,0.1053389696810178,0.04292707959520372,0.1,0.019937442741923217
2012-01-03,dev,0.10588968776260507,0.04249174774808148,-0.2,0.0005687224966729465
2012-01-04,dev,0.10634447428968412,0.04247013444810789,-0.2,0.006637981568729745
2012-01-05,dev,0.10679879840036552,0.04244854312403666,-0.9,-0.03215888084111962
2012-01-06,dev,0.10725266079955233,0.042426973742367945,-0.7,-0.017043678957823882
2012-01-09,dev,0.1078012881937628,0.041992780256465266,0.2,0.014338932371253055
2012-01-10,dev,0.1083493586058472,0.041559027576132036,0.6,0.05478607899046306
2012-01-11,dev,0.10889687288357126,0.04112571503043131,0.6,0.022810680309283682
2012-01-12,dev,0.10931892136110913,0.04107503082939571,0.6,0.020256793369008763
2012-01-13,dev,0.10984986095752927,0.04079582203446514,-0.3,-8.01865601636198e-05
2012-01-16,dev,0.11027099905764615,0.04074535630424922,-0.7,-0.011665808143403011
2012-01-17,dev,0.11080091892905901,0.040466597176212316,0.8,0.032788885240012555
2012-01-18,dev,0.11122114947139665,0.04041634913644108,-0.7,-0.011386186416560307
2012-01-19,dev,0.11161120095936077,0.039830581100042506,0.3,0.010440148870842325
2012-01-20,dev,0.11184225063075663,0.039255318310969546,0.3,0.014707064571831241
2012-01-23,dev,0.11164702473153869,0.038928335766469355,0.6,0.022945553498835203
2012-01-24,dev,0.11145199603019874,0.03860168350736765,0.6,0.01972147511337785
2012-01-25,dev,0.11125716422810294,0.03827536103348463,-0.1,-0.007186480900175818
2012-01-26,dev,0.11063713182494873,0.038701232668269185,-0.1,0.003018438561530168
2012-01-27,dev,0.11001772476965449,0.03912667478047705,-0.6,-0.01241725632111701
2012-01-30,dev,0.10971519765110559,0.03953192204868344,-0.6,-0.029865814598480034
2012-01-31,dev,0.10925492723988214,0.03994663901391797,-0.6,-0.022798309527800042
2012-02-01,dev,0.10879512034367501,0.040360938338704126,-0.5,-0.043146458046375846
2012-02-02,dev,0.10812854691898781,0.04056759130992614,-0.6,-0.014306495782356876
2012-02-03,dev,0.1079360728994503,0.04024142897161386,-0.5,-0.043327259147919794
2012-02-06,dev,0.10787194825589239,0.04037892724271716,-0.1,-0.0031403592239829803
2012-02-07,dev,0.10799509862182942,0.04053599369961559,-0.5,-0.05922058834788568
2012-02-08,dev,0.10804130901930716,0.04091744222111251,-0.5,-0.01789537174823619
2012-02-09,dev,0.10808747302080349,0.041298507762166176,-0.5,-0.02068910871344709
2012-02-10,dev,0.10775100163444082,0.04149730429615405,-0.5,-0.016788726346589122
2012-02-13,dev,0.1075592961151048,0.04117165713389173,-0.5,-0.019896124860837916
2012-02-14,dev,0.10784999320978395,0.041245004674175495,-0.5,-0.014043028159075543
2012-02-15,dev,0.10742855867744773,0.04125774097777895,0.7,0.030633648602309327
2012-02-16,dev,0.10752081611760256,0.04171696761391092,0.6,0.024299782015862692
2012-02-17,dev,0.10755800198632157,0.04210558866024121,0.5,0.010480811201006857
2012-02-20,dev,0.10778716585008857,0.04241297238605682,0.6,0.015538870627544221
2012-02-21,dev,0.10782702226716352,0.04273551589986379,0.5,0.03746933859738738
2012-02-22,dev,0.1075544950196537,0.042995268265730927,0.7,0.051342620950800666
2012-02-23,dev,0.10756320905810542,0.04278647942044335,0.7,0.07236069999820716
2012-02-24,dev,0.10741589841953422,0.04242188307525092,0.7,0.07928759249786438
2012-02-27,dev,0.10726873479756839,0.04205765059866646,0.7,0.08793838524583764
2012-02-28,dev,0.10712171797223295,0.04169378144624817,0.9,0.08685193352909615
2012-02-29,dev,0.10712696490186968,0.04123314000924782,0.9,0.08338114623619625
2012-03-01,dev,0.1069801652183112,0.040870044274315454,0.9,0.08421831795770685
2012-03-02,dev,0.10698547741632178,0.04041027187120251,0.9,0.0862987418690514
2012-03-05,dev,0.10703177633249085,0.03999194918734427,0.8,0.09315733933383691
2012-03-06,dev,0.10703705756756102,0.039533071132436905,0.9,0.09069445917904428
2012-03-07,dev,0.10704233355028403,0.03907464944556027,0.9,0.08771399121171952
2012-03-08,dev,0.1070476042884914,0.03861668344624515,0.7,0.0719939533416058
2012-03-09,dev,0.10705286978999912,0.038159172455374445,0.7,0.07625712302227694
2012-03-12,dev,0.10705813006260763,0.03770211579517989,0.7,0.058095878271171575
2012-03-13,dev,0.10706338511410189,0.03724551278923862,0.5,0.016892875590951706
2012-03-14,dev,0.1076911061629579,0.03675045831180076,0.4,-0.004301891747508724
2012-03-15,dev,0.10828904090962778,0.03622673084454788,0.0,-0.008670664641369341
2012-03-16,dev,0.108565739435771,0.036043598999068255,-0.2,-0.012082370964987543
2012-03-19,dev,0.10897630618196429,0.03574714352655757,-0.7,-0.01207974302925241
2012-03-20,dev,0.1092523905188379,0.035564430419201196,0.0,-0.003808572644602215
2012-03-21,dev,0.10987747544169242,0.03507143252501777,-0.7,-0.012077773044160245
2012-03-22,dev,0.11027273431095513,0.03509904758851138,-0.7,-0.013986586898044773
2012-03-23,dev,0.1106676024151469,0.035126635350904156,-0.7,-0.023810144351955165
2012-03-26,dev,0.11106208033346499,0.035154195852662155,-0.6,-0.033994575572428465
2012-03-27,dev,0.1115010620221892,0.03513683575594479,-0.6,-0.035407077828063516
2012-03-28,dev,0.11182493946821812,0.03545353409800388,-0.3,-0.03761222639911738
2012-03-29,dev,0.1121484973509061,0.035769919960199084,-0.6,-0.04630978828253074
2012-03-30,dev,0.11247173614297999,0.03608599380477871,-0.3,-0.03357183880433151
2012-04-02,dev,0.11278594425725157,0.03643784890886704,-0.9,-0.08588976059942849
2012-04-03,dev,0.11310855057420699,0.036753282321605366,-0.9,-0.07918225469414458
2012-04-04,dev,0.11343083920892022,0.03706840511552269,-0.6,-0.054887717081106124
2012-04-05,dev,0.1137080719045692,0.037427956475050865,-0.6,-0.04462185628001836
2012-04-06,dev,0.11398503186761058,0.03778715411951801,-0.6,-0.06513210372613948
2012-04-09,dev,0.11426171950030482,0.03814599857062777,-0.7,-0.05604391726483354
2012-04-10,dev,0.11439915324695793,0.038588872251622025,-0.2,-0.022588825818909586
2012-04-11,dev,0.11434296505774036,0.03906107811004461,-0.2,-0.01933884559120902
2012-04-12,dev,0.11413955663110427,0.03938554493473285,-0.2,-0.017696478767310286
2012-04-13,dev,0.11383821239330687,0.03961155791562847,-0.2,-0.003345236928490536
2012-04-16,dev,0.11334098914053918,0.03964117461110879,-0.2,-0.0036517837932077413
2012-04-17,dev,0.1130753457985235,0.040146952746803626,-0.2,-0.02508487320383679
2012-04-18,dev,0.11272597032287504,0.039833308967897794,-0.2,-0.006923423993089206
2012-04-19,dev,0.1123769370367228,0.0395199723817235,-0.7,-0.03646066913696
2012-04-20,dev,0.11202824543758588,0.03920694253719011,-0.7,-0.03688950377856565
2012-04-23,dev,0.11181035816812848,0.03886160319804928,-0.7,-0.01637297986773434
2012-04-24,dev,0.11159268399135516,0.038516601599093425,-0.7,-0.016633960088364874
2012-04-25,dev,0.11157305343780541,0.03804392905257802,0.4,0.02069868938762237
2012-04-26,dev,0.11135570786537202,0.037699663983833884,0.1,0.0070639744712007735
2012-04-27,dev,0.11133621219328374,0.037227851926922136,-0.4,-0.006203286735346647
2012-04-30,dev,0.11081951886324669,0.037235369607263986,0.0,-0.0007029831565835143
2012-05-01,dev,0.11030332962426334,0.03724287995328355,1.0,0.05877930130178027
2012-05-02,dev,0.11008702700946196,0.03689967685888084,0.3,0.010369800196165013
2012-05-03,dev,0.11006204479815705,0.03642303156285398,0.7,0.01719689514125322
2012-05-04,dev,0.11003708692412568,0.035946850607105764,0.0,0.00045272446659061494
2012-05-07,dev,0.10982122985486693,0.03560477976130549,-0.8,-0.027530317289328643
2012-05-08,dev,0.10981645066758965,0.035149497630034776,-0.9,-0.04102242451794491
2012-05-09,dev,0.1098116761293272,0.034694658380214724,-0.8,-0.04479258035615691
2012-05-10,dev,0.10980690623329932,0.03424026136593168,-0.8,-0.03385014128062652
2012-05-11,dev,0.10980214097273892,0.03378630594252744,-0.7,-0.0303582834204838
2012-05-14,dev,0.10979738034089204,0.033332791466596144,-0.6,-0.03130783161076561
2012-05-15,dev,0.10979262433101782,0.03287971729598129,-0.7,-0.04335549239843606
2012-05-16,dev,0.10998195347981403,0.03237856265391628,-0.4,-0.03426232743864127
2012-05-17,dev,0.10976696061521017,0.032039549448620176,-0.9,-0.055355429523467836
2012-05-18,dev,0.10942291458485864,0.031733180302013955,-0.6,-0.04676071483973998
2012-05-21,dev,0.10907920193244348,0.031427108024735854,0.0,0.002610714976804318
2012-05-22,dev,0.10873582217363843,0.031121332185498694,-0.5,-0.0648241498425634
2012-05-23,dev,0.10876386227261861,0.030783583880149144,-0.5,-0.03528825473490488
2012-05-24,dev,0.108743141519673,0.03039122618102001,-0.2,-0.01861565549491001
2012-05-25,dev,0.10851471816128035,0.030068810870311758,0.2,0.014824757836840785
2012-05-28,dev,0.10841978012064556,0.02975153564689758,-0.7,-0.0367297410299503
2012-05-29,dev,0.10885049520271288,0.029737162924362848,-0.7,-0.01401122945850053
2012-05-30,dev,0.10879793581343103,0.029433088968339495,-0.5,-0.042335791404661316
2012-05-31,dev,0.10882586473758799,0.029097133487820667,-0.5,-0.03740998452158595
2012-06-01,dev,0.10900186972832061,0.02933698812167781,-0.8,-0.10327819763179347
2012-06-04,dev,0.10897469022456896,0.029779626228201902,-0.8,-0.09039341191372752
2012-06-05,dev,0.10892217230156916,0.030247202311947347,-0.1,-0.03209327243376059
2012-06-06,dev,0.10889505737220778,0.030688975538701046,-0.3,-0.026125884118199105
2012-06-07,dev,0.10852165259414381,0.030754443854121346,-0.9,-0.06048959700538853
2012-06-08,dev,0.10810850454188484,0.030859951821467772,0.2,-0.012405695829683983
2012-06-11,dev,0.10771078520348086,0.030830076904766728,-0.7,-0.07274364054444682
2012-06-12,dev,0.1072984242490561,0.030935447060100978,-0.6,-0.05317871598693297
2012-06-13,dev,0.10703662779338621,0.030830480482945715,-0.7,-0.06380741082654295
2012-06-14,dev,0.10674506361096864,0.03105582607349185,-0.6,-0.05285600476793484
2012-06-15,dev,0.10653379217700593,0.031200942495604116,-0.7,-0.04766564419876451
2012-06-18,dev,0.10641412282238302,0.031597267790540416,-0.6,-0.0510667547940436
2012-06-19,dev,0.10644302092494623,0.03198179348144823,-0.6,-0.03862967776746956
2012-06-20,dev,0.10610436175863514,0.03215821639924236,-0.8,-0.049231940417507725
2012-06-21,dev,0.10595768980762477,0.03252613292229016,-0.8,-0.05125662826265043
2012-06-22,dev,0.10590694378760196,0.032989482475488295,-0.6,-0.055440262793667816
2012-06-25,dev,0.10554678505603075,0.033229963113534274,-0.6,-0.0472148955039039
2012-06-26,dev,0.10511771540231553,0.03338757430947869,-0.6,-0.025500196232756123
2012-06-27,dev,0.10487614786745073,0.0336585510792972,-0.1,-0.009102714225310837
2012-06-28,dev,0.1046348112766919,0.03392926878910634,0.7,0.043152786861330394
2012-06-29,dev,0.104202592064424,0.034008614575638065,0.6,0.03316165963392487
2012-07-02,dev,0.10379586936168324,0.034243210521520046,0.4,0.008043655882510603
2012-07-03,dev,0.10354864392803022,0.03463669149911639,0.9,0.052890709088718846
2012-07-04,dev,0.10324864337021505,0.03497678599147118,0.9,0.03850380524317132
2012-07-05,dev,0.10294694551228654,0.03521256805094395,0.9,0.02965185945700921
2012-07-06,dev,0.10273899495039635,0.03570420489489806,0.8,0.06418079154661821
2012-07-09,dev,0.10253124253101392,0.03603656750968531,0.9,0.03557739959145634
2012-07-10,dev,0.10216014780753835,0.036384967605002975,0.8,0.03729302441090976
2012-07-11,dev,0.10183387770704294,0.03664529524218923,0.6,0.04556501576001981
2012-07-12,dev,0.10146346783336323,0.036993074249056304,0.6,0.050102680433112834
2012-07-13,dev,0.10113783930213799,0.037252865147336986,0.6,0.03775984889421419
2012-07-16,dev,0.10076301143174725,0.03732427538253311,0.6,0.034474506831085217
2012-07-17,dev,0.10038853969234975,0.03739561776952478,0.8,0.04681341169254638
2012-07-18,dev,0.09989571512459458,0.037348183952920076,0.8,0.05430941543123413
2012-07-19,dev,0.09940335835424595,0.03730079516129553,0.8,0.06739473222540548
2012-07-20,dev,0.09898168992798183,0.037183230118149994,0.6,0.05925962851878197
2012-07-23,dev,0.09860877305271962,0.03725450407257477,0.6,0.05591638541810234
2012-07-24,dev,0.09823620965316857,0.037325710468748906,0.5,0.06307344467634629
2012-07-25,dev,0.09822915002440502,0.03774226231915058,0.5,0.05175481914601754
2012-07-26,dev,0.09846881217136108,0.037875282705685694,0.6,0.04019628076211218
2012-07-27,dev,0.09864063879197968,0.038075785866515215,0.6,0.04818595993103658
2012-07-30,dev,0.09870833869877546,0.038307288582506704,0.6,0.06309197141894535
2012-07-31,dev,0.09933356058666205,0.03801544240898256,0.5,0.05451300931528058
2012-08-01,dev,0.09995819152758469,0.037723872082503336,0.5,0.07462761619320946
2012-08-02,dev,0.1005822323589741,0.037432577212166286,0.5,0.07092193740376157
2012-08-03,dev,0.1011808342571198,0.03711670774824721,0.6,0.07835956504036068
2012-08-06,dev,0.10158016771006718,0.037074353672411624,0.6,0.07787232239175418
2012-08-07,dev,0.10185654498944922,0.03714530916596237,0.6,0.08903320661456099
2012-08-08,dev,0.10189692379897801,0.03745193561142868,0.8,0.09090334757986696
2012-08-09,dev,0.10182118371735183,0.037877818992661856,0.5,0.09569010728175437
2012-08-10,dev,0.10174551498766313,0.03830330116486891,0.5,0.05453987507636221
2012-08-13,dev,0.10166991750913233,0.03872838269472925,0.5,0.024005088946580655
2012-08-14,dev,0.10166991750913233,0.03872838269472925,0.5,0.03604071619466881
2012-08-15,dev,0.10159730504021162,0.03915597800689768,0.5,0.019774223013098724
2012-08-16,dev,0.10159730504021162,0.03915597800689768,0.6,0.03025192380635433
2012-08-17,dev,0.10125244320935149,0.03978122028094504,0.5,0.02460953596097115
2012-08-20,dev,0.10090790564913628,0.04040587464500269,0.6,0.041879494036380305
2012-08-21,dev,0.10080520124853821,0.04080152646198176,0.6,0.05894944350370468
2012-08-22,dev,0.10070259332929346,0.04119680660041036,0.6,0.04791500856865488
2012-08-23,dev,0.10082101519931286,0.041343165459504345,0.5,0.07659484136376205
2012-08-24,dev,0.10082101519931286,0.041343165459504345,0.6,0.059574271206714546
2012-08-27,dev,0.10082101519931286,0.041343165459504345,0.6,0.031145974804138887
2012-08-28,dev,0.10067491133681225,0.04169423562316038,0.5,0.027602220240510345
2012-08-29,dev,0.10052894453234401,0.04204497645270418,0.5,0.020892998368171822
2012-08-30,dev,0.10038311459314016,0.04239538841133419,0.5,0.013903091904062692
2012-08-31,dev,0.1007060248881811,0.04227686839999361,-0.6,-0.01956782994830608
2012-09-03,dev,0.1010286326911424,0.04215845941442477,-0.3,-0.010330883901779608
2012-09-04,dev,0.10135093842687244,0.042040161298692605,-0.5,-0.012322663827018299
2012-09-05,dev,0.10171640497004025,0.04196543634776972,-0.5,-0.008200268668820065
2012-09-06,dev,0.10171640497004025,0.04196543634776972,-0.5,-0.013811265632597158
2012-09-07,dev,0.10171640497004025,0.04196543634776972,0.5,0.019802952628404258
2012-09-10,dev,0.101570360666598,0.04231506602403854,0.5,0.029343173955078128
2012-09-11,dev,0.10142445291696918,0.042664368790839145,-0.3,-0.011446720123583942
2012-09-12,dev,0.10127868152972318,0.043013345106455825,-0.2,0.004355483919390835
2012-09-13,dev,0.10160011777572074,0.042894923966382996,-0.9,-0.03357242280209011
2012-09-14,dev,0.10145440048647462,0.04324346680496569,-0.6,-0.0170861334491334
2012-09-17,dev,0.10145440048647462,0.04324346680496569,-0.9,-0.04640171319852049
2012-09-18,dev,0.10145440048647462,0.04324346680496569,-0.9,-0.0457558204559696
2012-09-19,dev,0.10145440048647462,0.04324346680496569,-0.9,-0.04231776840006801
2012-09-20,dev,0.10145440048647462,0.04324346680496569,-0.9,-0.08952457055723612
2012-09-21,dev,0.10177545474859503,0.04312504880095522,-0.9,-0.10550763131154223
2012-09-24,dev,0.10177545474859503,0.04312504880095522,-0.6,-0.07986915182385401
2012-09-25,dev,0.10162979160935154,0.043473159171948494,-0.6,-0.07813323507999487
2012-09-26,dev,0.10150471167542333,0.04384139235337571,-0.6,-0.08736533824841514
2012-09-27,dev,0.101379748311797,0.044209282353832355,-0.7,-0.059074159848132635
2012-09-28,dev,0.10096481890680291,0.04428674720405855,-0.7,-0.019408201729819274
2012-10-01,dev,0.10040326025838506,0.04468267369144272,-0.6,-0.017918350771781222
2012-10-02,dev,0.09981365117186805,0.045049658642416154,-0.6,-0.0242786893562561
2012-10-03,dev,0.09922459055891988,0.04541630221203983,-0.6,-0.031143940678959148
2012-10-04,dev,0.09863607765458443,0.045782604876438385,-0.8,-0.05322654260599019
2012-10-05,dev,0.09851279571019722,0.04614856711085145,-0.8,-0.06816894870327539
2012-10-08,dev,0.09838962828689167,0.04651418938963569,-0.8,-0.06201685001969659
2012-10-09,dev,0.09783082940751302,0.046907978922001346,-0.8,-0.015963616641233302
2012-10-10,dev,0.09804323067254692,0.046447954595613204,-0.6,-0.023607683029619908
2012-10-11,dev,0.09755834586191371,0.04645082269596189,-0.5,-0.015832751110695487
2012-10-12,dev,0.09742619085687805,0.046110558058643406,-0.1,-0.0049877108355869115
2012-10-15,dev,0.09684042030195518,0.04624365480344168,0.2,-0.013541341285069397
2012-10-16,dev,0.09625519237839399,0.046376628253432375,0.2,-0.008719151143158244
2012-10-17,dev,0.0956705063325398,0.04650947857985825,-0.1,-0.017338556705364327
2012-10-18,dev,0.09525603594552798,0.046395406632343275,0.2,0.007030523549677037
2012-10-19,dev,0.09484194897238017,0.04628144020929409,0.6,0.029339244654257635
2012-10-22,dev,0.09463492949690955,0.0460968712695438,1.0,0.04621643407428022
2012-10-23,dev,0.09442810135182292,0.04591247291106869,1.0,0.04969294793795748
2012-10-24,dev,0.09422146427199732,0.04572824489749749,1.0,0.043999061181075605
2012-10-25,dev,0.09398786031532402,0.04551702931541999,1.0,0.04024741710820823
2012-10-26,dev,0.09375447195990286,0.04530600867158161,1.0,0.030156504392164996
2012-10-29,dev,0.09358149941748592,0.04504006955319066,1.0,0.03014671584924994
2012-10-30,dev,0.09340868637026717,0.04477437565298172,0.9,0.03861550635579869
2012-10-31,dev,0.09323603259774631,0.04450892663194348,0.6,0.04736384881134065
2012-11-01,dev,0.09287641213132634,0.04440205932349947,0.9,0.07102321380362087
2012-11-02,dev,0.09251712280714064,0.04429529041957521,0.9,0.0785860044262357
2012-11-05,dev,0.09215816416802093,0.044188619784315396,0.4,0.04838979769664692
2012-11-06,dev,0.09179953575764005,0.0440820472821147,0.7,0.04900504503959324
2012-11-07,dev,0.09162801872970551,0.04381752680060568,-0.5,-0.01168331009966661
2012-11-08,dev,0.09161463269168635,0.0433665536724804,-0.5,-0.0234962530069312
2012-11-09,dev,0.09184528743091845,0.042815512536204574,-0.7,-0.024847056040652626
2012-11-12,dev,0.09220486259738728,0.04227932543219346,-0.9,-0.024903571966914284
2012-11-13,dev,0.09256410772698921,0.0417436304687092,-0.9,-0.03367886611377141
2012-11-14,dev,0.09300584692324085,0.041061892819666476,-0.9,-0.03755122525932458
2012-11-15,dev,0.09336439536573363,0.0405272472933851,-0.9,-0.03628560025079114
2012-11-16,dev,0.09370435890368005,0.04030218922837922,-0.5,-0.033465390867459754
2012-11-19,dev,0.09402387536373737,0.04044984620199763,-0.5,-0.03534410758914225
2012-11-20,dev,0.09434309922630378,0.040597367958607224,-0.7,-0.055997959106523776
2012-11-21,dev,0.09475758751041073,0.04057878792750489,-0.3,-0.030005868919599388
2012-11-22,dev,0.0951716965737637,0.0405602248955161,-0.3,-0.03547682501315563
2012-11-23,dev,0.09558542693655576,0.04054167883932244,-0.3,-0.026046620717008195
2012-11-26,dev,0.09599877911802901,0.04052314973564816,-0.4,-0.07175583683802622
2012-11-27,dev,0.0963832017863168,0.04047608571110013,-0.5,-0.07680039697476315
2012-11-28,dev,0.09642480763024999,0.04077153042082109,-0.5,-0.074031439064974
2012-11-29,dev,0.09680868494306137,0.04072439599342683,-0.8,-0.15599747267985992
2012-11-30,dev,0.09704024831872403,0.04085120115888663,-0.6,-0.16375226187080438
2012-12-03,dev,0.09722149102104358,0.04112821914666263,-0.8,-0.18340557122573548
2012-12-04,dev,0.09741931623024092,0.04123766389636789,-0.6,-0.14715148212623524
2012-12-05,dev,0.09726103863742531,0.04156056245495724,0.5,0.07270145144635087
2012-12-06,dev,0.09710290519542283,0.04188316693471364,0.5,0.087381404171953
2012-12-07,dev,0.09671733263957603,0.041977894669381496,0.5,0.0765399253037054
2012-12-10,dev,0.09621837115975822,0.041958796446147015,0.6,0.07344724602851471
2012-12-11,dev,0.09571986348756187,0.04193971559282908,0.5,0.0723468279722086
2012-12-12,dev,0.09522180900415843,0.04192065208574143,0.6,0.07686830976132597
2012-12-13,dev,0.09472420709184395,0.04190160590124087,0.6,0.09166149681387376
2012-12-14,dev,0.09428382370987673,0.041371677833165824,0.3,0.043402165718828045
2012-12-17,dev,0.09384384013125219,0.04084223086183892,0.3,0.0421369549561052
2012-12-18,dev,0.0936362719807224,0.04053496867162772,0.8,0.06698961951422144
2012-12-19,dev,0.09335193202366387,0.040123539358549135,0.9,0.04673544582416278
2012-12-20,dev,0.09306784985441774,0.039712483054820565,0.9,0.05418601872011242
2012-12-21,dev,0.09278402512257009,0.03930179925340621,0.9,0.06612610847387512
2012-12-24,dev,0.0925818877228156,0.03907356181504577,0.9,0.051667745935081055
2012-12-25,dev,0.0924456653502234,0.0388483889335843,0.9,0.027199912668212867
2012-12-26,dev,0.09230956625579645,0.03862341982848614,0.3,0.019809639913064614
2012-12-27,dev,0.09186874196478231,0.03865916095874171,0.3,0.025010570011179123
2012-12-28,dev,0.09147030506325642,0.038736858587507854,0.4,0.030130544824417682
2012-12-31,dev,0.09111830763665756,0.038634627743139346,0.9,0.04182120492134339
2013-01-02,dev,0.09091773876398039,0.03845776423626775,0.9,0.044835533480458434
2013-01-03,dev,0.09111653436724722,0.038313426645190427,0.9,0.044044608399558705
2013-01-04,dev,0.09131515055209954,0.03816921932269711,0.9,0.0415293266300214
2013-01-07,dev,0.09151358756132277,0.03802514209251096,0.8,0.039110051250157096
2013-01-08,dev,0.09162261359638679,0.037857712662652594,0.9,0.051128171795359556
2013-01-09,dev,0.09195686808928313,0.03791576086184323,0.9,0.049620261158518364
2013-01-10,dev,0.0922710648533017,0.037993513364062884,0.9,0.05276976094562491
2013-01-11,dev,0.09258497868461968,0.03807119585052187,0.7,0.050922853710505644
2013-01-14,dev,0.09270215069082399,0.03789522268566089,0.9,0.050252066699816744
2013-01-15,dev,0.09281921727911897,0.03771940784123612,0.9,0.048795593727215314
2013-01-16,dev,0.09317422344993613,0.037755346533224564,0.9,0.05117923827189158
2013-01-17,dev,0.09355534805539155,0.03776481537946211,0.9,0.06199951903050216
2013-01-18,dev,0.09393613023083307,0.03777427571820079,0.9,0.05816584739618191
2013-01-21,dev,0.0943322929366973,0.03784284415769697,0.9,0.04844447991781109
2013-01-22,dev,0.09472810002074299,0.03791135104563166,1.0,0.04340515880636353
2013-01-23,dev,0.0950843857043985,0.037944190776482034,0.9,0.052953577731400914
2013-01-24,dev,0.09530784857780757,0.03836575032233203,0.9,0.033644335902665856
2013-01-25,dev,0.09562931525258218,0.03888082618502933,0.7,0.030989587620489145
2013-01-28,dev,0.09587202731445944,0.039217890685488005,0.4,0.012897117651364254
2013-01-29,dev,0.09617288031059125,0.039503403352788576,-0.3,-0.00707417671896865
2013-01-30,dev,0.09657745825136538,0.03948572054018661,0.3,0.009014877020717071
2013-01-31,dev,0.09698167415371375,0.0394680535511306,1.0,0.037888302121119655
2013-02-01,dev,0.09738552850337667,0.03945040236439038,0.9,0.04076611235633881
2013-02-04,dev,0.09777039564903156,0.0393023840054136,0.1,-0.003522639885728873
2013-02-05,dev,0.09817353666974245,0.03928482261845855,0.7,0.033468632446400026
2013-02-06,dev,0.09857631758235087,0.039267276918316316,0.6,0.009712286127183944
2013-02-07,dev,0.09897873886914446,0.03924974688397778,0.9,0.06908119503854826
2013-02-08,dev,0.09934361523139235,0.03926941827462899,0.4,0.031174897286966763
2013-02-11,dev,0.09969577637040106,0.03930146184859709,-0.3,-0.009101315866897164
2013-02-12,dev,0.10004762350036916,0.039333476850497456,-0.3,-0.018668822812774044
2013-02-13,dev,0.100448671796492,0.03931594856313092,-0.3,-0.02193767551749254
2013-02-14,dev,0.10084936281128198,0.03929843589116516,-0.3,-0.023494869443843325
2013-02-15,dev,0.10124969702196263,0.03928093881374256,-0.3,-0.03076037042895613
2013-02-18,dev,0.1016496749049079,0.03926345731004263,-0.5,-0.0895140368468873
2013-02-19,dev,0.10197515695936893,0.039394271311832346,-0.5,-0.05642964100877068
2013-02-20,dev,0.10237445657832875,0.039376754961760393,-0.5,-0.053225435141045385
2013-02-21,dev,0.10277340126429393,0.03935925418177739,-0.3,-0.00793354157757109
2013-02-22,dev,0.10294986798963188,0.03956389245179881,-0.1,-0.003966249506956898
2013-02-25,dev,0.10297816141710837,0.03984235727161003,-0.1,0.002177488133467631
2013-02-26,dev,0.10259956480751356,0.04015756261680683,0.5,0.011938985260475099
2013-02-27,dev,0.10246531477876133,0.040583402207482605,-0.1,-0.0037201593243119113
2013-02-28,dev,0.10246531477876133,0.040583402207482605,-0.3,-0.03602318063254001
2013-03-01,dev,0.10246531477876133,0.040583402207482605,-0.3,-0.03784134131861555
2013-03-04,dev,0.10214162684298708,0.041026254661614324,0.6,0.021277874806333474
2013-03-05,dev,0.10183972569260409,0.04163796848116987,0.6,0.03151130639757016
2013-03-06,dev,0.10176854126411301,0.042036523422289536,0.1,-0.01827177597492391
2013-03-07,dev,0.10176854126411301,0.042036523422289536,0.6,0.030735656102029718
2013-03-08,dev,0.10118736550811054,0.042810410561699735,0.3,0.013397293820162248
2013-03-11,dev,0.10081056720553944,0.04312346482882603,0.6,0.023862933243717077
2013-03-12,dev,0.10043410235279362,0.04343624205677788,0.7,0.018634161937108262
2013-03-13,dev,0.10005797050743635,0.043748742613143744,1.0,0.03473737192733822
2013-03-14,dev,0.09968217122781325,0.04406096686486207,0.7,0.03364405632146594
2013-03-15,dev,0.09930670407305063,0.04437291517822271,1.0,0.05792141959542868
2013-03-18,dev,0.09901299238147396,0.04464331833254579,0.9,0.08759413143392591
2013-03-19,dev,0.0987195400379693,0.044913482720286675,1.0,0.09439329257662216
2013-03-20,dev,0.09842634669918089,0.045183408657552944,0.9,0.0828810760639242
2013-03-21,dev,0.09805209599485835,0.045494311432737085,0.9,0.07985257948273955
2013-03-22,dev,0.09771491840991059,0.04584168313551512,1.0,0.07170390832855
2013-03-25,dev,0.09737803802865164,0.046188748649044355,1.0,0.07265709869103487
2013-03-26,dev,0.09733514021454209,0.04660892981704037,1.0,0.08744268864981675
2013-03-27,dev,0.096998723742996,0.04695535183532143,1.0,0.07848435409539439
2013-03-28,dev,0.09662592500895419,0.047264790500886875,1.0,0.0534607100310715
2013-03-29,dev,0.0962534542984355,0.047573956893099414,1.0,0.05816787778214921
2013-04-01,dev,0.0962534542984355,0.047573956893099414,0.9,0.0684387816424687
2013-04-02,dev,0.0962534542984355,0.047573956893099414,0.9,0.06369403737737833
2013-04-03,dev,0.09593520256814062,0.048010035050259234,0.9,0.06252188424262728
2013-04-04,dev,0.09593520256814062,0.048010035050259234,0.9,0.06473229962342109
2013-04-05,dev,0.09593520256814062,0.048010035050259234,0.9,0.08247860178792837
2013-04-08,dev,0.09593520256814062,0.048010035050259234,0.9,0.06905312030133398
2013-04-09,dev,0.09593520256814062,0.048010035050259234,0.9,0.07940092866482756
2013-04-10,dev,0.09593520256814062,0.048010035050259234,0.7,0.0507799222714701
2013-04-11,dev,0.09593520256814062,0.048010035050259234,0.7,0.0485324941886382
2013-04-12,dev,0.09593520256814062,0.048010035050259234,0.7,0.04463698710410685
2013-04-15,dev,0.09593520256814062,0.048010035050259234,0.2,0.017213588789167455
2013-04-16,dev,0.09593520256814062,0.048010035050259234,0.6,0.032893193257267805
2013-04-17,dev,0.09593520256814062,0.048010035050259234,0.9,0.06197274188537272
2013-04-18,dev,0.09651767176770579,0.04773444937840371,0.9,0.07214692948204188
2013-04-19,dev,0.09691463236886234,0.04771347642173481,0.9,0.08357271607630867
2013-04-22,dev,0.09691463236886234,0.04771347642173481,0.9,0.0707894395074598
2013-04-23,dev,0.09691463236886234,0.04771347642173481,-0.3,-0.004432323738986721
2013-04-24,dev,0.09691463236886234,0.04771347642173481,0.7,0.05109908749623332
2013-04-25,dev,0.09691463236886234,0.04771347642173481,0.1,0.0002911256546391794
2013-04-26,dev,0.09691463236886234,0.04771347642173481,-0.6,-0.012946118537164653
2013-04-29,dev,0.09691463236886234,0.04771347642173481,-0.6,-0.02348797267871594
2013-04-30,dev,0.09691463236886234,0.04771347642173481,-0.6,-0.037044439709308485
2013-05-01,dev,0.09691463236886234,0.04771347642173481,-0.6,-0.03336549965365976
2013-05-02,dev,0.09691463236886234,0.04771347642173481,-0.6,-0.03372356390866549
2013-05-03,dev,0.09691463236886234,0.04771347642173481,-0.6,-0.031265421483210876
2013-05-06,dev,0.09691463236886234,0.04771347642173481,-0.7,-0.01843418296308108
2013-05-07,dev,0.09691463236886234,0.04771347642173481,-0.7,-0.010593213444616556
2013-05-08,dev,0.09691463236886234,0.04771347642173481,-0.7,-0.020157607241873043
2013-05-09,dev,0.09691463236886234,0.04771347642173481,-0.2,-0.0002898725031744709
2013-05-10,dev,0.09691463236886234,0.04771347642173481,0.5,0.025321931122095798
2013-05-13,dev,0.09691463236886234,0.04771347642173481,0.8,0.030243177487662642
2013-05-14,dev,0.09691463236886234,0.04771347642173481,0.0,0.006100450615168784
2013-05-15,dev,0.09691463236886234,0.04771347642173481,-1.0,-0.02022705129703406
2013-05-16,dev,0.09691463236886234,0.04771347642173481,0.3,0.01804694309995447
2013-05-17,dev,0.09691463236886234,0.04771347642173481,-0.1,-0.005291981796699874
2013-05-20,dev,0.09691463236886234,0.04771347642173481,-0.2,0.016172031802231923
2013-05-21,dev,0.09643289559575348,0.04813169623885307,0.3,0.02690025989836331
2013-05-22,dev,0.09643289559575348,0.04813169623885307,-0.2,0.021126398500382504
2013-05-23,dev,0.09558191308532607,0.04905784331550067,0.5,0.04716490386661604
2013-05-24,dev,0.09457001829424454,0.04982151854186971,0.5,0.049937918880845034
2013-05-27,dev,0.09355901113017273,0.05058452387768929,0.5,0.07046430399770831
2013-05-28,dev,0.0925488904256924,0.051346860204007944,0.5,0.07570656437625417
2013-05-29,dev,0.0915396550154316,0.05210852840032982,0.6,0.1082195397067508
2013-05-30,dev,0.09053130373606019,0.052869529344618124,0.5,0.1193178408386244
2013-05-31,dev,0.08952383542628543,0.053629863913298464,0.5,0.10796684701420722
2013-06-03,dev,0.08870151703694766,0.054136164329874475,0.6,0.10916745143611328
2013-06-04,dev,0.08806229982931653,0.054532773319111404,0.6,0.10679419111896321
2013-06-05,dev,0.0874236416223042,0.054929035470578993,0.6,0.12173598034906774
2013-06-06,dev,0.08703406766677547,0.055282101931491856,0.7,0.11059878384658683
2013-06-07,dev,0.08694464821439876,0.0556434260202839,0.9,0.1061603904830441
2013-06-10,dev,0.08694464821439876,0.0556434260202839,0.6,0.11278730388428776
2013-06-11,dev,0.08694464821439876,0.0556434260202839,0.6,0.12083954236584776
2013-06-12,dev,0.08694464821439876,0.0556434260202839,0.7,0.12798518772317713
2013-06-13,dev,0.08738932878631156,0.05522841280276182,1.0,0.08351559773263578
2013-06-14,dev,0.0875349696867012,0.05495160102571084,0.9,0.1112196295304212
2013-06-17,dev,0.0875349696867012,0.05495160102571084,1.0,0.09523330228483057
2013-06-18,dev,0.08797900467283036,0.054537251792233093,1.0,0.07408849215631924
2013-06-19,dev,0.08797900467283036,0.054537251792233093,0.9,0.09878114143060479
2013-06-20,dev,0.08797900467283036,0.054537251792233093,0.6,0.08477041971624327
2013-06-21,dev,0.08797900467283036,0.054537251792233093,0.6,0.08414352609081283
2013-06-24,dev,0.08797900467283036,0.054537251792233093,0.6,0.04679234800663057
2013-06-25,dev,0.08797900467283036,0.054537251792233093,0.9,0.02161297718345312
2013-06-26,dev,0.08828493344715992,0.054421654946362315,-0.1,0.0026716725034743316
2013-06-27,dev,0.08815467570991639,0.05474207867315576,-0.1,-0.006178286583603976
2013-06-28,dev,0.08802453148704086,0.05506222316358599,-0.1,0.01749458348063515
2013-07-01,dev,0.08833004069989951,0.05494654871282246,-0.1,0.021604505980911348
2013-07-02,dev,0.08863528390560722,0.054830974979908964,-0.1,0.02056905079632093
2013-07-03,dev,0.08894026145143182,0.05471550183336006,0.3,0.02417177489000999
2013-07-04,dev,0.08926786693281784,0.05462302239070001,0.6,0.032719012881614606
2013-07-05,dev,0.08964095413026124,0.054576389955335626,-0.1,0.007264670446496924
2013-07-08,dev,0.08994509699426831,0.05446117800151346,0.3,-0.001523412208045971
2013-07-09,dev,0.09024897561599562,0.054346066144957864,-0.3,-0.0032044585785739876
2013-07-10,dev,0.09057544382595736,0.05425390774157659,0.3,0.004054898290621112
2013-07-11,dev,0.09097015934513013,0.054230360038563755,0.3,0.013525845133182113
2013-07-12,dev,0.09134169872114205,0.05418399911058721,-0.2,-0.006692866331808323
2013-07-15,dev,0.09173573961501841,0.05416050214653231,-0.9,-0.020555341499498003
2013-07-16,dev,0.09212943890430535,0.05413702555262398,0.0,-0.005502316997122003
2013-07-17,dev,0.09249999305601606,0.05409076532537095,-0.8,-0.027184254329908675
2013-07-18,dev,0.09280184394001541,0.05397616286494876,-0.8,-0.05551696207038059
2013-07-19,dev,0.09310343348125806,0.05386165962743602,-0.8,-0.05913976788142261
2013-07-22,dev,0.09340476201900332,0.05374725548402758,-0.5,-0.048913965537516146
2013-07-23,dev,0.093774123463222,0.0537012438774396,-0.8,-0.02929151191958629
2013-07-24,dev,0.09391561871100225,0.05342772523831358,-0.8,-0.03980937633691711
2013-07-25,dev,0.09405699166384061,0.05315444300250573,-0.6,-0.033537856485679585
2013-07-26,dev,0.09419824248021863,0.05288139686366186,-0.8,-0.04211437596508527
2013-07-29,dev,0.09433937131834416,0.05260858651595689,-0.6,-0.05571811824071227
2013-07-30,dev,0.09448037833615193,0.052336011654093705,-0.6,-0.08738490806898841
2013-07-31,dev,0.09491643648091405,0.05192743837809743,-0.6,-0.08782429659048657
2013-08-01,dev,0.09521594370287594,0.05181426297742146,-0.9,-0.08377821114411288
2013-08-02,dev,0.09535639055109837,0.051542382963887634,-0.9,-0.08640088473185209
2013-08-05,dev,0.09570576306701775,0.051156647340034174,-0.9,-0.08387740993161202
2013-08-06,dev,0.09538192337577442,0.051174990730499276,-0.9,-0.08966097178595378
2013-08-07,dev,0.09602056540980167,0.05054122937780472,-0.9,-0.07190349667878126
2013-08-08,dev,0.09645483502791051,0.05013448321967947,-0.8,-0.05685026693068068
2013-08-09,dev,0.09677554488947179,0.04961490075943785,-0.8,-0.06049226044635442
2013-08-12,dev,0.09677554488947179,0.04961490075943785,-0.9,-0.04637243135388858
2013-08-13,dev,0.09677554488947179,0.04961490075943785,-0.8,-0.04449655124797952
2013-08-14,dev,0.09677554488947179,0.04961490075943785,-0.8,-0.0360904736635862
2013-08-15,dev,0.09677554488947179,0.04961490075943785,-0.3,-0.007986167064063854
2013-08-16,dev,0.09675656640024474,0.04918627508368029,-0.3,0.009006340349132724
2013-08-19,dev,0.09675656640024474,0.04918627508368029,-0.3,0.016065961834866194
2013-08-20,dev,0.0967376042225684,0.048758017801283936,-0.6,-0.018472982284385986
2013-08-21,dev,0.09671865833542269,0.04833012843751507,-0.6,-0.005182218080342804
2013-08-22,dev,0.09674492543654192,0.04794780323717355,-0.6,-0.017914352227441754
2013-08-23,dev,0.09672599266980837,0.047520628891984794,-0.6,-0.034806473652611025
2013-08-26,dev,0.09654149703445739,0.04735724237880362,-0.6,-0.031297708853589845
2013-08-27,dev,0.09652689947998291,0.046934919376068286,0.1,0.0008506383954840491
2013-08-28,dev,0.0967562402634756,0.04632825157837962,0.1,-0.0037652763397633127
2013-08-29,dev,0.0967562402634756,0.04632825157837962,0.6,0.01307631494514927
2013-08-30,dev,0.0967562402634756,0.04632825157837962,0.6,0.012515253400759652
2013-09-02,dev,0.0967562402634756,0.04632825157837962,0.1,0.0030881254104350164
2013-09-03,dev,0.09671478514768148,0.045879953270076976,0.7,0.02171567941358732
2013-09-04,dev,0.09667336553948119,0.04543203894319471,0.6,0.011799375114201038
2013-09-05,dev,0.09663198139327421,0.04498450810460602,0.1,-0.0034107095050517344
2013-09-06,dev,0.09659063266353811,0.04453736026202809,0.3,0.012005210192647775
2013-09-09,dev,0.09637555968121837,0.04423762229784416,0.9,0.038534147216969794
2013-09-10,dev,0.09601370608580101,0.044111825965096045,0.6,0.008033643921416589
2013-09-11,dev,0.0955704624205557,0.044118113017851034,0.3,0.010692074766811721
2013-09-12,dev,0.09512916790435726,0.04433954910797583,0.7,0.037002199892759546
2013-09-13,dev,0.09468825024086265,0.04456079609810906,1.0,0.03352738613670664
2013-09-16,dev,0.09424770894754603,0.04478185423037619,0.9,0.031297560696668225
2013-09-17,dev,0.09383166795356142,0.04495574463061108,0.2,0.008436240792452365
2013-09-18,dev,0.09323143035946775,0.04537137452336445,0.7,0.016639483236186248
2013-09-19,dev,0.092631704476878,0.04578665008543346,0.9,0.029934836229776107
2013-09-20,dev,0.09203248965170845,0.046201571769733336,0.9,0.026908220426666907
2013-09-23,dev,0.09143378523098963,0.04661614002840775,0.9,0.027157302934065986
2013-09-24,dev,0.09136825360679593,0.046729330262537845,0.7,0.024804470792073485
2013-09-25,dev,0.09106237308169,0.04715166488211741,0.7,0.018874279947973582
2013-09-26,dev,0.09102363961802275,0.047556959792843856,0.6,0.018192998757199486
2013-09-27,dev,0.09098493909097427,0.047961910065040775,0.6,0.03907786425462623
2013-09-30,dev,0.09084819698733627,0.04826844166689616,-0.2,-0.017451345456765355
2013-10-01,dev,0.09087029084709405,0.04861205866582393,-0.1,-0.0021057864116028058
2013-10-02,dev,0.09083170473633095,0.04901604505280235,-0.2,-0.0167258101855427
2013-10-03,dev,0.09058092727252097,0.04941968849717722,-0.2,-0.011596627214859101
2013-10-04,dev,0.09038339611966882,0.049876022952630265,-0.2,-0.010868688212123445
2013-10-07,dev,0.09038339611966882,0.049876022952630265,-0.1,-0.005521414936522306
2013-10-08,dev,0.09027810429059258,0.05021199803329408,-0.1,-0.000361937882687291
2013-10-09,dev,0.09027810429059258,0.05021199803329408,-0.3,-0.018568911594965376
2013-10-10,dev,0.09027810429059258,0.05021199803329408,-0.3,-0.01995586181752651
2013-10-11,dev,0.09027810429059258,0.05021199803329408,-0.5,-0.039945430044000196
2013-10-14,dev,0.09041141662652785,0.050503597541586544,-0.5,-0.03640371175613294
2013-10-15,dev,0.09061842338576283,0.050303785580094795,-0.3,-0.026104568450698695
2013-10-16,dev,0.09133797241618415,0.04976976181839655,-0.3,-0.019122811723436606
2013-10-17,dev,0.09147066671438302,0.05006117819277285,-0.3,-0.008285597788010302
2013-10-18,dev,0.09143195716435577,0.050463183618844464,-0.3,-0.008640419543266442
2013-10-21,dev,0.09139328036352483,0.05086484893880265,0.3,-0.0003415604069643141
2013-10-22,dev,0.09139328036352483,0.05086484893880265,0.1,0.009678634300132216
2013-10-23,dev,0.0911098382287322,0.05144420952342851,0.0,0.021058516344906963
2013-10-24,dev,0.09100459538212576,0.05177838579292744,0.4,0.04088009976000179
2013-10-25,dev,0.09099431319846903,0.0520381611545133,0.1,0.037620631260307735
2013-10-28,dev,0.09068673002677938,0.05235031091382677,0.5,0.04797031509383026
2013-10-29,dev,0.09011873142365101,0.052783439264031576,0.6,0.05201768038558535
2013-10-30,dev,0.0897115083302233,0.053235851314975026,0.7,0.05248848856943045
2013-10-31,dev,0.08940485537969911,0.05354710097330223,0.8,0.052171492709412626
2013-11-01,dev,0.08909846098984148,0.05385808819515531,0.9,0.04187682442256119
2013-11-04,dev,0.08885252590535124,0.05410861224073327,0.7,0.04930462875243041
2013-11-05,dev,0.08860448356082497,0.05429643506624265,0.2,0.041254180328967216
2013-11-06,dev,0.08826015886599234,0.05442269621639019,0.2,0.020744436885421602
2013-11-07,dev,0.08791612400676142,0.05454885108610832,0.2,0.03513758046536103
2013-11-08,dev,0.08752855587157417,0.05480636804680692,0.1,0.01633056243295372
2013-11-11,dev,0.08714131369781265,0.05506366842469584,0.2,0.01554986159656535
2013-11-12,dev,0.08682870042742026,0.05527829343404088,0.2,0.0051831879235337275
2013-11-13,dev,0.0865163498572551,0.05549273808623523,0.1,-0.02055506684285746
2013-11-14,dev,0.08620426165632152,0.05570700260852431,0.1,-0.001644012132477668
2013-11-15,dev,0.08589243549417962,0.05592108722777203,0.1,0.002154900843484353
2013-11-18,dev,0.0858648692267469,0.056232484084990667,0.8,0.030459173463435407
2013-11-19,dev,0.08575894156907349,0.056558449206319666,0.9,0.03591842275822121
2013-11-20,dev,0.08572298394158122,0.056744378577721626,0.6,0.04763429948990927
2013-11-21,dev,0.08579289268784429,0.05691956847552958,0.8,0.049123873094889914
2013-11-22,dev,0.08574873653542489,0.057027153696191726,0.5,0.05620018622184908
2013-11-25,dev,0.08592220858880201,0.0570032729785635,0.5,0.0629807359435478
2013-11-26,dev,0.08661325919435846,0.05645067307579439,0.6,0.05930136106795997
2013-11-27,dev,0.08668162184741521,0.05674086107869154,0.6,0.05495006087326526
2013-11-28,dev,0.08701132422221763,0.0566648506809171,0.6,0.06812412513565669
2013-11-29,dev,0.08756903379887178,0.05639912650905174,0.6,0.06072002891304101
2013-12-02,dev,0.08828023507359457,0.055869696737928236,0.5,0.05389137420763035
2013-12-03,dev,0.08848519210506803,0.055670481061939565,0.5,0.059354254809653395
2013-12-04,dev,0.08868997798244423,0.05547143174559682,0.6,0.060511528247178537
2013-12-05,dev,0.08889459292002294,0.055272548580603265,0.5,0.056438888761351336
2013-12-06,dev,0.08868184897988989,0.05549101951086629,0.7,0.051015816417233406
2013-12-09,dev,0.08888629665271772,0.05529229405169622,0.7,0.06324644196912277
2013-12-10,dev,0.0890905738814665,0.05509373426610613,0.6,0.07850389391036805
2013-12-11,dev,0.08907660095716405,0.0550939266916434,0.6,0.08463980812292543
2013-12-12,dev,0.08906263967211547,0.05509411895689283,0.6,0.07257365641263741
2013-12-13,dev,0.08904869001178385,0.055094311062054646,0.7,0.06125006517658771
2013-12-16,dev,0.08958109632165477,0.0548085544002026,0.7,0.06386696390735364
2013-12-17,dev,0.08993791301247464,0.05476386216503306,0.7,0.06930875051928792
2013-12-18,dev,0.09003911692944797,0.054879691466974134,0.7,0.056836658867846224
2013-12-19,dev,0.09000169418758203,0.055272509550321196,0.0,0.031825439321941706
2013-12-20,dev,0.08989506005345065,0.055595758750064866,0.0,0.020101559191610274
2013-12-23,dev,0.08977030034587467,0.05590052533040559,0.0,0.015158153998584556
2013-12-24,dev,0.08966749211125949,0.05622688678238877,0.2,0.007823938830685717
2013-12-25,dev,0.08956476919468134,0.05655297739499271,0.0,-0.0034281855087629487
2013-12-26,dev,0.08966587602344062,0.05666777638127988,-0.8,-0.03685534273986096
2013-12-27,dev,0.08976689901569182,0.056782480177694494,-0.1,-0.027163408192941385
2013-12-30,dev,0.08964245093661799,0.05708612344501021,-0.1,-0.022616325824041328
2013-12-31,dev,0.08953627483156278,0.05740768401248674,-0.1,-0.03702131401861136
2014-01-02,dev,0.08953627483156278,0.05740768401248674,-0.1,0.00023507460295230098
2014-01-03,dev,0.08953627483156278,0.05740768401248674,-0.1,-0.0054075934048067875
2014-01-06,dev,0.08953627483156278,0.05740768401248674,-0.8,-0.043090298509444014
2014-01-07,dev,0.08953627483156278,0.05740768401248674,-0.6,-0.023987300942422907
2014-01-08,dev,0.08953627483156278,0.05740768401248674,-0.8,-0.051439300517833686
2014-01-09,dev,0.08953627483156278,0.05740768401248674,-0.8,-0.04223960982903202
2014-01-10,dev,0.08953627483156278,0.05740768401248674,-0.9,-0.03116299328664579
2014-01-13,dev,0.08953627483156278,0.05740768401248674,-0.9,-0.03432451874963055
2014-01-14,dev,0.08953627483156278,0.05740768401248674,-0.6,-0.036758625290032765
2014-01-15,dev,0.08953627483156278,0.05740768401248674,-0.6,-0.04680084394127593
2014-01-16,dev,0.08953627483156278,0.05740768401248674,-0.6,-0.03439988830930707
2014-01-17,dev,0.08953627483156278,0.05740768401248674,-0.6,-0.04604325981575175
2014-01-20,dev,0.08953627483156278,0.05740768401248674,-0.5,-0.05279272014392766
2014-01-21,dev,0.08953627483156278,0.05740768401248674,-0.8,-0.04824250870635438
2014-01-22,dev,0.09013121458917855,0.056773691509572115,-0.8,-0.04991466265383071
2014-01-23,dev,0.09013121458917855,0.056773691509572115,-0.8,-0.02173408889913986
2014-01-24,dev,0.09011569321681026,0.05635806977424008,0.0,0.005827348130691301
2014-01-27,dev,0.09011569321681026,0.05635806977424008,0.4,0.0199272696070123
2014-01-28,dev,0.09044859398176204,0.05587746521169602,0.0,0.022933980542549248
2014-01-29,dev,0.09078121939455092,0.05539725817153621,0.7,0.04366022584585977
2014-01-30,dev,0.09078121939455092,0.05539725817153621,0.0,0.02051915436539642
2014-01-31,dev,0.09115708495081609,0.054960963314913,0.0,0.027546335580197423
2014-02-03,dev,0.09114372397745284,0.05454933627611005,0.4,0.0393373141064185
2014-02-04,dev,0.09102862950245183,0.054242830974054655,0.7,0.049798174912253246
2014-02-05,dev,0.09101533259902875,0.0538318403458291,0.9,0.058712452775634194
2014-02-06,dev,0.09100204667117598,0.053421188958732914,0.4,0.03855454882058379
2014-02-07,dev,0.09077036751194938,0.05320501345367811,0.4,0.03404389507047484
2014-02-10,dev,0.09034633849441867,0.05320884643782092,0.4,0.06354382653827217
2014-02-11,dev,0.09023180991301125,0.052903525396420334,0.4,0.05055881634432674
2014-02-12,dev,0.09011737571032769,0.052598455958679735,0.7,0.10728400882990691
2014-02-13,dev,0.09000303576975506,0.05229363781372147,0.6,0.06845538686331926
2014-02-14,dev,0.09000303576975506,0.05229363781372147,0.6,0.09997591601779526
2014-02-17,dev,0.09005265424650258,0.051947088895638205,0.7,0.10386735493411875
2014-02-18,dev,0.09003725462703792,0.05153584794504221,0.7,0.09381411706870918
2014-02-19,dev,0.09003725462703792,0.05153584794504221,0.6,0.10547800048136607
2014-02-20,dev,0.09002186767694344,0.05112494532513367,0.7,0.11153668985951115
2014-02-21,dev,0.09002186767694344,0.05112494532513367,0.6,0.06810268418861204
2014-02-24,dev,0.09054922259138871,0.050708864215326666,0.6,0.01176334039711896
2014-02-25,dev,0.09054922259138871,0.050708864215326666,-0.5,-0.015756846581276462
2014-02-26,dev,0.09101167103031943,0.05050266230148688,-0.6,-0.017530417085340977
2014-02-27,dev,0.09101167103031943,0.05050266230148688,-0.7,-0.020275210171741775
2014-02-28,dev,0.09101167103031943,0.05050266230148688,-0.3,-0.006356203526526494
2014-03-03,dev,0.09153818596399958,0.05008717874518985,0.1,-0.002070764847769191
2014-03-04,dev,0.09199984842336131,0.049881401508679764,0.1,-0.010867644019349476
2014-03-05,dev,0.09237259068591329,0.049860924742871605,-0.2,0.0019437777017353164
2014-03-06,dev,0.09289789902769496,0.04944621598683207,-0.2,0.0105143179188944
2014-03-07,dev,0.09342277643564417,0.04903184743485818,-0.6,-0.011972973535825715
2014-03-10,dev,0.0939472234398148,0.04861781866849478,-0.7,-0.03800906710466223
2014-03-11,dev,0.09447124056939186,0.048204129269972654,-0.7,-0.0388574842915958
2014-03-12,dev,0.09487146889010437,0.048008809500271137,-0.7,-0.06269850577449598
2014-03-13,dev,0.09519336934549431,0.047803899687870965,-1.0,-0.09169213388236386
2014-03-14,dev,0.09548104287338392,0.0477760626351121,-1.0,-0.10650194834782467
2014-03-17,dev,0.09581022411607075,0.04771559779770003,-1.0,-0.0939840306865044
2014-03-18,dev,0.09613913608984741,0.04765518242027766,-1.0,-0.09087751492932206
2014-03-19,dev,0.09638601297615573,0.04771746566540428,-1.0,-0.08260244909882936
2014-03-20,dev,0.09659182171625538,0.04794316347265176,-1.0,-0.09893510699460484
2014-03-21,dev,0.09683831198516213,0.04800527819345542,-1.0,-0.06585770467369872
2014-03-24,dev,0.09708460095536012,0.04806734218765981,-0.7,-0.02221251651383499
2014-03-25,dev,0.09680007662843956,0.04821098817044036,0.0,-0.0083915021100599
2014-03-26,dev,0.09655658414511503,0.048191318244626226,0.0,-0.002488108474187678
2014-03-27,dev,0.09627250723477851,0.04813088132853951,0.1,0.0021883357173855256
2014-03-28,dev,0.0961924939827464,0.04807049368837296,0.5,0.008224433819409849
2014-03-31,dev,0.09607179614493762,0.04837690343014624,0.1,-0.0001477247008023208
2014-04-01,dev,0.09595119663530627,0.04868306355094862,0.1,-0.005439035110812229
2014-04-02,dev,0.09556312902383308,0.04892499110766938,0.1,0.0014255150547474171
2014-04-03,dev,0.09517537729971152,0.04916672173516205,0.6,0.011769119848232035
2014-04-04,dev,0.09474577612354179,0.049298284915744915,0.9,0.025866517802741962
2014-04-07,dev,0.09421286353686698,0.04946163672836838,0.6,0.03456392930977653
2014-04-08,dev,0.09368038421245777,0.04962485573464013,0.9,0.028270251602823926
2014-04-09,dev,0.09314833762216022,0.049787942096453305,1.0,0.0458823348350641
2014-04-10,dev,0.09281070822503698,0.04960331583859045,0.2,-0.009441692225718779
2014-04-11,dev,0.09240761820951729,0.04942077287641481,-0.2,-0.019014373874468915
2014-04-14,dev,0.09200485537745173,0.04923837808222796,0.2,-0.02588864763835297
2014-04-15,dev,0.09160241933064546,0.04905613127570373,0.1,-0.014038286791874799
2014-04-16,dev,0.09120030967154949,0.04887403227680846,0.5,0.020365469803939162
2014-04-17,dev,0.09079852600325945,0.04869208090580044,1.0,0.03927316057686031
2014-04-18,dev,0.09039706792951421,0.048510276983229204,0.7,0.02222362758951746
2014-04-21,dev,0.0901174417375622,0.04845012701280263,0.9,0.03833314064531529
2014-04-22,dev,0.08992964626571,0.04853683799888095,0.7,0.024647324311292462
2014-04-23,dev,0.08974200279343032,0.04862347880204865,0.9,0.027204090521466384
2014-04-24,dev,0.08960354516587421,0.048795859059308125,0.9,0.024288622899739376
2014-04-25,dev,0.08978379182587731,0.04851471853948445,0.2,0.00887214121799329
2014-04-28,dev,0.0899638927731399,0.04823380529574793,0.3,0.00489932896027756
2014-04-29,dev,0.0901438481842835,0.047953119052612424,0.6,0.022890522753909348
2014-04-30,dev,0.09032365823564427,0.04767265953503679,0.2,-0.01640947685442684
2014-05-01,dev,0.09074137173655841,0.04730016350777194,0.6,0.017925738998627372
2014-05-02,dev,0.09093710063245068,0.04737890607392063,0.2,-0.015809424743705114
2014-05-05,dev,0.0909270146967111,0.04767452562783183,0.2,-0.016750935858087845
2014-05-06,dev,0.09122267953924301,0.04795661362042253,0.2,-0.005654803871596836
2014-05-07,dev,0.09149126199713763,0.04810828061382116,0.2,-0.00309043605669046
2014-05-08,dev,0.09150180019086299,0.04844439852702126,0.2,-0.001570265976402585
2014-05-09,dev,0.09154973596033485,0.048742839640868826,0.2,0.004515705595015351
2014-05-12,dev,0.09156024212895933,0.04907843146918428,0.2,0.014670656942453397
2014-05-13,dev,0.0917758923254435,0.04947687704455866,0.2,0.002484128455593926
2014-05-14,dev,0.09199038311694574,0.04980894587921491,0.2,-0.001685871337416378
2014-05-15,dev,0.09233339259098595,0.04998333572144944,0.2,-0.0024986357911068735
2014-05-16,dev,0.09265801743319214,0.05004363180837812,0.2,-0.013136574286693403
2014-05-19,dev,0.09302255820561754,0.050023525889612196,-0.5,-0.033347500937955965
2014-05-20,dev,0.09337007257313872,0.04988630091268196,0.2,-0.00900233634747638
2014-05-21,dev,0.09373403480815551,0.049866274296498626,-0.1,-0.007875815363021066
2014-05-22,dev,0.09409770493864983,0.049846263753040965,0.2,-0.0007968778558101741
2014-05-23,dev,0.09385939859892314,0.050227392407773,0.4,0.006402699808167267
2014-05-26,dev,0.09341294020207624,0.05073400752316526,0.5,0.030917572057910903
2014-05-27,dev,0.09309258136714908,0.05123235767929178,-0.1,0.0004627009322870079
2014-05-28,dev,0.09233834808767084,0.05209745942532951,-0.6,-0.034618760019464956
2014-05-29,dev,0.0920186762009953,0.052594864386336114,-0.1,0.001589170678524987
2014-05-30,dev,0.09126547669722768,0.053458728057834574,-0.1,-0.003842866176981763
2014-06-02,dev,0.09051287999418335,0.054321900361848835,-0.6,-0.03634467593654023
2014-06-03,dev,0.08976088536850148,0.05518438212801989,-0.5,-0.02035065568249017
2014-06-04,dev,0.08900949209797807,0.05604617418466182,-0.8,-0.02404712982445778
2014-06-05,dev,0.0882586994615638,0.05690727735876445,-0.2,-0.0031543698352608507
2014-06-06,dev,0.08750850673936161,0.05776769247599606,-0.7,-0.011872888001602355
2014-06-09,dev,0.08675891321262444,0.058627420360705916,-0.7,-0.01793523518081186
2014-06-10,dev,0.0860099181637529,0.059486461835926985,-1.0,-0.020549692285103727
2014-06-11,dev,0.0852615208762931,0.06034481772337852,-0.5,-0.018634953293060308
2014-06-12,dev,0.08451372063493418,0.06120248884346871,-0.5,-0.017275614394297922
2014-06-13,dev,0.08376651672550617,0.06205947601529725,-0.3,-0.014920983465106674
2014-06-16,dev,0.08287306863719704,0.06276894025887741,0.1,0.014652738238087493
2014-06-17,dev,0.08271746490160758,0.06301975251068968,-0.2,0.0037258676558098447
2014-06-18,dev,0.08266038663577419,0.06323601728709347,0.3,-0.0014323176664842174
2014-06-19,dev,0.08247065742376178,0.0635848062688239,-0.9,-0.019216546188049854
2014-06-20,dev,0.08226729805806532,0.06398585830430331,-0.7,-0.006002352955340906
2014-06-23,dev,0.08220971361174151,0.06433331818564607,-0.7,-0.008172638447149438
2014-06-24,dev,0.08185737512973787,0.06465077813787413,-0.7,-0.004808166353667542
2014-06-25,dev,0.08147979593925232,0.0648478325028589,-0.7,-0.0161995834208708
2014-06-26,dev,0.0811280274193609,0.06516483578674302,-0.7,-0.02308452509649861
2014-06-27,dev,0.08077653830258298,0.0654815872808862,-0.6,-0.04105654786120194
2014-06-30,dev,0.0803998378633474,0.06567807714716593,-0.7,-0.06199285957165801
2014-07-01,dev,0.07997110776895718,0.06589010965623451,-0.7,-0.07692096815879307
2014-07-02,dev,0.0795427178015756,0.06594330675672788,-0.6,-0.07124104342986709
2014-07-03,dev,0.07890597771145852,0.06650149109604968,-0.6,-0.10499819808709271
2014-07-04,dev,0.07835318522180507,0.06674632226339797,-0.9,-0.10027116549998133
2014-07-07,dev,0.07780083076106575,0.06699095942823649,-0.6,-0.10674666540096123
2014-07-08,dev,0.07743998554756301,0.06683241515387546,-0.6,-0.10152634675281214
2014-07-09,dev,0.0770134455691198,0.06704348704019618,-0.9,-0.12024166692311505
2014-07-10,dev,0.07658724317672996,0.06725439187318383,-0.7,-0.10751024172799584
2014-07-11,dev,0.07616137796977715,0.06754424377513274,-0.6,-0.10022760651399659
2014-07-14,dev,0.07577747199109978,0.06795457153872293,-0.9,-0.10547021605564444
2014-07-15,dev,0.07514423354783308,0.06851019590195914,-1.0,-0.09888371516306327
2014-07-16,dev,0.07471169618051379,0.06900218139950719,-1.0,-0.0970993459485911
2014-07-17,dev,0.07471169618051379,0.06900218139950719,-0.7,-0.0770430693373193
2014-07-18,dev,0.07434960417445598,0.0690372890438368,-0.5,-0.05061336401819638
2014-07-21,dev,0.07434960417445598,0.0690372890438368,0.1,-0.038064114962899964
2014-07-22,dev,0.07434960417445598,0.0690372890438368,0.1,-0.03511053435310851
2014-07-23,dev,0.07434960417445598,0.0690372890438368,0.2,-0.03320370018644986
2014-07-24,dev,0.07434960417445598,0.0690372890438368,0.2,-0.015148155365256488
2014-07-25,dev,0.074382586856125,0.06867758017995929,0.2,-0.004924884499592441
2014-07-28,dev,0.07402091051436731,0.06871278821336976,0.9,0.030275315963775695
2014-07-29,dev,0.07365951951883584,0.0687479684692391,0.9,0.027576661806335223
2014-07-30,dev,0.07369273529853744,0.06838879921386562,1.0,0.022146316399359656
2014-07-31,dev,0.07372592489315453,0.06802991310335252,-0.1,0.0027219875937840032
2014-08-01,dev,0.07369687606537946,0.06760909753475387,0.5,0.018627450911075316
2014-08-04,dev,0.0737300378852994,0.0672508012130947,0.3,0.012129025848965413
2014-08-05,dev,0.07376317359355011,0.06689278701452343,0.5,0.026865032540756784
2014-08-06,dev,0.07373414440284033,0.0664729157878353,0.5,0.036241654896091824
2014-08-07,dev,0.0735521526509553,0.06629378053815918,1.0,0.04966268664761753
2014-08-08,dev,0.07358531921965021,0.0659365650274647,0.9,0.05292372859223504
2014-08-11,dev,0.073359853292284,0.06571410568586586,1.0,0.05021179916522123
2014-08-12,dev,0.07293810089413379,0.06568828481919164,0.9,0.053385130383386936
2014-08-13,dev,0.07251667980187372,0.06566248423599479,0.9,0.0543127006271501
2014-08-14,dev,0.0717856274406596,0.06611197926212493,0.7,0.04956487617958277
2014-08-15,dev,0.0720259825815054,0.0655696317531193,0.9,0.057636387395830435
2014-08-18,dev,0.07245542184556392,0.06502082713754989,0.7,0.045060229635986104
2014-08-19,dev,0.07288452429451338,0.06447245295697307,0.7,0.03256160259077906
2014-08-20,dev,0.07324795646844731,0.06405517641720163,0.9,0.03814610307331728
2014-08-21,dev,0.07361110382092834,0.06363822689666197,0.9,0.040863366799070155
2014-08-22,dev,0.07396172618527579,0.06330728752067424,0.7,0.04439622048611985
2014-08-25,dev,0.07430799541282006,0.06339669996356617,0.7,0.03601003038597245
2014-08-26,dev,0.07443733158086276,0.0636607698415042,0.3,0.024135579824307973
2014-08-27,dev,0.0746969786491391,0.06379422098975163,0.7,0.05443862542548161
2014-08-28,dev,0.0744070437076781,0.06409517488585784,0.7,0.05843165428944874
2014-08-29,dev,0.0743779557312482,0.06446104854696579,0.7,0.05553421313587242
2014-09-01,dev,0.07423491367482073,0.06481035385559665,0.7,0.051590280120086096
2014-09-02,dev,0.0742059156616665,0.0651756623111218,0.7,0.03949673830505984
2014-09-03,dev,0.07417694029436402,0.06554068548085584,0.6,0.012685815828816616
2014-09-04,dev,0.07447325426510522,0.06564521032388959,0.7,0.030889515449297023
2014-09-05,dev,0.07483436497354645,0.06561959767842573,0.7,0.035337129485205065
2014-09-08,dev,0.075130191404264,0.06572401021183248,0.7,0.020729280176265186
2014-09-09,dev,0.07549076442905765,0.0656983868160384,0.4,0.016963510387550285
2014-09-10,dev,0.07585105641486083,0.06567278339171415,0.7,0.02235761950496923
2014-09-11,dev,0.076211067690118,0.06564719991551947,0.3,0.016044978475401206
2014-09-12,dev,0.07657079858276203,0.0656216363641505,0.3,0.0008415378123003414
2014-09-15,dev,0.07689781137687798,0.06556365467100239,0.1,-0.029835197167946415
2014-09-16,dev,0.07706244257867687,0.06573269605050784,0.1,-0.03332809653060326
2014-09-17,dev,0.07742142256989482,0.06570712907421437,0.1,-0.04062017890462416
2014-09-18,dev,0.07778012341648505,0.0656815819789289,0.1,-0.045554626287564126
2014-09-19,dev,0.07810615782894141,0.06562366712649507,-0.7,-0.04517777812413376
2014-09-22,dev,0.07843193891240595,0.06556579727394657,-0.2,-0.03584779500958751
2014-09-23,dev,0.0787380494862911,0.06541088499021559,-0.6,-0.022584136229680363
2014-09-24,dev,0.0790633323345754,0.06535314266943781,-0.4,-0.02842230189074435
2014-09-25,dev,0.07938836273206555,0.06529544516225785,-0.6,-0.005228021135611993
2014-09-26,dev,0.07971314097253668,0.06523779241652643,-0.6,-0.009726467853537313
2014-09-29,dev,0.08003766734930835,0.0651801843801752,-0.3,-0.005341221820249931
2014-09-30,dev,0.08036194215524531,0.06512262100121646,-0.3,0.0012853422879317011
2014-10-01,dev,0.08067520327370081,0.06505433981868554,0.6,0.011922390374761949
2014-10-02,dev,0.0809989799829932,0.0649968697671162,0.7,0.024116395919674127
2014-10-03,dev,0.08132250599409799,0.06493944421423178,0.8,0.026158671664006483
2014-10-06,dev,0.08164578159807345,0.06488206310836972,0.8,0.037869931000881984
2014-10-07,dev,0.08192045118610772,0.06467965869968821,0.5,0.04129835589186476
2014-10-08,dev,0.08224324554630902,0.06462242243053391,0.7,0.044272447892702294
2014-10-09,dev,0.0825013656678605,0.06430753166036363,0.7,0.0656745578078951
2014-10-10,dev,0.08275928631482037,0.06399288423700182,0.7,0.06540162866445792
2014-10-13,dev,0.08298091874828922,0.06374968244098267,0.3,0.042961928092733304
2014-10-14,dev,0.0832023800370218,0.06350666844557822,0.2,0.03248089701613649
2014-10-15,dev,0.08342367037917872,0.06326384203334272,0.3,0.06715269334373014
2014-10-16,dev,0.08364478997261487,0.06302120298716607,0.3,0.0666466014585278
2014-10-17,dev,0.08356968164207738,0.06265409535435618,0.5,0.06074472974027256
2014-10-20,dev,0.08375552855187479,0.06237683253557437,0.5,0.054003519377913256
2014-10-21,dev,0.08372325281832878,0.06196743876581114,0.5,0.04993182240667099
2014-10-22,dev,0.0836832199704781,0.061636180200038554,0.5,0.048929511663800884
2014-10-23,dev,0.08330872166132934,0.06156966218259106,0.9,0.049857586031824
2014-10-24,dev,0.0829345116495702,0.061503195372239375,0.7,0.05382831759780832
2014-10-27,dev,0.08259556809065163,0.061471758198105374,0.3,0.038923981792696294
2014-10-28,dev,0.08225688525754762,0.06144034520641302,0.3,0.02781853604816492
2014-10-29,dev,0.08215535697339701,0.06173128771812982,0.7,0.06154163815165814
2014-10-30,dev,0.08216648524170513,0.06204918072396024,0.7,0.05325868917987542
2014-10-31,dev,0.08239103390917533,0.06215340052903492,0.7,0.05562110133671061
2014-11-03,dev,0.08261541011223121,0.062257540288176344,0.3,0.028789950236129958
2014-11-04,dev,0.08258369594328217,0.06261751819977397,0.6,0.052785085071969884
2014-11-05,dev,0.08259464276414473,0.06293458319236381,0.5,0.11759908603450975
2014-11-06,dev,0.08260558118698592,0.06325140494368583,-0.2,-0.039918607750228596
2014-11-07,dev,0.08261651122146603,0.06356798373354214,0.3,-0.01616668288027512
2014-11-10,dev,0.0825806332903773,0.06381318446928884,-0.2,-0.03109582676817102
2014-11-11,dev,0.082453207760381,0.06407609129516267,-0.2,-0.05272660163130283
2014-11-12,dev,0.08228645387902099,0.0642993707789751,0.3,0.057566017606206055
2014-11-13,dev,0.08205076483338074,0.06452998612962124,0.3,0.060644032756136834
2014-11-14,dev,0.08180174906001152,0.06492551204984957,0.3,0.07717899234800013
2014-11-17,dev,0.081552923811335,0.06532073534886887,-0.2,-0.05186730744043094
2014-11-18,dev,0.08152173722479147,0.06567816527798975,-0.2,-0.05286593143736851
2014-11-19,dev,0.08149057448120402,0.06603532194263884,0.1,0.11311534031652559
2014-11-20,dev,0.08184155248102014,0.06601008872829316,0.5,0.11233911005037445
2014-11-21,dev,0.08216043143983819,0.06595304387647435,0.5,0.1143701452091348
2014-11-24,dev,0.08237612383849781,0.06579309953880844,0.5,0.11572105001791788
2014-11-25,dev,0.0826754713739284,0.06564076120565113,0.7,0.09511378756755273
2014-11-26,dev,0.0830254616557392,0.06553941028569475,0.9,0.16139558103349277
2014-11-27,dev,0.08337518497318551,0.06543813667383903,0.9,0.18702157282216453
2014-11-28,dev,0.08372464163160215,0.06533694028166448,0.6,0.1792843458562733
2014-12-01,dev,0.084193391954988,0.06492347047091034,0.7,0.10084560314153973
2014-12-02,dev,0.08465431548074184,0.06462983015722953,0.7,0.06769476495292881
2014-12-03,dev,0.08495528489601956,0.06436721407567689,0.9,0.18213573434934516
2014-12-04,dev,0.08513826977640042,0.0640927820731488,0.9,0.13163541551385322
2014-12-05,dev,0.08540951845532105,0.06407608087000148,0.6,0.1509562255921192
2014-12-08,dev,0.08559219135269694,0.06380196837953526,0.6,0.11098142253823623
2014-12-09,dev,0.08577472533532199,0.06352806433963215,0.6,0.19262056967037688
2014-12-10,dev,0.08612220738574565,0.06319985146835141,0.8,0.10653434216618674
2014-12-11,dev,0.08646942539205806,0.06287188799894855,0.8,0.11556194686417837
2014-12-12,dev,0.08672143092741999,0.06256316339279627,0.6,0.08609185167812083
2014-12-15,dev,0.08690325899679324,0.06229014561756526,0.5,0.07247208477005007
2014-12-16,dev,0.08708494905624665,0.062017335066452094,0.6,0.03561502592935073
2014-12-17,dev,0.08730482072453591,0.06167767244566309,0.5,0.056714588249553166
2014-12-18,dev,0.08758772876875615,0.061591079977285274,0.5,0.07265990360626301
2014-12-19,dev,0.08787042232621049,0.061504553158997194,-0.2,-0.020881072412340385
2014-12-22,dev,0.08815290164072627,0.06141809191616821,-0.1,-0.02672529509732069
2014-12-23,dev,0.088466732612327,0.06136326183084644,-0.1,0.04617721703768335
2014-12-24,dev,0.08885921018422692,0.06119803530232283,0.2,0.06673995708244157
2014-12-25,dev,0.08925139064971359,0.06103293385065655,-0.1,0.03792371093913033
2014-12-26,dev,0.0896432743460247,0.06067877837057684,-0.1,0.027623862086217588
2014-12-29,dev,0.09006916050342402,0.06048526128641366,-0.1,0.009387939521900701
2014-12-30,dev,0.09049472462970243,0.060291890528968196,-0.1,0.009688537088446136
2014-12-31,dev,0.09099758098153508,0.06005030350744513,-0.6,-0.03068180400039422
2015-01-02,validation,0.09099758098153508,0.06005030350744513,-0.6,-0.04816067703358534
2015-01-05,validation,0.09099758098153508,0.06005030350744513,-0.9,-0.10959014081884277
2015-01-06,validation,0.09099758098153508,0.06005030350744513,-0.9,-0.08527429651278817
2015-01-07,validation,0.09096320335366144,0.060254289036909645,-0.9,-0.09520439001184117
2015-01-08,validation,0.09090897571684081,0.06058930192664368,-0.9,-0.07862470662829568
2015-01-09,validation,0.09087465749271215,0.06094393035173743,-0.9,-0.08147493222408514
2015-01-12,validation,0.09096615133265201,0.06104671880569274,-0.6,-0.05887585779041715
2015-01-13,validation,0.09085242350650258,0.061321493217388265,-0.6,-0.047124765137763536
2015-01-14,validation,0.09075862744302271,0.06161590640364035,-0.5,-0.03511928053973129
2015-01-15,validation,0.09064506357448428,0.06189025912803043,-0.5,-0.061267848230665556
2015-01-16,validation,0.0905315852853494,0.06216440510583091,-0.5,-0.0549280638088272
2015-01-19,validation,0.09027942748734322,0.0622995795790788,0.2,0.03189728431027744
2015-01-20,validation,0.09022451973770357,0.06225520641072991,-0.5,-0.022266991504493405
2015-01-21,validation,0.09016965331869971,0.06221086664333575,-0.3,-0.0111139670352704
2015-01-22,validation,0.0898189103102435,0.0626230878134632,-0.3,-0.010114128156638869
2015-01-23,validation,0.08976423770179454,0.06257864304348613,-0.5,-0.06158762368260129
2015-01-26,validation,0.08970960620056997,0.06253423169062935,-0.5,-0.06495770105911136
2015-01-27,validation,0.08965501576022569,0.06248985371721853,-0.5,-0.07647413824793997
2015-01-28,validation,0.08960046633448723,0.06244550908563598,-0.5,-0.0837614414470208
2015-01-29,validation,0.08927475163523366,0.06250550785136506,-0.5,-0.03916183436487153
2015-01-30,validation,0.08894928146653508,0.06256546157297575,-0.5,-0.030942340800062307
2015-02-02,validation,0.08856041928922957,0.06256173403728134,0.2,0.007707397831771989
2015-02-03,validation,0.08833965394065897,0.06235072063366646,-0.5,-0.02389470920389325
2015-02-04,validation,0.08811905414540563,0.06213986547032425,0.2,-0.008241136676305438
2015-02-05,validation,0.08789861971731515,0.06192916836932338,0.2,0.001805804680071077
2015-02-06,validation,0.0876783504705121,0.061718629152999166,0.6,0.026707602801633756
2015-02-09,validation,0.08752066819193388,0.06157066961648744,0.6,0.02826504355210513
2015-02-10,validation,0.08736310398320112,0.061422820869594955,0.6,0.03486594349081612
2015-02-11,validation,0.0873927834602533,0.06108795703942918,0.9,0.06603177445029235
2015-02-12,validation,0.087422440730439,0.06075334376207312,0.9,0.07982954573356987
2015-02-13,validation,0.08745207581867247,0.06041898075642787,0.9,0.08533710180138349
2015-02-16,validation,0.08762706777371428,0.06023024676569856,0.9,0.09537418040958323
2015-02-17,validation,0.08734519418087408,0.06033230322555194,0.9,0.10312983838762702
2015-02-18,validation,0.08696236071274525,0.06051988921612888,0.9,0.11943070181044563
2015-02-19,validation,0.08657981315460009,0.060707335112612774,0.9,0.12119632837348449
2015-02-20,validation,0.08629864612219201,0.06080909920302738,0.9,0.12665492235006498
2015-02-23,validation,0.0860176889159275,0.060910787350090916,0.9,0.14525920586862406
2015-02-24,validation,0.0857369413010142,0.06101239963878292,0.8,0.14705879138892614
2015-02-25,validation,0.08545640304300985,0.06111393615395613,0.6,0.15493555735920722
2015-02-26,validation,0.08517607390782173,0.06121539698033681,0.6,0.13419488824076103
2015-02-27,validation,0.08489595366170605,0.06131678220252496,0.6,0.13705940887796797
2015-03-02,validation,0.08488916435556265,0.06139326260642223,1.0,0.16211380407616793
2015-03-03,validation,0.08460935950410241,0.06149450611748957,0.5,0.09046224124783758
2015-03-04,validation,0.08460268191093626,0.06157086345301216,0.6,0.18271564176935234
2015-03-05,validation,0.0845960092862174,0.061647163975041046,-0.2,0.09117795697019171
2015-03-06,validation,0.08463892635230658,0.061921746658575805,0.5,0.19182178589753662
2015-03-09,validation,0.08467716466964773,0.06215430363007819,-0.2,0.06542364174456233
2015-03-10,validation,0.084715374567578,0.062386687761022054,0.5,0.18877516311929743
2015-03-11,validation,0.0848587151547721,0.0625383228083969,0.1,0.08943521349254346
2015-03-12,validation,0.08517899354537657,0.06249555641338919,0.1,0.07971260487155685
2015-03-13,validation,0.0853220556247191,0.06264703847681931,0.6,0.17300287730870056
2015-03-16,validation,0.08546501153554263,0.0627984081231337,0.7,0.17904495415486776
2015-03-17,validation,0.08578470864589763,0.0627555928460304,0.5,0.16347513452179252
2015-03-18,validation,0.08578470864589763,0.0627555928460304,0.7,0.12264034171505878
2015-03-19,validation,0.08578470864589763,0.0627555928460304,0.5,0.15953401896910713
2015-03-20,validation,0.08578470864589763,0.0627555928460304,0.6,0.18227884141377143
2015-03-23,validation,0.08578470864589763,0.0627555928460304,0.6,0.1406662245060294
2015-03-24,validation,0.08578470864589763,0.0627555928460304,0.9,0.1583960526278304
2015-03-25,validation,0.08578470864589763,0.0627555928460304,0.8,0.1974493075838536
2015-03-26,validation,0.08578470864589763,0.0627555928460304,0.8,0.19242611096878204
2015-03-27,validation,0.08578470864589763,0.0627555928460304,0.9,0.186427493851113
2015-03-30,validation,0.08578470864589763,0.0627555928460304,0.9,0.17056532396336122
2015-03-31,validation,0.0856442881781278,0.06307688959665958,0.9,0.15685371272783488
2015-04-01,validation,0.08555402167515515,0.06336563250754217,1.0,0.15375652432731435
2015-04-02,validation,0.08523789318706626,0.06359290262397795,1.0,0.1586013664097683
2015-04-03,validation,0.08497393434499988,0.06395424439570035,1.0,0.14432764685543636
2015-04-06,validation,0.08461852007830421,0.06434707881095555,1.0,0.15672107060693719
2015-04-07,validation,0.08435498584422928,0.06470787400246686,0.9,0.0853146134141361
2015-04-08,validation,0.08411643810235589,0.06500510818453473,0.8,0.0654610824106358
2015-04-09,validation,0.08390041870956655,0.06535089031908187,0.8,0.0493363408642008
2015-04-10,validation,0.08381103048200586,0.06563804535525147,0.8,0.04893994763290793
2015-04-13,validation,0.08409125747116916,0.06555543900558504,0.8,0.06041165420886746
2015-04-14,validation,0.08398242201743415,0.06582286355128321,0.8,0.06654993839499412
2015-04-15,validation,0.08426237875345352,0.06574024996177309,0.6,0.0691376334412116
2015-04-16,validation,0.0841535604830427,0.06600740885223037,0.6,0.026626718984616216
2015-04-17,validation,0.08441382621135543,0.06590536688741794,-0.6,-0.015523019175838981
2015-04-20,validation,0.08467389993249123,0.06580340020255003,-0.7,-0.00755865071703854
2015-04-21,validation,0.08507286481698023,0.06565622589077426,0.8,0.016870147043702266
2015-04-22,validation,0.08504150732902706,0.06600062094204931,-0.7,-0.007931802359580686
2015-04-23,validation,0.08501017294902373,0.06634476220183486,0.6,0.015459117568820013
2015-04-24,validation,0.08516302371405171,0.06650448788794835,0.6,0.04201367277395407
2015-04-27,validation,0.08548047783678314,0.06646062335671296,0.9,0.061063598564819244
2015-04-28,validation,0.08579769827963037,0.06641679111442217,1.0,0.11059937857310709
2015-04-29,validation,0.08613404938401607,0.0663923552089349,0.9,0.10051665536475207
2015-04-30,validation,0.08647015308045447,0.06636793727763333,0.7,0.01823101235842539
2015-05-01,validation,0.08680600964182195,0.06634353730069303,0.6,0.022967591356035877
2015-05-04,validation,0.08714161934059378,0.06631915525831865,0.9,0.07080768788228431
2015-05-05,validation,0.08745764682101702,0.06627545550291612,1.0,0.12833212597837484
2015-05-06,validation,0.0874062001718182,0.06659902985677206,1.0,0.13965483873225876
2015-05-07,validation,0.08735479129548956,0.06692236663768097,0.9,0.18311856091387962
2015-05-08,validation,0.08730342015044631,0.06724546610719104,0.9,0.18603956148054723
2015-05-11,validation,0.08725208669516465,0.0675683285264667,0.8,0.1737920267761957
2015-05-12,validation,0.0872007908881817,0.06789095415628928,0.9,0.15267297149329323
2015-05-13,validation,0.08745822230068988,0.06778889503974024,0.8,0.15741083733533356
2015-05-14,validation,0.08736831648935137,0.06807263134172564,0.8,0.16998975379633063
2015-05-15,validation,0.08704712894330746,0.06812481217851969,0.8,0.2023089635585223
2015-05-18,validation,0.08653345753992865,0.0683504019676582,0.8,0.18867469674400633
2015-05-19,validation,0.08648251865395233,0.06867215087654728,0.8,0.10628810937166971
2015-05-20,validation,0.08579610950544722,0.06908995335181728,0.8,0.11771794877565944
2015-05-21,validation,0.08570697605762441,0.06937269486966881,0.8,0.03917112615608909
2015-05-22,validation,0.08570697605762441,0.06937269486966881,-0.7,-0.047789033436450024
2015-05-25,validation,0.08570697605762441,0.06937269486966881,-0.6,-0.07280170914562956
2015-05-26,validation,0.08570697605762441,0.06937269486966881,-0.6,-0.07431190012142236
2015-05-27,validation,0.0856756389548611,0.06971296079476216,-0.5,-0.04667752994487856
2015-05-28,validation,0.08543272118900734,0.0702068714931482,-0.5,-0.013146053737396746
2015-05-29,validation,0.08534381820836025,0.07048889501951457,-0.6,-0.09074848434423827
2015-06-01,validation,0.08534381820836025,0.07048889501951457,-0.6,-0.15228829079524225
2015-06-02,validation,0.08534381820836025,0.07048889501951457,-0.6,-0.11107209530482931
2015-06-03,validation,0.08567787817249159,0.07046315035369298,-0.9,-0.15892774302864798
2015-06-04,validation,0.08567787817249159,0.07046315035369298,-0.9,-0.19907926704894974
2015-06-05,validation,0.08567787817249159,0.07046315035369298,-1.0,-0.2559802045450943
2015-06-08,validation,0.08567787817249159,0.07046315035369298,-0.9,-0.256416972287386
2015-06-09,validation,0.08567787817249159,0.07046315035369298,-0.9,-0.2567953094045922
2015-06-10,validation,0.0856273818391145,0.07078330561864331,-0.9,-0.28850506417101474
2015-06-11,validation,0.0855769223643749,0.07110322719361921,-1.0,-0.24851372137165412
2015-06-12,validation,0.08552649970793137,0.0714229153343923,-0.9,-0.22699789110796892
2015-06-15,validation,0.08547611382950128,0.07174237029636102,-0.7,-0.195408588984903
2015-06-16,validation,0.0854257646888608,0.07206159233455141,-0.6,-0.18386450737378868
2015-06-17,validation,0.08537545224584468,0.07238058170361777,-0.6,-0.2203970972103702
2015-06-18,validation,0.08537545224584468,0.07238058170361777,-0.6,-0.17232119807390767
2015-06-19,validation,0.08537545224584468,0.07238058170361777,-0.3,-0.024185483573681776
2015-06-22,validation,0.08537545224584468,0.07238058170361777,-0.3,-0.016771025012198404
2015-06-23,validation,0.08537545224584468,0.07238058170361777,0.2,-0.024487552660806378
2015-06-24,validation,0.08542104454586057,0.07206660929344869,-0.1,-0.03284905785508335
2015-06-25,validation,0.08546660363953996,0.07175286555947054,-0.1,-0.008142707132008875
2015-06-26,validation,0.08531414643641914,0.07160540061629879,0.9,0.04188691362473962
2015-06-29,validation,0.08540440087124335,0.07115479214931081,-0.1,0.00010916995074733427
2015-06-30,validation,0.08543077058240045,0.07082257677815504,-0.1,-0.0373769222217844
2015-07-01,validation,0.08505520723998772,0.07081596186985294,-0.1,0.0017809226237853193
2015-07-02,validation,0.0846002011062521,0.07091138803178078,0.3,0.009514000865308514
2015-07-03,validation,0.0846002011062521,0.07091138803178078,0.7,0.031108440118062464
2015-07-06,validation,0.08438777370759432,0.07070393476578085,0.7,0.020585928730864345
2015-07-07,validation,0.08399388058238269,0.07067825226132543,0.9,0.038680968920319636
2015-07-08,validation,0.08396338171506883,0.0702894802016808,0.3,0.05568174548617344
2015-07-09,validation,0.08396338171506883,0.0702894802016808,0.5,0.02892584961988076
2015-07-10,validation,0.08341709641078787,0.07047411101410161,0.9,0.03908878800810467
2015-07-13,validation,0.08308127552560331,0.07050583112506968,0.9,0.03491031591383692
2015-07-14,validation,0.08308127552560331,0.07050583112506968,0.7,0.019436880222658826
2015-07-15,validation,0.08308127552560331,0.07050583112506968,0.7,0.009508669983898654
2015-07-16,validation,0.08308127552560331,0.07050583112506968,-0.1,0.006926652362682528
2015-07-17,validation,0.08350930476724684,0.06985028236323138,-0.4,0.002367719225537246
2015-07-20,validation,0.0839370236178522,0.06919520898120586,-0.3,-0.007871538266801703
2015-07-21,validation,0.08422374452266632,0.06876237273293431,-0.3,-0.013745656217734492
2015-07-22,validation,0.08458396467774834,0.06828278420629763,-0.3,-0.02877588152769356
2015-07-23,validation,0.08494392389827396,0.06780354308170848,-0.3,-0.05282073809865234
2015-07-24,validation,0.08527522588093209,0.0677789943695138,-0.3,-0.07270659480601244
2015-07-27,validation,0.08591106737107938,0.0669734664175733,-0.3,-0.07740919710164151
2015-07-28,validation,0.08654644877331774,0.06616852133679918,-0.3,-0.07339898848161863
2015-07-29,validation,0.08690517749801056,0.06569073816062516,-0.3,-0.055703357059375624
2015-07-30,validation,0.08728349570330171,0.06542596686459216,-0.5,-0.05193714318693643
2015-07-31,validation,0.08761335349307284,0.06540232177356774,-0.3,-0.04609807135492039
2015-08-03,validation,0.08794297294629067,0.06537869376714665,-0.3,-0.05059579207632048
2015-08-04,validation,0.08822857962951262,0.06543168853722757,-0.5,-0.07401755557649303
2015-08-05,validation,0.08812452599065719,0.06569687565327911,-0.5,-0.06843696266900845
2015-08-06,validation,0.08847766281515233,0.06555287341257662,-0.5,-0.05608749901578425
2015-08-07,validation,0.08880649482712377,0.06552922518984482,-0.3,-0.057648750160309736
2015-08-10,validation,0.0891350896721194,0.06550559402316979,-0.3,-0.05538839433974552
2015-08-11,validation,0.08943340675106481,0.06545193903854235,-0.3,-0.034610299261064736
2015-08-12,validation,0.08958135867655992,0.06560853293438432,-0.3,-0.025001656571079778
2015-08-13,validation,0.08938398306704627,0.06587008125345215,-0.3,-0.02826382043137421
2015-08-14,validation,0.08929177901600785,0.0656062941638158,-0.3,-0.025003745598931815
2015-08-17,validation,0.08928963414715159,0.06525270418511513,-0.3,-0.0353375294213627
2015-08-18,validation,0.08928749082192171,0.06489936867923107,0.0,-0.024358921696221447
2015-08-19,validation,0.08928534903865244,0.06454628737155269,-0.3,-0.01930011263017567
2015-08-20,validation,0.08928320879568037,0.06419345998786401,-0.2,-0.026313350360890497
2015-08-21,validation,0.08928107009134452,0.06384088625434334,-0.2,-0.033305858413811396
2015-08-24,validation,0.08936876404148537,0.06350653212106233,-0.7,-0.05521682706404801
2015-08-25,validation,0.0895620406996573,0.06311043937020186,-0.5,-0.049692294610458876
2015-08-26,validation,0.08975517855951098,0.06271463106655922,-0.3,-0.03195376651583204
2015-08-27,validation,0.0899270637972787,0.06229799293061062,-0.6,-0.024932614310006596
2015-08-28,validation,0.09011993208453915,0.06190276017883268,0.3,0.02023494679473914
2015-08-31,validation,0.09031266201578292,0.06150781095126692,-0.1,0.016547265297743086
2015-09-01,validation,0.09039979743038226,0.06110330235405719,0.3,0.010088250076185967
2015-09-02,validation,0.0905712051915113,0.06068783908594237,-0.2,-0.013473770337828594
2015-09-03,validation,0.09053875402519403,0.06030780044778904,-0.1,-0.01144958820854336
2015-09-04,validation,0.09053617328712388,0.05995788122604318,0.1,0.01907068294414288
2015-09-07,validation,0.09053359439705806,0.05960821257302037,0.6,0.02421780258367684
2015-09-08,validation,0.09053101735301236,0.0592587942196776,0.1,0.0021682528650486255
2015-09-09,validation,0.0905701833575372,0.058951367101888814,-0.1,0.024043283731782383
2015-09-10,validation,0.09060932134632207,0.058644159889048364,0.1,0.008042077922623292
2015-09-11,validation,0.09064843134941598,0.05833717234529111,-0.3,-0.009459860520267482
2015-09-14,validation,0.09068751339682507,0.058030404235089074,-0.9,-0.03731714621587695
2015-09-15,validation,0.0908463794282494,0.05777870896867259,-0.9,-0.07883181372647946
2015-09-16,validation,0.09088536286416789,0.057472359429755204,-0.9,-0.05738603248163249
2015-09-17,validation,0.09077775426771888,0.05716998669014783,-0.9,-0.06808110879997675
2015-09-18,validation,0.09067022247968991,0.05686782977690704,-0.7,-0.0419654984954656
2015-09-21,validation,0.09043132929706388,0.056697326579848224,-0.9,-0.029860549783322976
2015-09-22,validation,0.09022076177591658,0.05685542311102517,-0.6,-0.011437699284622016
2015-09-23,validation,0.0901291798049923,0.05707282462387923,-0.9,-0.03116506935802732
2015-09-24,validation,0.08976443906616895,0.05695745060702587,-0.8,-0.04439937441926589
2015-09-25,validation,0.08973246028488424,0.05658090716185058,-0.8,-0.04733969283579398
2015-09-28,validation,0.08972028902251625,0.0565409725241307,-0.5,-0.035903034899263386
2015-09-29,validation,0.08968834872738542,0.05616484544242044,-0.3,-0.039857835879336556
2015-09-30,validation,0.08963418917267815,0.055811228059700714,-0.3,-0.018409364414452845
2015-10-01,validation,0.08960230223238193,0.05543562819201672,-0.5,-0.0344386327364018
2015-10-02,validation,0.0894518983790513,0.055001025668951764,-0.6,-0.06952825688761355
2015-10-05,validation,0.08963339432701467,0.05483927628193827,-0.6,-0.05662203124828935
2015-10-06,validation,0.08960154166378545,0.054464422239194156,-0.6,-0.05990843355471326
2015-10-07,validation,0.08956971163122283,0.05408983452259053,-0.7,-0.11816995127939267
2015-10-08,validation,0.08953790420521743,0.05371551284839927,-0.7,-0.09074738557968415
2015-10-09,validation,0.08937299902090602,0.05329708348636576,-0.7,-0.10603145358370725
2015-10-12,validation,0.08898642237114701,0.05327817039783263,-0.7,-0.09690040875549905
2015-10-13,validation,0.08860011998648183,0.053259270727595724,-0.7,-0.0949756148965542
2015-10-14,validation,0.08819045091320057,0.05298033718005639,-0.7,-0.1083205745145095
2015-10-15,validation,0.08780470456406438,0.052961556486266936,-0.7,-0.09614096904968045
2015-10-16,validation,0.08747829136849478,0.05288372933419289,-0.7,-0.07641294337490012
2015-10-19,validation,0.08709307057807023,0.05286499616758496,-0.7,-0.07297650122847049
2015-10-20,validation,0.08673025433494769,0.052824144540046865,-0.9,-0.0769022233056964
2015-10-21,validation,0.08628657400892942,0.05268745162752532,-0.6,-0.06117945588589774
2015-10-22,validation,0.0859021838553523,0.052668807801754786,-0.9,-0.08151992134384867
2015-10-23,validation,0.08551806564387181,0.05265017716581501,-0.9,-0.07138273958675245
2015-10-26,validation,0.08548782587525658,0.05298516649496429,-0.8,-0.07984083010833087
2015-10-27,validation,0.08547621179009296,0.053301314693818186,-0.8,-0.07576055398581039
2015-10-28,validation,0.08530859161317458,0.05341989687551256,-0.8,-0.11522877449414826
2015-10-29,validation,0.08510184184573794,0.053577643291310685,-0.9,-0.09745817462812512
2015-10-30,validation,0.08483638686391859,0.05367642708016733,-0.8,-0.04767258582954814
2015-11-02,validation,0.0844742220713128,0.05363671654134208,-0.5,-0.03933609865172372
2015-11-03,validation,0.0841123128643052,0.05359703402689144,-0.3,0.005981226036036069
2015-11-04,validation,0.08372990993207793,0.053578128547516875,-0.1,0.010174717382570198
2015-11-05,validation,0.08370038598640371,0.0539118457095241,-0.3,-0.007016576075410785
2015-11-06,validation,0.08367088285422662,0.054245327610930684,0.5,0.011757100121052577
2015-11-09,validation,0.08364140051354509,0.05457857450042648,0.3,0.000916724802996427
2015-11-10,validation,0.0836119389423885,0.05491158662635095,-0.3,-0.01965073598382966
2015-11-11,validation,0.08358249811881724,0.05524436423669379,-0.7,-0.024583404433123845
2015-11-12,validation,0.08355307802092254,0.05557690757909551,0.2,-0.021353060811728053
2015-11-13,validation,0.08352367862682651,0.055909216900848116,0.2,-0.018758297954784953
2015-11-16,validation,0.083494299914682,0.056241292448895655,0.2,-0.00011915314909832775
2015-11-17,validation,0.0831133244224476,0.05622151702960983,-0.6,-0.03336206740689712
2015-11-18,validation,0.08273261675129734,0.056201755512200476,-1.0,-0.028741608786982786
2015-11-19,validation,0.08235217661891811,0.056182007882013475,0.0,-0.002639137039966988
2015-11-20,validation,0.08197200374339338,0.056162274124415296,-0.1,0.0014135433799038477
2015-11-23,validation,0.08161057803243972,0.05612407403555582,-0.1,-0.007668646802828583
2015-11-24,validation,0.08124940604258887,0.056085900763185544,-0.6,-0.02207347708405577
2015-11-25,validation,0.08088848750676599,0.05604775427907657,-0.8,-0.018143971303717532
2015-11-26,validation,0.08088848750676599,0.05604775427907657,-0.9,-0.02236141657511309
2015-11-27,validation,0.08043551844212332,0.05575118414982733,-0.5,-0.0301340752327649
2015-11-30,validation,0.08023199967689117,0.05590695161681547,-0.7,-0.029927200409247234
2015-12-01,validation,0.08013377605274924,0.05616776235932622,-0.6,-0.033569482197504774
2015-12-02,validation,0.08010569834565297,0.056498467418065065,-0.9,-0.008830700754090315
2015-12-03,validation,0.08000758776829898,0.056758888270107784,-1.0,-0.020802647834153865
2015-12-04,validation,0.08018965794064901,0.05659895868738015,-0.1,0.0027114039410769397
2015-12-07,validation,0.08038786409694022,0.056391764954779204,-0.9,-0.05288111198660084
2015-12-08,validation,0.08057927876324365,0.05600841735113004,-0.9,-0.04004447991183857
2015-12-09,validation,0.08062104886511032,0.05563905449091628,-1.0,-0.1089634632693543
2015-12-10,validation,0.08085413687153956,0.05533142691096288,-1.0,-0.0792727074274307
2015-12-11,validation,0.08109420070614468,0.05507553767514371,-1.0,-0.12647423087927462
2015-12-14,validation,0.0813340967812567,0.054819827257798215,-0.9,-0.13818851204129717
2015-12-15,validation,0.08118926009592153,0.05468425158172726,-0.5,-0.06658234260412799
2015-12-16,validation,0.08081174987940759,0.05466515791846548,-0.2,-0.007953164098476295
2015-12-17,validation,0.08061820853197105,0.05482978292075352,-1.0,-0.1759005013292873
2015-12-18,validation,0.08061820853197105,0.05482978292075352,-1.0,-0.17388241062487297
2015-12-21,validation,0.08007588389168552,0.055343211394777575,-0.6,-0.1095573534231386
2015-12-22,validation,0.0797427566214059,0.05545470661228898,-0.9,-0.1242613843526636
2015-12-23,validation,0.07940986165745142,0.055478955319885816,-0.9,-0.13541243333673136
2015-12-24,validation,0.07888687019936973,0.055661412068962565,-0.9,-0.1216889253032653
2015-12-25,validation,0.07851095142926541,0.05585107708217895,-0.9,-0.12451708392790012
2015-12-28,validation,0.07802530168175115,0.05606994139748149,-0.9,-0.15303390559402408
2015-12-29,validation,0.0773933840609486,0.05649023664585871,-0.9,-0.1574345551301859
2015-12-30,validation,0.07701837766204121,0.05647057418966454,-0.9,-0.176274471012918
2015-12-31,validation,0.07673476123345482,0.056310089680634764,-0.9,-0.16063619467551987
2016-01-04,validation,0.07685452397096629,0.056089130564773305,-0.1,0.020429034644732558
2016-01-05,validation,0.0765412310821809,0.05598174656501252,-0.1,-0.0022806741879576875
2016-01-06,validation,0.07651462655278146,0.05561470390023497,-0.1,0.015224600648768793
2016-01-07,validation,0.07623157934477312,0.055454739824952776,-0.1,0.0018290395981525598
2016-01-08,validation,0.07594872876559979,0.055294886874418955,-0.1,-0.0024462732417729893
2016-01-11,validation,0.07573853414981108,0.05509186373150913,0.3,0.02186533951742603
2016-01-12,validation,0.07571224517579171,0.05472563955110944,-0.3,-0.07615849900884974
2016-01-13,validation,0.07575079512084286,0.05437492144021595,0.3,-0.05497643111222228
2016-01-14,validation,0.07579884746880153,0.05408352733436978,-0.1,-0.10477796688306174
2016-01-15,validation,0.07558899635501004,0.05388120580453613,0.3,0.07724181190772145
2016-01-18,validation,0.07521617521242598,0.053862529476700935,-0.1,0.012037380632203554
2016-01-19,validation,0.0752448233626788,0.05355207632609989,0.0,0.05614983125151868
2016-01-20,validation,0.07487237971066542,0.053533526940465634,0.4,0.04911531515626211
2016-01-21,validation,0.07450019398361879,0.0535149904006663,0.3,0.045343969802145445
2016-01-22,validation,0.07412826591370407,0.053496466693362506,-0.3,0.05297439237534779
2016-01-25,validation,0.07375659523345711,0.05347795580523331,0.4,0.03155363257683069
2016-01-26,validation,0.07338518167578383,0.05345945772297623,-0.6,-0.06367460825329802
2016-01-27,validation,0.07301402497395956,0.05344097243330715,0.9,0.049769268912056464
2016-01-28,validation,0.07264312486162842,0.053422499922960345,0.3,0.03544698670666113
2016-01-29,validation,0.07227248107280271,0.05340404017868842,0.1,0.03619053414615819
2016-02-01,validation,0.07239295780872884,0.053185611367427714,0.3,0.04445385857411022
2016-02-02,validation,0.07251335134248928,0.05296733340479357,0.8,0.06869319024776727
2016-02-03,validation,0.07263366176024436,0.05274920613457409,0.1,0.021114524861989392
2016-02-04,validation,0.07275388914803549,0.052531229400772976,0.8,0.03199730574865156
2016-02-05,validation,0.07287403359178538,0.05231340304760918,0.9,0.03099739265886603
2016-02-08,validation,0.07317218047675372,0.05192898463276518,-0.2,0.009165880671119231
2016-02-09,validation,0.07358237893048004,0.05131237963797169,-0.1,0.0009609649551147736
2016-02-10,validation,0.07400971976826971,0.050943351304830665,0.5,0.016279792159302975
2016-02-11,validation,0.07400971976826971,0.050943351304830665,-0.1,0.028558474924856303
2016-02-12,validation,0.07415124190574136,0.05087361017399362,-0.1,0.02160870336205256
2016-02-15,validation,0.0742337399251251,0.0508628437252895,-0.2,-0.009530260211133512
2016-02-16,validation,0.07406324547710304,0.05064604158685703,0.6,0.03000070900430385
2016-02-17,validation,0.07389286836868733,0.05042938865843035,0.7,0.028230123450355027
2016-02-18,validation,0.07370450336046751,0.05023098990434294,0.6,0.02537292493373655
2016-02-19,validation,0.07359318819425001,0.049955807308089725,0.0,0.00020084336200465458
2016-02-22,validation,0.0734231483799588,0.04973961508542587,0.0,-0.0025834264430467657
2016-02-23,validation,0.07336928017318446,0.04940751670681691,-0.1,-0.00036924167736107627
2016-02-24,validation,0.07383224250619914,0.04958942665244186,0.0,-0.018146415839568053
2016-02-25,validation,0.07401293198336048,0.0493663533603222,-0.9,-0.07366184735179299
2016-02-26,validation,0.07417061148948817,0.049051889570405634,-0.8,-0.06144635106681601
2016-02-29,validation,0.07435106083352061,0.04882915384989416,-0.8,-0.0848742917785037
2016-03-01,validation,0.07458284434609916,0.0488981661470297,-0.8,-0.05385216620558725
2016-03-02,validation,0.07427148763221733,0.04928148867807211,-0.8,-0.05208484271563607
2016-03-03,validation,0.07424602603206916,0.04960741206213859,-0.9,-0.05813095011766256
2016-03-04,validation,0.0743919321232165,0.04976176181811455,-1.0,-0.05499995215383319
2016-03-07,validation,0.07417612277491954,0.049896973425728915,-1.0,-0.045467812492849924
2016-03-08,validation,0.07415743500792035,0.04977244518476254,-1.0,-0.053498990821816916
2016-03-09,validation,0.07440918659111648,0.04957608025186481,-1.0,-0.06092478203352697
2016-03-10,validation,0.07434949830001754,0.049251105549519884,-1.0,-0.07737077330448938
2016-03-11,validation,0.07430505592784663,0.04921524969556673,-1.0,-0.06465263671300331
2016-03-14,validation,0.07408964532200414,0.049350416998832414,-1.0,-0.05155132593814227
2016-03-15,validation,0.07417827564269178,0.04944750517535703,-0.8,-0.03468841304493553
2016-03-16,validation,0.07443772713199139,0.04937364523966256,-1.0,-0.04771455564467442
2016-03-17,validation,0.07468201683376062,0.049284851265959405,-0.9,-0.06278464889275798
2016-03-18,validation,0.07480830181586809,0.04907828008876626,-1.0,-0.03666316471818937
2016-03-21,validation,0.07494448341665691,0.048881832813395,-0.2,0.007267560994782096
2016-03-22,validation,0.07506260906449386,0.048667556635499286,-0.1,0.0012548144721298837
2016-03-23,validation,0.07519861097560332,0.04847138353890795,0.5,0.038418325683235166
2016-03-24,validation,0.07519861097560332,0.04847138353890795,0.5,0.024621413300829786
2016-03-25,validation,0.07519091417068237,0.04813173831223962,0.5,0.020244109851903447
2016-03-28,validation,0.07518322261417937,0.04779232468818068,0.6,0.02030723063453649
2016-03-29,validation,0.07515759779392914,0.04743520392311995,-0.4,-0.005638897932899178
2016-03-30,validation,0.07514992283009726,0.04709625890609244,0.9,0.03591639252478468
2016-03-31,validation,0.07512432680733497,0.046739618490933686,1.0,0.038893732850725615
2016-04-01,validation,0.07475826472806792,0.046723704422669834,0.6,0.05128368335277078
2016-04-04,validation,0.0743924518401414,0.04670780118767233,0.9,0.05669749664879031
2016-04-05,validation,0.07402688788919205,0.04669190877488306,1.0,0.04942967685193661
2016-04-06,validation,0.07366157262120253,0.04667602717325895,0.5,0.03618501223646581
2016-04-07,validation,0.073296505782501,0.046660156371771955,0.6,0.023275842429948845
2016-04-08,validation,0.07293168711976052,0.04664429635940901,0.6,0.0487217971398658
2016-04-11,validation,0.07256711637999845,0.04662844712517204,0.9,0.0740141548928307
2016-04-12,validation,0.07256711637999845,0.04662844712517204,0.8,0.07053282789460047
2016-04-13,validation,0.0722027933105759,0.04661260865807789,0.8,0.07488030915045385
2016-04-14,validation,0.0722027933105759,0.04661260865807789,0.8,0.08764414169899859
2016-04-15,validation,0.0718387176591971,0.04659678094715834,0.9,0.08462260725341225
2016-04-18,validation,0.07161781267410536,0.046723887481656574,0.9,0.06816210069738993
2016-04-19,validation,0.07141491698284382,0.046868767129788456,0.6,0.05761451390222816
2016-04-20,validation,0.07117785256718065,0.047205384130855184,0.9,0.05125650886777472
2016-04-21,validation,0.0710823272472903,0.047457085826372196,0.8,0.043272029732323136
2016-04-22,validation,0.07098686669032868,0.04770861687667191,0.6,0.041950059463444656
2016-04-25,validation,0.07123033901073539,0.04762110927495516,0.6,0.031081809546760764
2016-04-26,validation,0.0709744308585245,0.04771195221682821,0.7,0.04254981108846251
2016-04-27,validation,0.07095039617147454,0.04803443377720179,0.0,0.013226732016673237
2016-04-28,validation,0.07126490179226957,0.048018172966850674,0.0,0.0023327117550446808
2016-04-29,validation,0.0713535882327234,0.04811472632061259,0.2,0.025767879489575873
2016-05-02,validation,0.07149859716769204,0.048267596846214546,0.6,0.06383447104491313
2016-05-03,validation,0.07181259831846387,0.04825127368191079,0.6,0.06187272369805613
2016-05-04,validation,0.07157620089496468,0.04858628531564729,0.6,0.06861704941069569
2016-05-05,validation,0.07157620089496468,0.04858628531564729,0.6,0.07199873099983528
2016-05-06,validation,0.07149865073013295,0.04885445664982853,0.6,0.03163179538502159
2016-05-09,validation,0.07149865073013295,0.04885445664982853,-0.1,0.007439946382106988
2016-05-10,validation,0.07149865073013295,0.04885445664982853,-0.6,-0.02860049988917851
2016-05-11,validation,0.0714546229665715,0.049155916789672585,0.1,-0.011269669145058503
2016-05-12,validation,0.07141271611013315,0.049459264477704656,-0.3,-0.008951896074482435
2016-05-13,validation,0.07141271611013315,0.049459264477704656,-0.3,-0.01304859648470269
2016-05-16,validation,0.07155741134439712,0.04961137141069665,0.5,0.024198902845941672
2016-05-17,validation,0.07160076017620799,0.04986462440718308,0.6,0.02290848485747815
2016-05-18,validation,0.07174529433269375,0.05001649194280819,-0.3,-0.0046483630776037455
2016-05-19,validation,0.07192345780846687,0.05013453022545817,0.1,-0.0027024637793460204
2016-05-20,validation,0.07196663938034534,0.05038735068054062,-0.1,-0.001304313567358939
2016-05-23,validation,0.0720097918443223,0.050640000714015324,0.2,-0.005125032761263748
2016-05-24,validation,0.07226630247150863,0.05056678418187898,-0.8,-0.02449150524470678
2016-05-25,validation,0.07212969094041909,0.05077429508874485,-0.6,-0.03320340226065621
2016-05-26,validation,0.07199317140362659,0.05098166625762631,-0.6,-0.011238279515484284
2016-05-27,validation,0.07230552644522752,0.05062791948338948,-0.6,-0.0367105748361648
2016-05-30,validation,0.07257561206890005,0.050484706859068015,-0.6,-0.0672787264089888
2016-05-31,validation,0.07285018767496126,0.050430352396245895,-0.6,-0.024260399176169234
2016-06-01,validation,0.07312457863031228,0.05037603448652586,-0.6,-0.016102713109979405
2016-06-02,validation,0.0733987851211555,0.050321753093047664,0.1,-0.00393822568551494
2016-06-03,validation,0.07367280733344304,0.05026750817900057,0.3,0.009785527611937406
2016-06-06,validation,0.07376002954573727,0.05002668380048338,-0.3,-0.01211116038235005
2016-06-07,validation,0.07381921019397576,0.04975803817126898,-0.6,-0.021226820708398264
2016-06-08,validation,0.07408815305728762,0.04953153329105037,-0.2,0.034084741647982364
2016-06-09,validation,0.0742101033414966,0.049326153581892296,-0.6,-0.016456317168042744
2016-06-10,validation,0.07433197180733306,0.049120911665226114,0.8,0.05099973524310597
2016-06-13,validation,0.07440136081745803,0.04928259143998626,-0.3,0.00813870667776928
2016-06-14,validation,0.0746068917055514,0.049328926474702994,-0.7,-0.016169313818831577
2016-06-15,validation,0.07470016727015094,0.04909555256384371,0.3,0.00281936487336909
2016-06-16,validation,0.07459046964200441,0.04935521094629328,-0.9,-0.00964801495102352
2016-06-17,validation,0.07434222545703835,0.04961776222639611,-0.5,-0.001651524511704805
2016-06-20,validation,0.07431733686465233,0.049935935054576094,0.1,0.004497339383605747
2016-06-21,validation,0.07405709120194771,0.049915545179728835,0.2,0.009886014824690093
2016-06-22,validation,0.07373492794330241,0.04993601877154261,0.6,0.01837448803684305
2016-06-23,validation,0.07341298017847558,0.04995647866864615,-0.3,0.008883907705428795
2016-06-24,validation,0.07306879531180142,0.050002234839874676,-0.2,-0.004076819497524586
2016-06-27,validation,0.0727248405152253,0.05004796042542726,-0.5,-0.033453174787671625
2016-06-28,validation,0.07240355293440201,0.05006836241362829,-0.2,-0.006108832093295269
2016-06-29,validation,0.07206005009239187,0.05011403536766956,-0.1,0.013627409383863753
2016-06-30,validation,0.07182318108155547,0.05036147935960316,-0.2,0.003090230122740789
2016-07-01,validation,0.0717284065844918,0.050637990173831554,-0.2,0.005308158459295997
2016-07-04,validation,0.07148539888907966,0.05076602001839932,0.6,0.026640749073088665
2016-07-05,validation,0.07116135439311932,0.05078244229324309,0.6,0.022648617323354214
2016-07-06,validation,0.07069957151729765,0.051105491776685566,0.3,0.016158644220904794
2016-07-07,validation,0.07034267166012523,0.05125512327942667,0.5,0.018702018916523178
2016-07-08,validation,0.07031923191615318,0.051571266190696435,-0.1,-0.0029549264097866734
2016-07-11,validation,0.06979614089952554,0.05205375411001999,-0.1,-0.006006351705766633
2016-07-12,validation,0.06949539848386359,0.0520919202480675,0.6,0.013709507442884183
2016-07-13,validation,0.06949539848386359,0.0520919202480675,0.3,-0.008015974198745057
2016-07-14,validation,0.06949539848386359,0.0520919202480675,0.3,-0.005530673611079118
2016-07-15,validation,0.06906929272012413,0.05233738688054501,-0.3,-0.001731405880355974
2016-07-18,validation,0.06874855856544014,0.05268777815209716,-0.8,-0.03202475572220653
2016-07-19,validation,0.0683930201228036,0.053169252610463055,-0.8,-0.032476043488102624
2016-07-20,validation,0.06863282080923118,0.05308155870677169,-0.7,-0.02401079463002942
2016-07-21,validation,0.0681113338342281,0.053562582124754815,-0.9,-0.019655272303560456
2016-07-22,validation,0.06789629272347528,0.05368471241702938,-1.0,-0.030850970316803283
2016-07-25,validation,0.06750893873397036,0.053855789738811236,-0.4,-0.01453833372898361
2016-07-26,validation,0.06750893873397036,0.053855789738811236,0.0,-0.0032976887899781593
2016-07-27,validation,0.06762635610123871,0.0536456259533048,-0.5,-0.025358748857480906
2016-07-28,validation,0.06741169019004274,0.05376760703086976,-0.5,-0.020201364616474482
2016-07-29,validation,0.06719716677198395,0.053889507138585674,-0.5,-0.023804884159077333
2016-08-01,validation,0.06719716677198395,0.053889507138585674,-0.6,-0.027650722759204105
2016-08-02,validation,0.0674368072887187,0.053801777933898204,-0.9,-0.04169627577742152
2016-08-03,validation,0.06778102830052833,0.05348717142642252,-0.6,-0.02495718015526449
2016-08-04,validation,0.06778102830052833,0.05348717142642252,-0.6,-0.016015546055277774
2016-08-05,validation,0.06789816079498404,0.05327747827660572,-0.6,-0.02477067610805661
2016-08-08,validation,0.06789816079498404,0.05327747827660572,-0.6,-0.01849380653376742
2016-08-09,validation,0.06789816079498404,0.05327747827660572,-0.7,-0.015443500105650765
2016-08-10,validation,0.06753770139692894,0.053695260183108696,-0.6,-0.012262995445246783
2016-08-11,validation,0.06717748087190105,0.05411276522950133,-0.7,-0.02635242337863286
2016-08-12,validation,0.06717748087190105,0.05411276522950133,-0.8,-0.026481932128206764
2016-08-15,validation,0.06670195966173097,0.054304042533952775,0.9,0.030386355639137774
2016-08-16,validation,0.0662267533662696,0.054495193164692673,0.9,0.02212024240106969
2016-08-17,validation,0.0659260807358412,0.054529420090769276,0.9,0.027570586031558986
2016-08-18,validation,0.06581342822602737,0.05431023658403675,0.7,0.027464606732283292
2016-08-19,validation,0.06557457165036544,0.05415788453753194,0.6,0.016311439456868526
2016-08-22,validation,0.06550879522675972,0.05396360834114607,0.7,0.012376725555759083
2016-08-23,validation,0.06559733226415032,0.05372538345684597,0.9,0.01762997730726551
2016-08-24,validation,0.06559630869102932,0.05339781393157934,0.6,0.022974194295135864
2016-08-25,validation,0.06559528579420375,0.05307046083811003,0.6,0.015614213722500492
2016-08-26,validation,0.06559426357300355,0.05274332396200762,0.8,0.025365644411014854
2016-08-29,validation,0.0655065797619857,0.05246179760876826,0.9,0.03428876274747994
2016-08-30,validation,0.06540245217790584,0.05219695873166966,0.8,0.03621620945015808
2016-08-31,validation,0.0653148895081012,0.051915798402163996,0.8,0.044999958400528006
2016-09-01,validation,0.06522738459731357,0.051634823534617104,0.8,0.016942778028673666
2016-09-02,validation,0.06513993738841237,0.051354033945584916,0.9,0.021567249282108847
2016-09-05,validation,0.06505254782434236,0.051073429451865215,0.9,0.020454255653723663
2016-09-06,validation,0.0648913303706136,0.050806988204080174,0.6,0.01932419332572105
2016-09-07,validation,0.06480008776768481,0.050500797536428,0.6,0.025889893230890748
2016-09-08,validation,0.06472387217518091,0.05026465415012472,0.6,0.028652602434894536
2016-09-09,validation,0.06470256741146295,0.049918944915710584,0.6,0.042769791953455816
2016-09-12,validation,0.06494452115696757,0.04996832992890055,0.3,-0.018563890486733237
2016-09-13,validation,0.06525210519606067,0.04995189297826604,0.3,-0.02231814473412641
2016-09-14,validation,0.06561429347671525,0.0498258537719814,-0.7,-0.032241008365335944
2016-09-15,validation,0.06586666659961356,0.04975468594803707,-0.8,-0.03715432249527906
2016-09-16,validation,0.06601960229905503,0.04983076064867853,-0.2,-0.00125476650629186
2016-09-19,validation,0.06627167645511095,0.04975963797216232,-0.7,-0.0009545091642089165
2016-09-20,validation,0.06663305412020507,0.0496338274725546,-0.6,-0.009722091778830322
2016-09-21,validation,0.06683688437164295,0.04967908885552487,-0.3,0.01903840616235053
2016-09-22,validation,0.06704058083230208,0.049724320529677964,-0.5,-0.0036775595436643327
2016-09-23,validation,0.06723730855075168,0.049762687441140235,-0.2,-0.0005619514735446529
2016-09-26,validation,0.0673792444941591,0.049910354647620676,-0.6,-0.025624553726757204
2016-09-27,validation,0.0676030545779315,0.049975957810031287,-0.6,-0.03166513313372055
2016-09-28,validation,0.06782671794909574,0.050041517968074545,-0.6,-0.040319348300616065
2016-09-29,validation,0.06800108665225789,0.05015618326362891,-0.7,-0.027240257778756494
2016-09-30,validation,0.06824085046272227,0.05020526410763034,-0.3,0.001693034128583626
2016-10-03,validation,0.06848045725693881,0.050254312809625216,-0.3,-4.0940471439265824e-05
2016-10-04,validation,0.06869279482155903,0.050181654385884865,-0.9,-0.04160980749878007
2016-10-05,validation,0.06895391192622038,0.04999071361765214,-0.9,-0.05618385172241985
2016-10-06,validation,0.06923121410310637,0.0500016205917168,-0.9,-0.0733716546821403
2016-10-07,validation,0.06954840981016044,0.05019045295267181,-0.9,-0.07206423289517894
2016-10-10,validation,0.0697871975153549,0.050108664638532335,-0.8,-0.028168941511399648
2016-10-11,validation,0.06998906444427146,0.050031014748127586,-0.9,-0.01632808659706325
2016-10-12,validation,0.06998929901018548,0.049783676714210946,-0.7,-0.007910241784283234
2016-10-13,validation,0.06978170728429822,0.049552994371533,-0.7,-0.005856384166057826
2016-10-14,validation,0.06980556475591848,0.04925697874909931,-0.3,0.006903773535571145
2016-10-17,validation,0.0697827822608937,0.048914531954468404,-0.3,0.011489182507481432
2016-10-18,validation,0.06979264105950353,0.04860493504355341,-0.7,-0.010238672855372721
2016-10-19,validation,0.06976987764102359,0.04826292430153007,0.1,0.020591972026918703
2016-10-20,validation,0.06974712906663787,0.04792113658574868,0.1,0.027262920996424134
2016-10-21,validation,0.06984259524446404,0.04764762617903598,0.1,0.026885741972803356
2016-10-24,validation,0.06985242170414326,0.04733884559051235,0.3,0.02274051629230922
2016-10-25,validation,0.0698622417622201,0.04703026616198124,-0.4,0.027439275110964667
2016-10-26,validation,0.06987205542494812,0.046721887696933376,0.3,0.042336518843935134
2016-10-27,validation,0.06984931061523948,0.04638115791578203,0.3,0.044091958826126265
2016-10-28,validation,0.06982658060853097,0.046040649891728735,0.3,0.0536906342133035
2016-10-31,validation,0.06993613390260542,0.04569321375904502,0.7,0.05335130775427055
2016-11-01,validation,0.06991339044442571,0.04535315092530224,0.3,0.06115703978069176
2016-11-02,validation,0.06956556424467135,0.045338406727992324,0.3,0.06728216144946819
2016-11-03,validation,0.06921796412629479,0.04532367211417107,-0.5,-0.009655508209924557
2016-11-04,validation,0.06887058986894382,0.04530894707449785,-1.0,-0.08738038420445227
2016-11-07,validation,0.0687399617678713,0.04502358095549563,0.3,0.05246220556672837
2016-11-08,validation,0.0685766230029001,0.044795792242014736,0.6,0.06607480654680914
2016-11-09,validation,0.06824406195809424,0.04472061892846225,0.5,0.013166849523193913
2016-11-10,validation,0.06791773357978208,0.04436136499629857,0.3,0.049414532420415325
2016-11-11,validation,0.06777406905380744,0.04398207165701985,0.5,0.04246362322815572
2016-11-14,validation,0.06763049769548908,0.04360302429266932,0.0,0.013004024033647643
2016-11-15,validation,0.06754802000196926,0.043278989615088574,0.0,0.019879324743202698
2016-11-16,validation,0.06730441710296804,0.04283859153884123,0.0,-0.005858618485015676
2016-11-17,validation,0.06699277432382705,0.042466676492053546,0.0,-0.019779247394561106
2016-11-18,validation,0.06668133338586427,0.042095002322886835,0.0,-0.02007096025795102
2016-11-21,validation,0.06650640119295,0.041910991059760726,0.1,-0.024274372877531536
2016-11-22,validation,0.06621519092287677,0.04151986560418582,0.1,-0.03791992334330396
2016-11-23,validation,0.06604052272441376,0.041336159471841,0.1,-0.031969013913512145
2016-11-24,validation,0.0661893827718747,0.041475987431431716,-0.3,-0.007384176032744827
2016-11-25,validation,0.06633814656324288,0.04161572497527099,-0.5,-0.017583316095922508
2016-11-28,validation,0.06662290101524333,0.041619285367634304,-0.5,-0.014099832452420025
2016-11-29,validation,0.066771428604406,0.041758886312758266,-0.5,-0.023179696174699005
2016-11-30,validation,0.06691986024551365,0.04189839707639314,-0.3,-0.02450284560469962
2016-12-01,validation,0.06623547166327506,0.04125607650224751,-0.7,-0.040318503895721114
2016-12-02,validation,0.06577104800566656,0.04093262899087638,0.0,-0.010844948260213594
2016-12-05,validation,0.06593963924352135,0.0410522908420837,0.2,-0.011114493818158822
2016-12-06,validation,0.06613342215559334,0.04114657504933894,0.9,0.04747489778460301
2016-12-07,validation,0.06638082619015566,0.04118705234428165,0.8,0.03856869314688849
2016-12-08,validation,0.06648031657500732,0.04121407134739439,0.3,0.008162695884662674
2016-12-09,validation,0.06662850718825214,0.0413534429681417,-0.1,0.0074672205402521175
2016-12-12,validation,0.0667766023178544,0.04149272478758699,0.5,0.014749950588999916
2016-12-13,validation,0.06692460205606884,0.0416319168924948,-0.3,0.004305341021131226
2016-12-14,validation,0.06692460205606884,0.0416319168924948,-0.1,0.004302981892572777
2016-12-15,validation,0.06692460205606884,0.0416319168924948,-0.3,-0.017184685291803337
2016-12-16,validation,0.06692460205606884,0.0416319168924948,-0.1,-0.010443778960369299
2016-12-19,validation,0.06692460205606884,0.0416319168924948,-0.2,-0.016568936721717054
2016-12-20,validation,0.06692460205606884,0.0416319168924948,-1.0,-0.042234347907003145
2016-12-21,validation,0.06692460205606884,0.0416319168924948,-0.9,-0.02949847037582981
2016-12-22,validation,0.06653026228179383,0.04134739107792609,-0.5,-0.028637331800560217
2016-12-23,validation,0.06623781441393427,0.04128326422632647,-0.9,-0.034517674765800255
2016-12-26,validation,0.06594555473646585,0.04121917864039711,-1.0,-0.03999962239511462
2016-12-27,validation,0.06565348306779607,0.04115513428031912,-1.0,-0.031234889764247376
2016-12-28,validation,0.06557208323401222,0.041362962211418684,-0.7,-0.011530940074987672
2016-12-29,validation,0.06528313903067973,0.04129609315681307,-0.1,-0.00044112415813069017
2016-12-30,validation,0.06515504890459874,0.041389935457641004,-0.3,0.0072214827658135805
2017-01-02,validation,0.06519836562515621,0.041633626451711786,-0.3,-0.004341162425664624
2017-01-03,validation,0.06533975809139557,0.04182846203999051,-0.5,-0.012700169961602392
2017-01-04,validation,0.0653966070430273,0.04199986785498813,-0.5,-0.009707760109856634
2017-01-05,validation,0.06531726981938762,0.04224896347447684,-0.1,1.2820218895370772e-06
2017-01-06,validation,0.06511483997162505,0.04244604935612303,-0.3,-0.008864124294569842
2017-01-09,validation,0.06511157833434905,0.042587508764128285,-0.3,-0.013532424064292559
2017-01-10,validation,0.06491035628294337,0.04271412386231228,0.1,-0.00823612154057185
2017-01-11,validation,0.06468923116875011,0.04298088215594615,-0.8,-0.01801004286239427
2017-01-12,validation,0.0644882733888178,0.04310729007579365,-0.4,-0.005256733905321331
2017-01-13,validation,0.06426742512700204,0.04337375154598078,-0.9,-0.007794398397655056
2017-01-16,validation,0.06396666706580223,0.04372009360440345,0.1,-0.0009565364440705659
2017-01-17,validation,0.06362608874727924,0.04370609869607938,0.4,0.016064049524257662
2017-01-18,validation,0.06324572839888011,0.04381211274449664,0.8,0.017962111979645368
2017-01-19,validation,0.06288560500527843,0.04409800138405374,0.7,0.01137108289061639
2017-01-20,validation,0.06250572473504967,0.04420382229822577,0.8,0.02151430159967871
2017-01-23,validation,0.06216604899184794,0.04418969064148082,0.9,0.02046391087759525
2017-01-24,validation,0.061826590363215195,0.044175568017434316,0.9,0.015159890691680555
2017-01-25,validation,0.06148734864105442,0.04432119882637443,0.0,-0.0007791751102732558
2017-01-26,validation,0.06150763374209529,0.04418727317999105,-0.3,-0.008223253633341754
2017-01-27,validation,0.06128139924105074,0.04428585360888332,-0.3,-0.011742644180988138
2017-01-30,validation,0.06105530916037074,0.044384371107402856,-0.1,0.005777012914180202
2017-01-31,validation,0.060685464066290766,0.04455164713799411,0.6,0.007263720609299806
2017-02-01,validation,0.06031585491804432,0.044718816453414335,0.5,0.018265582746797904
2017-02-02,validation,0.06008403651192676,0.044917141660752745,0.6,0.022061001383992362
2017-02-03,validation,0.059708604221414975,0.045184096011889406,0.5,0.0191510037834679
2017-02-06,validation,0.0593334112121591,0.04545088022003618,0.8,0.031087173103241328
2017-02-07,validation,0.05897095030621415,0.04583617842983685,0.8,0.02677954808795474
2017-02-08,validation,0.058608720267088285,0.04590275988918541,0.8,0.03689193063139118
2017-02-09,validation,0.058608720267088285,0.04590275988918541,0.8,0.03380276865248749
2017-02-10,validation,0.058608720267088285,0.04590275988918541,0.6,0.023951734690396465
2017-02-13,validation,0.058608720267088285,0.04590275988918541,0.6,0.02884825824312026
2017-02-14,validation,0.058958699896688734,0.04562004482294947,0.6,0.013702902348796231
2017-02-15,validation,0.058958699896688734,0.04562004482294947,0.6,0.017711778300952052
2017-02-16,validation,0.058958699896688734,0.04562004482294947,0.9,0.017752796461622533
2017-02-17,validation,0.058958699896688734,0.04562004482294947,0.8,0.013800492555004762
2017-02-20,validation,0.05893993519271143,0.045923794013012185,1.0,0.018932727237818525
2017-02-21,validation,0.05892118242936663,0.046227349916921505,-0.7,-0.012598729514769369
2017-02-22,validation,0.05829978992792431,0.04688225952505693,0.1,-0.003683154068021055
2017-02-23,validation,0.057929817607471956,0.04715184762762616,-0.1,-0.0015072196176447727
2017-02-24,validation,0.057929817607471956,0.04715184762762616,-0.1,-0.0016962175533921653
2017-02-27,validation,0.05789374469801137,0.047119200646321906,-0.6,-0.011921302992309646
2017-02-28,validation,0.057825175113791434,0.04737181776183241,0.1,0.002058188963624308
2017-03-01,validation,0.05773993004044224,0.04760755533058995,-0.6,-0.0092249138202255
2017-03-02,validation,0.05752102915844515,0.04802699435799578,0.2,-0.0014162741834579107
2017-03-03,validation,0.05750276851426786,0.04832920801058054,-0.6,-0.013124250776079982
2017-03-06,validation,0.05746585125056553,0.04861256163247126,-0.2,-0.013641916753762084
2017-03-07,validation,0.057428957411522916,0.04889573546145469,-0.1,-0.01457315994897257
2017-03-08,validation,0.057392086974852034,0.04917872966859925,-0.8,-0.030173881464308105
2017-03-09,validation,0.05735523991829318,0.04946154442475639,-0.6,-0.022575207707788758
2017-03-10,validation,0.05739649023844586,0.0496637753140037,-0.6,-0.029274072125376416
2017-03-13,validation,0.057341026503001644,0.04992761852245188,-0.6,-0.016251250138116624
2017-03-14,validation,0.057322863365053274,0.05022856004335069,-0.2,0.002200441345353854
2017-03-15,validation,0.05726745806987006,0.050492057314133816,-0.5,-0.02853832017746205
2017-03-16,validation,0.057249329719737146,0.05079262962900747,-0.5,-0.026465986042127965
2017-03-17,validation,0.05721259780229047,0.05107439666728571,-0.6,-0.028069490601896008
2017-03-20,validation,0.0573619806453476,0.051225721364545625,-0.6,-0.011617175670397828
2017-03-21,validation,0.05736244286823388,0.05091186867891856,-0.1,-0.0042416114781075875
2017-03-22,validation,0.05766046296217374,0.050579617060619815,-0.1,-0.005136294393193519
2017-03-23,validation,0.05764843621760201,0.05046447638196726,-0.8,-0.029148629295340955
2017-03-24,validation,0.0572337283512507,0.05078926845026649,0.6,0.03792370859738625
2017-03-27,validation,0.05693695429265066,0.05081038588247535,0.7,0.022682767035293094
2017-03-28,validation,0.05678895882053983,0.05098008114873211,0.7,0.03126433314550242
2017-03-29,validation,0.05688863055689946,0.05066071107459252,0.9,0.03476959539242375
2017-03-30,validation,0.057136736781053785,0.05049003995136565,0.7,0.015362380023986266
2017-03-31,validation,0.057236235923901355,0.05017102595966948,0.9,0.029987659400011413
2017-04-03,validation,0.05745315859917471,0.04986458015285439,0.9,0.03150360999977159
2017-04-04,validation,0.057750304513866015,0.04953360140753507,0.9,0.03444844138066505
2017-04-05,validation,0.057750642750518354,0.049221370058024905,0.3,0.017941657282217527
2017-04-06,validation,0.057792459243185546,0.04889830394389495,0.2,0.004325344863496006
2017-04-07,validation,0.057834249394755,0.04857544133597861,0.2,0.0012152494404915615
2017-04-10,validation,0.057876013230108096,0.0482527820420471,0.2,0.0006388088837130934
2017-04-11,validation,0.05798179333105531,0.04794190803467034,0.2,0.010466802503131478
2017-04-12,validation,0.058022331843793545,0.04762599051922709,0.9,0.09661581117172335
2017-04-13,validation,0.05806284485259172,0.04731027175654601,0.2,0.02300083950080145
2017-04-14,validation,0.058104484269454484,0.04698841617543059,0.6,0.01578765264746368
2017-04-17,validation,0.05814609750623749,0.04666676295557334,0.7,0.06905482129092527
2017-04-18,validation,0.0581802020220013,0.046599719137338826,0.7,0.05879597413605053
2017-04-19,validation,0.058214285108600314,0.046532717445286045,0.9,0.03232948823089815
2017-04-20,validation,0.05792119016980993,0.04632180892850046,0.7,0.037050851272613816
2017-04-21,validation,0.05814969663622891,0.04637454484854982,0.7,0.025087832253151754
2017-04-24,validation,0.058334945208644295,0.0465152011415997,0.9,0.028839755148440727
2017-04-25,validation,0.058536283474973555,0.04659473826078967,1.0,0.029221504635683626
2017-04-26,validation,0.058831598317045396,0.04658012259634149,1.0,0.032122269666932324
2017-04-27,validation,0.059194362404907656,0.04642409860300402,0.9,0.027361767191973585
2017-04-28,validation,0.05948928580227289,0.046409545594037566,0.9,0.025426180816102206
2017-05-01,validation,0.059470642967486845,0.04670838309150104,0.9,0.016171503665215747
2017-05-02,validation,0.059452011813674974,0.04700703334742476,0.7,0.014413198302532071
2017-05-03,validation,0.059436833924284234,0.047212573488342166,0.5,0.003395149871165848
2017-05-04,validation,0.05930734002929645,0.04743912976881961,0.2,0.004426600931915714
2017-05-05,validation,0.059132282958864746,0.04758077636357116,0.2,-0.001957241216757666
2017-05-08,validation,0.05900296539014587,0.047807075661746926,-0.1,-0.008264832207243278
2017-05-09,validation,0.05890631135029909,0.04802671686422996,-0.2,-0.022971304483933863
2017-05-10,validation,0.059012969789526644,0.048293125020307436,-0.5,-0.0298293006787011
2017-05-11,validation,0.0590987217006063,0.048642726002378824,-0.5,-0.019805356213088876
2017-05-12,validation,0.05917297313029463,0.04893659108456902,-0.7,-0.020912657459867035
2017-05-15,validation,0.05915448735299682,0.04923370555158415,-0.6,-0.022405950849988365
2017-05-16,validation,0.05913601312209332,0.049530634438045236,-0.7,-0.014060782972713237
2017-05-17,validation,0.05924243334902992,0.049796157187206,0.1,-0.003514696921139926
2017-05-18,validation,0.05922394320129302,0.05009272517809639,-0.3,-0.01573545575475399
2017-05-19,validation,0.05920546459186984,0.050389108103157824,-0.6,-0.01690474130468589
2017-05-22,validation,0.05918699750996345,0.05068530613556482,-0.6,-0.0217779437293949
2017-05-23,validation,0.05933362200862136,0.0508345816137595,-0.6,-0.027915561300854763
2017-05-24,validation,0.05948015509549707,0.050983764027441585,-0.6,-0.03608100368317679
2017-05-25,validation,0.059547163399899086,0.05115729452704503,0.0,0.012750441441185478
2017-05-26,validation,0.05961412995457874,0.05133071690795714,0.0,0.020637101555694426
2017-05-29,validation,0.05989060279515739,0.051298339986170984,-0.6,-0.03364189610095858
2017-05-30,validation,0.060134131643340055,0.05123321138192806,-0.6,-0.05015116829951893
2017-05-31,validation,0.060492174651166436,0.05097155346235369,0.0,0.02476820006603464
2017-06-01,validation,0.060948249204627075,0.050497173946489136,0.0,0.010832308728773388
2017-06-02,validation,0.061032972403422946,0.05037778654142543,0.0,0.013650064508465287
2017-06-05,validation,0.061020091455268044,0.05026457034841004,-0.6,-0.06078277393310444
2017-06-06,validation,0.06115350021715057,0.04998685762685257,-0.6,-0.05419068987574738
2017-06-07,validation,0.06102481945994494,0.04986164692638723,0.0,0.0197534095320826
2017-06-08,validation,0.060896218653504884,0.04973651402070318,0.0,0.007626999776636334
2017-06-09,validation,0.060585015954982606,0.049739336075172454,0.0,0.019399102185404804
2017-06-12,validation,0.060438369037305685,0.04959605633535329,-0.1,0.020984912460336014
2017-06-13,validation,0.060127501613461636,0.049598920231404324,0.2,0.022698228830475398
2017-06-14,validation,0.05994632351063105,0.049834702077290884,-0.1,0.01154487224219003
2017-06-15,validation,0.059291057411853754,0.050423267126600856,-0.1,0.012125680866645838
2017-06-16,validation,0.05858723807132621,0.050962507566006725,-0.2,0.01122169834464165
2017-06-19,validation,0.057883855072609285,0.051501413696398705,-0.2,0.0034535324989452
2017-06-20,validation,0.05718090801005518,0.052039985828569175,-0.2,0.005557055609180905
2017-06-21,validation,0.05676229011815032,0.0522425392260638,-0.1,0.005211235347069465
2017-06-22,validation,0.05667589045499134,0.052312386001706936,0.2,0.02262478746223595
2017-06-23,validation,0.05644400699283571,0.052391450992942415,0.2,0.01250471756057947
2017-06-26,validation,0.05611703577432972,0.05252998660080594,0.5,0.008627657824222978
2017-06-27,validation,0.055790266889498556,0.05266843648118935,0.6,0.01822276712942955
2017-06-28,validation,0.05555887253156562,0.05274731797553242,0.0,0.007042371128781144
2017-06-29,validation,0.05532762127465799,0.05282615068725684,0.3,0.01025187402392902
2017-06-30,validation,0.05509651298606994,0.052904934661601524,0.2,0.0061825425458332806
2017-07-03,validation,0.054801365732365964,0.05291948814285566,-0.8,-0.013845197963593403
2017-07-04,validation,0.05456912258664398,0.05291250128532096,0.1,-0.007429794411306756
2017-07-05,validation,0.05433846266851725,0.05299118559860293,0.0,-0.0073495609532046036
2017-07-06,validation,0.05410794517701488,0.05306982132632558,-0.6,-0.006913426754308172
2017-07-07,validation,0.05411498688434391,0.053077183442250514,-0.1,-0.005378351891105915
2017-07-10,validation,0.054054211774889574,0.053104884756479113,-0.6,-0.004137481433316825
2017-07-11,validation,0.054071811065246216,0.05312277686824797,-0.7,-0.010161717733425557
2017-07-12,validation,0.05360071762658091,0.05357704545061165,-0.7,-0.020576427753824622
2017-07-13,validation,0.05312991462776683,0.05403103396603184,-0.9,-0.037057599630921756
2017-07-14,validation,0.052805375362858425,0.054322549826134756,-0.9,-0.037139128910133934
2017-07-17,validation,0.05248103606052853,0.05461388607079707,-0.7,-0.02495550330879731
2017-07-18,validation,0.05215689653602574,0.05490504286597083,-0.8,-0.02002380065755177
2017-07-19,validation,0.05168711787005827,0.055358063416034775,-0.9,-0.027962292422135604
2017-07-20,validation,0.051805866064004086,0.05532178823492796,-0.9,-0.04071340502897963
2017-07-21,validation,0.05192454118213824,0.055285535377009525,-0.9,-0.0323413565388489
2017-07-24,validation,0.05224632361046925,0.05509362120095373,-0.9,-0.03697886194996125
2017-07-25,validation,0.05211569773617088,0.055372123873931756,-0.9,-0.0275696500186014
2017-07-26,validation,0.051965185686451795,0.055528019316946224,-0.7,-0.02434041480094923
2017-07-27,validation,0.051747541191772495,0.05584707954456855,-0.9,-0.021699960971903354
2017-07-28,validation,0.051629236775635745,0.05593232877768338,-0.5,-0.02091670494963427
2017-07-31,validation,0.05134464548669974,0.055953541207419966,0.5,0.007274928549368731
2017-08-01,validation,0.051520775469663604,0.055667709601277066,-0.2,-0.02375123087858294
2017-08-02,validation,0.051677613782901886,0.055362869911405585,-0.2,-0.02239694903737427
2017-08-03,validation,0.051374091962164574,0.055518481181761094,-0.2,-0.02055790587866063
2017-08-04,validation,0.051364347714058775,0.05540521615986605,-0.3,-0.02406212444793243
2017-08-07,validation,0.05122232715177837,0.055261956447494924,0.1,-0.02697355564375936
2017-08-08,validation,0.05122465737932588,0.054956487892303105,-0.5,-0.027291865010019845
2017-08-09,validation,0.05122698617860031,0.05465120656883374,-0.2,-0.0239397261042521
2017-08-10,validation,0.05121129163626618,0.054328090390350636,-0.1,-0.00978076399914718
2017-08-11,validation,0.051195606707740524,0.05400517213908254,0.5,0.021578261583353464
2017-08-14,validation,0.05119794226276319,0.0537004625117931,-0.3,-0.013265885842129399
2017-08-15,validation,0.05124348926543758,0.0533779340567849,-0.2,-0.016479728358178403
2017-08-16,validation,0.05122780888316541,0.053055602987612076,-0.3,-0.008771527742141683
2017-08-17,validation,0.05121213809427487,0.05273346912313131,0.6,0.011645441130689216
2017-08-18,validation,0.0511964768899647,0.052411532282420875,0.9,0.01387335163480008
2017-08-21,validation,0.05118082526144438,0.052089792284780265,1.0,0.019105919113140746
2017-08-22,validation,0.051165183199934156,0.05176824894972991,0.9,0.009325234217742007
2017-08-23,validation,0.0511750115378912,0.05147236293823697,0.7,0.015906424430095656
2017-08-24,validation,0.05115938080742758,0.051151204611133046,0.7,0.017876813475162068
2017-08-25,validation,0.051347321963415134,0.050881132996493515,0.1,0.003757604797691272
2017-08-28,validation,0.05163689848296232,0.05086560151511485,-0.7,-0.007432393146451444
2017-08-29,validation,0.05185000898083142,0.05077379022383773,0.3,-0.0025364185543493845
2017-08-30,validation,0.052062989453991626,0.05068203494921179,0.3,0.0018593062052904563
2017-08-31,validation,0.05227584002140426,0.05059033563998666,0.3,0.002780156854256699
2017-09-01,validation,0.052488560801885534,0.050346253220584225,-0.3,-0.007162348093729898
2017-09-04,validation,0.05270653952997907,0.05012463970946315,-0.3,-0.008279542247211391
2017-09-05,validation,0.05274126229875929,0.04985545690232031,-0.3,-0.013190403749003876
2017-09-06,validation,0.052931340402465936,0.049606437034949276,-0.3,-0.016686753193999593
2017-09-07,validation,0.05312457081038236,0.04953423653646117,-0.3,-0.013640034075377616
2017-09-08,validation,0.05341281295016611,0.04951915762122937,-0.1,-0.02046149577580947
2017-09-11,validation,0.05362479931262802,0.04927584686114987,-0.1,-0.0018658471856209946
2017-09-12,validation,0.053814377310028395,0.0490273063638764,-0.3,0.006359282272603628
2017-09-13,validation,0.05402611259673459,0.04878429319284116,-0.4,0.001377859262887915
2017-09-14,validation,0.05429346048993514,0.04885053897376965,-0.1,0.011166516760148348
2017-09-15,validation,0.05460117271065755,0.049058588455337906,-0.1,0.007521997121650359
2017-09-18,validation,0.05488844066182417,0.049347540570665975,-0.1,0.0032700170348602398
2017-09-19,validation,0.055195785201922844,0.04955531268268379,-0.1,0.006940521082627327
2017-09-20,validation,0.05544220818445086,0.0497022237123378,-0.1,0.005011378752796114
2017-09-21,validation,0.05568848154768165,0.049849045542823836,0.2,-0.0013210622503749825
2017-09-22,validation,0.05567158064281134,0.05013740698575469,-0.1,0.0036292131887114554
2017-09-25,validation,0.055351291935092035,0.0501221953938294,-0.1,0.016024728966183566
2017-09-26,validation,0.05527016591020386,0.05037353469725495,0.5,0.018049516360378437
2017-09-27,validation,0.055010835962990334,0.050661474801955604,0.3,0.02111820167224504
2017-09-28,validation,0.05493353652802126,0.050888615912958346,0.7,0.030468751453480825
2017-09-29,validation,0.054753719838630484,0.051036365283427615,0.9,0.031069026833005275
2017-10-02,validation,0.05454129379612722,0.05118308360214016,0.9,0.027079880234840314
2017-10-03,validation,0.05432899641870119,0.05132971305451793,0.9,0.03158814120386344
2017-10-04,validation,0.05411682758949036,0.05147625372127512,1.0,0.031125544534556293
2017-10-05,validation,0.05387345082569209,0.051687671320027766,1.0,0.026210718154711543
2017-10-06,validation,0.053477452214009784,0.0519983350722907,0.5,0.01373883179753388
2017-10-09,validation,0.053158795997369127,0.052285086937060125,0.9,0.025080339019896924
2017-10-10,validation,0.05291592971493872,0.05249606816266125,0.6,0.007980097372824901
2017-10-11,validation,0.052540955129172416,0.05272581542137871,0.6,0.007421738378034615
2017-10-12,validation,0.05227600596649336,0.05293570569996177,0.7,0.0166484486238499
2017-10-13,validation,0.05201121689394281,0.05314546915662425,0.7,0.027969676620494655
2017-10-16,validation,0.05183381890172068,0.053324665525488035,0.9,0.03201727695165635
2017-10-17,validation,0.05165652803388998,0.053503753683984155,0.9,0.02681285501468117
2017-10-18,validation,0.05147934419344705,0.053682733730099665,0.9,0.02159247260733249
2017-10-19,validation,0.05135694044846814,0.053899134031730085,1.0,0.03725607130997588
2017-10-20,validation,0.05117995387959876,0.0540778868258275,0.7,0.03125575376713474
2017-10-23,validation,0.05100307405775523,0.05425653180762449,1.0,0.04383674392084652
2017-10-24,validation,0.050987697791834895,0.054541651936714744,1.0,0.04888980676132415
2017-10-25,validation,0.05094721526286408,0.05480148467171474,1.0,0.04423210491610974
2017-10-26,validation,0.05114794575455099,0.0548367108503967,0.8,0.039136462153123164
2017-10-27,validation,0.05135342328093014,0.055141478909377505,0.7,0.028180432017189894
2017-10-30,validation,0.051511328777008626,0.05535299179063809,0.6,0.022130774782650964
2017-10-31,validation,0.0516714196874711,0.05551192627033185,0.2,0.019483199652386984
2017-11-01,validation,0.0519568029496777,0.05579615379778586,0.5,0.019821814189127818
2017-11-02,validation,0.05219187410803619,0.05587964873747766,0.6,0.023825465354074038
2017-11-03,validation,0.052276427930359595,0.05606334408121576,0.1,0.010456204764920762
2017-11-06,validation,0.052303662059922665,0.05630419781334494,0.6,0.012165144020682028
2017-11-07,validation,0.05228794109146462,0.05658784548457627,0.6,0.016580568176069677
2017-11-08,validation,0.05227222957070396,0.05687132269446672,0.5,0.019001327748821517
2017-11-09,validation,0.0522565274891267,0.0571546295966312,0.6,0.03427322545211525
2017-11-10,validation,0.05224083483822906,0.057437766344500076,0.2,0.030538913564959136
2017-11-13,validation,0.05230102889944462,0.05766794888963107,0.6,0.03907547746694712
2017-11-14,validation,0.05236036232414468,0.05787573161805555,0.6,0.04084638600346413
2017-11-15,validation,0.05241966014522954,0.05808338966437476,0.5,0.03246142730179857
2017-11-16,validation,0.05251270684663689,0.05830328330610974,0.5,0.019394002418473777
2017-11-17,validation,0.05251816242800434,0.05837363593268341,0.1,0.02506255832498966
2017-11-20,validation,0.052662897252022785,0.05854992220682369,-0.2,0.018361583379866153
2017-11-21,validation,0.05280754533056684,0.05872610282542058,-0.2,0.007883098272968292
2017-11-22,validation,0.05279172521512928,0.05900809021223142,-0.2,0.012588155874261042
2017-11-23,validation,0.052551296426505405,0.05936478141013132,0.9,0.03469051278851787
2017-11-24,validation,0.05238586190661723,0.05964640872108637,0.6,0.029984486467009575
2017-11-27,validation,0.052108284575905876,0.059965281391328486,0.8,0.03405686885509723
2017-11-28,validation,0.05175606785401004,0.06020915772843461,0.8,0.020193194128357794
2017-11-29,validation,0.05155362810891461,0.06045288816285626,0.6,0.021703071721542955
2017-11-30,validation,0.05150889340682275,0.060604854240253844,-0.4,0.002295246432660991
2017-12-01,validation,0.05123191018009425,0.06077358223599667,-0.6,-0.004282948956102706
2017-12-04,validation,0.05114188271142118,0.06097956741763565,-0.1,0.0010323043576930813
2017-12-05,validation,0.05105190903866605,0.0611854295128201,-0.5,-0.003586329183021819
2017-12-06,validation,0.05084998194516585,0.06142850435466215,0.6,0.0024065541381319555
2017-12-07,validation,0.05080552413757211,0.06157995223361877,-0.8,-0.020509418662354673
2017-12-08,validation,0.05069085582190915,0.06166107264588734,-0.8,-0.014455849356912354
2017-12-11,validation,0.05064647203452981,0.06181236073252849,-0.7,-0.01629241955215055
2017-12-12,validation,0.05060211472912384,0.061963558551814846,-0.5,-0.015918209526721072
2017-12-13,validation,0.05082247606806849,0.06188229106766892,-0.5,-0.014987180940577605
2017-12-14,validation,0.05104270600490285,0.06180107204356125,-0.5,-0.007388960921919985
2017-12-15,validation,0.051200054637515716,0.061657151416550066,-0.5,-0.024137507243551237
2017-12-18,validation,0.05131026100728372,0.061466268067373195,-0.5,-0.024937526748346817
2017-12-19,validation,0.051420401719399204,0.061275498440775504,-0.5,-0.02635208016210644
2017-12-20,validation,0.05153047683251997,0.06108484243515853,0.2,-0.010997617473162968
2017-12-21,validation,0.05181284346638942,0.06106665701020016,-0.2,-0.01667795707836861
2017-12-22,validation,0.052083370689680816,0.0609376047254924,0.1,-0.012518116919054023
2017-12-25,validation,0.052365404795396475,0.06091947392968,0.2,-0.011752481102529466
2017-12-26,validation,0.05264727112353586,0.06090135391958789,0.2,-0.006342939487829158
2017-12-27,validation,0.05291730890010498,0.0607724659108078,-0.1,-0.020108723323633115
2017-12-28,validation,0.05284911987004094,0.06070194181623405,0.2,-0.012215733951130403
2017-12-29,validation,0.052638392048385656,0.060711762933079144,0.7,0.03224587373098631
2018-01-01,validation,0.05232566525336237,0.06084227043072232,0.2,0.01361829459987085
2018-01-02,validation,0.0521244993296162,0.060787075221209186,0.1,0.011242229081908806
2018-01-03,validation,0.05194200987019529,0.06104738190908888,0.2,-0.0016905287752403408
2018-01-04,validation,0.05160648794012132,0.06110492259738665,0.2,0.003485825135321252
2018-01-05,validation,0.05127116513285451,0.061162429136908,-0.1,-0.02170569367670583
2018-01-08,validation,0.050976757646731374,0.061161735307265416,-0.5,-0.06532203058706099
2018-01-09,validation,0.05072751374345224,0.061206030853078644,-0.5,-0.030364642254225693
2018-01-10,validation,0.05047841762784181,0.06125030013411523,-0.9,-0.02003184430806415
2018-01-11,validation,0.05015544960653109,0.06141811302097298,-0.8,-0.05059481136008703
2018-01-12,validation,0.04990667060391863,0.06146229322920069,-0.1,-0.01580987982876264
2018-01-15,validation,0.04965803898223189,0.06150644726431925,-0.1,-0.010308097990958998
2018-01-16,validation,0.04940955461054319,0.061550575149579886,-0.6,-0.012788820987655103
2018-01-17,validation,0.04927028220492166,0.06170374175504805,0.0,-0.010018337364057328
2018-01-18,validation,0.04891302709422411,0.061934698109414085,-0.1,-0.009928829954143292
2018-01-19,validation,0.04875841252688076,0.06207208896484731,0.0,0.009688615553721303
2018-01-22,validation,0.04844822074559508,0.06234950035527474,0.0,0.003570358815968566
2018-01-23,validation,0.04813821240119957,0.06262674769402245,-0.3,-0.010311394855910372
2018-01-24,validation,0.047952848646892074,0.0627326968172518,-0.4,-0.010578127129329262
2018-01-25,validation,0.047643169909112264,0.06300966706050912,-0.3,-0.0050548913872994206
2018-01-26,validation,0.047629095117410904,0.06313876317068326,-0.3,-0.0025129267923208465
2018-01-29,validation,0.04738429916492495,0.06340622071257024,-0.3,0.004371148752047971
2018-01-30,validation,0.04710274194639383,0.06363661450627778,0.0,0.0062238583421670435
2018-01-31,validation,0.04685824585963279,0.06390376721746246,0.0,0.003366410650204321
2018-02-01,validation,0.046549346996882825,0.0641799832790684,-0.4,-0.011694776593747958
2018-02-02,validation,0.046209579296324826,0.06442498530232098,0.0,0.00665817556796694
2018-02-05,validation,0.04596313775592174,0.06446807033047997,-0.6,-0.07771966250063328
2018-02-06,validation,0.045716841523030696,0.06451112995473085,-0.1,-0.0033449428007839566
2018-02-07,validation,0.04556467380218862,0.06435342309789359,0.2,0.0254889050807236
2018-02-08,validation,0.04527211838237283,0.06434996940191523,0.6,0.05071188544972338
2018-02-09,validation,0.045121326398558675,0.06437028850763878,0.9,0.05459290291609342
2018-02-12,validation,0.045557484956590226,0.06391738671169238,0.7,0.04736506456961681
2018-02-13,validation,0.0459159189894958,0.06338728382915636,0.6,0.03728961336975828
2018-02-14,validation,0.04574751648553371,0.06350803042324028,0.3,0.014219284599936821
2018-02-15,validation,0.04587341724871134,0.06333450179132002,-0.3,-0.018440612063583828
2018-02-16,validation,0.04567610153775584,0.06342616811432258,0.6,0.01331164694889575
2018-02-19,validation,0.045478901860737976,0.06351778053181323,0.2,0.020762641741810584
2018-02-20,validation,0.04527533404022353,0.06360285501621617,-0.1,0.01633596800268655
2018-02-21,validation,0.04497969500179693,0.06369364142955486,-0.1,0.006381143707833603
2018-02-22,validation,0.04463598768834165,0.06378509453136758,-0.3,0.004882372819168257
2018-02-23,validation,0.044292482258770915,0.06387649391623354,-0.1,-0.029189358033054724
2018-02-26,validation,0.044048792661597384,0.0639206539926779,-0.3,-0.01904945469677144
2018-02-27,validation,0.04379990203603558,0.0641551196351923,-0.3,-0.03002936730822675
2018-02-28,validation,0.04347817918363435,0.06441427846776783,-0.7,-0.025712929185192634
2018-03-01,validation,0.043413659157990774,0.06434361702256307,-0.3,-0.0031222080441887234
2018-03-02,validation,0.043413659157990774,0.06434361702256307,-0.6,-0.005526422387335028
2018-03-05,validation,0.043142173351441084,0.06435924853042259,-0.3,-0.0077434215132290984
2018-03-06,validation,0.04357699411254406,0.06390834162363374,-0.6,-0.010160096016432196
2018-03-07,validation,0.044057836296659894,0.06350397532371937,-0.6,-0.00992556046633486
2018-03-08,validation,0.04391238104067466,0.06374348555097653,-0.5,-0.013105069506663403
2018-03-09,validation,0.04395810090563053,0.06395914358098502,-0.7,-0.04399102366242741
2018-03-12,validation,0.04395742991463815,0.06417223509579782,-0.9,-0.04904256529079776
2018-03-13,validation,0.04384698179893324,0.06434860934391574,-0.9,-0.035360524393106996
2018-03-14,validation,0.04370999338627847,0.06440072395705018,-0.9,-0.04273179976104596
2018-03-15,validation,0.04342071166057887,0.06452334413246252,-0.8,-0.03731745187614055
2018-03-16,validation,0.04330165431185207,0.06469059780085422,-0.9,-0.0428575247903728
2018-03-19,validation,0.043059251990207,0.06488053789339364,-0.9,-0.04679620628990455
2018-03-20,validation,0.04283961077847839,0.06501990829057964,-0.7,-0.02696742961452625
2018-03-21,validation,0.042618358491785184,0.06508440109520375,-0.9,-0.04287703703578227
2018-03-22,validation,0.04290377756413267,0.06468159364814231,-0.5,-0.00569235364451115
2018-03-23,validation,0.04255051516803723,0.06490608305809711,-0.3,-0.010394735179302117
2018-03-26,validation,0.04248942985947235,0.06483847057642564,0.2,-0.0017122244448934953
2018-03-27,validation,0.04242838021074902,0.06477089756497115,0.2,0.0017299400962556
2018-03-28,validation,0.04243545295263869,0.06453801042435303,0.2,0.003022930904986343
2018-03-29,validation,0.042477770498451806,0.06439155826261897,0.1,0.0016979187101051063
2018-03-30,validation,0.04244108017945741,0.0641054520436253,0.2,0.0009967635537831976
2018-04-02,validation,0.042477297551611115,0.06389239894779139,-0.1,-0.0024596187479155596
2018-04-03,validation,0.042440628757998484,0.06360660499103989,0.4,0.021744024742465007
2018-04-04,validation,0.042334080695064245,0.06336438955611336,0.4,0.011926836957241838
2018-04-05,validation,0.04233455315741815,0.06310905859114309,0.3,0.003721466381475247
2018-04-06,validation,0.04245355311053389,0.06273666624021096,0.4,0.02516279999602894
2018-04-09,validation,0.04244119399754684,0.06242728147565777,0.5,0.029459578297773792
2018-04-10,validation,0.0425379806116337,0.06208169728430862,0.4,0.020363512259152505
2018-04-11,validation,0.04263471090531667,0.061736314189375745,0.1,0.007906948811773007
2018-04-12,validation,0.04254959318835759,0.061500207059012345,0.8,0.02536480632759819
2018-04-13,validation,0.042391829421800926,0.061336932791184774,0.5,0.03126871000038106
2018-04-16,validation,0.04229774749464343,0.06116466914793152,0.8,0.03378482919326192
2018-04-17,validation,0.04217243896910331,0.06103387764603184,0.2,0.02932734604582371
2018-04-18,validation,0.042078475448194215,0.060861802144100974,0.6,0.034515101179417806
2018-04-19,validation,0.04188472625404719,0.0608078196282299,0.8,0.03315146706285932
2018-04-20,validation,0.041816838937504444,0.06076670002880008,0.4,0.03132506838881194
2018-04-23,validation,0.04202240734419893,0.060676491988153114,0.4,0.02954689809509936
2018-04-24,validation,0.04208276067927026,0.06058633630272416,0.2,0.0040249241315601925
2018-04-25,validation,0.04224461656535112,0.06051073829393312,0.2,0.007686952064191788
2018-04-26,validation,0.04255864074848182,0.06023941847424231,0.5,0.024881205175639298
2018-04-27,validation,0.04261878611213839,0.06014946793249854,0.5,0.028796681507456456
2018-04-30,validation,0.04263058743017351,0.060107878714740326,0.8,0.03382862992138924
2018-05-01,validation,0.042799739281504566,0.06011593557049152,1.0,0.027523874933898074
2018-05-02,validation,0.042968793130604255,0.06012398775830774,0.7,0.02897290613477088
2018-05-03,validation,0.043216992147942626,0.06001969468337049,0.9,0.04914348996811363
2018-05-04,validation,0.043493999388200894,0.060147077516409464,1.0,0.05191478506400338
2018-05-07,validation,0.043589949026583474,0.06031056606126724,0.9,0.05467225276593485
2018-05-08,validation,0.04385396928324359,0.06034716982884592,0.5,0.03451876845149904
2018-05-09,validation,0.043960394141964766,0.06049987105079813,0.5,0.03112921020464493
2018-05-10,validation,0.044092273727233136,0.06077155992556656,0.5,0.025703525972587016
2018-05-11,validation,0.04418793944746233,0.06093467887326081,0.5,0.025845492060415753
2018-05-14,validation,0.0443196770372174,0.06120608503543617,0.5,0.023060749990114315
2018-05-15,validation,0.04409017120738867,0.06126063398515144,0.5,0.02712615163316845
2018-05-16,validation,0.044036171405521386,0.06149052486416869,0.5,0.02055973353749685
2018-05-17,validation,0.04416783869648139,0.06176153539698297,0.5,0.02472929556873249
2018-05-18,validation,0.04407577948359982,0.06186425505119354,0.5,0.037093805019385695
2018-05-21,validation,0.04398377340734906,0.06196691541556041,0.7,0.06993311947178527
2018-05-22,validation,0.04399031780817402,0.06204520924646571,0.7,0.09291828882298109
2018-05-23,validation,0.04399685843374613,0.06212345791219599,0.7,0.08638686902435722
2018-05-24,validation,0.044070677102017834,0.06222088482744623,0.7,0.09074692284934344
2018-05-25,validation,0.04416607327466066,0.062383115762924046,0.7,0.08377563608009236
2018-05-28,validation,0.04432145288851043,0.06253324550862156,0.7,0.07351994337512274
2018-05-29,validation,0.044503661538432396,0.06273639835280714,0.7,0.08887022654180088
2018-05-30,validation,0.04475006025342709,0.06277593280028618,0.7,0.06361124071353685
2018-05-31,validation,0.04495821651816171,0.06295272282158401,0.7,0.09451619406445722
2018-06-01,validation,0.04514008452629341,0.06315557948389121,0.7,0.06430962950746072
2018-06-04,validation,0.045348008751660444,0.0633321585046923,0.6,0.08662119439914195
2018-06-05,validation,0.04551305466946711,0.06330023928543921,0.6,0.07403268182577732
2018-06-06,validation,0.0456780056514568,0.06326833842639276,0.5,0.07015325585912141
2018-06-07,validation,0.0458428617795178,0.0632364559117161,0.6,0.08631768539710888
2018-06-08,validation,0.046007623135444244,0.06320459172559055,0.6,0.08915462225629767
2018-06-11,validation,0.04617228980093625,0.06317274585221566,0.6,0.08013460714410275
2018-06-12,validation,0.04633686185760005,0.06314091827580909,0.7,0.08194932259089965
2018-06-13,validation,0.04650133938694813,0.06310910898060666,0.7,0.09128064170244038
2018-06-14,validation,0.04666572247039937,0.06307731795086229,0.7,0.08658365477186886
2018-06-15,validation,0.04683001118927917,0.06304554517084796,0.6,0.08100482944193427
2018-06-18,validation,0.04701743442853619,0.06308484343622218,0.6,0.07649162504685003
2018-06-19,validation,0.047270525505663095,0.06315077701324256,0.6,0.07105130432579382
2018-06-20,validation,0.047523471420141815,0.06321667277347086,0.6,0.0725312460361241
2018-06-21,validation,0.047776272296825524,0.06328253074943296,0.6,0.07624752109986066
2018-06-22,validation,0.0479988001133572,0.06333683419511878,0.6,0.06808319141172903
2018-06-25,validation,0.04822120040678484,0.06339110652135149,0.9,0.08172138740906643
2018-06-26,validation,0.048443473286695765,0.06344534775487366,0.6,0.053286314148696556
2018-06-27,validation,0.04864437721759877,0.0634987711948064,0.7,0.05286198567835931
2018-06-28,validation,0.04886640167994009,0.06355295054824253,0.6,0.03694282093990875
2018-06-29,validation,0.049088299053293226,0.06360709888888336,0.6,0.06116132449056544
2018-07-02,validation,0.04936037679319214,0.06358889943283504,0.1,0.009346388508624348
2018-07-03,validation,0.04963229888221011,0.0634562939124023,0.5,0.02772482365902873
2018-07-04,validation,0.04989149581019459,0.06338472700341585,0.6,0.032139665976120724
2018-07-05,validation,0.05016311059126658,0.0633666067269712,0.5,0.05316396215790764
2018-07-06,validation,0.0504345701195343,0.06334849680792948,0.8,0.05997260000740817
2018-07-09,validation,0.05070587452807157,0.06333039723741293,0.8,0.10134330284945259
2018-07-10,validation,0.050960222027660304,0.06329550608441402,0.8,0.07067049999737385
2018-07-11,validation,0.05121442426882552,0.0632606348578303,0.8,0.07041063218764143
2018-07-12,validation,0.051605471430489845,0.0630773039976308,0.8,0.0562186334411941
2018-07-13,validation,0.051605471430489845,0.0630773039976308,0.6,0.03302308147003524
2018-07-16,validation,0.05153066213048414,0.0632846089006596,0.6,0.04337406020620821
2018-07-17,validation,0.051906379788259065,0.06308635966919908,0.6,0.035951367635470466
2018-07-18,validation,0.05228188311764963,0.06288822352914272,0.6,0.038773363784038506
2018-07-19,validation,0.0526571723019992,0.06269020038374848,0.6,0.04374816203995319
2018-07-20,validation,0.05303224752444206,0.062492290136384694,0.6,0.05967233856756232
2018-07-23,validation,0.05303224752444206,0.062492290136384694,0.6,0.05369160853191063
2018-07-24,validation,0.05303224752444206,0.062492290136384694,0.6,0.050643437815742376
2018-07-25,validation,0.05303224752444206,0.062492290136384694,0.6,0.05104839650488496
2018-07-26,validation,0.05303224752444206,0.062492290136384694,0.6,0.052931378480347346
2018-07-27,validation,0.05325711871727007,0.06242948391610014,0.7,0.054329804508360446
2018-07-30,validation,0.053556835537548544,0.0621567869571197,0.7,0.05914365032539881
2018-07-31,validation,0.05376643874138591,0.06207912159034482,0.9,0.06169312870717236
2018-08-01,validation,0.0539909087938963,0.06201648666482306,1.0,0.0672383703508539
2018-08-02,validation,0.0542002691057143,0.06193890545148566,0.9,0.03792677043172937
2018-08-03,validation,0.0544544433094556,0.061906301443404026,0.7,0.030184390430126717
2018-08-06,validation,0.05470847289060586,0.06187371598667834,0.7,0.012744698848859648
2018-08-07,validation,0.05496235797256321,0.06184114906547981,0.7,0.028128630512293917
2018-08-08,validation,0.0552160986785854,0.06180860066399762,0.7,0.02118882649005005
2018-08-09,validation,0.05546969513179008,0.061776070766438956,0.6,0.0311200226314029
2018-08-10,validation,0.05569323465097908,0.06171364655285312,0.6,0.03377297073123864
2018-08-13,validation,0.05600885210325627,0.06160141729720364,0.6,0.03614537123671174
2018-08-14,validation,0.05632429027836658,0.06148925179006631,0.6,0.03370422822853092
2018-08-15,validation,0.05663954932901629,0.06137714997714087,0.6,0.02310382162593899
2018-08-16,validation,0.05695462940773831,0.06126511180418871,0.5,0.01275225585782147
2018-08-17,validation,0.057269530666892374,0.06115313721703277,0.5,0.013173543691402778
2018-08-20,validation,0.057584253258665355,0.06104122616155749,0.7,0.016181042804368162
2018-08-21,validation,0.057898797335071486,0.06092937858370868,0.7,0.021407058276051327
2018-08-22,validation,0.05821316304795257,0.06081759442949348,0.7,0.007962931999067613
2018-08-23,validation,0.05852735054897828,0.0607058736449802,0.7,0.01049280708446021
2018-08-24,validation,0.05869967679327347,0.06073589937267124,-0.1,7.404524228660225e-05
2018-08-27,validation,0.058871905402302756,0.06076590808861855,0.4,0.006869502739395683
2018-08-28,validation,0.05899683547723838,0.060890301770836444,0.5,0.007719391473686388
2018-08-29,validation,0.05909515177523463,0.06105886340680167,-0.5,-0.007188198440367721
2018-08-30,validation,0.059063528019015384,0.06130972940104051,-0.3,0.0012405170873103222
2018-08-31,validation,0.05899965416652934,0.0615281854293179,-0.3,-0.011202629575390921
2018-09-03,validation,0.05893581645200792,0.06174651786153968,-0.4,-0.011748517255836588
2018-09-04,validation,0.0589014737437353,0.06199418570151097,-0.7,-0.01573252302204531
2018-09-05,validation,0.05886715045457959,0.062241713497467564,-0.3,-0.010283201190697255
2018-09-06,validation,0.059180265071937445,0.06212990596585909,-0.6,-0.04388723898283897
2018-09-07,validation,0.05949320273839541,0.0620181616201967,-0.6,-0.04758654837777898
2018-09-10,validation,0.05980596360391187,0.06190648040693299,-0.6,-0.019689379383085293
2018-09-11,validation,0.06011854781827582,0.06179486227258104,-0.7,-0.028530580223092017
2018-09-12,validation,0.0604309555311071,0.06168330716371432,-0.9,-0.06945654456156719
2018-09-13,validation,0.060570702807433506,0.06168157762614498,-0.5,-0.027672033212467806
2018-09-14,validation,0.060776375206249275,0.06160476952980874,-0.5,-0.022342478134689925
2018-09-17,validation,0.0611600920627719,0.06142407781247423,-0.5,-0.018003814010932095
2018-09-18,validation,0.06154359249692762,0.061243488008121856,0.6,0.02490571828728172
2018-09-19,validation,0.06192687669176326,0.06106300003055513,0.6,0.03427368971541345
2018-09-20,validation,0.06217469224810387,0.06102921014063339,0.6,0.036083442749304806
2018-09-21,validation,0.06154914436726695,0.06153106307188649,0.6,0.03477543979118902
2018-09-24,validation,0.06144285179880175,0.061706465737589006,-0.1,-0.0030353827496369945
2018-09-25,validation,0.06194430558966603,0.06136301285035169,-0.3,-0.044766229546192415
2018-09-26,validation,0.061556430088744334,0.06153836406472822,-0.9,-0.076204512470876
2018-09-27,validation,0.06105026669573789,0.06187656263795426,-0.1,-0.007822241728507096
2018-09-28,validation,0.06054438814425818,0.062214570891217874,-0.5,-0.012028377277233937
2018-10-01,validation,0.06030857318900585,0.06225958007583982,0.1,0.003889585287101982
2018-10-02,validation,0.06018225219292095,0.06213271042764951,0.3,0.011769792172771687
2018-10-03,validation,0.059677044333079486,0.062470361589951784,0.6,0.012942442569139123
2018-10-04,validation,0.059677044333079486,0.062470361589951784,0.7,0.029650254673425636
2018-10-05,validation,0.059423592307365325,0.06249718125697038,-0.7,-0.0050790232194100615
2018-10-08,validation,0.05917028271043775,0.06252398585252675,-0.5,-0.037660438811703834
2018-10-09,validation,0.05919801429867698,0.062269876512917086,-0.5,-0.028286702529681462
2018-10-10,validation,0.05919617031233851,0.06198634989186526,0.6,0.04106997431645121
2018-10-11,validation,0.058957913755762745,0.06202805117370064,0.6,0.007167420307533701
2018-10-12,validation,0.0587197909384834,0.06206972904757539,-0.3,0.003462327132801868
2018-10-15,validation,0.05848180174792532,0.06211138353319321,-0.8,-0.03839908622917665
2018-10-16,validation,0.05842110706669389,0.0623301756452899,-0.9,-0.0817104015195333
2018-10-17,validation,0.058360446426225926,0.06254884504728446,-0.9,-0.07660726527648487
2018-10-18,validation,0.05829981979789166,0.06276739184238135,-0.7,-0.08202035158903026
2018-10-19,validation,0.058239227153093445,0.06298581613366934,-0.7,-0.05165366338083782
2018-10-22,validation,0.057942718543636154,0.06310826336927212,-1.0,-0.05399995296794252
2018-10-23,validation,0.057663883048245775,0.06338820503219389,-1.0,-0.06791676980943245
2018-10-24,validation,0.05738520371947282,0.06338795630493761,-0.6,-0.022237594987976728
2018-10-25,validation,0.05708918322571036,0.0635101881200818,-0.7,-0.026004855591425513
2018-10-26,validation,0.05681082073390356,0.06350990539180862,-0.4,-0.011847316853809409
2018-10-29,validation,0.05663753846733,0.06361454727614219,-0.5,-0.007922246605829797
2018-10-30,validation,0.05649931817684963,0.06375409565452649,-0.5,-0.01214108295326416
2018-10-31,validation,0.056326219933511584,0.06399843175753138,0.5,0.0011158421530149676
2018-11-01,validation,0.056083327504120054,0.06431252221552479,0.0,0.0030781286955911535
2018-11-02,validation,0.05580460760526808,0.064310988120275,0.6,0.02745346639212015
2018-11-05,validation,0.055568430379278756,0.06435184180221666,0.7,0.007040683354384014
2018-11-06,validation,0.05533238509587378,0.06439267266087231,-0.6,-0.02048834394751481
2018-11-07,validation,0.05531693343848872,0.0645422418670547,-0.6,-0.030565832461367903
2018-11-08,validation,0.055152597797290565,0.06476617386727794,-0.1,-0.008145160860087042
2018-11-09,validation,0.05511859856076699,0.06467367237675771,0.2,0.013485549185671797
2018-11-12,validation,0.054991612344650706,0.06448821655299188,0.1,0.0215766611000609
2018-11-13,validation,0.054920484977190556,0.06424707618575255,0.1,0.022311281071851152
2018-11-14,validation,0.05484939727920472,0.06400607030840014,0.3,0.010002097494556605
2018-11-15,validation,0.054850505205642566,0.06372584099674788,0.3,0.01390020099853323
2018-11-16,validation,0.05485161251450715,0.06344576788872532,0.3,0.02037419616064584
2018-11-19,validation,0.05483632925663184,0.06314946090408093,0.1,0.019079692488846833
2018-11-20,validation,0.05482105451310631,0.06285331899296558,0.1,0.01317809159267419
2018-11-21,validation,0.054691122527476835,0.06272115023081706,0.1,0.019193058995013557
2018-11-22,validation,0.054675896713855594,0.06242529244957241,0.1,0.019406586598396558
2018-11-23,validation,0.054730259113879576,0.06219917909236406,0.0,-0.0044983484667827645
2018-11-26,validation,0.054622283712530875,0.061996378356204064,0.0,-0.02196941325320001
2018-11-27,validation,0.05467083569666277,0.061799485529586674,0.0,-0.014046603188659579
2018-11-28,validation,0.0548410236363096,0.06182864770454136,0.1,0.008829395846847221
2018-11-29,validation,0.055086411174915015,0.061655078439124475,-0.2,0.0056499893407575
2018-11-30,validation,0.055145216137530845,0.061897345880729315,-0.2,0.00611608943378894
2018-12-03,validation,0.05507779596077688,0.0621406364209125,0.0,0.03310267811895534
2018-12-04,validation,0.055166663239676665,0.06188031957746224,0.0,0.045450835087894326
2018-12-05,validation,0.055262423677544005,0.06158543473448044,0.4,0.043076745017003926
2018-12-06,validation,0.055478434479780486,0.061383254806273574,0.3,0.0606725466882958
2018-12-07,validation,0.055701334125660605,0.0612512746039567,0.1,0.02735695818489914
2018-12-10,validation,0.05585236039255138,0.06112329145340066,0.4,0.028115882653812596
2018-12-11,validation,0.05600330287233153,0.060995379305979466,0.6,0.026865119573400043
2018-12-12,validation,0.05620962475173465,0.06092300121964947,0.4,0.026462187847862306
2018-12-13,validation,0.056415832230317486,0.06085066326533296,0.7,0.0322903801944866
2018-12-14,validation,0.05662192540320265,0.06077836540966075,0.6,0.020199776762671096
2018-12-17,validation,0.05677248735238437,0.06065069060627763,0.4,0.006763525610090804
2018-12-18,validation,0.056830629784327374,0.06061542264027405,0.8,0.010655976349431717
2018-12-19,validation,0.057005282060764835,0.060546711639819804,0.5,0.012610150259297126
2018-12-20,validation,0.05717983763051546,0.06047803868532373,-0.1,0.006781216242066623
2018-12-21,validation,0.057371595217664495,0.06039210510140861,-0.1,-0.004274933554367422
2018-12-24,validation,0.05756324668550687,0.06030621907343368,-0.1,-0.011390556400840468
2018-12-25,validation,0.05775479212210839,0.06022038056193342,-0.1,-0.00917183751938938
2018-12-26,validation,0.05788773093470226,0.060054815871938,0.0,-0.014713492895215952
2018-12-27,validation,0.058019736963018216,0.05985948287156846,-0.1,-0.02306367546997401
2018-12-28,validation,0.05815860369145286,0.05960298996084336,-0.1,-0.017899098713660577
2018-12-31,validation,0.05834977290844887,0.05951744064059997,-0.5,-0.028793099696370672
2019-01-01,validation,0.058436896555086694,0.05957354804998827,-0.8,-0.03255397885837874
2019-01-02,validation,0.05839565215092647,0.059808156545166656,-0.3,-0.0262393922998595
2019-01-03,validation,0.058630521078850265,0.05976654493626156,-0.1,-0.016515298952382407
2019-01-04,validation,0.05868682683141649,0.059853205391354324,-0.2,-0.011548187942830523
2019-01-07,validation,0.058890825995640654,0.05984226411508795,-0.2,-0.010574531573392831
2019-01-08,validation,0.05892055726203266,0.0600096639502746,-0.2,-0.008547330907489492
2019-01-09,validation,0.059088165124527046,0.06003907845736682,-0.2,-0.012035152070658417
2019-01-10,validation,0.059122003011677214,0.06024810595660157,-0.2,-0.008698901891730615
2019-01-11,validation,0.05920593751019559,0.060406902960572634,-0.2,-0.00026614413038683615
2019-01-14,validation,0.05916457211244985,0.060640764632143414,-0.3,-0.021843445412317086
2019-01-15,validation,0.05906792438826828,0.06088806286043575,-0.2,-0.007151711342075595
2019-01-16,validation,0.05886805256478854,0.06110079909576291,-0.7,-0.035266236026273434
2019-01-17,validation,0.058622402403472974,0.06112986458793551,-0.3,-0.01891402732812575
2019-01-18,validation,0.05837688747483636,0.06115891407928667,0.1,-0.005423437520788332
2019-01-21,validation,0.05813150766723918,0.06118794758302562,-0.1,0.011449565137729434
2019-01-22,validation,0.05788626286916474,0.061216965112347116,-0.5,-0.009472147572458844
2019-01-23,validation,0.05788626286916474,0.061216965112347116,-0.4,0.00435752311222426
2019-01-24,validation,0.05788626286916474,0.061216965112347116,-0.5,-0.01575181823354832
2019-01-25,validation,0.05788626286916474,0.061216965112347116,-0.5,-0.029408142415526584
2019-01-28,validation,0.05788626286916474,0.061216965112347116,-0.5,-0.059705277467925755
2019-01-29,validation,0.05788626286916474,0.061216965112347116,-0.4,-0.01888062812596658
2019-01-30,validation,0.05788626286916474,0.061216965112347116,-0.5,-0.06971469646902667
2019-01-31,validation,0.05788626286916474,0.061216965112347116,-0.5,-0.07118019251645524
2019-02-01,validation,0.057711993386594135,0.06113345542930625,-0.4,-0.028138235527574995
2019-02-04,validation,0.05753781973546843,0.06104999166855466,-0.5,-0.0886625337485093
2019-02-05,validation,0.057363741836762266,0.06096657379222349,-0.5,-0.09532009582367063
2019-02-06,validation,0.057189759611537105,0.06088320176248552,-0.5,-0.10222298111643174
2019-02-07,validation,0.0570158729809412,0.060799875541555096,-0.7,-0.10475994555610862
2019-02-08,validation,0.056842081866209385,0.06071659509168809,-0.7,-0.07528601257268025
2019-02-11,validation,0.05634958208940286,0.06104675470169499,-0.9,-0.13390161058725475
2019-02-12,validation,0.0561760692818687,0.06096345220454267,-0.9,-0.13874023282238662
2019-02-13,validation,0.05614255936550867,0.06073261158093555,-0.7,-0.05559857287854786
2019-02-14,validation,0.056121614350538154,0.060497025185994334,-0.7,-0.05865787170815362
2019-02-15,validation,0.05594165779147328,0.06050785979236131,-0.7,-0.07017573624031459
2019-02-18,validation,0.056035997890790126,0.060326749877419615,-0.7,-0.028737668703907093
2019-02-19,validation,0.05606632428025719,0.06008177726689035,-0.7,-0.03266925539941379
2019-02-20,validation,0.056075872859766326,0.05981617773651003,-0.7,-0.030667796859247864
2019-02-21,validation,0.056106171707384654,0.05957147924032652,-0.7,-0.03777213672589452
2019-02-22,validation,0.05620036338864804,0.059281265195067594,-0.7,-0.022166715041255558
2019-02-25,validation,0.05623061155493446,0.059036847177945904,-1.0,-0.02080085530949305
2019-02-26,validation,0.05624010470559259,0.05877182452361553,-0.9,-0.02293764588955577
2019-02-27,validation,0.0562703254395721,0.05852767970756272,-0.9,-0.014048490464937224
2019-02-28,validation,0.056300529636898244,0.0582836684864845,-0.7,-0.020596948840131357
2019-03-01,validation,0.05630999587357007,0.058019069313186525,0.0,0.004651944804963892
2019-03-04,validation,0.05634017270452252,0.05777533061954515,0.0,-0.01506623957312958
2019-03-05,validation,0.056434120169611496,0.05748616295125113,0.0,-0.014689184591149429
2019-03-06,validation,0.056528016283257404,0.05719715334126172,0.4,0.022876532980156683
2019-03-07,validation,0.05651257147006526,0.056908301660020935,-0.9,-0.038801363116808485
2019-03-08,validation,0.05649713509435642,0.056619607778114346,0.1,0.01758177348627643
2019-03-11,validation,0.05648170714921869,0.056331071566268875,-0.1,0.007056268891268314
2019-03-12,validation,0.056466287627747434,0.05604269289535262,-0.3,-0.0084004791781368
2019-03-13,validation,0.056450876523045534,0.055754471636374626,0.2,-0.001027358910629661
2019-03-14,validation,0.05643547382822343,0.05546640766048475,-0.1,0.0004838603753647419
2019-03-15,validation,0.056420079536399034,0.05517850083897344,-0.1,0.009828166789093817
2019-03-18,validation,0.056404693640697806,0.05489075104327151,0.2,0.020775564537689084
2019-03-19,validation,0.05638931613425269,0.05460315814495001,-0.2,0.014485014408552765
2019-03-20,validation,0.0563739470102041,0.054315722015719985,-0.1,0.016264465524573224
2019-03-21,validation,0.05635858626169996,0.05402844252743232,-0.1,0.008332339993713078
2019-03-22,validation,0.056343233881895625,0.05374131955207753,-0.1,0.028532314001052383
2019-03-25,validation,0.0561463357608312,0.053499741487566255,0.7,0.05040840877901459
2019-03-26,validation,0.055952294924368776,0.0533669227628641,-0.1,0.030219421688879367
2019-03-27,validation,0.05583499707599524,0.05304619142841585,0.7,0.05024931672184313
2019-03-28,validation,0.05551368143053238,0.052793661852516965,0.5,0.03252814070069432
2019-03-29,validation,0.05577061459662854,0.052779300138193645,0.6,0.025509786122090372
2019-04-01,validation,0.05602740801120656,0.05276494623551804,0.3,0.025053425608436597
2019-04-02,validation,0.056284061788256255,0.0527506001381185,0.3,0.02645951039058131
2019-04-03,validation,0.056483352253714876,0.052793485627558936,0.3,0.023092744473287075
2019-04-04,validation,0.05613905614826836,0.05229286954879859,0.1,0.023794728011059862
2019-04-05,validation,0.056381172248486884,0.05229296156439179,0.1,0.022046568181658288
2019-04-08,validation,0.05660350218541016,0.05197321877200602,0.2,0.024212902531917102
2019-04-09,validation,0.05680874152774375,0.05163667974980347,0.2,0.01640296859871765
2019-04-10,validation,0.05699238012486795,0.05133312292395752,0.2,0.01256953517915177
2019-04-11,validation,0.05721436319674723,0.051013900909595525,0.2,0.005141525771091837
2019-04-12,validation,0.05743622582203297,0.05069485210305467,-0.3,0.004856772320370462
2019-04-15,validation,0.057670598591663826,0.050479014595238354,-0.4,-0.02051083322545838
2019-04-16,validation,0.057931427562527595,0.05010911098764852,-0.4,-0.020598158212264794
2019-04-17,validation,0.05815291538373591,0.049790566907684394,-0.4,-0.013873471173123653
2019-04-18,validation,0.05837428315734465,0.04947219548033814,-0.4,-0.0051807747117782466
2019-04-19,validation,0.058595530980927055,0.0491539965652798,-0.3,-0.009807016959437476
2019-04-22,validation,0.05885051594003298,0.049140682915072516,-0.2,0.03469117568406088
2019-04-23,validation,0.05904245372820973,0.04894411958994857,-0.2,0.025146401975913224
2019-04-24,validation,0.05929717964761195,0.04893086996363835,-0.2,0.028233481522627224
2019-04-25,validation,0.05960251193999419,0.048697735763377555,-0.1,0.007557121074522055
2019-04-26,validation,0.05972166710451259,0.04881984135435067,-0.1,-0.00033255588286540405
2019-04-29,validation,0.05964813643661275,0.049044339065314566,0.1,-0.013755678154823536
2019-04-30,validation,0.05957792331156228,0.04924740982273335,0.2,-0.012651631094827753
2019-05-01,validation,0.059507748149812745,0.04945037078250012,-0.7,-0.03792018864473912
2019-05-02,validation,0.05934970483267697,0.04963902601944397,-0.2,-0.01791947630966867
2019-05-03,validation,0.05919174692127865,0.049827579308137644,-0.3,-0.04787513784927466
2019-05-06,validation,0.05919264056068403,0.05006736116137694,-0.9,-0.08793062637055021
2019-05-07,validation,0.059193533717432426,0.05030701350780919,-0.5,-0.03744656492052739
2019-05-08,validation,0.059194426391914766,0.05054653645232652,-0.5,-0.03849096757038556
2019-05-09,validation,0.05919531858452153,0.050785930099707804,-0.5,-0.035393977447738145
2019-05-10,validation,0.05899383576785005,0.050822820026826074,0.1,-0.010032423272746394
2019-05-13,validation,0.05877560166054823,0.050876550045702025,0.7,0.026054678539326914
2019-05-14,validation,0.058529392850319745,0.05092463260142505,0.3,-0.0032188711718151852
2019-05-15,validation,0.05828331680299783,0.05097268922964431,0.3,-0.005229615154019318
2019-05-16,validation,0.05806545067987033,0.051026335405054114,0.2,-0.013142406298155496
2019-05-17,validation,0.05785892985421332,0.05115854783600577,0.0,-0.02216083833419119
2019-05-20,validation,0.057645785386759775,0.05143212222146663,0.6,0.011241327028667647
2019-05-21,validation,0.05743275572914596,0.05170554924663366,0.3,-0.003945005153523751
2019-05-22,validation,0.057219840788633715,0.05197882903053781,0.3,-0.012379416137309529
2019-05-23,validation,0.05706087627339227,0.05219812589127432,-0.6,-0.01626815543655069
2019-05-24,validation,0.056901997314940514,0.05241730472356048,-0.3,0.004278083337664995
2019-05-27,validation,0.0566512838370511,0.05270586611588667,-0.1,0.023488878930196577
2019-05-28,validation,0.05636181123700422,0.05304503223317559,0.8,0.04368113198756729
2019-05-29,validation,0.05607776665210586,0.05303076898170122,0.7,0.042043239693781875
2019-05-30,validation,0.055888911164708885,0.05316042563932806,0.3,0.026363524252942083
2019-05-31,validation,0.05558834978035932,0.053398087443778657,0.9,0.0266840061100746
2019-06-03,validation,0.05530474194860748,0.0533837408324289,-0.3,-0.016122948178379337
2019-06-04,validation,0.05497092386052029,0.053587639908219284,-0.2,-0.019068035769144176
2019-06-05,validation,0.054637285051750015,0.053791429478598385,0.1,-0.009249454791964928
2019-06-06,validation,0.05430382537791061,0.05399510963175849,-0.6,-0.02520802586158255
2019-06-07,validation,0.05405441479675712,0.05428255055778325,-0.8,-0.040737602178976484
2019-06-10,validation,0.05391890773827749,0.05459416948022812,-0.2,-0.008735433280119942
2019-06-11,validation,0.05366776185605786,0.054879323152262266,0.9,0.028428041161653872
2019-06-12,validation,0.05343548302477439,0.05518305623803532,0.9,0.030071805993112655
2019-06-13,validation,0.05314780384885964,0.05552046707823855,0.7,0.01791861927105254
2019-06-14,validation,0.05290232196682049,0.05572105702772909,0.5,0.012689649803630854
2019-06-17,validation,0.05290232196682049,0.05572105702772909,0.6,0.008627832867124652
2019-06-18,validation,0.05261493982183011,0.056058142888706676,0.6,0.0032305596957019622
2019-06-19,validation,0.052262469199124875,0.056508393079538304,0.6,0.014706643279160825
2019-06-20,validation,0.05178333032005088,0.056831545061771106,0.9,0.05313580766741233
2019-06-21,validation,0.05178333032005088,0.056831545061771106,0.9,0.030297882226936856
2019-06-24,validation,0.05178333032005088,0.056831545061771106,0.6,0.03603949133661716
2019-06-25,validation,0.05178333032005088,0.056831545061771106,0.1,0.0025245002171085384
2019-06-26,validation,0.05178333032005088,0.056831545061771106,0.3,0.005336807435472546
2019-06-27,validation,0.0514312710897813,0.05728134708592142,0.1,0.0066623235945307835
2019-06-28,validation,0.0514312710897813,0.05728134708592142,0.1,0.002871204906461089
2019-07-01,validation,0.0514312710897813,0.05728134708592142,0.7,0.031468111865446846
2019-07-02,validation,0.0514312710897813,0.05728134708592142,0.4,0.020241569086048405
2019-07-03,validation,0.0514312710897813,0.05728134708592142,0.9,0.020549404418435835
2019-07-04,validation,0.0514312710897813,0.05728134708592142,0.7,0.028383865226908833
2019-07-05,validation,0.0514312710897813,0.05728134708592142,0.7,0.04555509591826634
2019-07-08,validation,0.0514312710897813,0.05728134708592142,0.9,0.060925289332296184
2019-07-09,validation,0.0514312710897813,0.05728134708592142,1.0,0.08049952131372284
2019-07-10,validation,0.0514312710897813,0.05728134708592142,1.0,0.08724939617102628
2019-07-11,validation,0.0514312710897813,0.05728134708592142,0.9,0.09080797815883845
2019-07-12,validation,0.0514312710897813,0.05728134708592142,1.0,0.0922082932326741
2019-07-15,validation,0.0510794003280504,0.05773090831669691,1.0,0.08059796101009786
2019-07-16,validation,0.0510794003280504,0.05773090831669691,0.9,0.09312289267414248
2019-07-17,validation,0.0510794003280504,0.05773090831669691,1.0,0.06900551182213283
2019-07-18,validation,0.0510794003280504,0.05773090831669691,0.5,0.052469590726513915
2019-07-19,validation,0.0510794003280504,0.05773090831669691,1.0,0.07326536051177085
2019-07-22,validation,0.0510794003280504,0.05773090831669691,1.0,0.04388696424525074
2019-07-23,validation,0.051361493921191076,0.05747603335003328,0.5,0.0533906495183783
2019-07-24,validation,0.05181239831159823,0.057122733743803514,0.9,0.05479008758975906
2019-07-25,validation,0.052094144971021376,0.056868157767379586,0.9,0.06033173324345242
2019-07-26,validation,0.05237574096378173,0.05661371792784144,0.5,0.07197902375049181
2019-07-29,validation,0.052741599528501104,0.05644382723381608,0.9,0.07498024997920077
2019-07-30,validation,0.0529353558562,0.05636935741835482,1.0,0.07116483635761345
2019-07-31,validation,0.05276653867098032,0.05673395353755348,0.9,0.07584226415046041
2019-08-01,validation,0.052856314939735104,0.05682267013353407,0.5,0.038724514768605944
2019-08-02,validation,0.052946043263887084,0.05691133935082522,0.9,0.041173285001542936
2019-08-05,validation,0.053065384950148724,0.05702962249568618,0.4,0.011943551693171961
2019-08-06,validation,0.053065384950148724,0.05702962249568618,0.5,0.009517862497256613
2019-08-07,validation,0.053051222851149486,0.057281282591096994,-0.1,-0.009713468775886747
2019-08-08,validation,0.05288259996126896,0.05764514901291873,-0.2,-0.020300349430887432
2019-08-09,validation,0.0528684941730691,0.057896510669623744,-0.5,-0.033169595365346805
2019-08-12,validation,0.052854395907956285,0.058147738266778506,-0.7,-0.03543421182828349
2019-08-13,validation,0.052854395907956285,0.058147738266778506,-0.5,-0.036520740728868795
2019-08-14,validation,0.052854395907956285,0.058147738266778506,-0.5,-0.03548827539320648
2019-08-15,validation,0.052854395907956285,0.058147738266778506,-0.6,-0.03749579409223941
2019-08-16,validation,0.052854395907956285,0.058147738266778506,-0.6,-0.02898159702298414
2019-08-19,validation,0.05284030515991364,0.05839883191160208,-0.6,-0.013030835269045915
2019-08-20,validation,0.05267466876435386,0.05867592156612625,-0.6,-0.021571968992974033
2019-08-21,validation,0.05292708691816032,0.058660287161232526,-0.6,-0.01496783497702392
2019-08-22,validation,0.05317937059239629,0.058644661085803323,-0.3,-0.015227038774954016
2019-08-23,validation,0.0530137762324568,0.0589214638966157,-0.7,-0.03192667944050637
2019-08-26,validation,0.05326590249011589,0.0589057766059084,-0.7,-0.023003373085897838
2019-08-27,validation,0.05339263814681426,0.05903101109834917,-0.3,-0.01618512444501441
2019-08-28,validation,0.053644529408616595,0.05901530300598665,-0.9,-0.031022043911251462
2019-08-29,validation,0.053999742060779475,0.05883703048294406,-0.3,-0.012921712174581601
2019-08-30,validation,0.05425133787406119,0.05882138233653902,-0.1,-0.005198371935562385
2019-09-02,validation,0.05441417098461492,0.05885005696677836,-0.7,-0.024002747863612672
2019-09-03,validation,0.054311101472568686,0.05911795080242426,-0.7,-0.02573234084776671
2019-09-04,validation,0.05396318410284854,0.05938882867161017,-0.4,-0.005838750731008757
2019-09-05,validation,0.053636288839209297,0.059591841578914395,0.7,0.009107562660767954
2019-09-06,validation,0.05331477515157656,0.05971141982061153,0.1,-0.009309032789647065
2019-09-09,validation,0.05303508455806844,0.05974867116957047,0.1,-0.009331896232574355
2019-09-10,validation,0.052713901168194244,0.05986814429152404,0.2,0.01818607269821043
2019-09-11,validation,0.05252298275847161,0.05976379145775947,1.0,0.021543154979330237
2019-09-12,validation,0.05225412966839893,0.0598467803747534,0.8,0.013773038741166421
2019-09-13,validation,0.051975017167160624,0.05983090589720041,0.5,0.007767978704651957
2019-09-16,validation,0.051696052696949234,0.05981503983888771,0.8,0.006603137447198981
2019-09-17,validation,0.051652890670488984,0.059563527662660834,-0.5,-0.010365958599267977
2019-09-18,validation,0.0513741594511223,0.05954774088087905,0.5,0.00333208811703406
2019-09-19,validation,0.05111765684748748,0.05955404336960519,-0.1,0.0015456333679421674
2019-09-20,validation,0.051119698138232986,0.059288949193722316,-0.2,-0.005533298956280797
2019-09-23,validation,0.050873430241801285,0.059217071502696124,-0.3,-0.010888395223352054
2019-09-24,validation,0.050562105531649894,0.05930067831458315,-0.7,-0.018907570081856784
2019-09-25,validation,0.050482549654060786,0.05908646426526749,-0.1,-0.006660077330365943
2019-09-26,validation,0.050336880813189114,0.05907082878914542,-0.7,-0.009867007045079979
2019-09-27,validation,0.050059013913503085,0.05918747671803718,-0.3,-0.015473282799584542
2019-09-30,validation,0.05006133195515827,0.05892290016492788,-0.7,-0.013217050384855544
2019-10-01,validation,0.05006364877098498,0.058658463525384466,-0.6,-0.017299060183738002
2019-10-02,validation,0.04979644074494837,0.05874143750267299,-0.7,-0.046192074544803785
2019-10-03,validation,0.049824735222842954,0.05885545828515943,-0.7,-0.019969400705090123
2019-10-04,validation,0.04968642374444159,0.058978961675169604,-0.3,-0.014133457378539382
2019-10-07,validation,0.04968642374444159,0.058978961675169604,-0.3,-0.01565817296464117
2019-10-08,validation,0.04968642374444159,0.058978961675169604,-0.3,-0.037784488978887365
2019-10-09,validation,0.049813134082783234,0.05910321756609161,-0.6,-0.02866712357243495
2019-10-10,validation,0.050064041625935383,0.05908761069586027,-0.4,-0.03777744725572407
2019-10-11,validation,0.050314816694143956,0.059072012065792726,-0.7,-0.0398790102016065
2019-10-14,validation,0.05022456029842983,0.05930934680352499,-0.7,-0.06130698247100502
2019-10-15,validation,0.04994745619281019,0.05939923879645282,-0.7,-0.044533645767400376
2019-10-16,validation,0.04975842582539804,0.05960338917749657,-0.7,-0.04585874869732526
2019-10-17,validation,0.04967937560761708,0.05952174271410588,-0.7,-0.04212426434463834
2019-10-18,validation,0.04980908488551295,0.05931930267296499,-0.7,-0.02674892968639303
2019-10-21,validation,0.04988381452400737,0.05907523678753018,-0.7,-0.01980066762446553
2019-10-22,validation,0.04989262862646043,0.05881812429650141,-0.7,-0.02425597118781664
2019-10-23,validation,0.04981362635337653,0.05873677073372573,-0.7,-0.021950184505997172
2019-10-24,validation,0.04966882423950943,0.058589618568665486,-0.7,-0.024211182407900822
2019-10-25,validation,0.04974867477985463,0.05840382382351065,-0.7,-0.025722079547476018
2019-10-28,validation,0.04956807138129093,0.058292731381431186,-0.5,-0.04777003112764122
2019-10-29,validation,0.04951116750285726,0.05810195259247116,-0.5,-0.04601559221886525
2019-10-30,validation,0.049395829419092,0.05798435437056078,-0.5,-0.04537232485694759
2019-10-31,validation,0.049356824440575375,0.05779279360656808,-0.6,-0.06268814017185698
2019-11-01,validation,0.04923760350224223,0.05776697271937097,-0.8,-0.056775996229044
2019-11-04,validation,0.049118445245790426,0.057741165407824334,-0.8,-0.04741595223190742
2019-11-05,validation,0.049080897691192324,0.05763564867578549,-0.9,-0.0536751265357836
2019-11-06,validation,0.04905048582457176,0.057445343285522095,0.0,0.013533394314825198
2019-11-07,validation,0.04856755328713149,0.057748227701730125,0.0,0.003300786402568978
2019-11-08,validation,0.04845267501975334,0.05763093854296158,0.0,0.009174623325331699
2019-11-11,validation,0.04806687682952002,0.057767802924657066,0.0,0.004342589735407354
2019-11-12,validation,0.047681281158021734,0.05790459546153275,0.0,0.0031380577518886343
2019-11-13,validation,0.04729588784583675,0.05804131621014454,0.0,0.002204198468646834
2019-11-14,validation,0.04714411820054666,0.05795231009361513,-0.1,0.012802145931624043
2019-11-15,validation,0.04710581628155855,0.05776131036101001,0.0,0.00516689633459011
2019-11-18,validation,0.04706753444747815,0.05757041078557984,0.2,0.010803054856950878
2019-11-19,validation,0.047107621594411966,0.05729319704749712,-0.1,0.009016042713276384
2019-11-20,validation,0.04711711470545467,0.057037966475244985,-0.1,0.008164566561196018
2019-11-21,validation,0.04712660284237577,0.05678286963659109,0.0,0.011933528952082217
2019-11-22,validation,0.04723237910987564,0.05644958803780995,0.1,0.01170973581210455
2019-11-25,validation,0.04727238110539544,0.05622532786812212,0.7,0.004268082081584801
2019-11-26,validation,0.04734055386104647,0.05602937681572008,-0.1,0.00038015711469852054
2019-11-27,validation,0.04733345139214853,0.05580587271344435,-0.7,-0.00415772123374436
2019-11-28,validation,0.047306690924765686,0.055656137132806746,-0.5,-0.00679529806877277
2019-11-29,validation,0.047167492605180744,0.05541963674420678,-0.2,-0.004989166727100813
2019-12-02,validation,0.04701817853185054,0.05519344860449234,-0.6,-0.029414467286280166
2019-12-03,validation,0.046873730771320773,0.05500951524581099,-0.6,-0.026139398593809537
2019-12-04,validation,0.04698127379342271,0.05494068543698216,-0.2,-0.006402447115301135
2019-12-05,validation,0.047088760613265904,0.054871891598787664,-0.5,-0.016369447948298088
2019-12-06,validation,0.047211034060114974,0.054817976488256336,-0.9,-0.0287770540552017
2019-12-09,validation,0.04733324363992469,0.054764089539182575,-0.7,-0.035270755348521865
2019-12-10,validation,0.047494949494500865,0.054662758619372524,-0.7,-0.014219993964854738
2019-12-11,validation,0.0476021900018981,0.05459410915658142,-0.5,-0.009460186135228255
2019-12-12,validation,0.0477202478855093,0.054449382092605275,-0.6,-0.029374742007500232
2019-12-13,validation,0.047691492276877544,0.054353647842124556,-0.3,-0.0034669970613726564
2019-12-16,validation,0.04774425923246522,0.05427426504404367,0.3,-0.003446534114203592
2019-12-17,validation,0.047731809621192084,0.054129734596835316,-0.3,-0.005163682002653491
2019-12-18,validation,0.04770883364360469,0.054010295040360534,0.4,0.010378943517121653
2019-12-19,validation,0.047921248619991356,0.05378670060104133,0.3,0.0013891487458866925
2019-12-20,validation,0.048169314996067435,0.053512133977643456,-0.6,-0.010653610240441536
2019-12-23,validation,0.048335850730634754,0.053547035740087415,0.2,-0.00732799178032606
2019-12-24,validation,0.04867048549172921,0.05322927175508565,0.1,-5.029091362152016e-05
2019-12-25,validation,0.048701205663865356,0.05299845618489862,0.5,0.016264925220407345
2019-12-26,validation,0.04889401474209197,0.052669584562833445,0.3,0.007218739830782583
2019-12-27,validation,0.04889401474209197,0.052669584562833445,0.1,-0.01129148067565705
2019-12-30,validation,0.049155961539077,0.05228001546863431,0.5,0.01941345158768787
2019-12-31,validation,0.04919794133987054,0.05206103687870737,0.5,0.01705852015322612
2020-01-02,validation,0.04929465257270255,0.05189692545990379,0.1,0.017478297299482193
2020-01-03,validation,0.049487106819098244,0.05156868228745205,0.3,0.009856474967531892
2020-01-06,validation,0.04948792420202735,0.05130901576721809,0.5,0.06546991642324718
2020-01-07,validation,0.04948792420202735,0.05130901576721809,0.8,0.09350698518325107
2020-01-08,validation,0.04951837605817721,0.05107911910684892,0.8,0.07544436330785526
2020-01-09,validation,0.049710622176169506,0.05075134424717203,0.8,0.06502439858221298
2020-01-10,validation,0.049752392486198935,0.05053310398004016,0.9,0.06426050018930574
2020-01-13,validation,0.049971811974544575,0.05023297511432352,0.9,0.06287310678287211
2020-01-14,validation,0.04984526165990944,0.05036596240011939,0.9,0.06466847747706922
2020-01-15,validation,0.04984526165990944,0.05036596240011939,0.8,0.06779391425120995
2020-01-16,validation,0.04975036554380663,0.050530469164696515,0.9,0.054854379370025075
2020-01-17,validation,0.04975036554380663,0.050530469164696515,0.7,0.05191573324410781
2020-01-20,validation,0.04975036554380663,0.050530469164696515,0.9,0.0472320447068732
2020-01-21,validation,0.04975036554380663,0.050530469164696515,0.7,0.030719257277435186
2020-01-22,validation,0.04988767664989828,0.05040810717695816,0.7,0.03564347999390571
2020-01-23,validation,0.04987473561834189,0.050524732830089944,0.7,0.012501804203021827
2020-01-24,validation,0.04968891056588209,0.050727743359266095,0.5,0.006095895300976761
2020-01-27,validation,0.04954639334769026,0.05084422566588801,-0.1,-0.009369277730890468
2020-01-28,validation,0.04953355084034249,0.05096064758769571,-0.5,-0.0492330194880613
2020-01-29,validation,0.049520714988867925,0.05107700917163256,-0.5,-0.03902296757719492
2020-01-30,validation,0.04937835210933713,0.05119331046459328,-0.5,-0.0892755943643605
2020-01-31,validation,0.0491928962640183,0.05139588493309075,0.2,-0.0009177024467832418
2020-02-03,validation,0.04952086016288422,0.051205412014590265,-0.5,-0.11505221639478141
2020-02-04,validation,0.04975328251879667,0.051178532130831025,-0.8,-0.1664975520143272
2020-02-05,validation,0.04998558457328265,0.05115166616005509,-0.8,-0.13498258824062592
2020-02-06,validation,0.050015773727769934,0.05131091971775408,-0.8,-0.17119428344780308
2020-02-07,validation,0.04985308279601907,0.05166522435093081,-0.8,-0.1698471840082022
2020-02-10,validation,0.04969047600749643,0.05201934573888737,-0.5,-0.20102327133436726
2020-02-11,validation,0.04952795329694096,0.052373284023747774,-0.5,-0.17294404174565653
2020-02-12,validation,0.049558229521642364,0.05253205719062369,-0.6,-0.20042612500126233
2020-02-13,validation,0.049395824974370346,0.05288568007806253,-0.8,-0.2598753999693987
2020-02-14,validation,0.04907034780031613,0.05333429490733984,-0.9,-0.17771216251930372
2020-02-17,validation,0.048908153142201115,0.053687527948835606,-0.6,-0.21326330376250208
2020-02-18,validation,0.04858296995889833,0.05413570408006765,-0.2,-0.06796925084599059
2020-02-19,validation,0.04825795465540107,0.054583648834876757,-0.2,-0.0855131387142179
2020-02-20,validation,0.04825795465540107,0.054583648834876757,0.1,-0.04791480180766733
2020-02-21,validation,0.04804176584537116,0.05488195661989729,0.1,-0.06915489173763911
2020-02-24,validation,0.04804176584537116,0.05488195661989729,0.3,0.060213891598149216
2020-02-25,validation,0.04804176584537116,0.05488195661989729,0.3,0.08425370132992333
2020-02-26,validation,0.04804176584537116,0.05488195661989729,0.3,0.05495228609570779
2020-02-27,validation,0.04804176584537116,0.05488195661989729,0.4,0.054293704983559954
2020-02-28,validation,0.04804176584537116,0.05488195661989729,0.3,0.054779440270655566
2020-03-02,validation,0.04804176584537116,0.05488195661989729,0.3,0.07395734762104744
2020-03-03,validation,0.048192317233793,0.05451474738118432,0.4,0.046611306066801694
2020-03-04,validation,0.048342790958357,0.05414772757205026,0.3,0.06173609599280039
2020-03-05,validation,0.048493187079143504,0.0537808970459534,0.3,0.05751217293132793
2020-03-06,validation,0.0486435056561709,0.053414255656503144,0.3,0.05987780200413517
2020-03-09,validation,0.049105738067898155,0.052844330658436495,0.3,0.018712430384529577
2020-03-10,validation,0.0495677322768881,0.052274699360446146,0.4,0.042080502390523244
2020-03-11,validation,0.0495677322768881,0.052274699360446146,0.3,0.006464085386638951
2020-03-12,validation,0.04985323639965091,0.051786708643671714,-0.3,-0.015587177656006812
2020-03-13,validation,0.049989495511683205,0.05140740415224173,0.3,0.051604023334554494
2020-03-16,validation,0.05043735446860875,0.05082503192774593,0.3,0.00980910842903343
2020-03-17,validation,0.050686819201856796,0.0504737962721156,0.3,0.02262751503328897
2020-03-18,validation,0.05105300484038599,0.050068034670019405,0.6,0.09265430606546254
2020-03-19,validation,0.05105300484038599,0.050068034670019405,0.9,0.12761588433752857
2020-03-20,validation,0.05105300484038599,0.050068034670019405,0.2,0.050460334401269735
2020-03-23,validation,0.051307227295089915,0.049893730832853936,0.6,0.08827605274301276
2020-03-24,validation,0.051516939085051734,0.04979516420112395,-0.1,0.027152148465854675
2020-03-25,validation,0.05177091150654556,0.04962102016805805,0.7,0.0735536569099472
2020-03-26,validation,0.05192898239476152,0.04965110902319909,0.9,0.04778935216583369
2020-03-27,validation,0.05215122286874556,0.049616931577206654,0.7,0.08319361868489805
2020-03-30,validation,0.05237334913899169,0.049582771694136114,0.7,0.05123196433738164
2020-03-31,validation,0.052531143466638154,0.04961284718732197,0.7,0.06579039718544077
2020-04-01,validation,0.052753058084819976,0.049578705898025446,0.7,0.09872877354229559
2020-04-02,validation,0.052974858754545745,0.04954458213955783,0.4,0.06744228963893018
2020-04-03,validation,0.053196545563558094,0.04951047589842003,0.0,0.05219582107985177
2020-04-06,validation,0.05309735904087477,0.049720164425689266,0.0,0.0026601042305504086
2020-04-07,validation,0.05308373734794484,0.04986133421418961,0.4,0.04858556537236425
2020-04-08,validation,0.05298463063579268,0.050070825194557,-0.1,0.022724356437397564
2020-04-09,validation,0.0525257007035109,0.05038187316110631,0.0,0.026487952106637125
2020-04-10,validation,0.052421761488649556,0.050534828031746734,0.0,0.009199714112450574
2020-04-13,validation,0.052182198520257676,0.050808306307193116,0.0,0.0016699795840605658
2020-04-14,validation,0.05199801997421952,0.051085663475275656,-0.3,-0.01297111965136405
2020-04-15,validation,0.05182292341496167,0.05142309569585872,-0.3,-0.011702532004873478
2020-04-16,validation,0.05182292341496167,0.05142309569585872,0.0,0.008200591682012037
2020-04-17,validation,0.0514727025706341,0.05184122307885999,0.6,0.028551284319244696
2020-04-20,validation,0.0514727025706341,0.05184122307885999,0.7,0.03859255943859641
2020-04-21,validation,0.0514727025706341,0.05184122307885999,0.4,0.03876662331170633
2020-04-22,validation,0.0514727025706341,0.05184122307885999,0.0,0.03970985729046306
2020-04-23,validation,0.0514727025706341,0.05184122307885999,-0.1,0.010819908247439392
2020-04-24,validation,0.0514727025706341,0.05184122307885999,-0.1,0.018455375806010088
2020-04-27,validation,0.0514727025706341,0.05184122307885999,-0.1,-0.012062324488015586
2020-04-28,validation,0.0514727025706341,0.05184122307885999,-0.7,-0.031959499624078014
2020-04-29,validation,0.0514727025706341,0.05184122307885999,-0.3,-0.023077010146352384
2020-04-30,validation,0.0514727025706341,0.05184122307885999,-0.3,-0.015144557314905549
2020-05-01,validation,0.0514727025706341,0.05184122307885999,-0.3,-0.03365548027269177
2020-05-04,validation,0.0514727025706341,0.05184122307885999,-0.3,-0.028774618199498003
2020-05-05,validation,0.0514727025706341,0.05184122307885999,-0.7,-0.03350580711070883
2020-05-06,validation,0.0514727025706341,0.05184122307885999,-0.9,-0.045405765953003496
2020-05-07,validation,0.0514727025706341,0.05184122307885999,-0.9,-0.04335300729123348
2020-05-08,validation,0.0514727025706341,0.05184122307885999,-0.9,-0.05194175462375933
2020-05-11,validation,0.0514727025706341,0.05184122307885999,-0.3,-0.019581790933906773
2020-05-12,validation,0.0514727025706341,0.05184122307885999,-0.7,-0.05515394589074896
2020-05-13,validation,0.0514727025706341,0.05184122307885999,-0.7,-0.057188450788547174
2020-05-14,validation,0.05158079563462684,0.05169320541051576,-0.1,-0.007894165305493639
2020-05-15,validation,0.05191784202751063,0.05151832131715028,0.0,0.003150058931130628
2020-05-18,validation,0.05172947755249955,0.05184182980035577,-0.1,0.002990542404071539
2020-05-19,validation,0.05163545889012127,0.0520036022988248,0.0,0.018789201646991882
2020-05-20,validation,0.05163545889012127,0.0520036022988248,-0.1,-0.010488485241669565
2020-05-21,validation,0.05163545889012127,0.0520036022988248,-0.1,-0.006221340332827507
2020-05-22,validation,0.051743399747317224,0.05185569452599295,-0.5,-0.032130437965964376
2020-05-25,validation,0.05147448044285614,0.05209812467313537,-0.5,-0.02129773660168588
2020-05-26,validation,0.051220735312224465,0.05209984384612582,-0.1,0.015128991815516302
2020-05-27,validation,0.0509520870282193,0.05229097600972252,-0.6,-0.03554047795588189
2020-05-28,validation,0.05068357601978082,0.052482010507420594,0.1,0.009357328480633642
2020-05-29,validation,0.050405185403613696,0.052628873590405204,-0.2,0.005075701077552008
2020-06-01,validation,0.05013695118875067,0.05281972423555576,-0.1,-0.006602555787976638
2020-06-02,validation,0.04986885393289446,0.0528572989804535,0.2,0.003337005513975977
2020-06-03,validation,0.04960089353117601,0.052843808092505454,0.2,-0.010365758773201894
2020-06-04,validation,0.04933306987883328,0.052830324089419844,-0.5,-0.030597666798678813
2020-06-05,validation,0.04906538287121113,0.052816846965927644,-0.6,-0.043810352586356016
2020-06-08,validation,0.04860991041823118,0.0531255286919595,-0.6,-0.1041324162196623
2020-06-09,validation,0.04849836049489943,0.05301282741261711,-0.6,-0.11048503736260762
2020-06-10,validation,0.04849836049489943,0.05301282741261711,-0.5,-0.1329371169845338
2020-06-11,validation,0.04849836049489943,0.05301282741261711,-0.5,-0.0442742293751599
2020-06-12,validation,0.04860674332692375,0.05286515251664814,-0.6,-0.11293039967097351
2020-06-15,validation,0.048715070917953164,0.052717552888210235,-0.1,-0.06207664668759383
2020-06-16,validation,0.048687672548442404,0.052689134778070114,-0.1,-0.0476960581179563
2020-06-17,validation,0.048795924341101055,0.052541655174338134,-0.1,-0.04331392713438409
2020-06-18,validation,0.048904121001703355,0.05239425068117592,-0.6,-0.07507529034099025
2020-06-19,validation,0.04861212931721049,0.052525674612005656,-0.3,-0.023982748103585916
2020-06-22,validation,0.0483202862668151,0.05265703164340509,0.1,0.025328519161365692
2020-06-23,validation,0.04843521749168359,0.05251640644451364,-0.3,-0.04112092823333047
2020-06-24,validation,0.04814356792842285,0.05264769900226889,0.1,0.013360639037657496
2020-06-25,validation,0.04800416213800362,0.05276147120496414,-0.3,0.008862180061941949
2020-06-26,validation,0.047751823311005796,0.05288931104334466,-0.3,0.004585877902196556
2020-06-29,validation,0.047654953672814554,0.05294365200817011,0.0,0.012807117899794496
2020-06-30,validation,0.047558133269509306,0.05309961719613923,-0.3,0.005822304869039674
2020-07-01,validation,0.04746136206356347,0.05325550313350471,0.0,0.002657376975127246
2020-07-02,validation,0.047279973181488216,0.05327584294305509,0.3,0.005244650751228264
2020-07-03,validation,0.04701403108570826,0.05336388869141897,0.5,0.00997739051437585
2020-07-06,validation,0.04674822402018764,0.05345188973516321,0.1,0.009967486321086128
2020-07-07,validation,0.04648255188211145,0.05353984610832688,0.2,0.04191798624622989
2020-07-08,validation,0.04630159547040154,0.05356009312360853,0.0,0.04380907985241278
2020-07-09,validation,0.04614891734989775,0.053532412847434215,-0.2,-0.003447417413551701
2020-07-10,validation,0.04605267533856545,0.05343429827827855,-0.5,-0.007945683414963434
2020-07-13,validation,0.04601026540029195,0.05336696675941459,-0.5,-0.008614677978837693
2020-07-14,validation,0.04596787696262087,0.053299669375667914,-0.5,-0.00930409843725194
2020-07-15,validation,0.04592551000920608,0.05323240610108685,-0.3,-0.005887753891881953
2020-07-16,validation,0.045888538762687406,0.053066905111448875,0.6,0.02805708427249176
2020-07-17,validation,0.04591529322387091,0.05293065501267483,0.1,0.014639096369884697
2020-07-20,validation,0.04603028048818495,0.05279063712080025,-0.6,-0.0075424625839976
2020-07-21,validation,0.046139181803552615,0.052602468303687096,0.5,0.025607684389532537
2020-07-22,validation,0.04625405419489568,0.05246260435321793,0.5,0.005242704650422092
2020-07-23,validation,0.04616643930263989,0.0523734184715496,0.3,0.021219419932670736
2020-07-24,validation,0.046116431311034066,0.05222985031227233,0.1,-0.006131717158561423
2020-07-27,validation,0.04623122229957453,0.052216640941935386,0.1,-0.02386365740299623
2020-07-28,validation,0.04618633118614528,0.05212426472093077,-0.3,-0.01694197938585662
2020-07-29,validation,0.04620529624934698,0.05216470884312498,-0.3,0.005115673768590456
2020-07-30,validation,0.04618596131718818,0.05232766183481731,-0.3,-0.014898500474862575
2020-07-31,validation,0.0461490270167038,0.052541828671139996,-0.1,-0.019513631721441105
2020-08-03,validation,0.04601107575956394,0.05265485170001821,-0.1,-0.009697940530781768
2020-08-04,validation,0.04580814979154997,0.052748686945609725,-0.1,-0.018648100465030015
2020-08-05,validation,0.045574724891630905,0.052788922372313994,-0.1,-0.026056058671071525
2020-08-06,validation,0.04538654348706461,0.05285131789922659,-0.3,-0.04001898171072471
2020-08-07,validation,0.04520039808312953,0.05291562296856625,-0.3,-0.036129834527950655
2020-08-10,validation,0.04496195196857778,0.052927500964790125,0.0,-0.009396410505092434
2020-08-11,validation,0.044774831754469765,0.052921794919226,-0.1,0.003326609351362031
2020-08-12,validation,0.04464383772862459,0.052972123577220455,0.4,0.0038614414518484685
2020-08-13,validation,0.044654744774297254,0.05311666643146709,-0.3,-0.0030451741352430783
2020-08-14,validation,0.04451886769786586,0.05319190123116893,-0.1,0.0007111021189903366
2020-08-17,validation,0.04425569841903042,0.05317849939160451,-0.3,0.0027634166555756123
2020-08-18,validation,0.04421936197106593,0.05334142672173257,-0.2,0.006445775811340704
2020-08-19,validation,0.04417674818059223,0.05342242862887894,-0.3,-0.010881191690816139
2020-08-20,validation,0.044427261508410434,0.05325101034866217,0.0,-0.0023549449368585607
2020-08-21,validation,0.04444754158354046,0.05320614475330635,-0.1,-0.0030026318139455555
2020-08-24,validation,0.04446781145229146,0.05316130173751538,-0.1,-0.0010573800234419672
2020-08-25,validation,0.0444446449468647,0.05305209074815944,-0.3,-0.00180369651211304
2020-08-26,validation,0.0444214900946097,0.052942934693908796,-0.3,-0.007549689726794262
2020-08-27,validation,0.04439834688673601,0.05283383353332386,-0.3,-0.005625657666703976
2020-08-28,validation,0.044490696398801266,0.052672679906463384,-0.6,-0.00477062598982364
2020-08-31,validation,0.04458299949241362,0.05251160728167724,-0.3,-0.004758297824163038
2020-09-01,validation,0.04457778002616165,0.05242064360911304,-0.1,-0.007217917632703352
2020-09-02,validation,0.04457256318209818,0.05232972563545494,-0.2,-0.005482179810258392
2020-09-03,validation,0.04463312112346739,0.05213720543457066,0.5,0.005783406709169936
2020-09-04,validation,0.044571701811109,0.052073902094014655,0.3,0.002224748491400641
2020-09-07,validation,0.044610714938164445,0.05198553013063765,0.3,0.0060551893292677406
2020-09-08,validation,0.04443130706231304,0.05199730317173438,0.1,0.013137359371614865
2020-09-09,validation,0.04439507241427935,0.05218496064710524,0.5,0.012865633496058182
2020-09-10,validation,0.044308692912795954,0.05214679035348921,0.1,0.00997687439081335
2020-09-11,validation,0.04435243446422203,0.05214155043614882,-0.3,-0.01930954468227508
2020-09-14,validation,0.044302145561122455,0.05210497697151203,0.1,-0.02449166317819934
2020-09-15,validation,0.0442409169532124,0.052041792766757265,0.5,0.02009748734762684
2020-09-16,validation,0.044133655790398164,0.05206924813354488,0.1,-0.02419037446542005
2020-09-17,validation,0.044045064240970766,0.052062169044285365,-0.5,-0.04462306588047915
2020-09-18,validation,0.044157876770463504,0.05196106448112668,-0.3,-0.03196352127701091
2020-09-21,validation,0.044270632808955,0.0518600105461919,0.1,-0.001056034137883688
2020-09-22,validation,0.04434804575531956,0.051713023425816504,0.6,0.014689310456295845
2020-09-23,validation,0.04430715594931282,0.05158687378222121,0.1,0.006671424910866586
2020-09-24,validation,0.04434819327165057,0.051438449078581264,0.5,0.016734074750885952
2020-09-25,validation,0.0443800514453488,0.051246200412685745,0.6,0.010836480129402748
2020-09-28,validation,0.04432853951410061,0.05113740206703656,-0.3,-0.004339204977329092
2020-09-29,validation,0.04421644727821199,0.05113471872662081,0.1,-0.0037271903981374588
2020-09-30,validation,0.044132181909502285,0.051104265892470926,-0.6,-0.045831005213060716
2020-10-01,validation,0.044030540344148245,0.05128919955696776,-0.6,-0.057784073808384684
2020-10-02,validation,0.043865810102896995,0.05143011772230067,-0.5,-0.04201593051101349
2020-10-05,validation,0.0437752638669369,0.051568220990700596,-0.6,-0.05360765040537735
2020-10-06,validation,0.04363570661874253,0.05159317652890895,-0.8,-0.03755466117150286
2020-10-07,validation,0.043619613498434975,0.05167910767139632,-0.6,-0.040768207243913
2020-10-08,validation,0.04349434448250491,0.05171820281131695,-0.5,-0.041949909283867826
2020-10-09,validation,0.0433337920013466,0.05170529906810055,0.6,0.02457185276154672
2020-10-12,validation,0.04328972437217856,0.05177554801653289,-0.2,0.005172725317867
2020-10-13,validation,0.043246182512905414,0.05184072401780839,-0.3,0.004417182215876558
2020-10-14,validation,0.04320215869943091,0.051910904174705806,0.2,0.019858988594640636
2020-10-15,validation,0.0430786334972673,0.05192763815149367,0.0,0.02022839558043904
2020-10-16,validation,0.042911812600214996,0.05189279147168715,0.0,0.009677759715282952
2020-10-19,validation,0.04275164523285072,0.05190477632682624,0.0,0.018228750622059864
2020-10-20,validation,0.04280121101031657,0.05200953914032577,0.0,0.019863247401982143
2020-10-21,validation,0.042641150947814004,0.05202148895627689,0.0,0.02619632570002217
2020-10-22,validation,0.04259784642148566,0.052086490157216656,0.1,0.006818350307413401
2020-10-23,validation,0.04275681128830926,0.0522239488715617,-0.2,0.008592274577062908
2020-10-26,validation,0.042359122219674306,0.05244594949250544,-0.2,0.005381215600778755
2020-10-27,validation,0.04194781121635818,0.052778397984892596,-0.5,-0.06764463343507587
2020-10-28,validation,0.04169460597203916,0.05281264264853132,-0.2,-0.0011313653575171223
2020-10-29,validation,0.04149025132604417,0.05278311835500009,-0.2,-0.006946193007157708
2020-10-30,validation,0.041314224252220484,0.05280314077980206,0.1,0.004830103445656486
2020-11-02,validation,0.04122112098244276,0.05270718241148369,-0.2,0.008960256419022983
2020-11-03,validation,0.040942946449888364,0.05275741713902973,0.1,0.012479386459721575
2020-11-04,validation,0.04079153800541983,0.052768664480944104,0.2,6.989388927169937e-05
2020-11-05,validation,0.040523346492064995,0.05291137178561538,-0.1,-0.0025693569627317503
2020-11-06,validation,0.040596040133286763,0.052980989948859594,-0.6,-0.004619088831318341
2020-11-09,validation,0.04053868787947453,0.05296193050141398,-0.2,0.012098600167709694
2020-11-10,validation,0.04047136581529371,0.05289152574675625,-0.8,-0.054050447265056645
2020-11-11,validation,0.040559466294030774,0.05279934692154462,-0.1,0.008699336639461208
2020-11-12,validation,0.04058483774159107,0.05275082100642094,-0.8,-0.04650202805711601
2020-11-13,validation,0.040672866394668876,0.0526587227818517,-0.1,0.009924050632408421
2020-11-16,validation,0.04076085140438869,0.0525666702182763,-0.2,-0.03219763749278448
2020-11-17,validation,0.0408664042706247,0.05247103205134901,-0.6,-0.04140562778103357
2020-11-18,validation,0.04108461592156135,0.05227341830722933,-0.5,-0.04184061774013548
2020-11-19,validation,0.04135517542550284,0.05214487233621771,-0.5,-0.03198093474851549
2020-11-20,validation,0.041382456251676594,0.05200438288909346,-0.3,-0.013522393295125612
2020-11-23,validation,0.04140972356914713,0.051863963008419875,-0.5,-0.020017369801221596
2020-11-24,validation,0.04142395410759563,0.051685202208088664,-0.6,-0.023840781937273237
2020-11-25,validation,0.041546183650096484,0.051512435603616326,-0.3,-0.009207790047760178
2020-11-26,validation,0.04173980800450661,0.05131481927930748,0.1,0.011955187594010375
2020-11-27,validation,0.041853154576852764,0.05117845647463785,-0.2,-0.00028727369860337415
2020-11-30,validation,0.04200041211463362,0.05097015102268843,-0.1,-0.0003975279630512585
2020-12-01,validation,0.04215234418989963,0.050850172386009536,-0.2,-0.005364205891682239
2020-12-02,validation,0.042314936294647554,0.05076345706905798,-0.1,0.0026136247161001602
2020-12-03,validation,0.04242802872452286,0.05062736528327368,0.6,0.009537982396346845
2020-12-04,validation,0.04244499588914405,0.05039527134696633,0.3,0.006233947237268833
2020-12-07,validation,0.042591925412847065,0.05018741655255888,0.7,0.02520366166444632
2020-12-08,validation,0.042655482962127844,0.049977493733657015,0.6,0.02014976151629133
2020-12-09,validation,0.042734717936374754,0.049808068621315045,0.7,0.03903820000847613
2020-12-10,validation,0.04279820887469253,0.04959834303675895,0.9,0.06990074823607384
2020-12-11,validation,0.04287736953463866,0.04942909507737075,0.7,0.06931974124479962
2020-12-14,validation,0.04291612696691922,0.04936756841356281,0.7,0.07125443322323655
2020-12-15,validation,0.04305350893314192,0.049207428446013224,0.7,0.07831834554940348
2020-12-16,validation,0.04311875518530148,0.0490246091361627,0.7,0.0677372057606791
2020-12-17,validation,0.04323723947631066,0.048812987637848686,0.2,0.045410574418711214
2020-12-18,validation,0.04338120540556543,0.04854486820120198,0.2,0.04361696098102358
2020-12-21,validation,0.043283565005990114,0.04844595565016187,0.3,0.021117054134957125
2020-12-22,validation,0.04305557571875306,0.048463000256854814,0.2,0.04135929579901537
2020-12-23,validation,0.04279872874123059,0.04864806231047293,0.2,0.051746366308471015
2020-12-24,validation,0.042783365232644054,0.048713320170612175,0.2,0.056694538199926814
2020-12-25,validation,0.04269079405406519,0.04878337185979817,0.2,0.06365546618527085
2020-12-28,validation,0.04232486510758425,0.04903110123570756,0.3,0.03167921440993371
2020-12-29,validation,0.042348218130180366,0.04897080368771045,0.2,0.04527100696840897
2020-12-30,validation,0.041982553432055765,0.04921836511217376,0.6,0.023116508367682753
2020-12-31,validation,0.041920466176284546,0.049400380189404736,0.3,0.024495940980982955
2021-01-04,holdout,0.04154142968017435,0.04975696809987931,0.6,0.05299879959420495
2021-01-05,holdout,0.04135099597090586,0.050006884467184994,0.2,0.05924698716376131
2021-01-06,holdout,0.04120979588999572,0.05020753797632491,0.2,0.05183204344715259
2021-01-07,holdout,0.041183297127392764,0.05037534092286312,0.2,0.046560465341011104
2021-01-08,holdout,0.04118085771257759,0.0505548288057406,0.1,0.0253370360525203
2021-01-11,holdout,0.041180976988038936,0.05073678604557878,0.2,0.03814102563613686
2021-01-12,holdout,0.04118109620494582,0.050918653959329666,-0.1,0.0014282971933968214
2021-01-13,holdout,0.041181215363341336,0.05110043261275478,0.8,0.040425245051914915
2021-01-14,holdout,0.04118133446326855,0.051282122071551126,0.8,0.05653094421829602
2021-01-15,holdout,0.041208396964385025,0.0513884665313934,0.6,0.05472325880732881
2021-01-18,holdout,0.04122793367942052,0.05144053808539165,0.6,0.05375657818686591
2021-01-19,holdout,0.04134040537991588,0.051427927019423184,0.7,0.06252328975951055
2021-01-20,holdout,0.04135990016312646,0.05147996337646162,1.0,0.06520404747895359
2021-01-21,holdout,0.04137938539241242,0.05153197423173234,0.9,0.046294301774085556
2021-01-22,holdout,0.04139886107479525,0.05158395960397745,0.9,0.043693564773141735
2021-01-25,holdout,0.04141832721728957,0.051635919511920696,0.2,0.004444231249152886
2021-01-26,holdout,0.041530614600439116,0.051623276044851174,0.3,0.007809517528673704
2021-01-27,holdout,0.041550038959381266,0.051675200888839284,-0.3,-0.006708472531865017
2021-01-28,holdout,0.04170812754504955,0.05170844239620863,0.3,0.015219955661600837
2021-01-29,holdout,0.041877353188746226,0.05167947858190404,-0.3,0.01764815831948452
2021-02-01,holdout,0.04194864868291075,0.05174837629588432,-0.3,0.028006635108208555
2021-02-02,holdout,0.04198730149565643,0.051735720786885576,-0.4,-0.002213562061302854
2021-02-03,holdout,0.04200420218260397,0.0517502379972338,-0.1,0.00960182511861668
2021-02-04,holdout,0.04202109460717706,0.051764748110436895,-0.1,-0.014751011607152864
2021-02-05,holdout,0.04188863588415478,0.05187428751705703,-0.1,-0.01831204109639878
2021-02-08,holdout,0.04228988726222261,0.051540140495019086,-0.6,-0.045187688544339466
2021-02-09,holdout,0.0426730873657519,0.051188301455110954,-0.5,-0.06329230059543806
2021-02-10,holdout,0.042892502111349574,0.05116143653914835,-0.5,-0.07154615778943646
2021-02-11,holdout,0.043113321427497346,0.05113609644747683,-0.2,-0.05781088184159694
2021-02-12,holdout,0.04343680391009536,0.050969458653038,-0.6,-0.0623642973885869
2021-02-15,holdout,0.04343976114573359,0.05109258849610841,-0.2,-0.07219188932379156
2021-02-16,holdout,0.04377584625684196,0.050938882724720955,-0.3,-0.037438770939661525
2021-02-17,holdout,0.04377584625684196,0.050938882724720955,-0.6,-0.07694038653163238
2021-02-18,holdout,0.04390744564393379,0.05106873502974745,-0.6,-0.07176085764156742
2021-02-19,holdout,0.043968167869558115,0.05128288382132589,-0.8,-0.08463297942813636
2021-02-22,holdout,0.043986998672420764,0.051322093555187395,-0.5,-0.045971892937598846
2021-02-23,holdout,0.04396104522404825,0.051385748906502236,-0.5,-0.04536468588563086
2021-02-24,holdout,0.04415592557365253,0.05115240686242171,0.1,0.024886258977551035
2021-02-25,holdout,0.04418576984675679,0.05118054675518766,0.1,-0.011940344236570533
2021-02-26,holdout,0.04433737259805243,0.05096512691103556,0.1,0.040103150981538105
2021-03-01,holdout,0.04480073540507814,0.05045292902794366,0.1,0.015003219405842816
2021-03-02,holdout,0.04507382837763452,0.05011607745482749,0.1,-0.013485837254455457
2021-03-03,holdout,0.045184542948484445,0.049982196686403337,-0.2,-0.008197947476880851
2021-03-04,holdout,0.04495727447358484,0.05011872440280838,-0.2,0.00936562642631722
2021-03-05,holdout,0.04473011656471535,0.050255185698529194,0.3,0.007677365536166658
2021-03-08,holdout,0.04451444648209798,0.05028136263217306,0.5,0.057447197888250034
2021-03-09,holdout,0.04451444648209798,0.05028136263217306,0.8,0.025776716767773156
2021-03-10,holdout,0.04451444648209798,0.05028136263217306,0.8,0.02724008499765951
2021-03-11,holdout,0.04409413892732096,0.05058904756070504,0.6,0.024830430526270653
2021-03-12,holdout,0.04375079541940679,0.05073027019070206,0.6,0.04489719493520122
2021-03-15,holdout,0.04333087772275182,0.0510376964855972,0.5,0.03788196969205915
2021-03-16,holdout,0.04294242134926341,0.051254753518628994,0.5,0.04950967933117778
2021-03-17,holdout,0.042599607777735395,0.051395711544825196,0.5,0.040123542640824295
2021-03-18,holdout,0.04225696070138539,0.05153660111156236,0.5,0.07041737852380836
2021-03-19,holdout,0.04201820531627016,0.051538370212873406,0.5,0.05497455393620021
2021-03-22,holdout,0.04174149235000741,0.05166387727131212,0.5,0.03416753082931945
2021-03-23,holdout,0.041488703829660405,0.05179693626736373,0.5,0.02453861804038615
2021-03-24,holdout,0.041488703829660405,0.05179693626736373,0.9,0.039850111314926884
2021-03-25,holdout,0.04127647140919388,0.05194610408162848,0.9,0.02499957627685445
2021-03-26,holdout,0.040768611101079266,0.05240582329505826,0.6,0.0333273481045816
2021-03-29,holdout,0.040260997087973434,0.05286531956027591,0.6,0.04186210997725137
2021-03-30,holdout,0.03998979893775841,0.05315672238239083,0.7,0.03691442460805694
2021-03-31,holdout,0.0398209779354551,0.053280934656572645,0.7,0.028379384740954472
2021-04-01,holdout,0.039652238746092104,0.05340508673580696,0.8,0.0238741568810813
2021-04-02,holdout,0.03952284007040131,0.05354921138736118,0.6,0.022740091609114665
2021-04-05,holdout,0.039386406947640375,0.053732300415730384,0.0,-0.0002795396778719761
2021-04-06,holdout,0.039606257314251755,0.053706546449782906,0.1,0.0011837359946388903
2021-04-07,holdout,0.039606257314251755,0.053706546449782906,-0.6,-0.008873698754909454
2021-04-08,holdout,0.039606257314251755,0.053706546449782906,-0.4,-0.011037560378824418
2021-04-09,holdout,0.039606257314251755,0.053706546449782906,-0.4,-0.020352380458385777
2021-04-12,holdout,0.03979839652413291,0.05365320023503673,-0.9,-0.05268439001694919
2021-04-13,holdout,0.03999044273342846,0.05359987984130447,-0.8,-0.0629008965964814
2021-04-14,holdout,0.04018239600964426,0.05354658524984355,-0.9,-0.07431329189996644
2021-04-15,holdout,0.040098246347403825,0.053701099305735626,-0.9,-0.06688736493748532
2021-04-16,holdout,0.040290080709431866,0.05364780601287652,-0.9,-0.06310907504918889
2021-04-19,holdout,0.04048182230822875,0.05359453849046851,-0.8,-0.06026612759490885
2021-04-20,holdout,0.04067347121106295,0.05354129671982381,-0.9,-0.05939810500645565
2021-04-21,holdout,0.04065092286641374,0.05375730134146054,-0.8,-0.061605418117233024
2021-04-22,holdout,0.04062838541731643,0.0539732015878271,-0.9,-0.04653119578263959
2021-04-23,holdout,0.04056772003055151,0.05415085870923355,-0.8,-0.05561296337901783
2021-04-26,holdout,0.04050708394365944,0.05432843002666926,-0.8,-0.05516737360091056
2021-04-27,holdout,0.04045706613810407,0.05451650460496638,-0.9,-0.07822762931691929
2021-04-28,holdout,0.04040707247824292,0.05470448839177023,-0.8,-0.06946145449393881
2021-04-29,holdout,0.04043754052703356,0.054852162662589465,-0.8,-0.07286757391105303
2021-04-30,holdout,0.040508202961968734,0.05491934750472957,-0.8,-0.06824736612907495
2021-05-03,holdout,0.04037148709307446,0.055020352054421226,-0.8,-0.06708374840024389
2021-05-04,holdout,0.040247528641755584,0.055133999374753814,-0.9,-0.06258428947152689
2021-05-05,holdout,0.04029139910790324,0.054933200971390136,-1.0,-0.05024799921561368
2021-05-06,holdout,0.04028641391726196,0.05484434614102922,-1.0,-0.053885804895802136
2021-05-07,holdout,0.0402814311291222,0.054755534132273284,-0.9,-0.05861329274513116
2021-05-10,holdout,0.04015835966045845,0.05462897576816189,-0.8,-0.0338108905361737
2021-05-11,holdout,0.040103528648979536,0.05445023564875723,-0.8,-0.01599550153679552
2021-05-12,holdout,0.040106545275586415,0.05420900794427821,-0.3,-0.010463497508935604
2021-05-13,holdout,0.04011193609280462,0.05397027202517751,-0.3,-0.006313603409028645
2021-05-14,holdout,0.039989023897524976,0.05384402449032329,-0.4,-0.010241270070578401
2021-05-17,holdout,0.03999355578046873,0.053604606661863584,0.1,-0.011604277545471109
2021-05-18,holdout,0.03987073119757852,0.053478507830505395,0.3,-0.012445228991816826
2021-05-19,holdout,0.039816048482042794,0.05330030232116665,0.3,-0.005179458812830939
2021-05-20,holdout,0.039693325643914354,0.05317433729649358,0.3,0.002923879532386542
2021-05-21,holdout,0.03969792425058932,0.052935310659982825,-0.6,-0.028124365588888256
2021-05-24,holdout,0.03970252064692702,0.05269639891250669,-0.4,-0.04150223254825253
2021-05-25,holdout,0.03957991354554762,0.0525706697836728,-0.1,-0.0067735290011753935
2021-05-26,holdout,0.03958453608118688,0.05233196040573095,-0.1,-0.00467911376433755
2021-05-27,holdout,0.039589156396588075,0.05209336568166901,-0.1,-0.006293380678772886
2021-05-28,holdout,0.03959377449335042,0.05185488552890312,-0.1,0.014022814194604105
2021-05-31,holdout,0.03953926326567559,0.05167741196060526,-0.1,0.00936777181520082
2021-06-01,holdout,0.039544773401680944,0.051440028372421766,0.0,0.00557015228466623
2021-06-02,holdout,0.0395352856921316,0.05118776349037464,0.0,0.01364510954159992
2021-06-03,holdout,0.039370285228220885,0.05105423452204053,-0.2,-0.015319207070961183
2021-06-04,holdout,0.03917110559358371,0.050955027904016695,-0.2,-0.006677097996501569
2021-06-07,holdout,0.038921963635877264,0.05094281140248133,-0.3,-0.03720626740630234
2021-06-08,holdout,0.03867294111343338,0.05093060075737048,-0.2,-0.0056295202632707375
2021-06-09,holdout,0.03849592866648552,0.05084650523837758,-0.1,-0.006867113454176399
2021-06-10,holdout,0.038319001036234805,0.05076245001431472,0.2,-0.004196945283388209
2021-06-11,holdout,0.03816611025754349,0.05065448296041907,0.0,-0.0024991082728470504
2021-06-14,holdout,0.03812846329171371,0.050630950026851196,0.6,0.03489294374461199
2021-06-15,holdout,0.03821321991116628,0.05068454802874124,0.6,0.03291819253238987
2021-06-16,holdout,0.03829793595779958,0.05073812037337811,0.6,0.038461680064341364
2021-06-17,holdout,0.03833662991904443,0.05079776667144621,0.4,0.011373917662385602
2021-06-18,holdout,0.03825340971822078,0.05077991803735986,0.7,0.023384405500076533
2021-06-21,holdout,0.038249955069593965,0.050841803684689796,-0.2,-0.0006852462085973343
2021-06-22,holdout,0.038151138724527106,0.05079975638586514,0.3,0.010564404249232662
2021-06-23,holdout,0.03801619563865615,0.05067437174161169,0.6,0.019712908233089632
2021-06-24,holdout,0.03788131705712834,0.050549047032656634,0.6,0.012724630658666913
2021-06-25,holdout,0.03773170735314393,0.050438577796595704,0.6,0.042198575954227435
2021-06-28,holdout,0.03758216913014566,0.05032816134086734,0.7,0.05497880324941862
2021-06-29,holdout,0.03741309536863148,0.05033976223352562,0.3,0.03644085143538628
2021-06-30,holdout,0.03724410234912377,0.05035135758612055,0.3,0.04655006351353497
2021-07-01,holdout,0.03709776630756094,0.050397209313224424,0.0,0.04101537056596444
2021-07-02,holdout,0.03695150011613728,0.050443039154062376,0.0,0.022702258154537025
2021-07-05,holdout,0.03677638172026855,0.050438233616278784,-0.1,0.005983352278137066
2021-07-06,holdout,0.0366302619785038,0.050484031805402826,0.4,0.022851830550029484
2021-07-07,holdout,0.03647843029188837,0.05056738882142824,0.7,0.02206283674173931
2021-07-08,holdout,0.03647497287455078,0.050652278191426335,0.7,0.034313503579682214
2021-07-09,holdout,0.036529147198951666,0.050669018797549745,0.9,0.037295314030213245
2021-07-12,holdout,0.0364410007545922,0.05085554508795388,1.0,0.0444923092602838
2021-07-13,holdout,0.03642969982255894,0.051010999259554726,1.0,0.04358421159274145
2021-07-14,holdout,0.03642969982255894,0.051010999259554726,0.9,0.043482976306726984
2021-07-15,holdout,0.03642969982255894,0.051010999259554726,0.9,0.06015400477359201
2021-07-16,holdout,0.036537790908459086,0.051036214063232305,1.0,0.05467828980406464
2021-07-19,holdout,0.036767241303574956,0.05078590774885668,0.9,0.04669453681947122
2021-07-20,holdout,0.03679816973818521,0.05081349840574188,0.9,0.05236048572069463
2021-07-21,holdout,0.036868756542183106,0.05088074902105433,0.4,0.029138176143180206
2021-07-22,holdout,0.03706038826674658,0.0508310642314629,0.9,0.03608142877770626
2021-07-23,holdout,0.03702824465410014,0.050954261087696295,0.9,0.037845097813799466
2021-07-26,holdout,0.03699852526005489,0.05109113534204594,0.9,0.01619400471691146
2021-07-27,holdout,0.03696330299219017,0.05117146774479192,-0.2,0.0047556917100443075
2021-07-28,holdout,0.03711718963587148,0.05108422073066235,0.1,-0.004452444029346303
2021-07-29,holdout,0.03709438461589344,0.05105809576034088,0.4,0.01044988430199989
2021-07-30,holdout,0.03730457336181432,0.05086889515792262,0.5,0.02788246305660269
2021-08-02,holdout,0.03728251108362061,0.050843610185075515,0.6,0.02884841658353615
2021-08-03,holdout,0.0371986460041033,0.05099405363308756,0.3,0.013837508805222054
2021-08-04,holdout,0.03734812784230386,0.05102152278840306,0.9,0.043415953973635124
2021-08-05,holdout,0.03722055231337644,0.05124682632050458,0.1,0.006630308500605309
2021-08-06,holdout,0.03719922496202093,0.05145953023570327,-0.6,-0.008805724250726898
2021-08-09,holdout,0.03719039742880736,0.05168462289582769,-0.7,-0.019209162708088146
2021-08-10,holdout,0.03718157408422163,0.05190960875041943,-0.3,-0.011832996887259473
2021-08-11,holdout,0.037172754925283255,0.05213448787547863,-0.3,-0.008760877076363749
2021-08-12,holdout,0.03716393994901451,0.05235926034693334,0.1,0.004810935264690563
2021-08-13,holdout,0.03728064166185398,0.05247235956560545,-0.3,-0.003954289237941833
2021-08-16,holdout,0.037368177278097534,0.052702154697725004,-0.1,0.0012041204049287324
2021-08-17,holdout,0.03759628908442973,0.052689666035474356,-0.1,-0.0022163849563693327
2021-08-18,holdout,0.03801132755757025,0.05239039667233176,0.5,0.028769360071459082
2021-08-19,holdout,0.03817996532934723,0.052437201410211354,0.6,0.039629812353345506
2021-08-20,holdout,0.03834852323478665,0.05248398398150896,0.1,0.005001966726626672
2021-08-23,holdout,0.03851700133061175,0.05253074440196789,-0.3,-0.012991024088106373
2021-08-24,holdout,0.03830078428887669,0.05266624008376623,-0.6,-0.012926210203940636
2021-08-25,holdout,0.03808664149404575,0.052779980522301394,-0.2,-0.0021758514528630313
2021-08-26,holdout,0.03804608791589875,0.05287789551784063,0.1,0.007877519031610603
2021-08-27,holdout,0.03827360776265469,0.05274712969581654,0.2,0.007067051135613456
2021-08-30,holdout,0.03854043042969276,0.052655836136339326,0.1,-0.00866866466720606
2021-08-31,holdout,0.0388990628469802,0.05242011502981904,-0.3,-0.027774605437877686
2021-09-01,holdout,0.03912621976902062,0.05240772549660471,-0.4,-0.01681756354325581
2021-09-02,holdout,0.03945828929280971,0.05214591942830317,-0.7,-0.03705570650450535
2021-09-03,holdout,0.03969833117002746,0.051792366306670105,-0.7,-0.02869180478631639
2021-09-06,holdout,0.0398595319000823,0.051478344071411615,-0.7,-0.03934603978252632
2021-09-07,holdout,0.040204311231392786,0.05111199735498389,-1.0,-0.02821180328197148
2021-09-08,holdout,0.040548927777372165,0.05074582360678866,-1.0,-0.024511248198661018
2021-09-09,holdout,0.040800217423375786,0.050522674523542956,-0.5,-0.008561849409548017
2021-09-10,holdout,0.04100171261560842,0.050249954883991685,-0.3,-0.006676247791406242
2021-09-13,holdout,0.04100171261560842,0.050249954883991685,-0.6,-0.01656415182025034
2021-09-14,holdout,0.040855463717038784,0.05033742897615846,-0.2,-0.013721738978531128
2021-09-15,holdout,0.04103202461809857,0.05027590450805336,-0.6,-0.03799881758557061
2021-09-16,holdout,0.04110094735064166,0.05034264759431256,-0.6,-0.03945756882686757
2021-09-17,holdout,0.04073144788415785,0.05067818308769587,-0.2,-0.013133545173069139
2021-09-20,holdout,0.040436548576198,0.050852304110821686,0.7,0.020397414879777864
2021-09-21,holdout,0.04034847838724665,0.05076177969106577,0.7,0.020222495087335368
2021-09-22,holdout,0.04057454470564777,0.05051425041434231,0.5,0.003953038068708226
2021-09-23,holdout,0.040447230870342625,0.050620111401055844,-0.1,-0.006527218122728495
2021-09-24,holdout,0.04009071298915669,0.05096757918492036,-0.6,-0.017744814792742092
2021-09-27,holdout,0.03972197322868992,0.05130249364615892,-0.7,-0.010852574306427831
2021-09-28,holdout,0.039427727926496896,0.05147622186234258,0.3,-0.0010069644236436748
2021-09-29,holdout,0.03930080375522007,0.05146410981013968,0.5,0.01397406391033551
2021-09-30,holdout,0.03913473283768964,0.05141279699516042,0.1,0.013198262726485832
2021-10-01,holdout,0.03896874003441956,0.05136150831603017,0.2,0.01350894330592517
2021-10-04,holdout,0.03880282529030926,0.05131024375572387,0.2,0.023464553828156542
2021-10-05,holdout,0.03880282529030926,0.05131024375572387,0.1,0.018220252550394167
2021-10-06,holdout,0.038793703798703644,0.051063109236740394,0.1,0.026104186858968315
2021-10-07,holdout,0.03878458659452064,0.050933599692853965,0.5,0.06010850124821365
2021-10-08,holdout,0.03893211527874811,0.05072583020671059,0.1,0.011790647404900878
2021-10-11,holdout,0.038725153244818906,0.05075100495574404,0.1,0.014606332164382674
2021-10-12,holdout,0.03844412461868294,0.050936856120187946,0.1,0.01536082680562556
2021-10-13,holdout,0.03823737435153653,0.05096196949908485,0.3,0.017624017824830696
2021-10-14,holdout,0.03803072115024324,0.050987071087663025,0.5,0.033395263358280414
2021-10-15,holdout,0.03766976580615728,0.05120979179381471,-0.3,-0.004661453060297971
2021-10-18,holdout,0.03762388018845473,0.05139536088611037,-0.5,-0.012166436696538663
2021-10-19,holdout,0.037331093372602535,0.05180307337105628,-0.5,-0.010105623967589072
2021-10-20,holdout,0.03713718981313182,0.05207481897199869,-0.3,-0.01192230543377365
2021-10-21,holdout,0.03685493802966645,0.05225799799060627,-0.3,-0.0064585002002432446
2021-10-22,holdout,0.03665876950223333,0.05219886578291977,0.3,0.005538057065633095
2021-10-25,holdout,0.03668718196235517,0.05198927962661773,0.3,0.016245380621860872
2021-10-26,holdout,0.03643969015703661,0.052284906667519664,0.3,0.017902215915544695
2021-10-27,holdout,0.03630101710814634,0.052493892270184674,0.7,0.021232824404037065
2021-10-28,holdout,0.036146145675568314,0.05268651665138603,0.9,0.023606254198618837
2021-10-29,holdout,0.03593281246421838,0.05293758513261961,0.0,0.004969769906773391
2021-11-01,holdout,0.035808646193860295,0.05307696108374766,0.9,0.0155950983944933
2021-11-02,holdout,0.03565399872224928,0.053269313772471336,-0.5,-0.00754180419458278
2021-11-03,holdout,0.03549942361726045,0.05346157645057791,-0.6,-0.040838902633449026
2021-11-04,holdout,0.035675791865352455,0.053399824896837554,-0.6,-0.022005716827771582
2021-11-05,holdout,0.035415242949446375,0.05368081229999178,-0.6,-0.04386351699479446
2021-11-08,holdout,0.035154815870770094,0.053961668308522136,-0.3,-0.028558656236667368
2021-11-09,holdout,0.03500050198206725,0.05415358937717372,0.2,-0.002136090545305558
2021-11-10,holdout,0.034970413058958566,0.05429429898470418,-0.1,0.00776776840504112
2021-11-11,holdout,0.03514669886997528,0.054232425009289646,-0.1,-0.0006802760155394938
2021-11-12,holdout,0.03500709440866485,0.054321952590460104,-0.1,0.0005209254759626636
2021-11-15,holdout,0.03474248761041755,0.054442061300966856,-0.1,-0.016775188057349233
2021-11-16,holdout,0.03456692977600659,0.05446944283503555,-0.3,-0.0274401027811359
2021-11-17,holdout,0.034335160340173414,0.05452481100119606,-0.1,0.0023770648632346902
2021-11-18,holdout,0.0341034990814398,0.0545801533245719,-0.6,-0.0739101353032594
2021-11-19,holdout,0.03392055379467325,0.05474240713854191,-0.1,-0.030699647386811746
2021-11-22,holdout,0.03376628005215242,0.05497204867787849,-0.5,-0.033006008797551945
2021-11-23,holdout,0.0336120782656682,0.055201583108288155,-0.6,-0.024496821881412778
2021-11-24,holdout,0.033590526480245624,0.055408152212387,-0.6,-0.016038097504717408
2021-11-25,holdout,0.03357042808737205,0.05561606835896981,-0.5,-0.016449147522917318
2021-11-26,holdout,0.03382478128520767,0.055399192090417264,0.6,0.005388283849863229
2021-11-29,holdout,0.03396980114045343,0.05548093738582956,0.4,0.0022715935570292167
2021-11-30,holdout,0.033809023176060125,0.05548985167947367,0.3,0.009703766326639496
2021-12-01,holdout,0.033582821726787636,0.05549148422449475,0.6,0.03745137945252652
2021-12-02,holdout,0.033356725609971154,0.055493116009308605,0.3,0.01383024407813127
2021-12-03,holdout,0.0331307347520545,0.0554947470344461,0.7,0.025170350094594784
2021-12-06,holdout,0.032853941469589504,0.0556200100674844,1.0,0.029291656831629043
2021-12-07,holdout,0.032613631106288066,0.05583973551884143,0.0,-0.003247597620367748
2021-12-08,holdout,0.03234435601182278,0.056030282219116184,-0.4,-0.0218260147732251
2021-12-09,holdout,0.03183499808325209,0.056445648493753116,0.0,0.012576274756439298
2021-12-10,holdout,0.03183499808325209,0.056445648493753116,-0.3,-0.017122486322373065
2021-12-13,holdout,0.03183499808325209,0.056445648493753116,-0.3,-0.006512191788104527
2021-12-14,holdout,0.03158597444122518,0.056578409556738096,-0.1,0.005664621753160737
2021-12-15,holdout,0.031077029598992882,0.056993455315362256,-0.3,-0.016339547845297064
2021-12-16,holdout,0.030846524987483588,0.05706678916716158,-0.3,-0.010391323884508696
2021-12-17,holdout,0.03075949047888984,0.05703174809161159,-0.3,-0.008405187743556919
2021-12-20,holdout,0.03056896012472273,0.05706740304345778,0.6,0.007464929064860071
2021-12-21,holdout,0.030584629018257696,0.056922095367186565,-0.2,-0.03273337317874542
2021-12-22,holdout,0.030259807638724413,0.05705551929381792,-0.6,-0.05348791413773779
2021-12-23,holdout,0.03006952595537965,0.057091143898389804,-0.6,-0.07074940935212864
2021-12-24,holdout,0.03015810687436943,0.05717345384547357,-0.6,-0.08967086097750343
2021-12-27,holdout,0.030077840614379046,0.05731893808502585,-0.6,-0.10129710053919744
2021-12-28,holdout,0.029931684771044697,0.05744482095719355,-0.6,-0.10138403597580614
2021-12-29,holdout,0.030110272042665507,0.0574778810636506,-0.8,-0.1057581602146685
2021-12-30,holdout,0.030364130082998764,0.05737760796347355,-0.6,-0.06221824478478449
2021-12-31,holdout,0.030530944146493665,0.057422258494775474,0.1,-0.017303355266528764
2022-01-03,holdout,0.030523868609032136,0.057640700613316664,-0.2,-0.040218787962029046
2022-01-04,holdout,0.03053042552766113,0.05764097467003549,-0.2,-0.02835725461513189
2022-01-05,holdout,0.030418562804031615,0.0576000461099897,0.2,-0.0031764938241695684
2022-01-06,holdout,0.030250107903667157,0.05757968875093157,-0.2,-0.04179400977753889
2022-01-07,holdout,0.030098076476420734,0.05758671176532406,-0.1,-0.024933104876824153
2022-01-10,holdout,0.02994611543409434,0.05759373152832099,-0.1,-0.026462370475595354
2022-01-11,holdout,0.02976116359779143,0.05763380917220919,-0.5,-0.017181658362230345
2022-01-12,holdout,0.02957248348457716,0.05767005440708043,0.0,-0.02085993017178578
2022-01-13,holdout,0.029516574695401632,0.057628675231596004,-0.5,-0.015128352139245849
2022-01-14,holdout,0.029461567778651235,0.057605711461499266,-0.5,-0.04132517131187324
2022-01-17,holdout,0.02963769430429982,0.057739759305638266,-0.5,-0.025961104820550196
2022-01-18,holdout,0.029768438733549427,0.05755579374914245,0.8,0.03355972494463261
2022-01-19,holdout,0.029859604433921254,0.0573674111396382,0.5,0.005173636539671678
2022-01-20,holdout,0.029879888041682248,0.057150285365073474,0.7,0.011919549292956577
2022-01-21,holdout,0.029921617408221357,0.05695471503253118,0.7,0.011320134140363092
2022-01-24,holdout,0.029963327500226265,0.056759235032705996,0.6,0.015304700373164615
2022-01-25,holdout,0.030005018331048072,0.056563845303026196,0.5,0.02495177616746297
2022-01-26,holdout,0.030143885812358637,0.05623490142076982,0.5,0.018641899575717158
2022-01-27,holdout,0.030299837454899333,0.05592325762929056,0.3,0.023305459249554072
2022-01-28,holdout,0.030582394474587705,0.055661523750615366,-0.3,0.00026156199983423667
2022-01-31,holdout,0.030915289933884524,0.05529659242115186,-0.1,-0.009535357158154789
2022-02-01,holdout,0.030915289933884524,0.05529659242115186,-0.1,-0.018638036638218003
2022-02-02,holdout,0.030915289933884524,0.05529659242115186,-0.5,-0.07171540132748372
2022-02-03,holdout,0.031005266258064663,0.055150318444942864,-0.1,0.03423335786198117
2022-02-04,holdout,0.03119986960916956,0.05499349337728206,-0.1,0.014361502999713283
2022-02-07,holdout,0.03141053237437144,0.054869355531064035,0.2,0.08690891347286966
2022-02-08,holdout,0.03154790053478117,0.054617204104051915,0.2,0.10672312168345444
2022-02-09,holdout,0.03182864986645518,0.05443180843490352,0.5,0.02246679650175465
2022-02-10,holdout,0.03199345615472662,0.05422941091529727,0.5,0.020173405882576045
2022-02-11,holdout,0.03213059515155697,0.05397758109097903,0.8,0.0763025022345542
2022-02-14,holdout,0.03226767099434781,0.05372586723710717,0.9,0.08101332062041
2022-02-15,holdout,0.03242138469807839,0.053805580435257,0.9,0.12166963512211237
2022-02-16,holdout,0.0325529716444463,0.05391306668448556,0.9,0.07759235337779802
2022-02-17,holdout,0.03278995899565559,0.054116377069509836,0.9,0.061419603247923615
2022-02-18,holdout,0.032982124146135515,0.05423285353221286,0.5,0.05010548525045205
2022-02-21,holdout,0.033123219482455314,0.054343506862898544,0.5,0.0521332661315736
2022-02-22,holdout,0.03324015290328407,0.05439807645586331,0.3,0.04061598707790204
2022-02-23,holdout,0.033462396546294806,0.05438557115093093,0.3,0.044090104193895696
2022-02-24,holdout,0.03365389373547439,0.05449564877956398,0.5,0.04790573112060975
2022-02-25,holdout,0.03382998429298002,0.054437170919090734,0.8,0.06617396787053742
2022-02-28,holdout,0.0340136514992838,0.054271514167979824,0.5,0.05648567335326843
2022-03-01,holdout,0.03425352695198241,0.05397083123850066,0.3,0.04787413961087783
2022-03-02,holdout,0.034389174821798256,0.05375751991100617,0.3,0.0387030869311108
2022-03-03,holdout,0.03438578149496526,0.053673157420164326,0.3,0.03258957273657054
2022-03-04,holdout,0.03472820288766177,0.05332260489137238,0.3,0.005642489051057853
2022-03-07,holdout,0.034844526536991514,0.0532625645200496,0.1,0.05849394685912873
2022-03-08,holdout,0.03502423227033513,0.0532086345484189,-0.2,0.01808905587445997
2022-03-09,holdout,0.035176749648254776,0.053173494953338986,-0.2,0.0052257891110437105
2022-03-10,holdout,0.03532919708011714,0.0531383714736432,-0.1,0.03636521671017473
2022-03-11,holdout,0.035550350404949756,0.05312618936188858,-0.1,-1.938337355789077e-06
2022-03-14,holdout,0.035695002322497706,0.05317513285886423,0.6,0.04829141146201227
2022-03-15,holdout,0.03580139668493527,0.05327752169184799,-1.0,-0.02093016016613225
2022-03-16,holdout,0.03586955978611474,0.05343331912865017,1.0,0.02618432894285061
2022-03-17,holdout,0.035861344128811465,0.053650123224131464,0.5,0.014775845633503815
2022-03-18,holdout,0.035700472131835165,0.053828663002036016,0.5,0.024068815683125078
2022-03-21,holdout,0.035539673794198146,0.05400712103095802,0.7,0.025842161475446657
2022-03-22,holdout,0.035348431021528376,0.05422364492177263,0.7,0.03094378694453198
2022-03-23,holdout,0.03499709270779348,0.05455448619295759,1.0,0.053712169556922706
2022-03-24,holdout,0.03499709270779348,0.05455448619295759,0.9,0.05379064489145874
2022-03-25,holdout,0.0352058255671723,0.0545299641007269,0.1,0.02320898085703449
2022-03-28,holdout,0.0352058255671723,0.0545299641007269,0.8,0.075890601147309
2022-03-29,holdout,0.03485468059334632,0.05486058396255198,0.6,0.06584965451396835
2022-03-30,holdout,0.03485468059334632,0.05486058396255198,0.6,0.061710801643727775
2022-03-31,holdout,0.03485468059334632,0.05486058396255198,0.9,0.08180051811381855
2022-04-01,holdout,0.03485468059334632,0.05486058396255198,0.6,0.047816842402092885
2022-04-04,holdout,0.03485468059334632,0.05486058396255198,0.6,0.036657303182079104
2022-04-05,holdout,0.03485468059334632,0.05486058396255198,0.6,0.04907708812973727
2022-04-06,holdout,0.03485468059334632,0.05486058396255198,0.9,0.0704575823875978
2022-04-07,holdout,0.03485468059334632,0.05486058396255198,0.6,0.03700939172998691
2022-04-08,holdout,0.03495503036008151,0.05472768289384944,0.9,0.06379426194404503
2022-04-11,holdout,0.03495503036008151,0.05472768289384944,0.7,0.03020376944459713
2022-04-12,holdout,0.03495503036008151,0.05472768289384944,0.7,0.032145025282311335
2022-04-13,holdout,0.03495503036008151,0.05472768289384944,0.1,-4.8028634528962666e-05
2022-04-14,holdout,0.03495503036008151,0.05472768289384944,0.7,0.020781161974156415
2022-04-15,holdout,0.03495503036008151,0.05472768289384944,0.6,0.018825429006532002
2022-04-18,holdout,0.03527192510201541,0.05458280976826304,0.7,0.021077409305778394
2022-04-19,holdout,0.03527192510201541,0.05458280976826304,0.1,0.0029969182351718415
2022-04-20,holdout,0.03526386294770638,0.05479890512603029,-0.6,-0.030170900638772757
2022-04-21,holdout,0.03526386294770638,0.05479890512603029,-0.5,-0.048671549873021636
2022-04-22,holdout,0.03526386294770638,0.05479890512603029,-0.5,-0.05708956634567075
2022-04-25,holdout,0.035472296347638946,0.054774355198225586,-0.5,-0.10495281201995266
2022-04-26,holdout,0.035472296347638946,0.054774355198225586,-0.5,-0.07774823456622199
2022-04-27,holdout,0.035472296347638946,0.054774355198225586,-0.5,-0.05028902651039624
2022-04-28,holdout,0.035472296347638946,0.054774355198225586,-0.5,-0.05639740768757229
2022-04-29,holdout,0.035472296347638946,0.054774355198225586,-0.3,-0.0038645601609023084
2022-05-02,holdout,0.0351756022212774,0.05515865214820615,0.1,-0.00870209066520422
2022-05-03,holdout,0.0351756022212774,0.05515865214820615,-0.6,-0.03609756973940931
2022-05-04,holdout,0.0351756022212774,0.05515865214820615,-0.6,-0.05119512677359456
2022-05-05,holdout,0.0351756022212774,0.05515865214820615,-0.8,-0.02401449616150897
2022-05-06,holdout,0.0351756022212774,0.05515865214820615,-0.8,-0.06608772679628377
2022-05-09,holdout,0.0351756022212774,0.05515865214820615,-0.9,-0.07342741929522989
2022-05-10,holdout,0.0351756022212774,0.05515865214820615,-0.8,-0.051272918957761204
2022-05-11,holdout,0.0351756022212774,0.05515865214820615,-0.9,-0.04567423900808748
2022-05-12,holdout,0.0351756022212774,0.05515865214820615,-0.9,-0.05392545876158106
2022-05-13,holdout,0.0351756022212774,0.05515865214820615,-0.5,-0.07377022517746357
2022-05-16,holdout,0.0351756022212774,0.05515865214820615,-0.5,-0.09816193101671894
2022-05-17,holdout,0.0351756022212774,0.05515865214820615,-0.6,-0.10161243609623649
2022-05-18,holdout,0.0351756022212774,0.05515865214820615,-0.7,-0.08796267013584841
2022-05-19,holdout,0.0351756022212774,0.05515865214820615,-0.6,-0.08937820548464914
2022-05-20,holdout,0.0351756022212774,0.05515865214820615,-0.7,-0.08181527282515055
2022-05-23,holdout,0.0351756022212774,0.05515865214820615,-0.7,-0.09443674262788743
2022-05-24,holdout,0.0351756022212774,0.05515865214820615,-0.7,-0.11008185518500074
2022-05-25,holdout,0.0351756022212774,0.05515865214820615,-0.7,-0.09089234530462109
2022-05-26,holdout,0.0351756022212774,0.05515865214820615,-0.7,-0.11881107546504482
2022-05-27,holdout,0.0351756022212774,0.05515865214820615,-0.7,-0.12254974561937604
2022-05-30,holdout,0.0351756022212774,0.05515865214820615,-0.9,-0.12650012954714862
2022-05-31,holdout,0.0351756022212774,0.05515865214820615,-0.9,-0.12107825993846677
2022-06-01,holdout,0.035215654919671234,0.054965725620942846,-0.9,-0.11054533291726398
2022-06-02,holdout,0.035215654919671234,0.054965725620942846,-0.7,-0.13930138088443395
2022-06-03,holdout,0.035215654919671234,0.054965725620942846,-0.7,-0.11599992069121623
2022-06-06,holdout,0.035215654919671234,0.054965725620942846,-0.7,-0.10356293220496227
2022-06-07,holdout,0.035215654919671234,0.054965725620942846,-0.5,-0.062496841358930966
2022-06-08,holdout,0.035215654919671234,0.054965725620942846,-0.8,-0.05732862393943838
2022-06-09,holdout,0.035215654919671234,0.054965725620942846,-0.9,-0.07031908560204092
2022-06-10,holdout,0.035215654919671234,0.054965725620942846,-0.8,-0.06138064086178674
2022-06-13,holdout,0.035215654919671234,0.054965725620942846,-1.0,-0.061823028765560784
2022-06-14,holdout,0.035255689324985184,0.05477288720810168,-1.0,-0.05581435612602603
2022-06-15,holdout,0.035255689324985184,0.05477288720810168,-1.0,-0.043612393059646204
2022-06-16,holdout,0.035255689324985184,0.05477288720810168,-0.9,-0.07807668412926289
2022-06-17,holdout,0.035255689324985184,0.05477288720810168,-0.8,-0.07439614623315105
2022-06-20,holdout,0.035255689324985184,0.05477288720810168,-0.9,-0.0626636320438913
2022-06-21,holdout,0.035255689324985184,0.05477288720810168,-0.7,-0.060314930401843436
2022-06-22,holdout,0.035255689324985184,0.05477288720810168,-0.7,-0.07320146300061131
2022-06-23,holdout,0.035255689324985184,0.05477288720810168,-0.7,-0.06151732632970969
2022-06-24,holdout,0.03492319884076055,0.05489256174719139,-0.7,-0.0321830160593472
2022-06-27,holdout,0.034744033536300206,0.05482296746238263,-0.4,-0.03341876928294801
2022-06-28,holdout,0.034576360320066446,0.05465071210695991,-0.7,-0.08374099476621144
2022-06-29,holdout,0.03440876361454054,0.05447853535311392,-0.4,-0.053208079772432804
2022-06-30,holdout,0.03418623048630086,0.05447952645577328,-0.6,-0.12018307181145227
2022-07-01,holdout,0.033963798855497086,0.05448051710639039,-0.6,-0.1270464803138438
2022-07-04,holdout,0.03387314674366583,0.05432300589948888,-0.3,-0.047403919456793286
2022-07-05,holdout,0.03400219321124193,0.05421944469458815,-0.4,-0.03295774394077178
2022-07-06,holdout,0.034042785512725514,0.054006817683767167,0.0,0.03975020600695833
2022-07-07,holdout,0.03403502912504888,0.053766670311317,-0.3,-0.015569107749239974
2022-07-08,holdout,0.034027276271034065,0.05352663234541465,-0.3,-0.016864187012984422
2022-07-11,holdout,0.03387938014448985,0.05337429546367245,-0.3,-0.02375236163593919
2022-07-12,holdout,0.033731551365908545,0.05322202795209497,-0.3,-0.016644719414236675
2022-07-13,holdout,0.033590511043298826,0.0530144686790383,-0.7,-0.11577633364191758
2022-07-14,holdout,0.033412179110881145,0.05294550771666255,-0.7,-0.09198696599767375
2022-07-15,holdout,0.03327185021157643,0.05280073437398906,-0.7,-0.082485689393621
2022-07-18,holdout,0.03311033075593966,0.052614092540037564,0.0,-0.040391462851615434
2022-07-19,holdout,0.0329328040153823,0.0524941558633745,0.0,-0.025718355794225822
2022-07-20,holdout,0.03272067741146794,0.05239126951597492,0.0,-0.013618285750092995
2022-07-21,holdout,0.03254331996093686,0.05227143802148447,0.0,-0.013957825619687114
2022-07-22,holdout,0.03233862105455213,0.05213218552183423,0.0,-0.01797648859765133
2022-07-25,holdout,0.03212470841421006,0.05209968352764407,-0.3,0.004028648572556748
2022-07-26,holdout,0.03192269397405625,0.052055395289028715,-0.3,0.0007795974655648297
2022-07-27,holdout,0.03170897296495678,0.05202292549884063,0.0,-0.0010177727060012298
2022-07-28,holdout,0.031474706622321685,0.052011112845457605,0.3,0.016001950234253215
2022-07-29,holdout,0.031240546643519797,0.05199930555536783,0.8,0.008829092185262066
2022-08-01,holdout,0.031006492956129075,0.051987503624919496,0.8,0.014422968235734968
2022-08-02,holdout,0.030772545487793217,0.05186225118479585,0.2,-0.005407485587810623
2022-08-03,holdout,0.030547600646773868,0.05176596913606794,-0.8,-0.04533796114885791
2022-08-04,holdout,0.030146741108123397,0.051467732832172965,-0.8,-0.031279055253446375
2022-08-05,holdout,0.029746063365182058,0.051169631782837594,0.6,0.020955833923329503
2022-08-08,holdout,0.029345567294307352,0.05087166589607276,0.6,0.019918460142765382
2022-08-09,holdout,0.02894525277196885,0.050573835079972825,0.5,0.022877719033293886
2022-08-10,holdout,0.02871209046678599,0.050381092311996396,-0.6,-0.033525604674103704
2022-08-11,holdout,0.028479033808320474,0.050188436876493,-0.2,-0.0047504473228450195
2022-08-12,holdout,0.028246082724785182,0.04999586871412007,-0.8,-0.02209095614537171
2022-08-15,holdout,0.02811567848331239,0.0499575889388117,-0.2,-0.01985759254787567
2022-08-16,holdout,0.027985333288360534,0.04991932649643306,-0.8,-0.07091555041572783
2022-08-17,holdout,0.02785029191573293,0.04988583655931611,-0.5,-0.03465590276478092
2022-08-18,holdout,0.027715311661626545,0.049852361779446096,-0.6,-0.041681521816242795
2022-08-19,holdout,0.02758039248455821,0.0498189021465353,0.1,-0.0002494142682283873
2022-08-22,holdout,0.02743843808680102,0.04980763345118436,0.9,0.028411203334442803
2022-08-23,holdout,0.027296547892751537,0.0497963698524844,0.8,0.017176642801353892
2022-08-24,holdout,0.02716181490634567,0.04976294557359253,-0.5,-0.029982967393908933
2022-08-25,holdout,0.02720326257833553,0.04993014962843813,-0.5,-0.0364604516129548
2022-08-26,holdout,0.02720900909050932,0.05013296053723456,-0.1,-0.010092193418894002
2022-08-29,holdout,0.027214753005976304,0.05033567980079429,-0.1,-0.004735390761050562
2022-08-30,holdout,0.027214753005976304,0.05033567980079429,-0.6,-0.007789578095850569
2022-08-31,holdout,0.027060296170744402,0.050196535403808216,0.7,0.03923611963838858
2022-09-01,holdout,0.02698469711838147,0.05002885152221122,-0.1,-0.005333170529702946
2022-09-02,holdout,0.027311339591492314,0.05036217438018175,-0.5,-0.008420846030118945
2022-09-05,holdout,0.02763783459621801,0.050695346753792024,0.6,0.015395371888627662
2022-09-06,holdout,0.0278838308102165,0.05088303747697475,0.8,0.07825912773310562
2022-09-07,holdout,0.02771572260895704,0.05083281179800496,0.8,0.05906833951143281
2022-09-08,holdout,0.027600097928727522,0.050855523807866704,0.8,0.051657873946578614
2022-09-09,holdout,0.027445798029202405,0.05071648183911063,-0.2,0.037743942957414456
2022-09-12,holdout,0.027330286353243513,0.050739209836782796,-0.1,0.04209504235911993
2022-09-13,holdout,0.027176116844019233,0.050600256776482215,0.9,0.06791427748471357
2022-09-14,holdout,0.0269696563964797,0.050613894561998246,0.3,0.04119389469269191
2022-09-15,holdout,0.026801981458767173,0.050563797431245845,0.9,0.05826241313480368
2022-09-16,holdout,0.02672526880464353,0.05054798944733765,-0.1,-0.0001707749613029108
2022-09-19,holdout,0.0267192495999578,0.050761829990254914,-0.1,0.004020063414288733
2022-09-20,holdout,0.02672931699960396,0.050959490336704175,0.7,0.02197295945025124
2022-09-21,holdout,0.026523189533172516,0.05097303189923781,0.8,0.02592509396639342
2022-09-22,holdout,0.026317154854256904,0.050986567366087206,0.9,0.021388680966078488
2022-09-23,holdout,0.026163490855287526,0.05107283128754926,0.9,0.04979019101217924
2022-09-26,holdout,0.026009895996475164,0.051159056395098386,0.9,0.08215980112880578
2022-09-27,holdout,0.025845859424434414,0.051145077972384906,0.7,0.10517265973653894
2022-09-28,holdout,0.025840047447950393,0.05135844764228093,0.8,0.03898966159427736
2022-09-29,holdout,0.025686628899386183,0.05144455038209684,0.7,0.07201880603441141
2022-09-30,holdout,0.025481060115886908,0.05145796161175047,0.7,0.11027673456915138
2022-10-03,holdout,0.025450365245948257,0.05164614833698129,0.7,0.09203277742923549
2022-10-04,holdout,0.025402676287948,0.05184933813875774,0.4,0.03659693488947863
2022-10-05,holdout,0.02535418597645561,0.05205696193436684,0.3,0.01506016799062243
2022-10-06,holdout,0.02530571744367936,0.05226449247877648,0.5,0.02242075780573438
2022-10-07,holdout,0.02507551858480112,0.052365016840590854,0.5,0.024309353438514314
2022-10-10,holdout,0.024888178668278423,0.05247084052341216,-0.3,0.013338844284677687
2022-10-11,holdout,0.024882593349905828,0.05268348171719057,0.9,0.04126081475464327
2022-10-12,holdout,0.02477016950661653,0.05282658082169113,0.8,0.04904638957686802
2022-10-13,holdout,0.024764613165318503,0.05303904681971229,0.7,0.07664578725997989
2022-10-14,holdout,0.024477628062391923,0.053269006973497735,0.7,0.08580782444025792
2022-10-17,holdout,0.024190771652336608,0.053498864006137986,0.9,0.06175595016108648
2022-10-18,holdout,0.024003214877700352,0.053753067354264834,1.0,0.03880967710940575
2022-10-19,holdout,0.02396982105993305,0.05393712090259422,1.0,0.037570571098515804
2022-10-20,holdout,0.024020466405875258,0.05409308390485669,1.0,0.047290613606696175
2022-10-21,holdout,0.024071089061250283,0.05424897703122209,0.7,0.021000732979584935
2022-10-24,holdout,0.024121689041303757,0.054404800328639515,-0.3,-0.00492901664924128
2022-10-25,holdout,0.02428422336977637,0.054448596835507256,-0.6,-0.01607137323967034
2022-10-26,holdout,0.02428422336977637,0.054448596835507256,0.6,0.016100037958693747
2022-10-27,holdout,0.02428422336977637,0.054448596835507256,0.9,0.010029465584820874
2022-10-28,holdout,0.02428422336977637,0.054448596835507256,-0.6,-0.028302067677975384
2022-10-31,holdout,0.02428422336977637,0.054448596835507256,-0.6,-0.03434862159141383
2022-11-01,holdout,0.02428422336977637,0.054448596835507256,-0.5,-0.027423238022791563
2022-11-02,holdout,0.02428422336977637,0.054448596835507256,0.7,0.008166216776271384
2022-11-03,holdout,0.02428422336977637,0.054448596835507256,0.5,0.005136966366459217
2022-11-04,holdout,0.02428422336977637,0.054448596835507256,0.3,-0.00017974292965916572
2022-11-07,holdout,0.02428422336977637,0.054448596835507256,-0.8,-0.018059720435470772
2022-11-08,holdout,0.02428422336977637,0.054448596835507256,-0.7,-0.055885746045807705
2022-11-09,holdout,0.02428422336977637,0.054448596835507256,-0.9,-0.04631371279366181
2022-11-10,holdout,0.02428422336977637,0.054448596835507256,-0.6,-0.08575623273012273
2022-11-11,holdout,0.02428422336977637,0.054448596835507256,-0.6,-0.0656575727299668
2022-11-14,holdout,0.02428422336977637,0.054448596835507256,-0.6,-0.040374860421674374
2022-11-15,holdout,0.02428422336977637,0.054448596835507256,-0.6,-0.014020537061564309
2022-11-16,holdout,0.02428422336977637,0.054448596835507256,-0.6,-0.027477606107761787
2022-11-17,holdout,0.02428422336977637,0.054448596835507256,-0.6,-0.051550601811272245
2022-11-18,holdout,0.02428422336977637,0.054448596835507256,-0.6,-0.05202479897764095
2022-11-21,holdout,0.024007793878135616,0.05461314241136914,-0.6,-0.04672365222722369
2022-11-22,holdout,0.02381394583493149,0.05463625825613878,0.1,-0.02748507919646276
2022-11-23,holdout,0.02381394583493149,0.05463625825613878,0.1,-0.0258377647445025
2022-11-24,holdout,0.02403238084369521,0.054624032644535254,-0.3,-0.041640123138754814
2022-11-25,holdout,0.023838614032956597,0.05464713571035126,-0.3,-0.03125198319945627
2022-11-28,holdout,0.02364493389938674,0.05467022844153708,-0.3,-0.03913530959855421
2022-11-29,holdout,0.023463109521455184,0.054705079981641716,-0.3,-0.02404507405070161
2022-11-30,holdout,0.023422564507736526,0.054881114004261045,-0.3,-0.035026982171674326
2022-12-01,holdout,0.023123232357939484,0.05524529134273031,0.1,-0.020458159263982978
2022-12-02,holdout,0.02268289902756841,0.055691634647222966,-0.3,-0.029706204228660604
2022-12-05,holdout,0.022818934784570387,0.05537346827383628,0.1,0.011670197120128067
2022-12-06,holdout,0.02294084868142002,0.055115837564888304,0.1,0.01867626963305724
2022-12-07,holdout,0.02294747903654864,0.05489196881575532,0.1,-0.013583617908321133
2022-12-08,holdout,0.02294747903654864,0.05489196881575532,0.1,-0.003417876239077855
2022-12-09,holdout,0.02294747903654864,0.05489196881575532,0.3,0.014012964743642331
2022-12-12,holdout,0.02294747903654864,0.05489196881575532,0.3,0.010372880429886988
2022-12-13,holdout,0.02294747903654864,0.05489196881575532,-0.3,-0.024431471062739185
2022-12-14,holdout,0.023224373525430154,0.054491938881823875,-0.3,-0.016259513139288972
2022-12-15,holdout,0.023224373525430154,0.054491938881823875,0.3,0.0023502570306370707
2022-12-16,holdout,0.023224373525430154,0.054491938881823875,-0.1,-0.007413769616038568
2022-12-19,holdout,0.023224373525430154,0.054491938881823875,-0.5,-0.01865756246297745
2022-12-20,holdout,0.023224373525430154,0.054491938881823875,-0.7,-0.05938099435895583
2022-12-21,holdout,0.023224373525430154,0.054491938881823875,-0.5,-0.03172365775180214
2022-12-22,holdout,0.023224373525430154,0.054491938881823875,-0.7,-0.05366185912474597
2022-12-23,holdout,0.023224373525430154,0.054491938881823875,-0.9,-0.05507185186872088
2022-12-26,holdout,0.023224373525430154,0.054491938881823875,-0.9,-0.048071968396731446
2022-12-27,holdout,0.023224373525430154,0.054491938881823875,-0.9,-0.03836050275753833
2022-12-28,holdout,0.023224373525430154,0.054491938881823875,-0.9,-0.048707863481304736
2022-12-29,holdout,0.023224373525430154,0.054491938881823875,-0.9,-0.05190958597422479
2022-12-30,holdout,0.023224373525430154,0.054491938881823875,-0.9,-0.0448408878085077
2023-01-03,holdout,0.023451157300597356,0.05433971948020022,-0.9,-0.043721948476568295
2023-01-04,holdout,0.02369257930474691,0.054127919310241406,-0.9,-0.05110445401556729
2023-01-05,holdout,0.023919157418751766,0.05397584905149477,-0.5,-0.055649622595170034
2023-01-06,holdout,0.024145634449502545,0.05382384663582588,-0.2,-0.016061532523057642
2023-01-09,holdout,0.024344680174796296,0.05379325850469984,-0.1,0.012260862145372475
2023-01-10,holdout,0.02453248886743662,0.05370694265367686,-0.1,0.011182969615669336
2023-01-11,holdout,0.024749935927430505,0.0534720547930764,-0.1,0.004532692733571264
2023-01-12,holdout,0.02496728606428644,0.05323727162953883,-0.3,-0.01979381987637857
2023-01-13,holdout,0.025165971309518698,0.05320684145909256,-0.1,0.0002738731527882621
2023-01-16,holdout,0.02538313193074625,0.05306132868532132,-0.6,-0.02862005290462377
2023-01-17,holdout,0.02551110896149664,0.05282679386824218,-0.6,-0.029531195838077395
2023-01-18,holdout,0.02563204335072374,0.05257053334507262,-0.6,-0.03170931822243023
2023-01-19,holdout,0.025759907989336667,0.05233621221120239,-0.9,-0.09740659115152767
2023-01-20,holdout,0.02588073317139566,0.05208017494703647,-0.7,-0.07822500210886574
2023-01-23,holdout,0.02588806356664274,0.05185915655684171,-0.9,-0.05268037963156713
2023-01-24,holdout,0.0258953907003124,0.051638236506308874,-0.6,-0.020678603591045508
2023-01-25,holdout,0.025849191062296717,0.05144477119165405,-0.9,-0.03938086091425608
2023-01-26,holdout,0.025713726858517392,0.05130361528671186,-0.6,-0.01623579169404693
2023-01-27,holdout,0.02569874677992131,0.051116205264045485,-0.6,-0.0031808363885414415
2023-01-30,holdout,0.02568377336061778,0.05092887855323625,-0.4,-0.017319650830244837
2023-01-31,holdout,0.0255484362257969,0.05078793139503924,-0.4,-0.012895405497981016
2023-02-01,holdout,0.025468702440069477,0.050613720938534376,-0.7,-0.016053017934155867
2023-02-02,holdout,0.025240921742059687,0.05060247844165776,-0.5,-0.015714814965043677
2023-02-03,holdout,0.025037917120556037,0.05056656603003156,0.4,-0.003786659310247853
2023-02-06,holdout,0.02481033321355769,0.050555338994944965,-0.3,-0.009957945373911925
2023-02-07,holdout,0.024582850342700073,0.050544116944113676,-0.1,-0.01559221122136134
2023-02-08,holdout,0.024355468440715452,0.050532899874219286,-0.4,-0.013142653546444671
2023-02-09,holdout,0.024155081631922776,0.050474622946774114,0.6,0.00908045986730649
2023-02-10,holdout,0.023927895500238678,0.0504634262691018,0.3,0.0097725145745588
2023-02-13,holdout,0.023714251269834112,0.05036486720496153,0.1,0.0036417983347290517
2023-02-14,holdout,0.02351650268460092,0.05022943385071662,0.3,0.019588481116760093
2023-02-15,holdout,0.02336798103770461,0.050099621620788834,0.1,0.01767508545108759
2023-02-16,holdout,0.02324346208391488,0.04996917810126704,0.7,0.033764947620910646
2023-02-17,holdout,0.023048384237864192,0.04992645124087298,0.3,0.025667260678419013
2023-02-20,holdout,0.022924679780710583,0.04977217762596258,0.7,0.05404762536075591
2023-02-21,holdout,0.022771946370644718,0.049598732330069055,0.9,0.0537424636992575
2023-02-22,holdout,0.022600827693414725,0.04942167326622271,0.7,0.04495137118081949
2023-02-23,holdout,0.0224482336056662,0.049248382363721144,0.0,0.03442867083342288
2023-02-24,holdout,0.022295707067314645,0.04907516817255314,-0.2,-0.038742187357441005
2023-02-27,holdout,0.02206948540166576,0.04897579327364353,-0.3,0.021901679568741783
2023-02-28,holdout,0.02184336383409902,0.04874371898309626,0.7,0.031537807242150606
2023-03-01,holdout,0.02182552112380354,0.04852475853417537,0.2,0.03915042849486733
2023-03-02,holdout,0.0219952796738006,0.048560583734806796,0.3,0.018943733501997684
2023-03-03,holdout,0.022068449228697086,0.048692907024613256,-0.2,-0.003031556270434055
2023-03-06,holdout,0.022059236962480033,0.04861279685723468,-0.3,0.01587930779850949
2023-03-07,holdout,0.022298619044454012,0.04879978559651601,-0.1,0.028855326227550937
2023-03-08,holdout,0.022129066093004576,0.048585386919307104,-0.3,0.03707203161115569
2023-03-09,holdout,0.022262779791767367,0.04880421402320708,0.1,0.01414540924034735
2023-03-10,holdout,0.022478711156654344,0.04901428376392634,0.1,-0.004437469407581163
2023-03-13,holdout,0.022763817533125844,0.04922859013605558,-0.5,-0.020456198278416382
2023-03-14,holdout,0.022979542959718973,0.04943847344949133,0.1,-0.0020998143325238194
2023-03-15,holdout,0.023427490882029202,0.049857350065603254,0.1,-0.008951872783638626
2023-03-16,holdout,0.023504525641236135,0.05005834895431903,0.3,0.011320660057867582
2023-03-17,holdout,0.02371994489434859,0.050267910315679204,-0.9,-0.0262061727246804
2023-03-20,holdout,0.023796881170200707,0.050468729990008676,-0.7,-0.016739630583712306
2023-03-21,holdout,0.02380460479715585,0.05066513743005239,0.1,0.00493909056028119
2023-03-22,holdout,0.024066227749314648,0.051048472647596585,-0.3,-0.010899841850834258
2023-03-23,holdout,0.024176928556395177,0.0511416257747464,-0.9,-0.021295095676128306
2023-03-24,holdout,0.02409382628556508,0.05098776935136514,-0.2,-0.0021511135027153516
2023-03-27,holdout,0.02410147768524038,0.050963576511805074,0.1,-0.001698755909728289
2023-03-28,holdout,0.02415668116476462,0.051080636865528814,0.5,0.013231621229866486
2023-03-29,holdout,0.024043412554415326,0.051103931758334914,0.7,0.010230731668069482
2023-03-30,holdout,0.023895373131054238,0.051201554295267356,0.1,0.004769687830650127
2023-03-31,holdout,0.02398279493568728,0.051062846630130596,0.3,0.006077149012220173
2023-04-03,holdout,0.023950915112664655,0.05099356865689856,0.3,0.007970031097326302
2023-04-04,holdout,0.02379896404956689,0.05101901928352336,0.1,0.00544175979361361
2023-04-05,holdout,0.023706656021106068,0.05101237922942082,0.6,0.012405401984003084
2023-04-06,holdout,0.023577734390135954,0.05109737760654212,1.0,0.027656391374859146
2023-04-07,holdout,0.023655004017578758,0.0510586578665231,-0.5,-0.01150957530025587
2023-04-10,holdout,0.023649803972729873,0.05093751944975754,0.1,0.00251288095884461
2023-04-11,holdout,0.02372702379603257,0.05089885186306528,-0.2,0.0020979451776472757
2023-04-12,holdout,0.023598211002405667,0.05098380047834477,-0.7,-0.022678654403358534
2023-04-13,holdout,0.023565566404206543,0.05105498154150857,-0.3,-0.005269294082057008
2023-04-14,holdout,0.023444113004006655,0.050927490492475545,-0.3,0.000746546585415564
2023-04-17,holdout,0.023377206084155094,0.05079965178134413,-0.5,-0.021474036399311225
2023-04-18,holdout,0.023325505004417362,0.05081511006222904,-0.5,-0.029448589237272504
2023-04-19,holdout,0.023274658024975362,0.05068506577409715,0.0,-0.011898953431052572
2023-04-20,holdout,0.02322965191572736,0.05049439935233811,0.0,-0.030968117761546454
2023-04-21,holdout,0.0232068266123654,0.05044121515065503,0.1,-0.019920625068559683
2023-04-24,holdout,0.02317514884359495,0.050476679067516295,0.1,-0.03066118433214826
2023-04-25,holdout,0.023115242012708197,0.05052043418175588,0.1,-0.03790164308716859
2023-04-26,holdout,0.02306906458626384,0.05071490459741434,0.1,-0.032944012727321614
2023-04-27,holdout,0.023170287606926316,0.050670575343553625,0.1,-0.032249020469795386
2023-04-28,holdout,0.023102594296972073,0.05081600929905268,0.1,-0.038782318396533844
2023-05-01,holdout,0.023144009419194738,0.050831433512881136,0.1,-0.0291489962134181
2023-05-02,holdout,0.023133723869747044,0.05088810216041913,0.2,-0.013499935616001546
2023-05-03,holdout,0.02333478448006647,0.050864074207819,0.1,-0.04493723106626524
2023-05-04,holdout,0.023418302570778496,0.051014551800086884,0.2,-0.030605383800186348
2023-05-05,holdout,0.023522633064961777,0.0508939268982042,0.2,-0.02834725396003951
2023-05-08,holdout,0.023620905080602512,0.05093570065939046,0.2,-0.027573076946222796
2023-05-09,holdout,0.023849142665194646,0.050997494452098106,0.1,-0.058727844298111564
2023-05-10,holdout,0.024004356883236242,0.0509134142009965,0.7,0.08549390247048433
2023-05-11,holdout,0.0242049632073187,0.05091514432243368,0.7,0.08921604335697603
2023-05-12,holdout,0.02443549598871859,0.050959751104953224,0.7,0.07446852309099261
2023-05-15,holdout,0.024538265992766862,0.05087173009429443,0.5,0.04120214612823686
2023-05-16,holdout,0.0246409910700374,0.050783747562765984,0.5,0.03712777394381206
2023-05-17,holdout,0.024822918925385483,0.050741430934614785,0.5,0.035356154885057556
2023-05-18,holdout,0.024949496104267128,0.05061655115216603,0.3,0.02885780444906949
2023-05-19,holdout,0.025136005143734933,0.05055915976656678,0.6,0.053994810856231035
2023-05-22,holdout,0.0253489040288313,0.050548118237899696,0.6,0.06260255110099194
2023-05-23,holdout,0.02556170994498221,0.050427911225183995,0.6,0.05444598428776637
2023-05-24,holdout,0.025708935068329736,0.0503295859880687,0.6,0.0560202637022596
2023-05-25,holdout,0.025859213719402932,0.05025624598987962,0.6,0.046393046355706735
2023-05-26,holdout,0.026080325757926848,0.050108371840549046,0.6,0.033613533252440486
2023-05-29,holdout,0.02629278641984702,0.049988365651229556,0.5,0.04562352192067487
2023-05-30,holdout,0.02629278641984702,0.049988365651229556,0.5,0.03171825636601905
2023-05-31,holdout,0.026413321770338016,0.049885630428278586,0.3,0.025042812860145702
2023-06-01,holdout,0.026774812656632268,0.04958783821194355,0.5,0.0591696608786067
2023-06-02,holdout,0.027136145927541176,0.04929017583742945,0.9,0.07678693596069797
2023-06-05,holdout,0.027497321686126234,0.048992643219835375,0.6,0.054979161871830495
2023-06-06,holdout,0.027675059740869278,0.048875147311870405,0.6,0.039805199106835
2023-06-07,holdout,0.02751996484194626,0.049151163504979854,0.5,0.05187012879342179
2023-06-08,holdout,0.02751996484194626,0.049151163504979854,0.6,0.04354873202563786
2023-06-09,holdout,0.02751996484194626,0.049151163504979854,0.7,0.04900264170852259
2023-06-12,holdout,0.027800572445701926,0.04899142451787013,0.6,0.03383668024595049
2023-06-13,holdout,0.028081057833602298,0.04883175510348997,0.6,0.02367908242203426
2023-06-14,holdout,0.028361421085474847,0.04867215521639672,0.8,0.0348608831605956
2023-06-15,holdout,0.02873331500889184,0.0483866023104426,1.0,0.028489867202346975
2023-06-16,holdout,0.02873331500889184,0.0483866023104426,1.0,0.041963412961750324
2023-06-19,holdout,0.02873331500889184,0.0483866023104426,1.0,0.054484125274705086
2023-06-20,holdout,0.02873331500889184,0.0483866023104426,1.0,0.05908707651668793
2023-06-21,holdout,0.02873331500889184,0.0483866023104426,1.0,0.060681028446121166
2023-06-22,holdout,0.02902486837942997,0.04823862286546352,0.9,0.04108188463466628
2023-06-23,holdout,0.02931629487730903,0.048090707815369116,1.0,0.0518433638820352
2023-06-26,holdout,0.02948165432680505,0.04803445003342332,0.8,0.044933401834512054
2023-06-27,holdout,0.02948165432680505,0.04803445003342332,0.1,0.0058046904849933245
2023-06-28,holdout,0.0292534921916454,0.04830971994211463,0.7,0.01411831265280139
2023-06-29,holdout,0.028846586613182793,0.04876842509908353,0.1,0.0043818617789775915
2023-06-30,holdout,0.028846586613182793,0.04876842509908353,-0.9,-0.013005619501678778
2023-07-03,holdout,0.028846586613182793,0.04876842509908353,-0.3,-0.0029824017246069534
2023-07-04,holdout,0.028846586613182793,0.04876842509908353,-0.3,-0.0009041371894232819
2023-07-05,holdout,0.029011940330051778,0.04871205667715124,-0.8,-0.014379409168023938
2023-07-06,holdout,0.029011940330051778,0.04871205667715124,-1.0,-0.020850464678793146
2023-07-07,holdout,0.02897131727480897,0.048884495974365054,-0.7,-0.02559492259370244
2023-07-10,holdout,0.02897131727480897,0.048884495974365054,-0.7,-0.011701111630517791
2023-07-11,holdout,0.02897131727480897,0.048884495974365054,-0.2,-0.006289240174577437
2023-07-12,holdout,0.029170882051814145,0.04886243685334773,-0.7,-0.023976649592844568
2023-07-13,holdout,0.029164544688778774,0.04906907112733136,-0.9,-0.02419994732062225
2023-07-14,holdout,0.02915821007872474,0.04927561563838102,-0.1,0.002573997543669715
2023-07-17,holdout,0.029151878219858568,0.049482070444974206,-0.2,-0.002514697768413676
2023-07-18,holdout,0.02914554911038834,0.04968843560553761,-1.0,-0.018798876096931483
2023-07-19,holdout,0.029139222748523704,0.049894711178447196,-0.9,-0.02361795635841457
2023-07-20,holdout,0.029349913021364735,0.049883883333139374,-0.6,-0.016310315820256382
2023-07-21,holdout,0.029343545064536496,0.05009002699047651,0.1,-0.005428935562261483
2023-07-24,holdout,0.029343545064536496,0.05009002699047651,0.1,0.009005555193682124
2023-07-25,holdout,0.02980526983498716,0.049679572480682936,0.7,0.015206423918308731
2023-07-26,holdout,0.02976456282855101,0.049851427976383915,0.9,0.04711877456254798
2023-07-27,holdout,0.02976456282855101,0.049851427976383915,0.7,0.023325668506115227
2023-07-28,holdout,0.02976456282855101,0.049851427976383915,0.9,0.053011696718357815
2023-07-31,holdout,0.02976456282855101,0.049851427976383915,0.9,0.05066800131650151
2023-08-01,holdout,0.029952111024404596,0.04960096947988107,0.9,0.05271130627507059
2023-08-02,holdout,0.029740248780295107,0.04960162645136763,0.7,0.056551523007413174
2023-08-03,holdout,0.029733803126029766,0.04937414452105741,0.7,0.06853744329487177
2023-08-04,holdout,0.029564846722318815,0.04930927471726086,0.6,0.06449924904893861
2023-08-07,holdout,0.02939596352328885,0.04924443301996509,0.7,0.0397345633404001
2023-08-08,holdout,0.029227153481373475,0.04928791484084013,0.7,0.04586106175728838
2023-08-09,holdout,0.029058416549047495,0.049223105851052155,0.7,0.045371783391469356
2023-08-10,holdout,0.028835628409504512,0.04921244919250029,0.6,0.061495601861370486
2023-08-11,holdout,0.02865537793395539,0.049388538510432484,0.7,0.043079327400733336
2023-08-14,holdout,0.02857704235480211,0.04944998512259931,0.6,0.022939904040835957
2023-08-15,holdout,0.02845631781844108,0.04932474458823573,0.7,0.021294243049357064
2023-08-16,holdout,0.028233852683719377,0.04931407516479029,0.7,0.02151378395892667
2023-08-17,holdout,0.028011483770941755,0.04930341035614739,0.7,0.03638370987045231
2023-08-18,holdout,0.027748670477153445,0.0494684258349893,0.7,0.02704896147319319
2023-08-21,holdout,0.027526502584702697,0.04967390174812484,0.7,0.01063913245910092
2023-08-22,holdout,0.02750704580869563,0.049865781172860495,0.9,0.017662833845838333
2023-08-23,holdout,0.027501102194648807,0.05007108243016973,-0.3,-0.007558267658876294
2023-08-24,holdout,0.027481659312342768,0.05026279314902258,0.3,0.0034917432907923263
2023-08-25,holdout,0.027403729508315627,0.05050391709578665,-0.6,-0.02262223766593069
2023-08-28,holdout,0.027397812054308215,0.05070894756067636,-0.6,-0.014022107226019709
2023-08-29,holdout,0.027391897155332762,0.05091388949773148,-0.3,-0.01538807470822745
2023-08-30,holdout,0.027534376780380173,0.050943370635331796,-0.6,-0.02675863525027755
2023-08-31,holdout,0.027676794912279104,0.05097283904909197,-0.6,-0.029234943393165125
2023-09-01,holdout,0.027778698516397273,0.051069716537970274,-0.5,-0.028611899604419455
2023-09-04,holdout,0.02792100250722635,0.05109914498565406,-0.6,-0.019922182797133647
2023-09-05,holdout,0.028063245120444547,0.05112856074045551,-0.6,-0.034749753469732914
2023-09-06,holdout,0.028205426395752773,0.05115796381058478,-0.8,-0.027259168045392468
2023-09-07,holdout,0.028259973620069274,0.05126145422580129,-0.9,-0.042424065982676284
2023-09-08,holdout,0.0284020512119615,0.051290815981356076,-0.9,-0.03871856923116451
2023-09-11,holdout,0.028456532562702298,0.0513942331724827,-0.8,-0.016765467009092705
2023-09-12,holdout,0.02859850659704898,0.05142355367373808,-0.1,-0.0034384407803899064
2023-09-13,holdout,0.028740419475231826,0.051452861545012316,-0.1,-0.0017366011075385934
2023-09-14,holdout,0.0288822712367574,0.051482156794464294,-0.8,-0.019880186451064874
2023-09-15,holdout,0.029024061921098247,0.051511439430245894,0.1,0.0012097515069610654
2023-09-18,holdout,0.029004362381296032,0.051702138646898876,0.7,0.009609756493048738
2023-09-19,holdout,0.028998120857220006,0.051906205326768276,0.9,0.008014835371853102
2023-09-20,holdout,0.028743119110047625,0.0520227810140904,0.4,0.01641759238768753
2023-09-21,holdout,0.028535280194343163,0.05224013468562964,0.9,0.03869490015318372
2023-09-22,holdout,0.028327530671720724,0.05224234110827789,0.7,0.04147803580788234
2023-09-25,holdout,0.028119870484519752,0.0522445465821312,0.7,0.06457922867856941
2023-09-26,holdout,0.02786527678923073,0.05236094930212644,0.9,0.0636931035330493
2023-09-27,holdout,0.027657805205996425,0.052363128337307586,0.9,0.06407840243297613
2023-09-28,holdout,0.027450422781156284,0.052365306436074815,0.8,0.05667483417070923
2023-09-29,holdout,0.027330401208056142,0.0522936382714269,-0.5,-0.007355035338182825
2023-10-02,holdout,0.027284260657968504,0.052134747885200214,0.0,-0.061914146852245555
2023-10-03,holdout,0.027077092038544418,0.052136973621106336,0.6,0.020348256780543028
2023-10-04,holdout,0.027035498273257765,0.05198265768287366,0.3,-0.034426006238657436
2023-10-05,holdout,0.02681505708453202,0.05197150021181059,0.6,0.04656799229645714
2023-10-06,holdout,0.026820597110682843,0.051757049584929805,0.6,0.0348264301305522
2023-10-09,holdout,0.026827463219307835,0.05154401943685575,0.6,0.015232790709385657
2023-10-10,holdout,0.02726199863666692,0.05111525228960361,0.7,0.011144368536810056
2023-10-11,holdout,0.027696347678123217,0.050686669044194596,0.6,0.009480488436090895
2023-10-12,holdout,0.02748728576372983,0.050687086048890814,0.6,0.01670849456357365
2023-10-13,holdout,0.02748728576372983,0.050687086048890814,0.7,0.0296068673891266
2023-10-16,holdout,0.02744754685213158,0.05085673624762801,1.0,0.0197496693607625
2023-10-17,holdout,0.02744754685213158,0.05085673624762801,0.9,0.034989289512858124
2023-10-18,holdout,0.027825177828847907,0.0505864012600504,0.0,0.01857081301333724
2023-10-19,holdout,0.027825177828847907,0.0505864012600504,0.0,0.012086082970964973
2023-10-20,holdout,0.02780135984916885,0.05077197663296804,0.0,0.006892353795019457
2023-10-23,holdout,0.028099828416377454,0.05063707531654687,0.0,-0.009450695437699164
2023-10-24,holdout,0.028099828416377454,0.05063707531654687,0.0,-0.010894538611460391
2023-10-25,holdout,0.028307988658738476,0.05062622993738291,0.0,0.015398282954929898
2023-10-26,holdout,0.0285328544797,0.05056080634193929,0.0,0.02238667323112703
2023-10-27,holdout,0.028357729979873354,0.05059505286504944,0.0,0.035904085206537706
2023-10-30,holdout,0.028110864027394784,0.05077150940339169,0.4,0.04386566730276581
2023-10-31,holdout,0.02783453859217882,0.05113232057305994,0.7,0.052278637950815
2023-11-01,holdout,0.027610438810037302,0.05140245176039906,0.7,0.04829546972238996
2023-11-02,holdout,0.027334338631738505,0.051762973611415686,0.4,0.029812079473806596
2023-11-03,holdout,0.027334338631738505,0.051762973611415686,0.7,0.04486592978034892
2023-11-06,holdout,0.027508583910721855,0.05171813663313221,0.9,0.051658445897542093
2023-11-07,holdout,0.027468942405322494,0.05188713110106567,0.9,0.06299629144774743
2023-11-08,holdout,0.027468942405322494,0.05188713110106567,0.7,0.06623095934506035
2023-11-09,holdout,0.02738343193888103,0.052081422931468495,0.9,0.07680008006054989
2023-11-10,holdout,0.02738343193888103,0.052081422931468495,0.9,0.06219382805058887
2023-11-13,holdout,0.02737757952769512,0.05228401292443035,0.9,0.05151269685496496
2023-11-14,holdout,0.027248022914885556,0.052576484851493285,0.7,0.03911856735975666
2023-11-15,holdout,0.027248022914885556,0.052576484851493285,0.7,0.08245964694605507
2023-11-16,holdout,0.027248022914885556,0.052576484851493285,0.7,0.06771442232496605
2023-11-17,holdout,0.027248022914885556,0.052576484851493285,1.0,0.08206695823909549
2023-11-20,holdout,0.027248022914885556,0.052576484851493285,0.9,0.08887035350439765
2023-11-21,holdout,0.027248022914885556,0.052576484851493285,0.9,0.09677155691511413
2023-11-22,holdout,0.027248022914885556,0.052576484851493285,1.0,0.08985790694746615
2023-11-23,holdout,0.027248022914885556,0.052576484851493285,1.0,0.09970966769673667
2023-11-24,holdout,0.027248022914885556,0.052576484851493285,0.9,0.08796912082334846
2023-11-27,holdout,0.027248022914885556,0.052576484851493285,0.9,0.07823110513668946
2023-11-28,holdout,0.027248022914885556,0.052576484851493285,0.9,0.0813725192176763
2023-11-29,holdout,0.027248022914885556,0.052576484851493285,0.9,0.07762779939034653
2023-11-30,holdout,0.027248022914885556,0.052576484851493285,0.8,0.05528420844269849
2023-12-01,holdout,0.027248022914885556,0.052576484851493285,0.8,0.03179778150928447
2023-12-04,holdout,0.027118521656322017,0.05286883181725433,0.9,0.04631514887731014
2023-12-05,holdout,0.026989075716536158,0.05316105390178267,0.7,0.01930606523342987
2023-12-06,holdout,0.02728676172035047,0.053026074524818584,0.7,0.024709862548393857
2023-12-07,holdout,0.027157335134069212,0.05331813826458248,0.7,0.02334664887528687
2023-12-08,holdout,0.027157335134069212,0.05331813826458248,0.9,0.0631451176890161
2023-12-11,holdout,0.02702796379926556,0.053610077323987905,1.0,0.06238623265852522
2023-12-12,holdout,0.027325450924271893,0.053475088539151144,0.9,0.07296684733503672
2023-12-13,holdout,0.02762281110789781,0.0533401573556734,0.9,0.03785240155230918
2023-12-14,holdout,0.02792004443137713,0.05320528373669372,0.9,0.04256361292531502
2023-12-15,holdout,0.02791409006063041,0.05340720199565369,0.6,0.03952987783674239
2023-12-18,holdout,0.02812135784526567,0.053395814532541615,0.8,0.022320948067736768
2023-12-19,holdout,0.028115363098336385,0.05359760608774679,0.8,0.032750355157507016
2023-12-20,holdout,0.028115363098336385,0.05359760608774679,0.9,0.039253197114627714
2023-12-21,holdout,0.0281093709067127,0.05379931162779628,0.9,0.05259873076987298
2023-12-22,holdout,0.02810338126876113,0.054000931207675296,0.9,0.07588732487451005
2023-12-25,holdout,0.02809739418284959,0.05420246488232215,0.9,0.07374738821302268
2023-12-26,holdout,0.02809140964734739,0.054403912706628366,0.6,0.04657444371570141
2023-12-27,holdout,0.02808542766062521,0.054605274735438705,0.6,0.02897800873611267
2023-12-28,holdout,0.028066924582687718,0.05479402738518382,0.9,0.052856625766931675
2023-12-29,holdout,0.02792651464825794,0.055073641481660274,1.0,0.08189783938665302
2024-01-02,holdout,0.027920571572146374,0.05527473242835496,0.8,0.09271480809602645
2024-01-03,holdout,0.027902115380447668,0.05546322215987834,0.9,0.0930438542507323
2024-01-04,holdout,0.027883667040776914,0.05565163170006731,0.9,0.10744750635764044
2024-01-05,holdout,0.02786522654812431,0.05583996110008606,0.9,0.12574031907597377
2024-01-08,holdout,0.02786522654812431,0.05583996110008606,0.9,0.0945607601989294
2024-01-09,holdout,0.02786522654812431,0.05583996110008606,0.9,0.06465024601571812
2024-01-10,holdout,0.02786522654812431,0.05583996110008606,0.7,0.05028842027874475
2024-01-11,holdout,0.02786522654812431,0.05583996110008606,0.7,0.04895236120906277
2024-01-12,holdout,0.02786522654812431,0.05583996110008606,0.7,0.0533956915127059
2024-01-15,holdout,0.02786522654812431,0.05583996110008606,0.6,0.051519684497306095
2024-01-16,holdout,0.02786522654812431,0.05583996110008606,0.6,0.03917013233771033
2024-01-17,holdout,0.02786522654812431,0.05583996110008606,0.6,0.034394151067766554
2024-01-18,holdout,0.02786522654812431,0.05583996110008606,0.6,0.037048669746029717
2024-01-19,holdout,0.02786522654812431,0.05583996110008606,0.5,0.012162006739617315
2024-01-22,holdout,0.02786522654812431,0.05583996110008606,-0.7,-0.027322245175709914
2024-01-23,holdout,0.02786522654812431,0.05583996110008606,-0.7,-0.033515300223666555
2024-01-24,holdout,0.02786522654812431,0.05583996110008606,-0.9,-0.030159288362270886
2024-01-25,holdout,0.02786522654812431,0.05583996110008606,-0.2,0.004461165663496969
2024-01-26,holdout,0.02786522654812431,0.05583996110008606,-0.2,0.001349475027800362
2024-01-29,holdout,0.02785930155842664,0.05604071807199759,-0.7,-0.010849412982603779
2024-01-30,holdout,0.02784087408585645,0.05622888468605291,-0.6,-0.035970522407752226
2024-01-31,holdout,0.027821673049918966,0.05641618991778807,-0.6,-0.014861134069386273
2024-02-01,holdout,0.02780248017421775,0.05660341554678982,-0.6,-0.0455461436061565
2024-02-02,holdout,0.02778407651804907,0.05679134268829002,-0.6,-0.06896405627274305
2024-02-05,holdout,0.027766995877550892,0.05698050519431474,-0.8,-0.07679981154757687
2024-02-06,holdout,0.027749922491518843,0.05716958735950019,-0.9,-0.06002446579541709
2024-02-07,holdout,0.027710507489537187,0.05733624036922384,-0.9,-0.04785143405497416
2024-02-08,holdout,0.027671109220734035,0.05750282262835963,-0.6,-0.021443378566059046
2024-02-09,holdout,0.02763172767445584,0.05766933418195248,-0.6,-0.046154520239389596
2024-02-12,holdout,0.027581195520103213,0.057824607755054235,-0.6,-0.05833333108039751
2024-02-13,holdout,0.027530684804933595,0.05797981545052633,-0.7,-0.02814109400734721
2024-02-14,holdout,0.027480195515305936,0.05813495731028456,-0.6,-0.03553033499187552
2024-02-15,holdout,0.027429727637590762,0.058290033376209124,-0.6,-0.04082810470480869
2024-02-16,holdout,0.027591280310173532,0.05823304453814135,-0.6,-0.04564664248062589
2024-02-19,holdout,0.027618898677390983,0.05804221403629818,-0.6,-0.03390188960047902
2024-02-20,holdout,0.02764650533943055,0.05785146441197223,-0.7,-0.010221689887589092
2024-02-21,holdout,0.027763306369744452,0.057538137272991105,0.7,0.010310982936891033
2024-02-22,holdout,0.02784661272967015,0.057403317212475526,-0.1,-0.0009490917218485384
2024-02-23,holdout,0.027929883805241786,0.05726855425490806,0.6,0.01733301594369363
2024-02-26,holdout,0.027957401241836505,0.057078129986982425,0.5,0.010751991260980587
2024-02-27,holdout,0.027773222015672297,0.05709947135168503,0.5,0.014366053553998448
2024-02-28,holdout,0.027589120748968896,0.05712080368300576,0.6,0.022428340953414283
2024-02-29,holdout,0.02740509739223871,0.057142126986678865,0.6,0.029295194232931754
2024-03-01,holdout,0.027221151896036012,0.05716344126843376,0.7,0.016521248159807267
2024-03-04,holdout,0.027015020429676313,0.05716248275271442,0.6,0.0069152107579946165
2024-03-05,holdout,0.027020437337800164,0.056950063445502457,0.7,0.02057962864703433
2024-03-06,holdout,0.027025851955476608,0.05673773395617939,0.7,0.016135781328842747
2024-03-07,holdout,0.027064638779368804,0.05655886872300106,-0.5,-0.015129913616699853
2024-03-08,holdout,0.027103409209844314,0.05638007908797707,0.7,0.012142878687637637
2024-03-11,holdout,0.027142163257294058,0.05620136500318972,0.9,0.06515533338901414
2024-03-12,holdout,0.027169783150319995,0.05601160863898163,0.7,0.022510497990985145
2024-03-13,holdout,0.027208506810856247,0.05583304785907677,0.6,0.017114192084550006
2024-03-14,holdout,0.027247214118495316,0.055654562484906675,0.6,0.02969485002647998
2024-03-15,holdout,0.027285905083593687,0.055476152468715956,0.5,0.03167425587459671
2024-03-18,holdout,0.027324579716499108,0.05529781776278957,0.1,0.0022779565212487363
2024-03-19,holdout,0.027353982984477616,0.05511030327637974,-0.1,0.002115056091180234
2024-03-20,holdout,0.02731305035796894,0.055274485350231425,-0.6,-0.030786224989835242
2024-03-21,holdout,0.027261149271624714,0.05526941796247563,-0.5,-0.03918276721041086
2024-03-22,holdout,0.027432984808083226,0.05522446558904572,-0.5,-0.06125425418857222
2024-03-25,holdout,0.027356921911574388,0.05535338024244603,-0.5,-0.04788651264956223
2024-03-26,holdout,0.02738409161606183,0.0554273466462735,-0.5,-0.021096263244749835
2024-03-27,holdout,0.027555792600580657,0.055382389410554136,-0.5,-0.04676687012783581
2024-03-28,holdout,0.027541723599553456,0.055502926408232525,-0.5,-0.04894811906418922
2024-03-29,holdout,0.027502659672769877,0.05566863155606266,-0.6,-0.040450239647659536
2024-04-01,holdout,0.027674227196671543,0.05562365190812708,-0.5,-0.032743119847391866
2024-04-02,holdout,0.02780878024772861,0.055647034307528744,-0.8,-0.04176002748848118
2024-04-03,holdout,0.02794327664486944,0.05567040686170962,-0.6,-0.026606999685672317
2024-04-04,holdout,0.027771225085017746,0.05570300124371925,-0.8,-0.017365161053277733
2024-04-05,holdout,0.027905672778953276,0.05572635218341263,-0.8,-0.025477767073584512
2024-04-08,holdout,0.02801309038166369,0.05582791649779893,-0.9,-0.04347887701155029
2024-04-09,holdout,0.028077314244295506,0.05592835937050309,-0.9,-0.0486191629757331
2024-04-10,holdout,0.028071409446347177,0.05604278032541992,-0.9,-0.04084077672130659
2024-04-11,holdout,0.028065507131493025,0.05615715316387125,-0.6,-0.045591595089359616
2024-04-12,holdout,0.02799492529108441,0.05629088251832654,-0.7,-0.03671607717345893
2024-04-15,holdout,0.027852775948158236,0.056382983109328474,-0.5,-0.02787545622688986
2024-04-16,holdout,0.0277252701392973,0.05645961047820211,-0.8,-0.032643525569167
2024-04-17,holdout,0.02761940548670701,0.056382723205092446,0.1,0.012567229220879272
2024-04-18,holdout,0.0274282749791113,0.05639559116048383,0.1,0.007884433372453148
2024-04-19,holdout,0.02725672899860108,0.056427957965319825,0.1,0.0008424164129487988
2024-04-22,holdout,0.027085255050835155,0.0564603111792237,0.1,0.0059120291471611575
2024-04-23,holdout,0.026913853090452838,0.056492650810753976,-0.3,-0.004172312208972517
2024-04-24,holdout,0.026742523072131538,0.056524976868462,-0.3,-0.00790960582842648
2024-04-25,holdout,0.02657126495058671,0.056557289360891924,0.1,-0.007748001223833512
2024-04-26,holdout,0.026389037862668004,0.056578547478676945,0.5,0.04841631928745338
2024-04-29,holdout,0.026500020773257953,0.05636860138137764,0.9,0.04471617052995802
2024-04-30,holdout,0.026455147629879206,0.056212621385281734,0.7,0.0400705993688496
2024-05-01,holdout,0.026410293301235625,0.05605670678960348,0.6,0.025277302173851268
2024-05-02,holdout,0.026351781973201985,0.05587221034630743,0.6,0.026044246222902245
2024-05-03,holdout,0.026136704064154793,0.05586050200382078,0.7,0.02900673915455898
2024-05-06,holdout,0.02597409423719813,0.05579642060805212,0.6,0.04268258114584417
2024-05-07,holdout,0.025811552533336127,0.05573236605828085,0.6,0.032960369938751954
2024-05-08,holdout,0.025649078909768936,0.05566833833764037,0.6,0.046914648129706915
2024-05-09,holdout,0.025499759588389168,0.05561742369393483,0.6,0.051798246195116804
2024-05-10,holdout,0.025377101158406346,0.05542404933935542,0.6,0.03165009946835451
2024-05-13,holdout,0.025148544488706664,0.05525896826303214,0.6,0.03998311895766615
2024-05-14,holdout,0.025031682827726952,0.05506605643316612,0.6,0.0431736624653129
2024-05-15,holdout,0.0248172410530768,0.05505453633767801,0.6,0.028252069940276237
2024-05-16,holdout,0.02461596156321002,0.05502994848234698,0.7,0.03534839260102651
2024-05-17,holdout,0.024414766255480363,0.0550053709105188,0.6,0.039171021421188446
2024-05-20,holdout,0.024213655077086997,0.054980803615743444,0.6,0.04421965939992367
2024-05-21,holdout,0.02399956359400232,0.054864795922679954,0.6,0.039337022504508656
2024-05-22,holdout,0.023785561595341086,0.05474883671768044,0.6,0.054233056117345635
2024-05-23,holdout,0.02357164902501193,0.054737397345194505,0.9,0.08878975739540157
2024-05-24,holdout,0.023392642343926,0.0546911462351022,0.9,0.0695992553321107
2024-05-27,holdout,0.023283328926560938,0.054784151425946996,0.8,0.08033222504282189
2024-05-28,holdout,0.02322626412620041,0.054929320740746336,0.8,0.08498084948675166
2024-05-29,holdout,0.02313790791239536,0.05504311420196957,0.8,0.08935560050337699
2024-05-30,holdout,0.023049588582837358,0.055156860160182467,0.8,0.10493647539494994
2024-05-31,holdout,0.023003042341480335,0.05531229487216908,0.8,0.0861791805573684
2024-06-03,holdout,0.022914788003416182,0.05542593720580727,0.9,0.08156024724545863
2024-06-04,holdout,0.022826570484016224,0.055539532129210305,0.9,0.09545826033198673
2024-06-05,holdout,0.02273838976024479,0.05565307967204051,0.9,0.08175091902663789
2024-06-06,holdout,0.02265024580908544,0.0557665798639354,0.9,0.08622654059890689
2024-06-07,holdout,0.022562138607540916,0.05588003273450786,0.9,0.09651028029398667
2024-06-10,holdout,0.02247406813263313,0.05599343831334603,0.9,0.10340093600957401
2024-06-11,holdout,0.022386034361403163,0.056106796630013375,0.9,0.07850200944071173
2024-06-12,holdout,0.022298037270911203,0.05630344104738212,0.9,0.08476197988678241
2024-06-13,holdout,0.022249210099615196,0.05647475628123767,0.5,0.050961923430688894
2024-06-14,holdout,0.02216127815248908,0.05658794354565225,0.8,0.05651410468579765
2024-06-17,holdout,0.022073382820789623,0.05670108367816408,0.6,0.04789773772167383
2024-06-18,holdout,0.02199072807832068,0.05687142067156996,0.5,0.051644706853089306
2024-06-19,holdout,0.021902904825859014,0.05698445471513467,0.6,0.02643728852238747
2024-06-20,holdout,0.02188610781498976,0.057168431414234354,0.6,0.012547326753830357
2024-06-21,holdout,0.021869317792683383,0.05735233156800469,-0.1,0.0024092868401588974
2024-06-24,holdout,0.021840300243470362,0.05752392071309796,0.6,0.02159777553897746
2024-06-25,holdout,0.02193361443250148,0.057609814727358946,0.6,0.025962962207742857
2024-06-26,holdout,0.022026889821454,0.057695673026853064,0.1,0.004485970615674961
2024-06-27,holdout,0.022061284564787724,0.057826582261310176,-0.6,-0.015278131445378762
2024-06-28,holdout,0.022095665012716904,0.05795743708627665,0.3,0.008212727260546893
2024-07-01,holdout,0.022201070393912243,0.058055391444809715,0.3,0.013183382312768666
2024-07-02,holdout,0.022248390487307774,0.05819912734189222,0.1,0.0007080402900898064
2024-07-03,holdout,0.022353720367727,0.058296990817980274,-0.3,-0.014134619022824868
2024-07-04,holdout,0.022390607053697158,0.05845099891789349,-0.6,-0.030692229610392974
2024-07-05,holdout,0.022489757851485468,0.05854266364720262,-0.6,-0.056262601286691416
2024-07-08,holdout,0.022588867490785702,0.058634290325565594,-0.6,-0.09439152719827926
2024-07-09,holdout,0.022687935997220483,0.058725878976670476,-0.6,-0.0715314366211216
2024-07-10,holdout,0.022786963396391184,0.05881742962418569,-0.5,-0.09146383021288373
2024-07-11,holdout,0.022955091662298036,0.058770658394919795,-0.5,-0.04506294581584169
2024-07-12,holdout,0.023157713999157784,0.05875847036953719,-0.5,-0.0410175152253503
2024-07-15,holdout,0.023222025759334887,0.05881540067494126,-0.5,-0.04066707525411378
2024-07-16,holdout,0.023389959280805454,0.05876865895285552,-0.5,-0.02806588148332484
2024-07-17,holdout,0.023341479223796067,0.05892010040886747,-0.1,-0.004293743717795284
2024-07-18,holdout,0.023293019257983123,0.05907147910422629,0.7,0.02066543189555664
2024-07-19,holdout,0.023391777696090025,0.05895565737663063,0.7,0.03177448917195025
2024-07-22,holdout,0.02362857862586852,0.058874404478803384,0.5,0.016545524805820555
2024-07-23,holdout,0.02369271297142815,0.05893124004079438,0.5,0.00479805865947841
2024-07-24,holdout,0.023584287979094523,0.059022558624636866,0.7,0.03622268810620638
2024-07-25,holdout,0.023622984321013462,0.05884692288817751,0.7,0.036452536638359956
2024-07-26,holdout,0.023622984321013462,0.05884692288817751,0.7,0.03305325538895776
2024-07-29,holdout,0.023622984321013462,0.05884692288817751,0.7,0.021166391202381674
2024-07-30,holdout,0.023622984321013462,0.05884692288817751,0.6,0.03212440399001004
2024-07-31,holdout,0.023622984321013462,0.05884692288817751,0.7,0.03205830536001991
2024-08-01,holdout,0.023661664646234582,0.05867135984862894,1.0,0.04403627437385338
2024-08-02,holdout,0.023700328964699972,0.05849586946086582,0.8,0.04413449812992293
2024-08-05,holdout,0.023700328964699972,0.05849586946086582,0.6,0.077316893865092
2024-08-06,holdout,0.023700328964699972,0.05849586946086582,0.6,0.06339623717471043
2024-08-07,holdout,0.023700328964699972,0.05849586946086582,0.6,0.07124914222673623
2024-08-08,holdout,0.023700328964699972,0.05849586946086582,0.8,0.04867001506457952
2024-08-09,holdout,0.023532109268139107,0.05852731969800455,0.9,0.038240197879561844
2024-08-12,holdout,0.023363959155734006,0.058558756925738045,0.8,0.04880231524744133
2024-08-13,holdout,0.02319587858431832,0.05859018115213667,0.9,0.05061917683358763
2024-08-14,holdout,0.022962581285066914,0.0587630458742688,0.9,0.05799703971439585
2024-08-15,holdout,0.02292519862319689,0.05892496034663003,0.9,0.06967126864271317
2024-08-16,holdout,0.022887831411900074,0.05908680789835792,0.9,0.06724617113851616
2024-08-19,holdout,0.02271998812354833,0.059324708623128816,0.9,0.07123341686543949
2024-08-20,holdout,0.022552214177600373,0.05956251106212207,0.9,0.06055531762598865
2024-08-21,holdout,0.02251494714930221,0.059724126665611485,0.9,0.04632936455452652
2024-08-22,holdout,0.022477695511063222,0.05988567552716265,0.9,0.05704468160069737
2024-08-23,holdout,0.022440459253352,0.06004715768811036,0.9,0.05378803069376642
2024-08-26,holdout,0.02240323836664499,0.06020857318975532,0.9,0.05408169436049726
2024-08-27,holdout,0.02246740058186717,0.06026493405647912,0.3,0.010290387882925023
2024-08-28,holdout,0.022600307383205072,0.06028688613665453,0.0,-0.002339834245398964
2024-08-29,holdout,0.022595645603629328,0.06048072134991017,-0.7,-0.04351358236597502
2024-08-30,holdout,0.022625357094877632,0.06060573391854634,-0.7,-0.0756597439494694
2024-09-02,holdout,0.022689420595132986,0.06066196641327103,-0.7,-0.18646713909389379
2024-09-03,holdout,0.022858337487023886,0.06061691246496029,-0.7,-0.17625620346571969
2024-09-04,holdout,0.02302718475117699,0.060571877087939055,-0.7,-0.18361821304767312
2024-09-05,holdout,0.02321765275783297,0.060548550597925604,-0.7,-0.18258588238706341
2024-09-06,holdout,0.0234188852150316,0.06053607664848227,-1.0,-0.17518214232588025
2024-09-09,holdout,0.0236091940792618,0.060512767141665404,-0.9,-0.2075369749678485
2024-09-10,holdout,0.023810263026115327,0.06050030569867906,-1.0,-0.2687486444456454
2024-09-11,holdout,0.02401124917743793,0.06048784938702605,-1.0,-0.18725862110696723
2024-09-12,holdout,0.024212152584359,0.060475398203537575,-1.0,-0.21561315450161167
2024-09-13,holdout,0.02441297329796584,0.06046295214504745,-1.0,-0.1846877737561865
2024-09-16,holdout,0.02461371136930371,0.06045051120839209,-1.0,-0.20453799502094783
2024-09-17,holdout,0.024814366849375855,0.060438075390410524,-0.9,-0.16712471187485478
2024-09-18,holdout,0.025014939789143566,0.060425644687944376,-0.9,-0.14788649446893143
2024-09-19,holdout,0.025215430239526222,0.06041321909783787,-0.6,-0.13370739131499232
2024-09-20,holdout,0.025415838251401323,0.06040079861693782,-0.7,-0.170211040351393
2024-09-23,holdout,0.025415838251401323,0.06040079861693782,-0.7,-0.17049950933438174
2024-09-24,holdout,0.025415838251401323,0.06040079861693782,-0.7,-0.125598909569534
2024-09-25,holdout,0.025415838251401323,0.06040079861693782,-0.6,-0.12446090790025288
2024-09-26,holdout,0.025415838251401323,0.06040079861693782,-0.7,-0.0696224303023204
2024-09-27,holdout,0.02544306926858338,0.06021528863507249,-0.5,-0.01632650720083495
2024-09-30,holdout,0.025470289093403257,0.06002985490063086,0.5,0.020495915846262425
2024-10-01,holdout,0.02549749773275988,0.05984449736661431,0.2,0.02306239622695483
2024-10-02,holdout,0.02552469519354652,0.05965921598606286,0.5,0.02988181593442879
2024-10-03,holdout,0.02555188148265076,0.059474010712055055,0.5,0.02579735803989608
2024-10-04,holdout,0.025546634689738515,0.059256459580492006,0.5,0.026600585213517547
2024-10-07,holdout,0.025552195138159296,0.05904980286100256,0.5,0.02000768591258667
2024-10-08,holdout,0.025546950434723714,0.05883242810672074,0.5,0.0347216750607004
2024-10-09,holdout,0.025541707883844435,0.05861514256842673,-0.3,-0.011282593232785021
2024-10-10,holdout,0.02553646748419654,0.05839794619120711,-0.8,-0.018354440578533637
2024-10-11,holdout,0.02553122923445619,0.05818083892019353,-0.9,-0.02944041568968725
2024-10-14,holdout,0.02552599313330064,0.05796382070056265,-0.9,-0.03665499554384399
2024-10-15,holdout,0.02553155097332813,0.05775768327145598,-0.9,-0.05252765703453888
2024-10-16,holdout,0.02553710653461842,0.057551630359540425,-0.9,-0.06742444182678431
2024-10-17,holdout,0.02557502192901376,0.057378024023289134,-1.0,-0.06715553725187112
2024-10-18,holdout,0.02560213662469267,0.05719370367755528,-0.5,-0.029585715227642084
2024-10-21,holdout,0.02562924021006809,0.057009458857470156,-0.2,-0.013032644715018749
2024-10-22,holdout,0.02565633269196732,0.0568252895166231,-0.2,-0.01283039201876146
2024-10-23,holdout,0.0258302715957781,0.05658326099122547,-0.2,0.0055849130426187665
2024-10-24,holdout,0.02596355116276661,0.05641449358158829,-0.2,-0.0016930686410189244
2024-10-25,holdout,0.02609470840237846,0.05623235482479916,0.6,0.0446916484059256
2024-10-28,holdout,0.026055256626883364,0.05639140127967196,0.7,0.03751375133217122
2024-10-29,holdout,0.025939086804232753,0.05652480458068561,-0.1,0.024115437631465342
2024-10-30,holdout,0.025899683008514484,0.056683726129121086,-0.1,0.0002071065633026392
2024-10-31,holdout,0.025860295332164475,0.05684258266567339,-0.2,0.027388573671519256
2024-11-01,holdout,0.02582092376529355,0.05700137423022711,-0.2,0.01932621352091235
2024-11-04,holdout,0.025781568298020606,0.0571601008626342,-0.2,0.03063739250856945
2024-11-05,holdout,0.025694532000330905,0.05727106568257234,-0.3,-0.0075622681675746595
2024-11-06,holdout,0.02549342268797986,0.05731896995418159,0.1,0.003591148464350269
2024-11-07,holdout,0.025317937041060917,0.057239147252242994,0.1,0.00861591849118798
2024-11-08,holdout,0.02520461125929443,0.05711930028350793,0.5,0.03658702629497329
2024-11-11,holdout,0.025049681123552475,0.05703955097108619,0.6,0.05204481365661634
2024-11-12,holdout,0.024894814263340736,0.05695983422934545,0.8,0.04007021866317356
2024-11-13,holdout,0.024685566649158754,0.05694820502676698,0.8,0.06406354356077465
2024-11-14,holdout,0.024685566649158754,0.05694820502676698,-0.1,0.004905493060692989
2024-11-15,holdout,0.024685566649158754,0.05694820502676698,0.1,-0.0049257017269664916
2024-11-18,holdout,0.024685566649158754,0.05694820502676698,0.2,-0.015882647381591286
2024-11-19,holdout,0.024685566649158754,0.05694820502676698,0.1,-0.012269871681627964
2024-11-20,holdout,0.0244563923722991,0.057052650678114936,-0.8,-0.029205373614276886
2024-11-21,holdout,0.0244563923722991,0.057052650678114936,-0.8,-0.0300081665297115
2024-11-22,holdout,0.0244563923722991,0.057052650678114936,-0.9,-0.04933176631079966
2024-11-25,holdout,0.024587455693583667,0.05707502088545954,-0.8,-0.03370568391615841
2024-11-26,holdout,0.024587455693583667,0.05707502088545954,-0.6,-0.036049903465347366
2024-11-27,holdout,0.024587455693583667,0.05707502088545954,-0.6,-0.017935068581576064
2024-11-28,holdout,0.024587455693583667,0.05707502088545954,-0.6,-0.02460564388221148
2024-11-29,holdout,0.024587455693583667,0.05707502088545954,-0.1,-0.0032236483297653495
2024-12-02,holdout,0.02435839495671775,0.057179398039121025,-0.9,-0.028953561006075768
2024-12-03,holdout,0.02415792744788665,0.05722723305924087,-0.7,-0.011022539581396651
2024-12-04,holdout,0.023961790811654164,0.05720281388056267,-0.1,0.003595849509928306
2024-12-05,holdout,0.023752989467687675,0.057191149358972015,0.7,0.038815346895035185
2024-12-06,holdout,0.023587194019435233,0.05713656883600597,0.5,0.024794620644522758
2024-12-09,holdout,0.0233034581354868,0.05699618654570748,0.7,0.04040203818320093
2024-12-10,holdout,0.02310564442462719,0.05697384544819513,0.6,0.047588725912179
2024-12-11,holdout,0.02290791132245171,0.056951513454634506,0.6,0.020080904680652878
2024-12-12,holdout,0.022654976323200855,0.05683169240891142,0.2,0.0011045117760135614
2024-12-13,holdout,0.02245942541152607,0.05680738860190349,0.2,-0.011326103329813264
2024-12-16,holdout,0.022346676597555078,0.05685309062010714,-0.3,-0.007654101081426279
2024-12-17,holdout,0.022172474641135923,0.05680758578352595,0.6,0.019195083191911433
2024-12-18,holdout,0.021998343599415087,0.0565585578469393,0.2,-0.0031957438497419166
2024-12-19,holdout,0.021824283429099103,0.05630963126482421,0.4,0.013977665232079106
2024-12-20,holdout,0.021670639966889046,0.05608115185527558,0.6,0.042072729020107946
2024-12-23,holdout,0.021647161398954364,0.055936251295500304,0.7,0.033067541236306564
2024-12-24,holdout,0.02163478335387129,0.055797266704959804,0.7,0.049268560615336854
2024-12-25,holdout,0.021622410342560114,0.05565833863519626,0.7,0.05288086344621801
2024-12-26,holdout,0.021610042361950826,0.055519467051738776,0.7,0.03766138687669168
2024-12-27,holdout,0.021741151431931463,0.055453982065210634,0.9,0.0649045877346286
2024-12-30,holdout,0.021726038095134206,0.05525019779308753,1.0,0.08622502310305824
2024-12-31,holdout,0.021689544642282267,0.05506788258362979,1.0,0.0663146931561523
2025-01-02,holdout,0.021528886443242443,0.05510357247763458,1.0,0.046349176501421285
2025-01-03,holdout,0.02137461671851895,0.05517458351181092,0.1,0.020464248677370622
2025-01-06,holdout,0.02121799243086037,0.05521414197201156,0.1,0.01686208813259077
2025-01-07,holdout,0.02101068061753701,0.05520293325459946,0.6,0.03356990378458924
2025-01-08,holdout,0.020815391973086884,0.05517979007159431,1.0,0.04120594917210646
2025-01-09,holdout,0.02067800045685858,0.055251029968089525,0.7,0.024712159310610327
2025-01-10,holdout,0.020511500558206344,0.05528039677069287,0.1,-0.0003918212678901689
2025-01-13,holdout,0.020355210192981556,0.0554213135259118,0.1,0.013946242988660318
2025-01-14,holdout,0.02015623645055234,0.0554856265873764,0.9,0.03895106536932236
2025-01-15,holdout,0.019945416483077117,0.055740744159073215,0.1,0.008150462538567438
2025-01-16,holdout,0.019738656820299277,0.05572944459609753,0.0,0.019088336673881656
2025-01-17,holdout,0.019531980967680652,0.05571814961340679,0.1,-0.0039758857618434895
2025-01-20,holdout,0.019409819809767578,0.05582506251790931,0.0,0.004903959137679603
2025-01-21,holdout,0.019372121980254526,0.055982580400975646,0.0,0.019578215915308284
2025-01-22,holdout,0.019266922036568025,0.05617379316573137,0.1,-0.00110639102198562
2025-01-23,holdout,0.01922926841390637,0.05633117662870577,0.2,-0.005485868379277448
2025-01-24,holdout,0.019191630038712895,0.056488496360777976,0.2,-0.016451541306463535
2025-01-27,holdout,0.01917509327149858,0.05666683877042154,0.0,-0.005758462522762964
2025-01-28,holdout,0.019171212459259866,0.05685775825255665,0.2,-0.013910074287235452
2025-01-29,holdout,0.019167333217564347,0.05704860047063586,0.2,-0.020318227803983013
2025-01-30,holdout,0.01916345554545883,0.05723936547155218,-0.5,-0.04834699847854551
2025-01-31,holdout,0.01898428278611172,0.057335662795148824,-0.5,-0.01729354967869029
2025-02-03,holdout,0.018805182492996897,0.05743192117139517,0.2,-0.01711599146737669
2025-02-04,holdout,0.01869354914972429,0.057595535151479124,-0.1,-0.03125333348022191
2025-02-05,holdout,0.01868977038498814,0.057786035346516225,-0.5,-0.04524215734822107
2025-02-06,holdout,0.01852178538693135,0.058014352639291784,-0.5,-0.05867763661494657
2025-02-07,holdout,0.018331829756937836,0.05815318547149555,-0.6,-0.0398667221611424
2025-02-10,holdout,0.018153042181902765,0.058249181460962585,-0.5,-0.06088493965539493
2025-02-11,holdout,0.018189771520989436,0.05839899984483232,-0.5,-0.06836164296294939
2025-02-12,holdout,0.018011084841226176,0.058494907424292836,-0.6,-0.04845235438457435
2025-02-13,holdout,0.01787284988231079,0.05855039670874854,0.1,-0.0521225810493518
2025-02-14,holdout,0.017694299313770426,0.05864623500843052,0.1,-0.04460775443345916
2025-02-17,holdout,0.01755618408350192,0.05870167135521657,0.1,-0.04072549577201251
2025-02-18,holdout,0.017418124589807377,0.05875708533059554,-0.6,-0.06209500650714539
2025-02-19,holdout,0.017239773814891807,0.05885282393216962,0.1,-0.046940807190798794
2025-02-20,holdout,0.016983190165315524,0.05905846704403264,0.1,-0.03546071612591534
2025-02-21,holdout,0.016752905190488884,0.05922300455824034,0.1,-0.0059475723809988
2025-02-24,holdout,0.01647280399597309,0.0594047709512176,0.1,-0.0053554760881774355
2025-02-25,holdout,0.016216530106680553,0.05961017845002788,0.2,0.0023869018881393367
2025-02-26,holdout,0.015960359511982648,0.05981550315661776,0.1,0.008823115559434158
2025-02-27,holdout,0.015960359511982648,0.05981550315661776,0.2,0.02695688234929866
2025-02-28,holdout,0.015960359511982648,0.05981550315661776,0.2,0.0024170314886701183
2025-03-03,holdout,0.015960359511982648,0.05981550315661776,0.2,0.015905083005546494
2025-03-04,holdout,0.01584049093895564,0.059888289199015975,0.2,0.022682392326409506
2025-03-05,holdout,0.01584049093895564,0.059888289199015975,0.2,0.03377003442641435
2025-03-06,holdout,0.01584049093895564,0.059888289199015975,0.7,0.06431105555874095
2025-03-07,holdout,0.01587971048465478,0.05971718485304306,0.7,0.04841016749228966
2025-03-10,holdout,0.01587971048465478,0.05971718485304306,1.0,0.07906213344489321
2025-03-11,holdout,0.01587971048465478,0.05971718485304306,1.0,0.08830451752270868
2025-03-12,holdout,0.015918914231946787,0.05954614943127799,0.2,0.02005142129819093
2025-03-13,holdout,0.016032290884018696,0.0594493715857262,0.5,0.05677866921638802
2025-03-14,holdout,0.016040248054276705,0.059448587648534695,0.2,0.06695313691124177
2025-03-17,holdout,0.01616310098872102,0.05941892567680349,0.2,0.059283102666036536
2025-03-18,holdout,0.016092765622586575,0.05933988517388337,0.2,0.044123074654302485
2025-03-19,holdout,0.01622976299307895,0.059334042748356026,1.0,0.09859688515225679
2025-03-20,holdout,0.01623767403563829,0.05933328264230235,1.0,0.09863895450801885
2025-03-21,holdout,0.016415421888808922,0.05934146178899538,1.0,0.11205958522991255
2025-03-24,holdout,0.016593098256818407,0.05934963764626685,1.0,0.16869795553451383
2025-03-25,holdout,0.016750598639155196,0.05937791475972759,0.7,0.08935254904008083
2025-03-26,holdout,0.01690762963399754,0.0593700402080577,1.0,0.09058148389473752
2025-03-27,holdout,0.017082867025326895,0.05938043833323917,0.6,0.06610913336265167
2025-03-28,holdout,0.01725803399777286,0.059390832279949624,0.1,0.027510789039134453
2025-03-31,holdout,0.017433130593773483,0.059401222050707185,0.1,0.025485739633663906
2025-04-01,holdout,0.017608156855732738,0.05941160764802801,0.1,0.02501507542873055
2025-04-02,holdout,0.01778311282602052,0.059421989074426224,0.1,0.020101558962024035
2025-04-03,holdout,0.01793011481099823,0.0594602500683884,-0.6,-0.042935567205308056
2025-04-04,holdout,0.01807705778273428,0.05949849570265809,-0.6,-0.11421962321635754
2025-04-07,holdout,0.0180734300368417,0.05968723772639827,-0.1,0.014677162267229926
2025-04-08,holdout,0.018069803746705897,0.059875904010963606,-0.3,-0.03130136051279364
2025-04-09,holdout,0.018069803746705897,0.059875904010963606,0.0,-0.0017053532005985028
2025-04-10,holdout,0.018069803746705897,0.059875904010963606,-0.9,-0.03886321955322447
2025-04-11,holdout,0.018069803746705897,0.059875904010963606,-0.9,-0.03133435586594424
2025-04-14,holdout,0.018069803746705897,0.059875904010963606,-1.0,-0.07192974449855044
2025-04-15,holdout,0.018069803746705897,0.059875904010963606,-1.0,-0.08316116578842936
2025-04-16,holdout,0.018069803746705897,0.059875904010963606,-1.0,-0.14221427987234792
2025-04-17,holdout,0.018069803746705897,0.059875904010963606,-1.0,-0.13869907291087447
2025-04-18,holdout,0.018069803746705897,0.059875904010963606,-1.0,-0.15154409711232525
2025-04-21,holdout,0.018069803746705897,0.059875904010963606,-1.0,-0.18992150816044634
2025-04-22,holdout,0.018266780716867038,0.059863892796518076,-1.0,-0.14405564673117932
2025-04-23,holdout,0.018266780716867038,0.059863892796518076,-1.0,-0.08089072684253629
2025-04-24,holdout,0.018266780716867038,0.059863892796518076,-0.9,-0.06068305969404553
2025-04-25,holdout,0.018266780716867038,0.059863892796518076,-0.9,-0.034842309332372534
2025-04-28,holdout,0.018266780716867038,0.059863892796518076,-0.9,-0.03699727241765888
2025-04-29,holdout,0.018266780716867038,0.059863892796518076,-0.5,-0.030963547912868816
2025-04-30,holdout,0.018266780716867038,0.059863892796518076,-0.3,-0.029917368774411812
2025-05-01,holdout,0.018266780716867038,0.059863892796518076,-0.3,-0.016837703597727183
2025-05-02,holdout,0.018266780716867038,0.059863892796518076,-0.1,-0.0005678687544354855
2025-05-05,holdout,0.018054690370498932,0.05997772895528174,-0.7,-0.033256456074495344
2025-05-06,holdout,0.018054690370498932,0.05997772895528174,-0.9,-0.08095966210078248
2025-05-07,holdout,0.018233362160898055,0.05994747292563178,-0.9,-0.0679433377658164
2025-05-08,holdout,0.018233362160898055,0.05994747292563178,-0.6,-0.043838194577778156
2025-05-09,holdout,0.018233362160898055,0.05994747292563178,-0.9,-0.062407766543209064
2025-05-12,holdout,0.018233362160898055,0.05994747292563178,-0.3,-0.011838509653088747
2025-05-13,holdout,0.018233362160898055,0.05994747292563178,-0.3,-0.015006021116323098
2025-05-14,holdout,0.018233362160898055,0.05994747292563178,0.1,0.008192880691664461
2025-05-15,holdout,0.018233362160898055,0.05994747292563178,0.1,0.005517593728004089
2025-05-16,holdout,0.018233362160898055,0.05994747292563178,0.3,0.034739932359906744
2025-05-19,holdout,0.018233362160898055,0.05994747292563178,0.1,0.014330960413991067
2025-05-20,holdout,0.018233362160898055,0.05994747292563178,0.3,0.009650320599747908
2025-05-21,holdout,0.018233362160898055,0.05994747292563178,-0.6,-0.021878129080967312
2025-05-22,holdout,0.01802922556062522,0.05993545458703402,-0.6,-0.020354657680227872
2025-05-23,holdout,0.017825170795028784,0.05992344106637115,-0.7,-0.030398483344739213
2025-05-26,holdout,0.017621197814909537,0.05991143236074663,-0.7,-0.03668770282948253
2025-05-27,holdout,0.017417306571107714,0.059899428467266216,-0.9,-0.017930136137296104
2025-05-28,holdout,0.017213497014502924,0.0599274934856021,-0.6,-0.016379625428374456
2025-05-29,holdout,0.01700976909601414,0.0599555472621922,-0.9,-0.03149735245938634
2025-05-30,holdout,0.01682280945729514,0.05996022843681598,-0.9,-0.0432882269810454
2025-06-02,holdout,0.017061789138242522,0.059589971397246935,-0.9,-0.043356752850674196
2025-06-03,holdout,0.01714864234140878,0.059334711940500134,-0.9,-0.02741148374601826
2025-06-04,holdout,0.017235460782436485,0.05907955464883507,-0.9,-0.03619393767575496
2025-06-05,holdout,0.017235460782436485,0.05907955464883507,-1.0,-0.05479456036467001
2025-06-06,holdout,0.017322244482191274,0.05882449946092819,-1.0,-0.0345361258630239
2025-06-09,holdout,0.01749776250532051,0.05859163535663619,-0.9,-0.02787202989928511
2025-06-10,holdout,0.017673210321240505,0.05835886439798592,-0.5,-0.020796574288342085
2025-06-11,holdout,0.017785442706383436,0.05826300127141584,-0.9,-0.03945164242956073
2025-06-12,holdout,0.017785442706383436,0.05826300127141584,-0.9,-0.03844612666584929
2025-06-13,holdout,0.017973967070841475,0.05817687331842119,-0.9,-0.045119866680570886
2025-06-16,holdout,0.018170254504966833,0.05806530488481767,-0.7,-0.030420869882542667
2025-06-17,holdout,0.01839144350286752,0.057978761058901436,-1.0,-0.04425072545383124
2025-06-18,holdout,0.018513133720028215,0.057759541389104545,-1.0,-0.04156290542028179
2025-06-19,holdout,0.018658706954852968,0.057583365726786344,-1.0,-0.04319705411133129
2025-06-20,holdout,0.01868651522924627,0.057403679561640615,-1.0,-0.04356160886367999
2025-06-23,holdout,0.018796327716417024,0.057172960133675774,-0.7,-0.02621585198843246
2025-06-24,holdout,0.018810724355105918,0.05698005458980982,-0.5,-0.0034024951125674052
2025-06-25,holdout,0.018824517042442642,0.05684365664949775,-1.0,-0.021740661992223798
2025-06-26,holdout,0.018838902309628165,0.056650893814586475,-0.2,-0.0030765802912013918
2025-06-27,holdout,0.018853281836483604,0.056458207900199904,-0.5,-0.005630457635877328
2025-06-30,holdout,0.018867655626444227,0.05626559886030541,0.6,0.017601974567417522
2025-07-01,holdout,0.01888202368294256,0.05607306664890708,0.2,0.019412890489250878
2025-07-02,holdout,0.018896386009408392,0.05588061122004571,0.1,-0.010846539916609
2025-07-03,holdout,0.0188926187873172,0.055670108705847134,0.4,0.011796858876090499
2025-07-04,holdout,0.018888853067008788,0.055459690107340885,0.5,0.00472764055688335
2025-07-07,holdout,0.018913557787971352,0.055277824314744185,-0.1,0.0006350456296536633
2025-07-08,holdout,0.01872299919905165,0.055055115045105865,-0.1,-0.0019913813106968714
2025-07-09,holdout,0.018747727116115016,0.05487340230164213,0.9,0.015908243316475446
2025-07-10,holdout,0.018772445183380705,0.05469176193927516,0.6,0.020967161870447892
2025-07-11,holdout,0.018786809310367105,0.05449984981840098,-0.4,-0.006869118436093946
2025-07-14,holdout,0.018777036298299937,0.05435024409536931,0.0,0.004593353613136397
2025-07-15,holdout,0.018773298830883873,0.05414038138754778,0.3,0.010744787005031564
2025-07-16,holdout,0.01876956285101703,0.05393060220717215,0.8,0.023122294781811603
2025-07-17,holdout,0.018765828357811497,0.053720906504385206,0.8,0.020421402792398458
2025-07-18,holdout,0.018762095350380065,0.05351129422936941,0.9,0.024100656072237103
2025-07-21,holdout,0.018658920709300034,0.053301765332346866,0.9,0.03461067889034808
2025-07-22,holdout,0.018468791673565438,0.05307989184550409,0.9,0.03605760570547362
2025-07-23,holdout,0.018465119945598525,0.0528705320260517,0.9,0.03912731192847052
2025-07-24,holdout,0.018289963869672306,0.052700229481696004,0.9,0.04269931889692735
2025-07-25,holdout,0.018062759981780876,0.05251586934070202,0.9,0.05272462486051077
2025-07-28,holdout,0.018183351525595345,0.05267928760628106,0.9,0.0731397606746379
2025-07-29,holdout,0.018291479584489744,0.052755731927376356,0.9,0.058903825793101494
2025-07-30,holdout,0.01835404996259279,0.05281145736956224,0.8,0.030605813781999336
2025-07-31,holdout,0.01856138633074954,0.05298713023346821,0.8,0.06203621733680931
2025-08-01,holdout,0.018520476784128388,0.053113100626512984,0.8,0.07396211521808072
2025-08-04,holdout,0.018640857793103354,0.053176992428691124,0.6,0.07518293856039548
2025-08-05,holdout,0.018537932439304364,0.05316643934426392,0.6,0.05351541363973511
2025-08-06,holdout,0.018545925613306837,0.05334263181078058,0.6,0.037206385520950236
2025-08-07,holdout,0.018511129209674355,0.0534292918874758,0.6,0.023516676386068136
2025-08-08,holdout,0.018606624820699805,0.053418695042595304,0.6,0.04099514684363481
2025-08-11,holdout,0.018801229892121442,0.05350724973324718,0.5,0.02343651150286985
2025-08-12,holdout,0.01902219184760146,0.053589160799253015,0.3,0.022775720578731118
2025-08-13,holdout,0.019216637399266948,0.0537767546226823,0.1,0.012350680552782656
2025-08-14,holdout,0.019411005881748267,0.053964274092634205,0.3,0.029047648006465532
2025-08-15,holdout,0.01955246067220826,0.05416492842046738,0.3,0.01536449288415831
2025-08-18,holdout,0.019693859418773458,0.054365503249755455,0.3,-0.0017375756427080447
2025-08-19,holdout,0.01983520215474386,0.05456599862773464,0.3,0.02365864085922642
2025-08-20,holdout,0.019976488913393087,0.05476641460160373,0.3,0.0160984768282183
2025-08-21,holdout,0.020117719727968407,0.05496675121852416,-0.3,-0.009839782800898256
2025-08-22,holdout,0.02025889463169077,0.05516700852561999,-0.3,-0.019083959936514072
2025-08-25,holdout,0.020307659280817025,0.05534079960513864,-0.6,-0.045573935084451955
2025-08-26,holdout,0.02035640463249606,0.05551452191098118,-0.6,-0.030514632735486102
2025-08-27,holdout,0.020312812861055407,0.05566179895907,-0.1,-0.0005688966691039798
2025-08-28,holdout,0.020269238333195234,0.05580901774883284,-0.3,-0.00672268400165732
2025-08-29,holdout,0.020370694551308764,0.05596936136143277,-0.6,-0.03675777850886358
2025-09-01,holdout,0.020287584489119895,0.056076919811143836,-0.6,-0.03133105653324114
2025-09-02,holdout,0.020209448971331968,0.05623879430811732,-0.6,-0.030143367622398998
2025-09-03,holdout,0.02007576133319534,0.05630796648315524,-0.3,-0.01646286998948876
2025-09-04,holdout,0.019997698546921246,0.056469731358380855,0.1,-0.004908006901653383
2025-09-05,holdout,0.019919666603312607,0.056631432320182834,-0.4,-0.023745985303355255
2025-09-08,holdout,0.019784058004997385,0.056784839766561096,-0.3,-0.016877738035345424
2025-09-09,holdout,0.019632046935091182,0.05692173059599108,-0.1,0.02134979225781597
2025-09-10,holdout,0.01945865741771291,0.056992257680600254,-0.1,0.017780834944426616
2025-09-11,holdout,0.019296900872624537,0.057020486607232586,-0.3,-0.007821571417299333
2025-09-12,holdout,0.01914507594646061,0.05715724988202887,0.5,0.04438109614065683
2025-09-15,holdout,0.018993310935421448,0.05729395918552491,0.3,0.047896090091599564
2025-09-16,holdout,0.01877995656356597,0.057467604093951526,0.4,0.05389778299765413
2025-09-17,holdout,0.018566686355170788,0.057641180503400447,0.4,0.06516650257093337
2025-09-18,holdout,0.018341175275234847,0.05770376358750548,0.1,0.07043686022120554
2025-09-19,holdout,0.01811575311922632,0.057766321993738226,0.5,0.07193808540594071
2025-09-22,holdout,0.017915060086874806,0.057754934979743794,0.9,0.07803040821129348
2025-09-23,holdout,0.017714446160960958,0.057743552454126976,0.2,0.03281461134406782
2025-09-24,holdout,0.017513911294722344,0.05783069658172222,0.7,0.04020228205387988
2025-09-25,holdout,0.017288829751914085,0.057893180684050485,1.0,0.0491769180808439
2025-09-26,holdout,0.017088457715327143,0.057881777654567715,0.5,0.03014020284790575
2025-09-29,holdout,0.01692755018131467,0.05783099353135886,0.8,0.012335709212505042
2025-09-30,holdout,0.0167273281789163,0.057819607236117405,0.4,0.014057650637117725
2025-10-01,holdout,0.01662561020092833,0.05780822542366935,-0.1,0.0009979589625982443
2025-10-02,holdout,0.016466528863225593,0.05788705343152403,0.9,0.014451977725672638
2025-10-03,holdout,0.0163452249417649,0.05787566282675592,0.9,0.02448357201659851
2025-10-06,holdout,0.01618743239589513,0.05790643403499102,0.4,0.013530163414687935
2025-10-07,holdout,0.01599984635490459,0.057784402871726856,0.0,0.00290335034923328
2025-10-08,holdout,0.01577690694385672,0.057599518438285716,-0.3,-0.0073438084822604055
2025-10-09,holdout,0.01558150802821263,0.057471518809531316,0.1,-0.008905116605490537
2025-10-10,holdout,0.015431010385588645,0.05750936596525973,-0.3,-0.011593962422637938
2025-10-13,holdout,0.015360416633547452,0.05751648873138291,0.0,-0.00780614863505058
2025-10-14,holdout,0.015596283377087688,0.05741656794519932,0.0,-0.011240057581771934
2025-10-15,holdout,0.015624970975955874,0.057480697967968127,-0.3,-0.009722941645906646
2025-10-16,holdout,0.015363853226756888,0.05766968385387842,-0.4,-0.02195243650790274
2025-10-17,holdout,0.015205794008878396,0.057896089319694526,-0.7,-0.03657553812230313
2025-10-20,holdout,0.015137359073213324,0.05811379412577089,-0.7,-0.046634406603126066
2025-10-21,holdout,0.014938078083995967,0.05829869522625661,-0.8,-0.020464362223404586
2025-10-22,holdout,0.014968849250557926,0.05842801279680527,-0.6,-0.014091637927318379
2025-10-23,holdout,0.014965911878256011,0.05861277967027529,-0.6,-0.024517869621258348
2025-10-24,holdout,0.015174557250174936,0.05855127000960144,0.6,0.011603188980718437
2025-10-27,holdout,0.015208359808580159,0.058674641671035414,0.7,0.0443337746320438
2025-10-28,holdout,0.015040226130806777,0.0588902172927595,0.7,0.042163870745741405
2025-10-29,holdout,0.015025743041484704,0.05886713616595469,0.9,0.05688685669425814
2025-10-30,holdout,0.015071807392976278,0.05900262584716113,0.7,0.03013244509840962
2025-10-31,holdout,0.015031519663092081,0.059182396103990474,0.3,0.03080878009610033
2025-11-03,holdout,0.014882562273541075,0.059351392034099615,0.4,0.0287279897561456
2025-11-04,holdout,0.014728935053418761,0.059384977033851795,0.5,0.03726717692326981
2025-11-05,holdout,0.014613266784895548,0.059325856716622015,0.5,0.031456850613407694
2025-11-06,holdout,0.014536961797276102,0.059289756862192594,0.3,0.020623369974556383
2025-11-07,holdout,0.014307590403719157,0.05937797189346466,0.4,0.0150958542994577
2025-11-10,holdout,0.01417427516153623,0.05943160450142077,0.3,0.0070832325726706835
2025-11-11,holdout,0.014041012107743275,0.05948521611403222,0.4,0.006971036733991187
2025-11-12,holdout,0.013811872429229424,0.05957334110531493,0.3,-0.002037228062894303
2025-11-13,holdout,0.013878225257255516,0.05943508398055759,0.1,-0.0284913186175621
2025-11-14,holdout,0.013940716475580258,0.05925392166626823,0.0,0.006835563609068007
2025-11-17,holdout,0.014003183249853238,0.059072830215391454,0.0,0.008311926918494528
2025-11-18,holdout,0.014073773163179433,0.05889018007260393,0.1,-0.005882185471797752
2025-11-19,holdout,0.014176919378918138,0.058740185250823695,0.1,0.02165871947813125
2025-11-20,holdout,0.014320747189829218,0.058582104682948236,0.1,-0.005999178448787779
2025-11-21,holdout,0.014366805281056532,0.05871722641351636,0.3,0.0045072055641022235
2025-11-24,holdout,0.014168609344112208,0.05870575372371301,0.8,0.025001576716904617
2025-11-25,holdout,0.013888237935453669,0.05858118776900609,0.4,0.030155670235910814
2025-11-26,holdout,0.0136902128889819,0.05856974613076995,0.8,0.03426228584291968
2025-11-27,holdout,0.013492265180938748,0.05855830896105099,0.8,0.03575640132997504
2025-11-28,holdout,0.013359473511308211,0.05861195500251375,0.3,0.02244017258066744
2025-12-01,holdout,0.013369065649994273,0.0586859132388982,0.5,0.010036633600490785
2025-12-02,holdout,0.01326994883497564,0.058743087797526114,0.5,0.02270884373676796
2025-12-03,holdout,0.013170870699689695,0.058800240044131154,0.6,0.03145174448131671
2025-12-04,holdout,0.013013859865244443,0.05887818251258399,0.7,0.035231714174359885
2025-12-05,holdout,0.012920694208035216,0.05893565416677216,1.0,0.047925768865337226
2025-12-08,holdout,0.012941746943345489,0.05897559188314686,1.0,0.052144795087473106
2025-12-09,holdout,0.012934938643692268,0.059043366851895214,0.9,0.04913411416441704
2025-12-10,holdout,0.013044650658724214,0.05907911361126603,0.9,0.05686405075037876
2025-12-11,holdout,0.0131549415801357,0.05898553891916115,0.7,0.05466054191459768
2025-12-12,holdout,0.0131549415801357,0.05898553891916115,0.8,0.050605424893202966
2025-12-15,holdout,0.01331475810230117,0.058941569276607396,0.8,0.0449694172673214
2025-12-16,holdout,0.01331475810230117,0.058941569276607396,0.9,0.06177205161143107
2025-12-17,holdout,0.01331475810230117,0.058941569276607396,0.8,0.030288116491528294
2025-12-18,holdout,0.01331475810230117,0.058941569276607396,0.9,0.03801900778802825
2025-12-19,holdout,0.013442042713359883,0.05896255604796724,1.0,0.05618627729791004
2025-12-22,holdout,0.01340696115718925,0.05911338790953431,1.0,0.07844194710421731
2025-12-23,holdout,0.013469264248168052,0.05916679004106767,1.0,0.07445839778630337
2025-12-24,holdout,0.013434191052896472,0.05931752340230059,1.0,0.07791396130553169
2025-12-25,holdout,0.013399131512752502,0.05946819807816803,1.0,0.08584997924798571
2025-12-26,holdout,0.013372195130597432,0.05952960948375811,1.0,0.0846023734845055
2025-12-29,holdout,0.01320743437393973,0.05964775251881998,0.9,0.09654090643594537
2025-12-30,holdout,0.013042737726525862,0.05976584958382928,0.9,0.13643079006763026
2025-12-31,holdout,0.012894314708100162,0.05990011026276648,0.9,0.1341729719721214
2026-01-02,holdout,0.012760191411430429,0.060037756442738094,1.0,0.07675646691892524
2026-01-05,holdout,0.012757710332019301,0.060220521802169795,0.2,0.013312839556503697
2026-01-06,holdout,0.012755230217258022,0.06040321610197497,0.7,0.05406732406949871
2026-01-07,holdout,0.012675005682716279,0.06056640303762084,0.9,0.08017556582564217
2026-01-08,holdout,0.012594812327550577,0.060729526550439034,1.0,0.06472572904319768
2026-01-09,holdout,0.012462840017662444,0.060879634148415115,0.7,0.06398832701920254
2026-01-12,holdout,0.012337734775357453,0.06113362432294564,0.5,0.05891188266525382
2026-01-13,holdout,0.01221267812704831,0.06138751584135867,0.9,0.06618612582412298
2026-01-14,holdout,0.012153672429030114,0.06156168007776487,1.0,0.06326489125421819
2026-01-15,holdout,0.012153672429030114,0.06156168007776487,0.9,0.06947327403782955
2026-01-16,holdout,0.012094689641397479,0.06173577669070519,1.0,0.07955427776707585
2026-01-19,holdout,0.012092342069650314,0.06191789319367671,1.0,0.064420517394086
2026-01-20,holdout,0.012089995409050732,0.06209993901296767,0.4,0.017692541969353603
2026-01-21,holdout,0.012087649659068377,0.06228191418972107,0.4,0.025774200639305966
2026-01-22,holdout,0.01208530481917331,0.062463818765047995,0.9,0.027718947954321393
2026-01-23,holdout,0.012082960888836,0.06264565278002762,0.3,0.021853382687771428
2026-01-26,holdout,0.012080617867527326,0.06282741627570727,0.8,0.0407172451914945
2026-01-27,holdout,0.012066871425635258,0.06299770496401912,0.8,0.03646454033750435
2026-01-28,holdout,0.012053130312854213,0.06316792763616959,-0.2,-0.00288428050131051
2026-01-29,holdout,0.012040594516485953,0.06333928432094021,-0.1,0.008626182882017663
2026-01-30,holdout,0.012038261520067336,0.06352077254331555,0.8,0.0717705192662661
2026-02-02,holdout,0.012242567681467297,0.06344389263128986,0.8,0.12738444793521264
2026-02-03,holdout,0.01220961449445905,0.06359470831413443,0.8,0.05156087676017923
2026-02-04,holdout,0.012157888782747438,0.06379122974407923,0.6,0.019903117039788365
2026-02-05,holdout,0.01215553488366075,0.06397248991257021,0.5,0.0316198168936469
2026-02-06,holdout,0.012147316036353994,0.06409502131153597,0.9,0.056989209202839064
2026-02-09,holdout,0.012050094554939687,0.06424579395206052,0.8,0.02869813875836602
2026-02-10,holdout,0.012092106275549542,0.06439864241814308,0.8,0.03677410689980054
2026-02-11,holdout,0.012089766924364486,0.06457964480885345,0.8,0.030936170793221196
2026-02-12,holdout,0.012184140276990336,0.06466386538045714,0.8,0.034905526556809785
2026-02-13,holdout,0.012181784032496623,0.06484474647398249,0.9,0.023842819387812242
2026-02-16,holdout,0.012181784032496623,0.06484474647398249,0.6,0.014536872470078788
2026-02-17,holdout,0.012525421290845043,0.06459815500796094,0.4,0.0206753061142122
2026-02-18,holdout,0.012868925691177476,0.06435165887983461,0.5,0.013624611330523895
2026-02-19,holdout,0.013059712524248373,0.06433922137328653,0.2,-0.013314896668223719
2026-02-20,holdout,0.013392810571154445,0.0640827001914295,0.2,-0.016249021897715987
2026-02-23,holdout,0.013573254081680232,0.06406015106485709,-0.8,-0.0752137270374647
2026-02-24,holdout,0.013753627882524534,0.06403761064955629,-0.8,-0.04482722905464093
2026-02-25,holdout,0.013832287404289002,0.06391343433069369,-0.6,-0.038064416786868505
2026-02-26,holdout,0.013921079048066184,0.0637994684639618,-0.6,-0.049709769015860494
2026-02-27,holdout,0.014045080770257677,0.06386557860518498,0.1,-0.03256334706253483
2026-03-02,holdout,0.014124254162165064,0.06399947364069368,0.2,-0.026912833264774616
2026-03-03,holdout,0.014314504209605788,0.06398712329842415,0.2,0.013847471093466124
2026-03-04,holdout,0.014474216877741674,0.06394431375566116,-0.3,-0.02208301402493923
2026-03-05,holdout,0.014623715231779633,0.06389136803236928,-0.9,-0.026659427970237015
2026-03-06,holdout,0.01466911085082847,0.0640236937087372,-0.6,-0.041430976518257945
2026-03-09,holdout,0.014848960312880495,0.06400119944096702,-0.6,-0.040156910119813205
2026-03-10,holdout,0.015028740428696914,0.06397871384652162,-0.8,-0.03526463584420947
2026-03-11,holdout,0.015208451238377703,0.06395623692038555,-0.7,-0.021748820006393
2026-03-12,holdout,0.015208451238377703,0.06395623692038555,-0.6,-0.050400321974484574
2026-03-13,holdout,0.015141281883093115,0.06416874615718383,-0.6,-0.03858324558736437
2026-03-16,holdout,0.0154020294304435,0.0640346907249053,-0.6,-0.0369740366414093
2026-03-17,holdout,0.01528133724386258,0.06419359155290838,-0.6,-0.029718725019326597
2026-03-18,holdout,0.015385396222736172,0.0641919278325699,-0.2,-0.02045847765726644
2026-03-19,holdout,0.015301352697259246,0.06429105270077488,-0.3,-0.01540774769658515
2026-03-20,holdout,0.0152173415335557,0.06439013939998942,-0.7,-0.041271242316958334
2026-03-23,holdout,0.015032050722663268,0.06438787596198121,0.5,0.014801099524116013
2026-03-24,holdout,0.014846831232329301,0.06438561339519626,0.7,0.029671076396893703
2026-03-25,holdout,0.01488448362497066,0.06422131489652284,1.0,0.05015896724123703
2026-03-26,holdout,0.014922121530350517,0.06405707961389356,0.3,0.01987916635887199
2026-03-27,holdout,0.0150306087869173,0.06396377134091936,0.6,0.03473030224422047
2026-03-30,holdout,0.0150306087869173,0.06396377134091936,-0.6,-0.09712649312675137
2026-03-31,holdout,0.014835410592919816,0.06395147061566149,0.1,0.02991814281257732
2026-04-01,holdout,0.01481974013007429,0.06388790242929689,0.1,0.03799508315632366
2026-04-02,holdout,0.014778444524512952,0.06372183401283604,0.1,0.030094184540706725
2026-04-03,holdout,0.01459471303977093,0.0637208925743196,0.1,0.039742370285959006
2026-04-06,holdout,0.014459798606058444,0.06367261799849824,0.7,0.08120972176245866
2026-04-07,holdout,0.014275009322742654,0.0636704967614087,0.7,0.07955321783479569
2026-04-08,holdout,0.014144209922821522,0.06362625220446899,0.6,0.05459090991466886
2026-04-09,holdout,0.013878689419162142,0.06373532704509968,0.7,0.07265353835369426
2026-04-10,holdout,0.013652010203323848,0.06378709317533934,0.9,0.07894613654841004
2026-04-13,holdout,0.013425418021164126,0.06383883942992909,0.7,0.06578988558981674
2026-04-14,holdout,0.013230902585843364,0.06382658629376212,0.7,0.06286738260325425
2026-04-15,holdout,0.01298002011613608,0.06394979791660753,0.9,0.06721631896518598
2026-04-16,holdout,0.012799369416080907,0.06395123283094213,0.7,0.05737696454793778
2026-04-17,holdout,0.012680312729591173,0.06388630648589082,0.7,0.06169966996797965
2026-04-20,holdout,0.012730570681642512,0.0639857562894834,0.7,0.0476370300861676
2026-04-21,holdout,0.012455636222915649,0.06386247093479297,0.1,0.027532871825251715
2026-04-22,holdout,0.012455636222915649,0.06386247093479297,0.1,0.017596256635933893
2026-04-23,holdout,0.012237565740510948,0.06377833319113216,0.2,-0.0034192603379050723
2026-04-24,holdout,0.012043538988404276,0.06376610809372156,0.7,0.038285617422300855
2026-04-27,holdout,0.01184958660454295,0.06375388768205162,0.7,0.03719874199834
2026-04-28,holdout,0.011655708546178407,0.06374167195342889,0.6,0.03286649299045763
2026-04-29,holdout,0.011461904770594849,0.06372946090516195,0.2,-0.002327313358788885
2026-04-30,holdout,0.011268175235109194,0.06371725453456145,-0.2,0.0040158117888767775
2026-05-01,holdout,0.011093669648124303,0.06372420258999337,-0.2,-0.005451882736972002
2026-05-04,holdout,0.010950229305841445,0.06378949795705673,-0.6,-0.060570249807253396
2026-05-05,holdout,0.01075670897098198,0.06377728710369589,-0.2,-0.0023153332509235347
2026-05-06,holdout,0.01057452080264529,0.06375382283259244,-0.6,-0.028934671317725202
2026-05-07,holdout,0.010300577604715401,0.06363084135703682,-0.1,-0.006121354008005231
2026-05-08,holdout,0.010209326936211216,0.06374621075158621,-0.3,0.019763068941536566
2026-05-11,holdout,0.010083358884319887,0.06383070736496474,0.1,0.009753636838177482
2026-05-12,holdout,0.010192987871592599,0.06393005764723063,0.0,0.009420578573876681
2026-05-13,holdout,0.010280267733694908,0.06404530365277929,0.0,-0.021716311752466022
2026-05-14,holdout,0.010549962316727836,0.06392238400604369,0.1,0.010210670737451855
2026-05-15,holdout,0.010739077385092376,0.06391016642500279,0.7,0.016596684117535676
2026-05-18,holdout,0.011008581217348035,0.0637873195809657,0.0,0.012030130610050871
2026-05-19,holdout,0.011130103999601008,0.06370770007465092,0.0,0.0044686863866907345
2026-05-20,holdout,0.01125158035481205,0.06362811098648564,0.1,0.01592760927361453
2026-05-21,holdout,0.011453149317056485,0.06355229711247498,0.3,0.028487874405715596
2026-05-22,holdout,0.01164191136606984,0.06354016186383789,0.9,0.032132837592271146
2026-05-25,holdout,0.011509064394385638,0.06377923198827858,0.3,0.02346238695439301
2026-05-26,holdout,0.01169774371021034,0.06376705805585096,0.4,0.023889994551786697
2026-05-27,holdout,0.011886351011029002,0.06375488876996245,0.7,0.031233704379015514
2026-05-28,holdout,0.012074886338063723,0.06374272412795329,0.3,0.03552415299360001
2026-05-29,holdout,0.012249861165029548,0.06367468291905264,0.6,0.0393571480238501
2026-06-01,holdout,0.01243825524071808,0.0636625382150818,0.3,0.03553542765170742
2026-06-02,holdout,0.012626577465119162,0.06365039814295842,0.3,0.02111895221546456
2026-06-03,holdout,0.012814827879329816,0.06363826270003316,0.1,0.009318707638183266
2026-06-04,holdout,0.013003006524415724,0.06362613188365877,0.1,0.02597247387339119
2026-06-05,holdout,0.013127585075996104,0.06358224150848242,0.9,0.06675381110194983
2026-06-06,holdout,0.013307256640586036,0.063534528964976,0.7,0.03305614888787878
2026-06-07,holdout,0.013477914604474457,0.06350510552815489,0.7,0.03299174683291861
2026-06-08,holdout,0.01362186752916518,0.06344905327362205,0.3,0.0268864716502355
2026-06-09,holdout,0.013809713298060787,0.06334175008313002,0.9,0.043783784795808356
2026-06-10,holdout,0.013838817820789008,0.06345662535285271,0.2,-0.0004894460412782076
2026-06-11,holdout,0.014009244641895064,0.06342723915139412,0.9,0.05472862644202764
2026-06-12,holdout,0.01417960658792647,0.06339786413615613,0.1,0.015398443439885001
2026-06-13,holdout,0.014309538098941081,0.06339156635616884,0.1,0.0030584379992747435
2026-06-14,holdout,0.014340390657947236,0.06341308062973793,0.1,0.003058431405505435
2026-06-15,holdout,0.014401070312251093,0.06354051457546812,0.0,0.008856163417766905
2026-06-16,holdout,0.014588517807437048,0.06349039275831798,-0.6,-0.013210885624486024
2026-06-17,holdout,0.014518631955701354,0.06360135842303961,-0.6,-0.03522794887148084
2026-06-18,holdout,0.014452500403365034,0.06375403243601369,-0.9,-0.020007819913247682
2026-06-19,holdout,0.014279683573388104,0.06395200033669012,-0.9,-0.015240558337840826
2026-06-20,holdout,0.014157727916990244,0.06413734121201087,-0.9,-0.03075939729374122
2026-06-21,holdout,0.013985032767831541,0.06433516105177578,-0.9,-0.0284820290884496
2026-06-22,holdout,0.013812403232331334,0.06453290573202711,-1.0,-0.05662922672799414
2026-06-23,holdout,0.01371981128289949,0.06462061378212049,-0.6,-0.04776910901767867
2026-06-24,holdout,0.013728376364200073,0.06461951293054997,-0.5,-0.04429167769235898
2026-06-25,holdout,0.013746865586669583,0.06477600986921683,-0.7,-0.059962848159146875
2026-06-26,holdout,0.013775893643062902,0.06489026398022621,-0.6,-0.027976712531092573
2026-06-27,holdout,0.013804910681025247,0.06500447472281237,-0.7,-0.05457986615513133
2026-06-28,holdout,0.013798570500035062,0.06505167036142209,-0.7,-0.06022713086715087
2026-06-29,holdout,0.013817032374558127,0.06520796655161892,-0.7,-0.06784030657848739
2026-06-30,holdout,0.014027803043682832,0.06536156898588455,-0.9,-0.058061385740487026
2026-07-01,holdout,0.01404621444289911,0.06551774712354869,-0.5,-0.03972053423701882
2026-07-02,holdout,0.014214199612705156,0.06552428528298677,0.1,-0.008830575426040987
2026-07-03,holdout,0.014423381197389675,0.06567913431727938,0.5,0.0041964788227698
2026-07-04,holdout,0.01463248348655308,0.0658339246521655,0.1,-0.0021187578235494775
2026-07-05,holdout,0.014775481077181131,0.06586518015834648,0.1,-0.002085813445061646
2026-07-06,holdout,0.01496214733692399,0.0658527009654404,0.9,0.02122358906706534
2026-07-07,holdout,0.015110856913105668,0.06580234053714613,1.0,0.018249688441120848
2026-07-08,holdout,0.015186430882277696,0.06562726701458496,-0.3,-0.0023208223152739738
2026-07-09,holdout,0.015238784647811572,0.06543337180527839,-0.3,-0.00465207348522656
2026-07-10,holdout,0.01529111858988254,0.06523955001331729,-0.1,-0.0009614647037455848
2026-07-11,holdout,0.015366615522600982,0.06506468243644824,0.4,-0.002708813457627024
2026-07-12,holdout,0.015363707381888908,0.06486311834060485,0.4,0.004911803660795633
2026-07-13,holdout,0.015506056116097965,0.06472279084862599,0.0,0.005904006165389053
2026-07-14,holdout,0.0156607718325598,0.06458442734928523,0.5,0.019842699798061858
2026-07-15,holdout,0.015783905158611264,0.06441459232740464,0.7,0.033527640709794526
2026-07-16,holdout,0.01590317156203525,0.06430117172837269,0.5,0.009859111753957706
2026-07-17,holdout,0.016001384903648316,0.0641667860565646,0.2,0.015512915798170712
2026-07-18,holdout,0.016099561113563227,0.06403245119219386,-0.3,0.0015536633289483515
2026-07-19,holdout,0.01618314338009503,0.06387072389719123,-0.3,0.01411103759779031
2026-07-20,holdout,0.016195832380464126,0.06368543716428046,0.6,0.0281568386436577
2026-07-21,holdout,0.016350213166587847,0.06354745263682325,0.6,0.02516927182543155
