date,split,b_short,b_long,ic,top2_bottom2
2003-09-19,dev,0.19948690622802379,-0.013787446575298621,0.3,0.005339729149441141
2003-09-22,dev,0.19294308060915413,-0.0029039150854806846,0.3,0.01347699107657041
2003-09-23,dev,0.19294308060915413,-0.0029039150854806846,0.8,0.024077986639544136
2003-09-24,dev,0.19294308060915413,-0.0029039150854806846,-0.1,0.011082478295822262
2003-09-25,dev,0.18650150226557932,0.007809561224808846,-0.1,0.011541603074747775
2003-09-26,dev,0.18650150226557932,0.007809561224808846,0.6,0.023278319539886683
2003-09-29,dev,0.18015979335368787,0.01835693712718691,0.7,0.011740998092302668
2003-09-30,dev,0.18015979335368787,0.01835693712718691,0.0,0.03543641972141287
2003-10-01,dev,0.18015979335368787,0.01835693712718691,0.7,0.03553208815173009
2003-10-02,dev,0.18015979335368787,0.01835693712718691,0.7,0.04332441148325061
2003-10-03,dev,0.18015979335368787,0.01835693712718691,1.0,0.04795295255161014
2003-10-06,dev,0.17391564919428704,0.028742045707989928,0.6,0.02813426123377466
2003-10-07,dev,0.17218628104053393,0.035754460786956654,-0.4,0.0005298070858538173
2003-10-08,dev,0.17048311543456499,0.0426606271526057,0.8,0.018635337760663284
2003-10-09,dev,0.16880556134146774,0.049462941392455516,1.0,0.04118366938955759
2003-10-10,dev,0.16243976964253298,0.058913139394632795,0.9,0.07430253515168961
2003-10-13,dev,0.16084664854186703,0.06549428962913649,0.6,0.04320881652552827
2003-10-14,dev,0.1592769556926815,0.07197865824254453,0.5,0.026085124687481254
2003-10-15,dev,0.14889421955815943,0.08413094617700156,0.6,0.05983561407147708
2003-10-16,dev,0.14743388768493096,0.09038629019783946,0.6,0.039714547883870466
2003-10-17,dev,0.13728574536534985,0.10223129606161872,0.5,0.03685472704677656
2003-10-20,dev,0.12728257650747704,0.11390708755591543,0.5,0.017906137028656677
2003-10-21,dev,0.1260065895893576,0.11981816084312617,0.6,0.015941025754399374
2003-10-22,dev,0.11793888231663496,0.12822595893716107,0.6,0.05619294072417197
2003-10-23,dev,0.1099840101106637,0.13651616544946119,0.6,0.020778624938548096
2003-10-24,dev,0.10881173553064684,0.14210408423514712,0.8,0.03481902990349928
2003-10-27,dev,0.10806130976836652,0.1480206077921461,0.1,0.0015059074177153908
2003-10-28,dev,0.10074044933347709,0.15640778869499333,-0.9,-0.017307261139382968
2003-10-29,dev,0.10005514015433778,0.16214651122087773,-1.0,-0.02352330513817058
2003-10-30,dev,0.09937909191005172,0.16780768344235827,-0.9,-0.017056343439045163
2003-10-31,dev,0.10542352753481647,0.16668145737898676,-0.8,-0.021423958296210355
2003-11-03,dev,0.1043285471551726,0.17184475746704841,-0.6,-0.03434081349385831
2003-11-04,dev,0.0975345261312908,0.17564113681637714,-0.7,-0.014620219227132858
2003-11-05,dev,0.09998882684946728,0.1775815782537307,-0.7,-0.029993842028196882
2003-11-06,dev,0.10587125281777142,0.1764209143435756,-0.9,-0.0584776135700667
2003-11-07,dev,0.10843053039687679,0.17852207723744848,-1.0,-0.08083877529663436
2003-11-10,dev,0.10671230286630272,0.18280325908209652,-0.9,-0.03438590116368101
2003-11-11,dev,0.10467872197748364,0.18669217206368902,-0.9,-0.044890822974047895
2003-11-12,dev,0.10300627956462001,0.19086677773944827,-0.9,-0.10496960869738697
2003-11-13,dev,0.10135500730888126,0.19498854030538781,-0.9,-0.09320605318276587
2003-11-14,dev,0.0993934895535457,0.19872744058152075,-0.7,-0.07144187357393461
2003-11-17,dev,0.09745649077015181,0.20241960460420202,-0.7,-0.06978437092363787
2003-11-18,dev,0.10175473420766966,0.1998547231110736,-0.9,-0.07851907272459557
2003-11-19,dev,0.10632479920118956,0.19764639311136264,-0.6,-0.03814616705114282
2003-11-20,dev,0.11282996403226611,0.1943888487773461,-0.3,-0.00864635081719789
2003-11-21,dev,0.11823953742231327,0.19320355091894764,-0.8,-0.021577987279660205
2003-11-24,dev,0.1144926311349053,0.19506292333762068,-0.9,-0.030883685642233205
2003-11-25,dev,0.11729055123903871,0.18532728746462934,-0.4,-0.021288971244010635
2003-11-26,dev,0.11658821260886483,0.17822951927621838,-0.7,-0.03782455974795729
2003-11-27,dev,0.11934035044108025,0.16870998266398524,-1.0,-0.055711791744945005
2003-11-28,dev,0.12237134805603492,0.15961453275099377,-0.9,-0.04856357480937168
2003-12-01,dev,0.12288990668976103,0.1540316608865142,-0.5,-0.01620452746722667
2003-12-02,dev,0.12309461329883906,0.14820629875759955,-0.7,-0.015471723422501804
2003-12-03,dev,0.12329693959850921,0.14244867339762576,0.3,0.005660975707807769
2003-12-04,dev,0.12593075710615398,0.1334110936000733,-0.3,-0.005434060625915893
2003-12-05,dev,0.12520701712278526,0.12689723674030276,-0.2,-0.0106431227906153
2003-12-08,dev,0.12479230033321147,0.12075857583862887,-0.9,-0.039866860841527685
2003-12-09,dev,0.12438229623442826,0.11468967244720124,-0.7,-0.043317218899317944
2003-12-10,dev,0.12085471263988345,0.11121684943902496,-0.6,-0.033613749930165415
2003-12-11,dev,0.12204841275613879,0.1040377285620267,-0.5,-0.021166739720418493
2003-12-12,dev,0.12171574005917712,0.09821908203374723,-0.9,-0.05202764809529192
2003-12-15,dev,0.12196546742921874,0.09304379083726343,-0.7,-0.05160742878073743
2003-12-16,dev,0.12313324569388234,0.08608406455271134,-0.6,-0.04235033137512856
2003-12-17,dev,0.12091135972853134,0.08269211914308106,-0.1,-0.015447085210621658
2003-12-18,dev,0.12844736322728253,0.07404352832809154,-0.6,-0.026007937694446537
2003-12-19,dev,0.132882129973028,0.06518701156785432,-0.8,-0.07784128179966332
2003-12-22,dev,0.13064357791911974,0.0619630277215416,-0.8,-0.05924688003670542
2003-12-23,dev,0.13262936513460835,0.0562535490778774,-0.6,-0.04722670579689092
2003-12-24,dev,0.13225434179164253,0.05093935897585666,-0.9,-0.052548465331256455
2003-12-25,dev,0.1315508612501976,0.04534925600258083,-0.9,-0.056849875768677616
2003-12-26,dev,0.12979662388908547,0.04087650861632378,-0.9,-0.04835887048162213
2003-12-29,dev,0.13338979955282712,0.0344113690972905,-0.9,-0.044908413895396626
2003-12-30,dev,0.13304046377855402,0.03039176332540242,-0.7,-0.0689701363322382
2003-12-31,dev,0.1380441592797074,0.02681550414141595,-0.7,-0.059500082633781204
2004-01-02,dev,0.14186258332489024,0.020847548161408606,-0.7,-0.06502962491624581
2004-01-05,dev,0.13975676244864513,0.020396443961263888,-0.4,-0.06058718189825907
2004-01-06,dev,0.13493749700019053,0.01926620578710356,-0.4,-0.053056540192123025
2004-01-07,dev,0.13131150173101824,0.01793105043908649,-0.4,-0.04779324698394227
2004-01-08,dev,0.1261328195451304,0.018404045670924178,-0.4,-0.03511577554801065
2004-01-09,dev,0.12405278365998183,0.016868094502312008,-0.4,-0.049095802460526694
2004-01-12,dev,0.12013007793020475,0.013940834903523677,-0.4,-0.032984148661481694
2004-01-13,dev,0.11594356895469513,0.0130125448704202,-0.3,-0.017923794816820104
2004-01-14,dev,0.1109444024977619,0.013500597438781846,-0.7,-0.017512985621454924
2004-01-15,dev,0.10418278683794963,0.01877253196903055,-0.2,-0.036406965814977654
2004-01-16,dev,0.09932300492654854,0.019259598603781777,-0.6,-0.056771237204426284
2004-01-20,dev,0.09451086793584747,0.019741890075447206,-0.2,-0.04914230248193263
2004-01-21,dev,0.08965959540933113,0.020133393050688925,-0.2,-0.05670180768366001
2004-01-22,dev,0.08284704645008156,0.024985210769555757,0.5,0.055269129708405806
2004-01-23,dev,0.0776159012981488,0.024864509268253555,0.5,0.07200007428869892
2004-01-26,dev,0.07243505561883079,0.024744968358310027,0.1,-0.0006826671985373234
2004-01-27,dev,0.06730378741012825,0.02462657138051907,0.8,0.08645716891179495
2004-01-28,dev,0.06332768952876208,0.02128659877028957,0.6,0.03860679937212541
2004-01-29,dev,0.059389279778972834,0.017978284668213898,0.8,0.02912321853706684
2004-01-30,dev,0.05548802483814388,0.014701181076535166,0.6,0.0486098563372076
2004-02-02,dev,0.05162340139910673,0.011454848410599898,0.8,0.04365464168681271
2004-02-03,dev,0.04916372440776756,0.007908448429827247,0.9,0.04108142442079449
2004-02-04,dev,0.0467269281326269,0.004395038216317596,0.1,-0.0037869149066072083
2004-02-05,dev,0.04431269478595977,0.0009141595788589612,-0.3,-0.010980687480350582
2004-02-06,dev,0.04192071243787942,-0.002534637227839687,-0.2,-0.0003009327925057037
2004-02-09,dev,0.0395506748819833,-0.005951793696862199,-0.7,-0.018089457790519015
2004-02-10,dev,0.03689671441829083,-0.009159015339037868,-0.1,-0.011824061775872141
2004-02-11,dev,0.03309263844366224,-0.013662837996587695,0.7,0.03897923378941287
2004-02-12,dev,0.03001771860244817,-0.016023429387343115,0.7,0.059875664363566616
2004-02-13,dev,0.031083704854989697,-0.020155455981694423,1.0,0.051973031419054794
2004-02-16,dev,0.030047455057433687,-0.023652516717202518,0.7,0.058679779938199006
2004-02-17,dev,0.031103790823546335,-0.02771359179138167,0.7,0.06700943594825687
2004-02-18,dev,0.032150736938404645,-0.03173856842045701,0.7,0.04108218798277702
2004-02-19,dev,0.033575586184989875,-0.03482453345694467,0.6,0.026282547133555656
2004-02-20,dev,0.034987881693719726,-0.03788330937416812,0.6,0.047389689346424346
2004-02-23,dev,0.03638778864535546,-0.04091525392369662,0.6,0.08113172844298522
2004-02-24,dev,0.038283860464782375,-0.04279155515238841,0.6,0.07554888250963199
2004-02-25,dev,0.038283860464782375,-0.04279155515238841,0.7,0.05016921320857887
2004-02-26,dev,0.040163444703170785,-0.04465154071822201,0.4,0.03304125096049543
2004-02-27,dev,0.04114397813158419,-0.047344246891159014,0.7,0.06380287744349172
2004-03-01,dev,0.04392999546722392,-0.047948366516628156,0.4,0.0041436485110009635
2004-03-02,dev,0.0477650598643603,-0.047474339192522454,0.2,-0.012067891630339889
2004-03-03,dev,0.05103315789912798,-0.04219667107631509,-0.1,0.00546692323910597
2004-03-04,dev,0.05241174020594021,-0.037229876731309494,-0.1,0.009425264056204863
2004-03-05,dev,0.053248978594898085,-0.0338941569146514,0.1,-0.002049042133095813
2004-03-08,dev,0.05196944703964535,-0.030586586632311098,0.3,0.004959676490606579
2004-03-09,dev,0.05227629810250398,-0.0288824413103266,0.3,0.011821988442252351
2004-03-10,dev,0.05310359392634288,-0.03189966958936289,0.3,0.0024668993162084707
2004-03-11,dev,0.05392399561831645,-0.034891754299407204,-0.6,-0.012365786905176646
2004-03-12,dev,0.057849622192514306,-0.03474697523592419,-0.7,-0.034498426113015124
2004-03-15,dev,0.058643632018165075,-0.03770256624734599,-0.8,-0.07143333456139755
2004-03-16,dev,0.059431106783522425,-0.04063383140682193,-0.6,-0.056971949146143896
2004-03-17,dev,0.06021212683768832,-0.04354106980269561,-0.6,-0.04293434878485142
2004-03-18,dev,0.0576704446873304,-0.04718988176268461,-0.7,-0.04374702133916342
2004-03-19,dev,0.05514942661949573,-0.050809028584787516,-0.9,-0.06159611301771156
2004-03-22,dev,0.052648821653424896,-0.0543988705743228,-1.0,-0.09164986990578056
2004-03-23,dev,0.050168382856435274,-0.05795976222523279,-0.8,-0.08347994599093705
2004-03-24,dev,0.050291433852225016,-0.06097229654593791,-0.8,-0.09763244647885927
2004-03-25,dev,0.04912057114711915,-0.06303143766278446,-0.9,-0.08228299925906574
2004-03-26,dev,0.05072160629058427,-0.06762368800878853,-0.9,-0.10468560980950353
2004-03-29,dev,0.05052033007514544,-0.07052994321510285,-0.9,-0.07883280460641479
2004-03-30,dev,0.048763572272716424,-0.07396418825928798,-1.0,-0.08169030482997358
2004-03-31,dev,0.04636513474235313,-0.07709083266823515,-0.7,-0.07996563149488128
2004-04-01,dev,0.044083885055702585,-0.07932367115371128,-0.9,-0.09386030356477809
2004-04-02,dev,0.04308308389485527,-0.08244657821478224,-0.9,-0.04998672213364541
2004-04-05,dev,0.04291544543612042,-0.08601682499215663,-0.7,-0.05657726844359173
2004-04-06,dev,0.04274910650032151,-0.08955939543792346,-0.9,-0.06659517188446801
2004-04-07,dev,0.041136175587192854,-0.0935572356099778,-0.9,-0.08031930716200758
2004-04-08,dev,0.03879093086962522,-0.09357447399488665,-0.9,-0.06821835621494166
2004-04-09,dev,0.03481088898889868,-0.09513165991827788,-0.6,-0.03468998768231085
2004-04-12,dev,0.032053977198864714,-0.09405291312469667,-0.8,-0.03855923718094417
2004-04-13,dev,0.031219171201910853,-0.09108122904437463,-0.9,-0.04921103663343124
2004-04-14,dev,0.030390689492812706,-0.08813205772223685,-0.8,-0.020258961250700924
2004-04-15,dev,0.03015808311736813,-0.08485137071196426,-0.9,-0.02277544343824217
2004-04-16,dev,0.028517451225949453,-0.08206527533334784,-1.0,-0.048466511154469205
2004-04-19,dev,0.02841064429251893,-0.07801259639951509,-0.7,-0.022039833241177254
2004-04-20,dev,0.027682743878492122,-0.07523394243285023,-0.9,-0.037197752857219046
2004-04-21,dev,0.026960255363454356,-0.072475947603484,-0.7,-0.018872741176030938
2004-04-22,dev,0.02912377705140864,-0.06706348524610484,-0.5,-0.016807510046240426
2004-04-23,dev,0.031152646392256032,-0.06157228186298656,0.5,0.011638056416910736
2004-04-26,dev,0.03316659757618543,-0.05612145497533239,-0.1,-0.013416980191891692
2004-04-27,dev,0.033045108207774496,-0.05225287821718099,-0.5,-0.021714931410826366
2004-04-28,dev,0.033500763786731905,-0.048988797409242765,-0.7,-0.050452251724638464
2004-04-29,dev,0.033570330387316036,-0.04536568025119958,-0.6,-0.015294825645796872
2004-04-30,dev,0.034656428224076975,-0.04097425870439572,-0.6,-0.03957384543294851
2004-05-03,dev,0.03351597180449547,-0.03890846715672642,-0.4,-0.01862827095908881
2004-05-04,dev,0.034594451522225095,-0.03457186595592285,-0.6,-0.021038893701384065
2004-05-05,dev,0.03566520020255165,-0.03026635150207844,-0.6,-0.01824408689072521
2004-05-06,dev,0.03672830067801872,-0.02599159072290435,-0.3,-0.02103790196154587
2004-05-07,dev,0.03734679895243671,-0.023089579068336984,-0.1,-0.0020755395535898002
2004-05-10,dev,0.03945400515249339,-0.018155144204152887,0.8,0.08388433758689695
2004-05-11,dev,0.04049244800825608,-0.013968494695775435,0.9,0.08695826175415328
2004-05-12,dev,0.04367537757317223,-0.008442001561087648,0.6,0.07543065650603298
2004-05-13,dev,0.04483792010800321,-0.004465012081925937,0.7,0.06080564674128658
2004-05-14,dev,0.04468114416356963,-0.0009528966550660568,0.8,0.09867756345982992
2004-05-17,dev,0.0450756166119269,0.001984588222331016,0.7,0.10428212730899405
2004-05-18,dev,0.04510185259225829,0.005267170975214003,1.0,0.10467111335926493
2004-05-19,dev,0.04286966625110861,0.006633028515092156,0.7,0.08324116425496392
2004-05-20,dev,0.04306666740196685,0.009023949106419425,0.6,0.10282443674329073
2004-05-21,dev,0.04288396060642398,0.008645825222857497,0.7,0.12341233910314642
2004-05-24,dev,0.04443060969511942,0.009820491409246178,0.7,0.09700266144302994
2004-05-25,dev,0.04769193867226919,0.00978697437371974,0.7,0.0635307740867514
2004-05-26,dev,0.04769193867226919,0.00978697437371974,0.6,0.07809463367731834
2004-05-27,dev,0.04769193867226919,0.00978697437371974,0.6,0.10744142773714421
2004-05-28,dev,0.04684944908494854,0.013155045889455387,1.0,0.11839593347401511
2004-05-31,dev,0.046155400997060225,0.015965046625958573,0.9,0.12866185696833848
2004-06-01,dev,0.045800742448381754,0.0190907608961014,1.0,0.12911611823897728
2004-06-02,dev,0.04544847217275837,0.022195426585300503,1.0,0.1343055441387484
2004-06-03,dev,0.04444058481384202,0.025739842511353254,0.7,0.0872152297865641
2004-06-04,dev,0.04200362457595027,0.03005438977280094,0.5,0.0723058517107823
2004-06-07,dev,0.04168817389753921,0.03311210321040037,0.6,0.03955684037959073
2004-06-08,dev,0.04627078006923824,0.0310786830388673,0.3,0.005193026893841934
2004-06-09,dev,0.04559473531125366,0.03376420151608263,0.2,-0.001137274921829301
2004-06-10,dev,0.04559473531125366,0.03376420151608263,-0.6,-0.006508114610693727
2004-06-11,dev,0.04559473531125366,0.03376420151608263,0.7,0.005003064112029498
2004-06-14,dev,0.04544425763695909,0.03695309854078203,0.6,0.015302257899989735
2004-06-15,dev,0.04544425763695909,0.03695309854078203,0.6,0.01999674458044448
2004-06-16,dev,0.046117138368416466,0.03929864755873997,0.6,0.017555351246912987
2004-06-17,dev,0.045965934636061,0.04244848805854738,-0.6,-0.0160076140726913
2004-06-18,dev,0.045815719163394136,0.04557774136554559,-0.6,-0.06424682580382929
2004-06-21,dev,0.04700773540677837,0.046770532780909785,-0.6,-0.056120113133705074
2004-06-22,dev,0.04819201128494582,0.04795557879747291,-0.6,-0.03205699373552079
2004-06-23,dev,0.04784568267427685,0.05084626129517765,-0.8,-0.060754419345620314
2004-06-24,dev,0.04750158844174123,0.053718294228381064,-0.9,-0.04085005827087518
2004-06-25,dev,0.050564284298841744,0.0535455665942062,-0.9,-0.07013472540709681
2004-06-28,dev,0.05495687515550875,0.05151834564864448,-0.7,-0.044080969129214775
2004-06-29,dev,0.05495687515550875,0.05151834564864448,-0.9,-0.04959375620756301
2004-06-30,dev,0.05495687515550875,0.05151834564864448,-0.9,-0.06690350965107994
2004-07-01,dev,0.052931621981142735,0.05589385454938026,-0.8,-0.0305729899995984
2004-07-02,dev,0.05209258396276497,0.0582300960451164,0.5,0.011033007109042259
2004-07-05,dev,0.05142595754751141,0.06071858863912523,0.5,0.023316706963159406
2004-07-06,dev,0.05142595754751141,0.06071858863912523,0.6,0.04601338114058612
2004-07-07,dev,0.0530953291009087,0.05919399617008069,-0.3,-0.00467341794436793
2004-07-08,dev,0.0530953291009087,0.05919399617008069,-0.5,-0.005780442232472038
2004-07-09,dev,0.055584319429164177,0.05850917366846496,-0.3,-0.008870503000540875
2004-07-12,dev,0.05789214762030054,0.05766315011671043,-0.6,-0.03488154364488094
2004-07-13,dev,0.060185506669172724,0.056822430787850924,-0.6,-0.024700647386354357
2004-07-14,dev,0.062464532223989455,0.055986965954796776,-0.6,-0.020307173764650355
2004-07-15,dev,0.062464532223989455,0.055986965954796776,0.1,3.087307422156016e-05
2004-07-16,dev,0.062464532223989455,0.055986965954796776,0.7,0.03187949042613225
2004-07-19,dev,0.062464532223989455,0.055986965954796776,0.7,0.04317479952195391
2004-07-20,dev,0.062464532223989455,0.055986965954796776,0.6,0.04382146213891863
2004-07-21,dev,0.062464532223989455,0.055986965954796776,0.9,0.06091628760917278
2004-07-22,dev,0.062464532223989455,0.055986965954796776,0.7,0.05318057075019039
2004-07-23,dev,0.062464532223989455,0.055986965954796776,1.0,0.07392063474350696
2004-07-26,dev,0.05933792473859312,0.05599580260108016,1.0,0.073898345231034
2004-07-27,dev,0.056211507515639,0.05598535470153448,0.9,0.046495900259992895
2004-07-28,dev,0.056211507515639,0.05598535470153448,0.9,0.06388013256912589
2004-07-29,dev,0.056211507515639,0.05598535470153448,0.9,0.07756673570149186
2004-07-30,dev,0.050334365810767376,0.06249281408896659,0.8,0.0653713500028622
2004-08-02,dev,0.04824243572989415,0.06550739085497136,0.8,0.056890170331594936
2004-08-03,dev,0.05068509058351876,0.0648199996928265,0.8,0.038575242306127744
2004-08-04,dev,0.04681634393820284,0.06704286375576424,0.8,0.0811454961491953
2004-08-05,dev,0.04681634393820284,0.06704286375576424,0.9,0.07955678830832863
2004-08-06,dev,0.04637336057543685,0.06551865760048788,0.6,0.06725859396501277
2004-08-09,dev,0.04637336057543685,0.06551865760048788,0.6,0.07298699998606861
2004-08-10,dev,0.04671336477137182,0.06275151150061474,0.8,0.06969637807252538
2004-08-11,dev,0.04705130207249868,0.060001186957579764,0.6,0.07581916079083317
2004-08-12,dev,0.0513744320981163,0.055194165816878964,0.6,0.09078642474300713
2004-08-13,dev,0.05405154861745734,0.05483859431894277,0.5,0.09027440141590498
2004-08-16,dev,0.05439075078025617,0.05668144995854434,0.7,0.09247551887616695
2004-08-17,dev,0.05659820703680352,0.05587902423557732,0.5,0.06818208946817556
2004-08-18,dev,0.059265183725473666,0.05555414219011941,0.5,0.016096856643166346
2004-08-19,dev,0.05955651972957088,0.05685158080576493,-0.2,-0.008672032116687711
2004-08-20,dev,0.06235545865894715,0.05668237967241444,-1.0,-0.04734358575854403
2004-08-23,dev,0.06411775700120546,0.057719672314336064,-1.0,-0.09810523406978044
2004-08-24,dev,0.06688663937694155,0.05754890405305105,-0.9,-0.05663297906932985
2004-08-25,dev,0.06963918616344024,0.05737914327413349,-0.9,-0.05991522525198839
2004-08-26,dev,0.07237554149825366,0.0572103810880331,-0.8,-0.09327914420005479
2004-08-27,dev,0.0750958478281708,0.05704260870947581,-0.6,-0.08368347397198939
2004-08-30,dev,0.07780024593393638,0.05687581745593934,-0.9,-0.08045064423963233
2004-08-31,dev,0.08048887495453716,0.05670999874615526,-0.9,-0.06757629553634836
2004-09-01,dev,0.08316187241106467,0.05654514409863736,-0.8,-0.0685218476687649
2004-09-02,dev,0.08437009886784419,0.057830520492554355,-0.6,-0.04260471078199701
2004-09-03,dev,0.08656008489180388,0.05720703708985302,-0.6,-0.025958056209073432
2004-09-06,dev,0.08873744851793093,0.05658714725143239,-0.6,-0.035404745706421825
2004-09-07,dev,0.08896138305284108,0.058340249318717556,-0.8,-0.027743623042145837
2004-09-08,dev,0.08966158921410325,0.059128195118186365,-0.8,-0.03545712731564332
2004-09-09,dev,0.09035779419730104,0.05991163837022965,-0.6,-0.061859605178222865
2004-09-10,dev,0.09234957735973189,0.05914115986835014,-0.6,-0.08468873021121792
2004-09-13,dev,0.09161373575738417,0.061340569452057486,-0.6,-0.10599622073526938
2004-09-14,dev,0.0908820632292707,0.0635275177916645,-0.6,-0.06271981910568203
2004-09-15,dev,0.09015452444425394,0.06570211049093475,-0.1,-0.010833665965334416
2004-09-16,dev,0.087083666628918,0.06833393553180535,0.3,0.021781633714298698
2004-09-17,dev,0.0840300608237806,0.06814198627469355,0.4,0.036251116539767037
2004-09-20,dev,0.08099356205396607,0.06795111236355995,-0.5,-0.0630146572691021
2004-09-21,dev,0.0793706750091226,0.06636465674243269,0.4,0.04099529134915053
2004-09-22,dev,0.07775682911773228,0.0647870393141808,0.3,0.028567063776127055
2004-09-23,dev,0.07754083792573858,0.06182929753830806,-0.3,-0.04756584813113229
2004-09-24,dev,0.07824940439501171,0.058426261626382925,0.1,-0.01669087048832385
2004-09-27,dev,0.07665203034972162,0.0568836476439896,0.1,-0.02085007853418419
2004-09-28,dev,0.07506345726335875,0.05534953291218798,0.1,-0.032633354424636773
2004-09-29,dev,0.07485723897417369,0.05245022100858306,0.0,0.026760141502502666
2004-09-30,dev,0.07556539265734948,0.04911017474097964,-0.2,0.010835830702089322
2004-10-01,dev,0.07626967664826746,0.045788380092324873,0.9,0.06421474275091843
2004-10-04,dev,0.07697012257928944,0.04248468786682353,0.5,0.03968885444110759
2004-10-05,dev,0.07676096463749789,0.03965184904109847,0.7,0.06754724506660348
2004-10-06,dev,0.07655294034308732,0.03683436435535023,0.7,0.057484715917136275
2004-10-07,dev,0.07724694140522313,0.03358165886610154,0.6,0.09565317943634433
2004-10-08,dev,0.07793720122174094,0.03034648817733397,0.5,0.11677974737732838
2004-10-11,dev,0.0786237499639764,0.027128710879366226,0.5,0.10981056593453192
2004-10-12,dev,0.07930661747971195,0.023928187078974712,0.6,0.10146556128232892
2004-10-13,dev,0.0801478815878929,0.021352459468084572,0.8,0.07893737937209133
2004-10-14,dev,0.08087859834810297,0.0220177417983919,0.6,0.051705181273980716
2004-10-15,dev,0.08101810562199986,0.023732233619850076,0.6,0.05495417871266817
2004-10-18,dev,0.07870910883199317,0.023110858157225873,0.6,0.04259318122245459
2004-10-19,dev,0.07910714469928067,0.02475827211271822,0.6,0.04372460332124306
2004-10-20,dev,0.07916227096656489,0.02548450358471633,0.6,0.05326183731891265
2004-10-21,dev,0.07796710709560023,0.025746386470019707,0.2,0.02131871092024462
2004-10-22,dev,0.07743438502973252,0.02666306262101703,0.6,0.033443386600919056
2004-10-25,dev,0.0769044520846285,0.027574939420438455,0.2,0.019064778749407707
2004-10-26,dev,0.07637728641338927,0.02848205446111616,0.6,0.03498767678696413
2004-10-27,dev,0.07602520095551125,0.028254696169780533,0.8,0.05220284089673777
2004-10-28,dev,0.0749619320352805,0.02904710821436119,0.8,0.04757544514804901
2004-10-29,dev,0.07547889543394963,0.030546579792186425,0.9,0.03095777036774594
2004-11-01,dev,0.07614518597115735,0.03132897450417905,0.9,0.039332281078519715
2004-11-02,dev,0.07811930988143244,0.03084128452648244,0.6,0.019496971221556914
2004-11-03,dev,0.08074121195291019,0.029300233792531608,0.8,0.06313734807059213
2004-11-04,dev,0.08012932490471784,0.031384349252442795,0.9,0.02055440187454627
2004-11-05,dev,0.08216224223232725,0.029705616901413528,0.3,0.013140431114455287
2004-11-08,dev,0.08418478753275499,0.028035449511358904,0.3,0.013100486287742075
2004-11-09,dev,0.08481875329815088,0.028812288910397006,0.6,0.024778696577464343
2004-11-10,dev,0.08634840113241952,0.029215049598441678,0.8,0.04980066691132784
2004-11-11,dev,0.08684182290170454,0.030486024156420308,0.9,0.030290578207605667
2004-11-12,dev,0.08733275264185175,0.0317505796509748,0.9,0.0384695155237037
2004-11-15,dev,0.08795240145971443,0.032510233942366136,1.0,0.06361910483804445
2004-11-16,dev,0.088568936464422,0.033266070875509264,0.8,0.06071181071263715
2004-11-17,dev,0.08918238106810349,0.03401811915234592,0.8,0.04077552518437738
2004-11-18,dev,0.08868164733765545,0.03490529607668728,0.8,0.05062607088741894
2004-11-19,dev,0.08995675544903287,0.034818250450560875,0.7,0.07367357896767651
2004-11-22,dev,0.08945658662674397,0.035699023182994526,0.9,0.08073093913343049
2004-11-23,dev,0.09006173984437817,0.03643756985830554,0.8,0.07988986435946244
2004-11-24,dev,0.09148897976225513,0.036759919107831183,0.8,0.042036351417575335
2004-11-25,dev,0.09290917158177218,0.03708067650921103,0.8,0.06155026675547842
2004-11-26,dev,0.09452762189807325,0.03760510834046913,0.8,0.05926822843966939
2004-11-29,dev,0.09613811914156692,0.03812696311113137,0.8,0.04643195341045536
2004-11-30,dev,0.09659182473190622,0.03933559800546683,0.6,0.05878942589378133
2004-12-01,dev,0.09782265156630254,0.04021741805924319,0.5,0.03688852511475571
2004-12-02,dev,0.09987064509906765,0.03996688777129382,0.5,0.04059778020729643
2004-12-03,dev,0.10099626396743976,0.03880516784970916,0.5,0.04002769061079536
2004-12-06,dev,0.1021164186665479,0.03764908734521957,0.1,0.027551786068390538
2004-12-07,dev,0.10316052741876772,0.037880768328241644,0.5,0.033951105158043504
2004-12-08,dev,0.10436062276316684,0.038755452462714494,0.9,0.046138202596409716
2004-12-09,dev,0.10591638029867728,0.039264475468828434,0.9,0.06401766235921269
2004-12-10,dev,0.10746465823065161,0.039771051248951445,0.8,0.04598023646307764
2004-12-13,dev,0.10960503075288026,0.039675677025332846,0.5,0.02707937030224622
2004-12-14,dev,0.11077822445921309,0.0405376969367555,0.2,0.009929729359261119
2004-12-15,dev,0.11194581819558728,0.041395602194663,0.8,0.022285568387779175
2004-12-16,dev,0.11310785196178827,0.04224942218943762,0.2,0.00737743658553458
2004-12-17,dev,0.11481860132371592,0.041753184448686774,0.5,0.01890322430414626
2004-12-20,dev,0.11676808331110049,0.04150613898790789,0.6,0.030194335505358605
2004-12-21,dev,0.11791047554913571,0.042353642205430565,0.5,0.021715792609196594
2004-12-22,dev,0.119253847069067,0.0426959685209838,0.8,0.0368702317710069
2004-12-23,dev,0.12038501448772801,0.043536683889169724,0.6,0.018812638577760832
2004-12-24,dev,0.121510871261231,0.04437345223684772,-0.7,-0.010403232562301412
2004-12-27,dev,0.12263145470090026,0.04520630129484105,-0.9,-0.03422532307116938
2004-12-28,dev,0.12300205877870189,0.04634191741331105,-0.9,-0.03865257865397764
2004-12-29,dev,0.12232684030447025,0.04817639623829945,-0.9,-0.025841362351101627
2004-12-30,dev,0.12189701044329707,0.05024459066565225,-0.5,-0.0127890966359262
2004-12-31,dev,0.12146917515224533,0.052303187903086926,-0.5,-0.012572045351573469
2005-01-03,dev,0.11977338745256165,0.0542397288775911,0.5,0.022535907855504744
2005-01-04,dev,0.11911186307815233,0.05603902126663438,0.6,0.02660222394850542
2005-01-05,dev,0.11998948551345613,0.05706197283053614,-0.5,-0.007330033041074324
2005-01-06,dev,0.12086307290308036,0.05808022116885675,-0.7,-0.013166832792258998
2005-01-07,dev,0.12058586402027513,0.0602405876340658,-0.6,-0.019830810615398764
2005-01-10,dev,0.1198281702449668,0.06190931325552222,-0.6,-0.016949266916016392
2005-01-11,dev,0.1165505043912472,0.06561319730360503,-0.3,-0.004620289062812533
2005-01-12,dev,0.11616512379138705,0.06762175134403561,-0.7,-0.02857690243221872
2005-01-13,dev,0.11291068152439704,0.07129581674169869,-0.3,-0.010982452537566245
2005-01-14,dev,0.1139440528837077,0.07091183707632913,-0.7,-0.017754005288493302
2005-01-17,dev,0.1147953018102861,0.07110629614425155,-0.7,-0.0391201733664287
2005-01-18,dev,0.11406094149967717,0.07272789295704224,-0.7,-0.03748513360389427
2005-01-19,dev,0.11368550789506672,0.07469780405635662,-0.6,-0.0398991313785555
2005-01-20,dev,0.11201075631020495,0.07760504731158185,-0.6,-0.04685618113658685
2005-01-21,dev,0.10880941050304258,0.0789651492824433,0.1,-0.006948251598077215
2005-01-24,dev,0.10646044880037753,0.0789200897301599,0.1,-0.008712071332977578
2005-01-25,dev,0.10412197353388508,0.07887523133659205,-0.6,-0.024931634582826545
2005-01-26,dev,0.10178012410273471,0.07881678222213945,-0.6,-0.03796983774681162
2005-01-27,dev,0.09886388756964092,0.08039601978211364,-0.5,-0.050084057406462934
2005-01-28,dev,0.09596058334933247,0.08196825407131189,-0.6,-0.05293502307880338
2005-01-31,dev,0.09528251498840588,0.0835335315716199,-0.9,-0.08560720058447774
2005-02-01,dev,0.09494232504491766,0.08542678309262787,-0.9,-0.0805345314745105
2005-02-02,dev,0.09378304118133941,0.08502267296315894,-0.8,-0.01585010822165195
2005-02-03,dev,0.09172614380916527,0.08518283134531045,-0.9,-0.02947447142118087
2005-02-04,dev,0.091871250372834,0.08314930482227711,-0.4,-0.02767981777378531
2005-02-07,dev,0.09201572189683678,0.08112467775886317,-0.4,-0.023836711857644133
2005-02-08,dev,0.09250431087453848,0.0794536401953814,-0.6,-0.031232154786905275
2005-02-09,dev,0.0924309322656871,0.07723004518278093,-0.6,-0.024996023487927066
2005-02-10,dev,0.09291649431224912,0.07557473959256664,-0.3,-0.0027949124075465903
2005-02-11,dev,0.090888247549841,0.07575330791631835,-0.6,-0.024054132827223573
2005-02-14,dev,0.08886878107644763,0.07593110321702352,-0.6,-0.023982539698864325
2005-02-15,dev,0.08685803800034754,0.07610813050347078,-0.6,-0.016504959410584275
2005-02-16,dev,0.08701113433405822,0.07412922232747646,-0.3,-0.007240202764703552
2005-02-17,dev,0.08593849811853907,0.07308428914853059,0.6,0.011102756262519886
2005-02-18,dev,0.0872294026290143,0.07118389367825477,0.6,0.008834958453416142
2005-02-21,dev,0.08918394352274232,0.0688901380172735,0.5,0.03048524380529294
2005-02-22,dev,0.08752436244683903,0.06834229584202292,0.5,0.04024110245027934
2005-02-23,dev,0.08587185847573703,0.06779678988073928,0.4,0.032447893092957814
2005-02-24,dev,0.0850907481385546,0.06652222224269516,-0.3,-0.024510204360502164
2005-02-25,dev,0.08378216905545789,0.0657838523440907,-0.3,-0.026797372222053584
2005-02-28,dev,0.08113291304757202,0.06635069446483063,-0.3,-0.023733203008771186
2005-03-01,dev,0.07849485896783791,0.06691513979013403,-0.3,-0.0261063620552488
2005-03-02,dev,0.07668322470794842,0.06663486720421799,0.6,0.03986446842134511
2005-03-03,dev,0.07555012642111388,0.06552292335423339,0.6,0.04432623602067409
2005-03-04,dev,0.07368447489501909,0.06682959788500181,0.6,0.015939412696713895
2005-03-07,dev,0.07182664580718887,0.06813079369656365,0.5,0.005854251757745399
2005-03-08,dev,0.06967628889955049,0.06837908322191225,0.7,0.03234875793191422
2005-03-09,dev,0.06753491051762249,0.06862633604778129,0.7,0.027309169508077213
2005-03-10,dev,0.06558560472876938,0.06965094693193083,0.9,0.016118671158131814
2005-03-11,dev,0.06346163474795291,0.06989452747222451,0.3,-0.003091104660508215
2005-03-14,dev,0.06134647792058381,0.0701370973048821,0.7,0.006786461441405212
2005-03-15,dev,0.05924007950657855,0.0703786627075908,0.5,0.007568330167684267
2005-03-16,dev,0.05732402176352391,0.07139118522356595,-0.3,-0.009031795185452107
2005-03-17,dev,0.057205827904217674,0.07330584257362045,-0.2,-0.007622232224377967
2005-03-18,dev,0.05708812043939418,0.07521262067532082,-0.2,-0.0070896868137683144
2005-03-21,dev,0.05697089637278351,0.07711156806613126,0.2,0.016946964766345607
2005-03-22,dev,0.05685415273267535,0.07900273288566786,0.5,0.01100610796905771
2005-03-23,dev,0.0578090716919327,0.08049664101785221,0.5,0.023410996591292976
2005-03-24,dev,0.05707884909664305,0.0819650152198566,0.9,0.026818010984296092
2005-03-25,dev,0.05635160093147677,0.08342740826421532,1.0,0.03296271209669127
2005-03-28,dev,0.05562730905966482,0.0848838566214019,0.9,0.03305890446918858
2005-03-29,dev,0.05490595549159248,0.08633439646598322,1.0,0.032306217118738545
2005-03-30,dev,0.05517436448857306,0.08755133088609257,-0.1,0.013315619197352024
2005-03-31,dev,0.055441689004757766,0.08876334839945399,0.5,0.0180888856480122
2005-04-01,dev,0.055707935599506236,0.08997047874542284,0.9,0.04606837893573884
2005-04-04,dev,0.05579484337274888,0.09113820347698068,1.0,0.034559301925336405
2005-04-05,dev,0.05477722241787014,0.0933963321336731,0.9,0.02427872089802041
2005-04-06,dev,0.05466744842504876,0.09521317315144129,0.9,0.03144101970053409
2005-04-07,dev,0.054558113528198664,0.09702274680513841,0.8,0.03728090357111857
2005-04-08,dev,0.05276508336147571,0.09863797086341158,0.9,0.03868845806356269
2005-04-11,dev,0.052659973633664,0.10043351275412192,0.8,0.04369711697738338
2005-04-12,dev,0.05183433280608741,0.10180682344687474,0.9,0.035513132506952094
2005-04-13,dev,0.05191749881242454,0.10030274244797222,0.3,0.04677089807699608
2005-04-14,dev,0.05279391068508408,0.09882025850579475,0.3,0.044399748908394654
2005-04-15,dev,0.054418823905074035,0.09640164139412322,0.3,0.0264088666205618
2005-04-18,dev,0.054558037270152786,0.0959649517661269,0.1,0.019927866001858863
2005-04-19,dev,0.05646240731879032,0.09497566365911995,0.1,0.01672809168097611
2005-04-20,dev,0.058447091521831335,0.09413419215225856,0.1,0.009031567106222216
2005-04-21,dev,0.05890686054419891,0.09577175830351477,0.1,0.008015539092472157
2005-04-22,dev,0.059938077227788704,0.09726454519252133,0.1,-0.0029892767673214693
2005-04-25,dev,0.06031465764872516,0.09868429378428559,0.3,0.003441445557984757
2005-04-26,dev,0.06139666536360994,0.09969150688682034,0.3,-0.00047031463698471443
2005-04-27,dev,0.06441167401292415,0.09679543607791817,0.3,0.0004920481831299228
2005-04-28,dev,0.06641871778316366,0.09550335280207681,0.3,0.0097561431517178
2005-04-29,dev,0.06628999933784745,0.09725625328114254,0.3,0.006801593219354918
2005-05-02,dev,0.06718578611805641,0.09809214401890799,0.6,0.08833501470602922
2005-05-03,dev,0.06898658575875515,0.09790277694551242,0.6,0.08431803917731523
2005-05-04,dev,0.06885366362819878,0.09964092188396037,0.6,0.09738447720304783
2005-05-05,dev,0.06860813056466039,0.10125925947762245,0.6,0.12810057428569943
2005-05-06,dev,0.06847644509332708,0.10298428968975752,0.6,0.1318069929098002
2005-05-09,dev,0.06778651576045351,0.10462288939022416,0.6,0.08951310004117113
2005-05-10,dev,0.06765690483165723,0.106334891513761,0.6,0.09806905151664186
2005-05-11,dev,0.06609649089113881,0.1075632600414065,0.3,0.008822661441095225
2005-05-12,dev,0.06444678328944141,0.10773933002228,-0.1,-0.006361768564821735
2005-05-13,dev,0.06309524064732336,0.10855228478526718,0.6,0.023408351351078105
2005-05-16,dev,0.06092915599230184,0.11072752136211547,0.6,0.012437570148751798
2005-05-17,dev,0.058771276203397824,0.11289451840647569,0.7,0.024113687332179667
2005-05-18,dev,0.057084878075729144,0.1139413466640564,0.7,0.04080157390753375
2005-05-19,dev,0.05494239458398433,0.116094102539755,0.9,0.03771745423702427
2005-05-20,dev,0.05280798070991088,0.11823875010707055,1.0,0.044255574786689955
2005-05-23,dev,0.051204958189779465,0.11989619606551591,0.2,-0.010281820153154264
2005-05-24,dev,0.04970175939392622,0.1210783795625787,0.2,0.004988054835931788
2005-05-25,dev,0.04769930695472925,0.12331180111807218,0.1,0.0005932523664832212
2005-05-26,dev,0.046208280212757795,0.12448318092906643,0.2,-0.007937426977011719
2005-05-27,dev,0.04421981729606001,0.126701916580684,-0.1,-0.030806053256037802
2005-05-30,dev,0.04421981729606001,0.126701916580684,-0.5,-0.04468187941876067
2005-05-31,dev,0.04421981729606001,0.126701916580684,-0.1,-0.022092802571894055
2005-06-01,dev,0.04421981729606001,0.126701916580684,-0.5,-0.04389988793885191
2005-06-02,dev,0.04421981729606001,0.126701916580684,-0.5,-0.0585369780821432
2005-06-03,dev,0.04421981729606001,0.126701916580684,-0.5,-0.041860388328326226
2005-06-06,dev,0.04421981729606001,0.126701916580684,-0.5,-0.016085834995768822
2005-06-07,dev,0.04421981729606001,0.126701916580684,-0.8,-0.01034066987346366
2005-06-08,dev,0.04421981729606001,0.126701916580684,0.7,0.07036564830415443
2005-06-09,dev,0.04421981729606001,0.126701916580684,0.6,0.07572393716064846
2005-06-10,dev,0.04475820373188362,0.12708670506625688,0.7,0.07758208421097396
2005-06-13,dev,0.04624026146315873,0.12655699978389934,0.6,0.08472783144379115
2005-06-14,dev,0.04790062548750952,0.1262130655924417,0.6,0.04577775141776974
2005-06-15,dev,0.049200809514384505,0.12644230065615938,0.6,0.029267250466072203
2005-06-16,dev,0.04957197252822113,0.12759490268821824,0.3,0.0252394290431342
2005-06-17,dev,0.04948051132429452,0.1292045061887935,0.6,0.03417288464990581
2005-06-20,dev,0.047317563789627315,0.1305779785530867,0.6,0.06846911109668236
2005-06-21,dev,0.04516256826795521,0.13194640138662883,0.6,0.057954993593615944
2005-06-22,dev,0.04347419658305987,0.13285108688867173,0.6,0.05900810366467529
2005-06-23,dev,0.04133413395195537,0.13421033398228222,0.3,0.033738657115365056
2005-06-24,dev,0.03943041524271962,0.13487905366421588,-0.1,0.026445622823611736
2005-06-27,dev,0.03764769550687524,0.1347469750991352,0.6,0.04690948763116953
2005-06-28,dev,0.035757626844749785,0.13541228115542092,-0.1,0.0087066911238603
2005-06-29,dev,0.03398806752321387,0.13527971337150196,-0.1,-0.008581415352876265
2005-06-30,dev,0.03222493128451476,0.1351476267773613,-0.1,-0.018173474680770407
2005-07-01,dev,0.030468183220593536,0.13501601875783711,-0.1,-0.0036915090438778275
2005-07-04,dev,0.02871778867589083,0.1348848867166837,-0.1,-0.011893183604525848
2005-07-05,dev,0.028327503858786334,0.13340043746268246,-0.6,-0.03521972063356804
2005-07-06,dev,0.02965966469449441,0.13437947753350227,-0.6,-0.040751965358637565
2005-07-07,dev,0.030460182338474594,0.13548216686792897,-0.8,-0.044180565774585956
2005-07-08,dev,0.03178373096565286,0.13645395413884412,-0.8,-0.11117796893990001
2005-07-11,dev,0.03351888556965706,0.13620941300239459,-0.9,-0.13780106384421026
2005-07-12,dev,0.03524783210709954,0.13596574678951015,-0.9,-0.10825576961397848
2005-07-13,dev,0.03697060383547972,0.13572295081310032,-0.9,-0.13224820543928056
2005-07-14,dev,0.038966846511527056,0.13457227902632363,-0.9,-0.1420950945607672
2005-07-15,dev,0.04057220171451053,0.13422815837073984,-1.0,-0.14750594583593057
2005-07-18,dev,0.04217185405709263,0.13388526016863947,-1.0,-0.170859428070961
2005-07-19,dev,0.04387013091160133,0.1336478749555745,-1.0,-0.1792292725121939
2005-07-20,dev,0.045562396166625045,0.1334113300441487,-1.0,-0.1866043920930312
2005-07-21,dev,0.04717939602096933,0.1325174071649049,-1.0,-0.12199729713895596
2005-07-22,dev,0.04872152870426741,0.13096958450814902,-1.0,-0.10304401128029744
2005-07-25,dev,0.0501183310536576,0.13046102056210984,-1.0,-0.10710897105162481
2005-07-26,dev,0.05164987814750175,0.12892225244299244,-1.0,-0.07820589959969537
2005-07-27,dev,0.05317605139189382,0.12738888351025793,-1.0,-0.08150157158824495
2005-07-28,dev,0.053912493001586334,0.12624404170117923,-1.0,-0.08966510693760904
2005-07-29,dev,0.05648662463877532,0.12344696433714515,-1.0,-0.09111666627224324
2005-08-01,dev,0.05905177152330395,0.12065964989584764,-1.0,-0.06810715602347217
2005-08-02,dev,0.05931566445756557,0.11907405175280518,-1.0,-0.060400603927763585
2005-08-03,dev,0.059578639503360196,0.11749396873373853,-1.0,-0.06011683481341834
2005-08-04,dev,0.06057169559340371,0.11491425515497927,-1.0,-0.07631636896928362
2005-08-05,dev,0.06057169559340371,0.11491425515497927,-1.0,-0.05278117115026604
2005-08-08,dev,0.06057169559340371,0.11491425515497927,-0.9,-0.04462177246663157
2005-08-09,dev,0.06057169559340371,0.11491425515497927,-0.9,-0.022240152837249616
2005-08-10,dev,0.06057169559340371,0.11491425515497927,-0.7,-0.012280194594679994
2005-08-11,dev,0.06057169559340371,0.11491425515497927,-0.4,-0.0033790513521217425
2005-08-12,dev,0.06057169559340371,0.11491425515497927,-0.9,-0.007986801294265322
2005-08-15,dev,0.06057169559340371,0.11491425515497927,0.2,-0.0021933871493948764
2005-08-16,dev,0.06057169559340371,0.11491425515497927,-0.2,-0.010350868525563661
2005-08-17,dev,0.06057169559340371,0.11491425515497927,-0.4,-0.008545334633138335
2005-08-18,dev,0.06057169559340371,0.11491425515497927,-0.9,-0.03833501282323393
2005-08-19,dev,0.06046671865130076,0.11298199474743166,-0.9,-0.02260003553020762
2005-08-22,dev,0.06046671865130076,0.11298199474743166,-0.5,-0.008488615137145106
2005-08-23,dev,0.060362104951212,0.11105642036205547,-0.4,-0.019686874304815527
2005-08-24,dev,0.060257852611054465,0.10913749735624882,-0.4,0.012986344596759791
2005-08-25,dev,0.060153959761725065,0.10722519132632424,-0.3,0.03010234989604199
2005-08-26,dev,0.060153959761725065,0.10722519132632424,0.2,0.03221014720410853
2005-08-29,dev,0.060153959761725065,0.10722519132632424,-0.3,0.0269347789203635
2005-08-30,dev,0.060050424546988876,0.10531946810545278,0.1,-0.03053456083941969
2005-08-31,dev,0.05994724512336862,0.10342029376162898,0.3,-0.038211128255025206
2005-09-01,dev,0.05994724512336862,0.10342029376162898,0.6,0.05924309943887479
2005-09-02,dev,0.05994724512336862,0.10342029376162898,0.1,0.03950630955403256
2005-09-05,dev,0.059844419660035224,0.10152763459565706,0.1,0.04098080838832696
2005-09-06,dev,0.05874308789121096,0.10035492745879236,-0.1,-0.030907010348792563
2005-09-07,dev,0.05869609115977299,0.09884791048877732,0.3,-0.03741540317293307
2005-09-08,dev,0.05888034128862434,0.09754157161991138,0.1,-0.04358291704061901
2005-09-09,dev,0.057530743887224074,0.09555825264497683,-0.5,-0.045915614538931226
2005-09-12,dev,0.05686600906201905,0.09596263203390261,-0.3,-0.05040758785189742
2005-09-13,dev,0.0574685535387938,0.09510061618005498,-0.4,-0.05831025637799453
2005-09-14,dev,0.05710353101272449,0.09351213163880422,-0.4,-0.05142313360916495
2005-09-15,dev,0.05700690913283832,0.09166185730438998,0.1,-0.03962948305559455
2005-09-16,dev,0.05691061367822204,0.08981783389678122,0.1,-0.030645572941011057
2005-09-19,dev,0.05653358622401481,0.08826108656587041,0.2,0.0004386917029316484
2005-09-20,dev,0.05617259578114256,0.08669481324983713,0.9,0.0362702227426423
2005-09-21,dev,0.05581281875152365,0.08513380471805944,0.8,0.02080861779294224
2005-09-22,dev,0.05506119176914677,0.08453037584450301,0.9,0.011846888563717906
2005-09-23,dev,0.05427923884175732,0.08507850705059657,0.5,0.01683881150278399
2005-09-26,dev,0.0526207451313196,0.08399559984817082,0.9,0.010751383766647582
2005-09-27,dev,0.05105985416920309,0.08365896769679904,0.9,0.022617935891428076
2005-09-28,dev,0.04969529313279314,0.08464748221191716,0.9,0.023432755951049933
2005-09-29,dev,0.04829900531691407,0.08415634444485993,0.7,0.024964273750634314
2005-09-30,dev,0.04707674783299893,0.08432801164677878,0.5,0.02891582628214806
2005-10-03,dev,0.04585854427108683,0.08449910947157682,-0.1,-0.004887972445071942
2005-10-04,dev,0.04581508284536856,0.08487862334694851,0.1,0.015203652290771419
2005-10-05,dev,0.04527447940264894,0.08561642727530067,0.3,0.01714106060318138
2005-10-06,dev,0.044838795443238634,0.08542357838540743,0.1,0.003974385290310911
2005-10-07,dev,0.044353064314007595,0.08404726277027495,0.1,-0.0065009033716662
2005-10-10,dev,0.04356054282664903,0.08298386266703438,-0.5,-0.009257803270152798
2005-10-11,dev,0.0420522332325166,0.08182132758876338,0.3,-0.008185824687788112
2005-10-12,dev,0.04054886891574198,0.08066260410091294,0.3,0.0009636377734155155
2005-10-13,dev,0.03935729957218102,0.08083746072267906,0.3,0.011274486210146484
2005-10-14,dev,0.03816962424608269,0.08101174591757664,0.3,0.00801452875454739
2005-10-17,dev,0.03756358353225004,0.0814233635153185,0.3,0.0008975559137644473
2005-10-18,dev,0.03750240505744182,0.08291941666920234,0.3,0.011224926120386503
2005-10-19,dev,0.036967170794475784,0.08434285393207083,0.4,0.02771013539848438
2005-10-20,dev,0.03785412885054536,0.08515290341161834,0.7,0.09366118913127214
2005-10-21,dev,0.03941352248287835,0.08501489222294473,0.5,0.037372176108331434
2005-10-24,dev,0.040281393119245175,0.08610317841283602,0.9,0.07725179315268038
2005-10-25,dev,0.04145650680996815,0.08705740215815885,0.7,0.07935567147498895
2005-10-26,dev,0.041389641476403685,0.08852989021919408,0.7,0.05612589336454832
2005-10-27,dev,0.04118879932695161,0.08986344380445573,0.3,0.005731910169217147
2005-10-28,dev,0.04085462655204226,0.09105873301591694,0.6,0.024366291488024383
2005-10-31,dev,0.03945143560519575,0.09064504858624987,0.9,0.04635604572877183
2005-11-01,dev,0.038352211114699206,0.09135772244324872,0.9,0.06398986446377697
2005-11-02,dev,0.03709488798095609,0.09205195412774357,0.9,0.05619731391254934
2005-11-03,dev,0.03598680404398067,0.09280851101516979,0.9,0.06394852014195374
2005-11-04,dev,0.03488225466501793,0.09356265464298702,0.6,0.049144402500971185
2005-11-07,dev,0.0334112815064926,0.09323674100325119,1.0,0.0923227372278198
2005-11-08,dev,0.03216579457246002,0.09428087972979611,0.6,0.056639162196589043
2005-11-09,dev,0.03092426156520215,0.095321703730225,0.8,0.07459508616728783
2005-11-10,dev,0.029686663686334953,0.09635922876393305,0.6,0.009558034013131045
2005-11-11,dev,0.02845298225645151,0.09739347049057238,-0.3,-0.002573820404285554
2005-11-14,dev,0.027223198714182235,0.09842444447084005,-0.3,-0.004351793897442335
2005-11-15,dev,0.025997294615263965,0.09945216616725829,0.3,0.03794899523893114
2005-11-16,dev,0.02523456921691972,0.1005422677428479,0.3,0.011467281780428773
2005-11-17,dev,0.02492489666828121,0.10151181090232726,-0.3,-0.004412938774195574
2005-11-18,dev,0.023839195626939064,0.10266066729546855,0.4,0.008908975330354951
2005-11-21,dev,0.02318437025144324,0.1039721614523627,0.1,-0.0003931234929014371
2005-11-22,dev,0.022088983636389847,0.10501082280795647,-0.6,-0.038734752500367065
2005-11-23,dev,0.02099702010450849,0.10604623834681397,-0.6,-0.02739991727013802
2005-11-24,dev,0.019794216641006918,0.10705084639931504,-0.3,-0.013914078224722015
2005-11-25,dev,0.019794216641006918,0.10705084639931504,-0.6,-0.020637054044305214
2005-11-28,dev,0.019794216641006918,0.10705084639931504,-0.6,-0.03619741568747403
2005-11-29,dev,0.019794216641006918,0.10705084639931504,-0.6,-0.04569360829057767
2005-11-30,dev,0.021321016926612826,0.10688410053264943,-0.6,-0.030914675200833353
2005-12-01,dev,0.02284306822221685,0.10671787331564687,-0.6,-0.05815578056592391
2005-12-02,dev,0.02436039265044322,0.10655216233223748,-0.6,-0.05531337185758384
2005-12-05,dev,0.02436039265044322,0.10655216233223748,-0.5,-0.052328523857543385
2005-12-06,dev,0.025781812926315765,0.10629576591092894,-0.6,-0.060181031455361134
2005-12-07,dev,0.02720841758285805,0.1060497483492288,-0.7,-0.07720224996882052
2005-12-08,dev,0.02862104208518475,0.10579492102656886,-0.7,-0.07554979214791013
2005-12-09,dev,0.030120083686905146,0.10408844738300933,-0.6,-0.06212072354759546
2005-12-12,dev,0.03161450574593919,0.1023872325180124,-0.6,-0.07013361059980505
2005-12-13,dev,0.032618499623738965,0.10174388373923973,-0.7,-0.05246192313020348
2005-12-14,dev,0.03361940903494027,0.1011025114544111,-0.7,-0.04701001628905266
2005-12-15,dev,0.03251844287642688,0.10143178593635864,0.0,-0.031621770680539174
2005-12-16,dev,0.031985046373271236,0.10232424955102852,0.0,-0.005678410038140735
2005-12-19,dev,0.031211851790855963,0.1029725546579439,0.1,-0.00990754510046854
2005-12-20,dev,0.029878543218415123,0.10305640531776705,0.0,-0.02816080755071304
2005-12-21,dev,0.028549299611134164,0.10314000033533463,0.0,-0.02794592338111812
2005-12-22,dev,0.026968275673959805,0.10460775688596516,-0.4,-0.0533624767106482
2005-12-23,dev,0.026968275673959805,0.10460775688596516,0.0,-0.040806584653408584
2005-12-26,dev,0.025645484899482093,0.10468886340035807,0.2,-0.026684577429219147
2005-12-27,dev,0.025229232521738556,0.10325789767913406,0.2,-0.03445058027397074
2005-12-28,dev,0.023911094990310543,0.10334093238910819,-0.4,-0.04253163169080321
2005-12-29,dev,0.021271517322737354,0.10526062523825233,-0.2,-0.027557884396219423
2005-12-30,dev,0.01996138563763776,0.10534049490684694,0.0,-0.0275552134247552
2006-01-03,dev,0.01873496886514054,0.1054998673627297,-0.7,-0.04705120618300429
2006-01-04,dev,0.017432638710794042,0.1055791334285079,-0.1,-0.026113370992460583
2006-01-05,dev,0.017432638710794042,0.1055791334285079,0.2,-0.0073114058377421465
2006-01-06,dev,0.017644817106762793,0.1041475860016402,0.1,-0.024639662417175523
2006-01-09,dev,0.017644817106762793,0.1041475860016402,-0.6,-0.05399418795430205
2006-01-10,dev,0.017644817106762793,0.1041475860016402,-0.6,-0.0629251373728163
2006-01-11,dev,0.017856355447238424,0.10272035696821707,-0.7,-0.07765159496378077
2006-01-12,dev,0.01692584888782993,0.10196324799687939,-0.6,-0.03538170010459302
2006-01-13,dev,0.01574465351811578,0.10379410081993633,-0.6,-0.07186106465643266
2006-01-16,dev,0.013381582814247672,0.10670211445341764,-0.8,-0.1031813433368447
2006-01-17,dev,0.015582336292557198,0.10589081973895607,-0.8,-0.08885175983282001
2006-01-18,dev,0.013993259396738627,0.10806680308410135,-1.0,-0.06285516705092209
2006-01-19,dev,0.012404182500920059,0.11024278642924665,-1.0,-0.03717040049474063
2006-01-20,dev,0.011069740121219427,0.11026497772784928,-0.9,-0.018349112529689127
2006-01-23,dev,0.009645461232148525,0.11094400929282248,-0.7,-0.01759685877199796
2006-01-24,dev,0.007867948425223955,0.11367100099040241,-1.0,-0.0398074334766908
2006-01-25,dev,0.007156710871881137,0.1159627664400626,-0.9,-0.02869353648341111
2006-01-26,dev,0.005900859432206167,0.11733454262801526,-0.9,-0.04056425650453427
2006-01-27,dev,0.004252151901145695,0.11968983910095879,-0.8,-0.04062208994601452
2006-01-30,dev,0.002844494243488037,0.12203593519705488,-0.9,-0.04680347156516251
2006-01-31,dev,0.0013429927419865355,0.1235374366985564,-0.9,-0.053801359235662094
2006-02-01,dev,-0.0003057147890739373,0.12589273317149993,-0.9,-0.04992216330475091
2006-02-02,dev,-0.0022782755851641456,0.12892517738041473,-0.9,-0.02571655937441142
2006-02-03,dev,-0.004250836381254354,0.13195762158932953,-0.9,-0.025416151783635654
2006-02-06,dev,-0.005752337882755856,0.13345912309083102,0.0,-0.01310505651893179
2006-02-07,dev,-0.006905005702090342,0.13394445690949816,0.6,0.020882389524391087
2006-02-08,dev,-0.008406507203591844,0.13544595841099966,0.6,0.019229980272064018
2006-02-09,dev,-0.00963647760468568,0.13643732003839895,-0.1,-0.001962455041054134
2006-02-10,dev,-0.010870152735903294,0.13743166769479642,0.6,0.01641325006315858
2006-02-13,dev,-0.011138141986137313,0.13615966238030539,0.7,0.026631708390190467
2006-02-14,dev,-0.013784064020137978,0.13702779657120434,0.6,0.03325846082518635
2006-02-15,dev,-0.01498888329724641,0.13582297729409587,0.9,0.03389704399939325
2006-02-16,dev,-0.016193702574354846,0.13461815801698745,0.4,0.0020619399265521254
2006-02-17,dev,-0.017709656499947324,0.1321754200320808,-0.1,0.0019334647121094228
2006-02-20,dev,-0.020169495857377043,0.1307195967389081,-0.9,-0.008666694323088975
2006-02-21,dev,-0.02152491754412403,0.1293641750521611,0.0,0.0010594152145525504
2006-02-22,dev,-0.023047675241580523,0.12817608937612363,-1.0,-0.010251571030438222
2006-02-23,dev,-0.022311396794458704,0.12774101574827892,-0.9,-0.005505145608449058
2006-02-24,dev,-0.020955975107711716,0.1274398109290018,0.6,0.008930941642660728
2006-02-27,dev,-0.021105925558866985,0.1275408644939108,0.7,0.009191996847365436
2006-02-28,dev,-0.020260297055548902,0.12688046890084334,0.7,0.005531673039659402
2006-03-01,dev,-0.01921977131622798,0.12641497054377873,0.9,0.007808733354883635
2006-03-02,dev,-0.017820423926669746,0.1254297797807265,0.7,0.008524684717536535
2006-03-03,dev,-0.016540303444742038,0.12520387616626868,0.5,0.0077158779538417654
2006-03-06,dev,-0.01658422914755328,0.12528545247148956,0.2,0.007967025091930813
2006-03-07,dev,-0.016716006255987015,0.12647144644739317,-0.5,-0.021376120182431735
2006-03-08,dev,-0.016899505404094597,0.12774262966511254,-0.1,-0.024159808367276936
2006-03-09,dev,-0.01727410988261474,0.12719688608473043,-0.1,-0.022561793034723276
2006-03-10,dev,-0.017457609030722323,0.12846806930244975,-0.1,-0.029422330741140645
2006-03-13,dev,-0.016938011702013547,0.12966366608351343,-0.1,-0.03195421398288534
2006-03-14,dev,-0.0170302366624614,0.13034156708144454,-0.5,-0.05530726842899991
2006-03-15,dev,-0.015992943550620094,0.13214898615166482,-0.1,-0.03908022549043777
2006-03-16,dev,-0.014014385378537827,0.1337681522098369,0.2,-0.013851836596745937
2006-03-17,dev,-0.01413037965868873,0.13279646242037602,-0.1,-0.0402870671721588
2006-03-20,dev,-0.014135916511984266,0.131295975177286,0.2,-0.02427598903572703
2006-03-21,dev,-0.01626119393747571,0.12965619236181358,0.5,0.032373399752887
2006-03-22,dev,-0.016691486536443003,0.1270744367680098,0.2,0.0042564175811359295
2006-03-23,dev,-0.01662735638948153,0.12496641677595367,0.2,0.002061092689978783
2006-03-24,dev,-0.01741839934919919,0.1245861076607048,0.2,-0.029008806641163343
2006-03-27,dev,-0.017585735359908695,0.12400043162322154,0.1,-0.03760875930613505
2006-03-28,dev,-0.01871525343219785,0.12287091355093238,0.2,-0.0179882949019059
2006-03-29,dev,-0.01858078699502057,0.12348945916194787,0.0,-0.029709528158213483
2006-03-30,dev,-0.0186121624970286,0.1235208346639559,-0.6,-0.054364060949567805
2006-03-31,dev,-0.018287948976278938,0.12319662114320622,0.0,-0.05089159503317575
2006-04-03,dev,-0.017848691948166486,0.12275736411509379,0.0,-0.03841746149369352
2006-04-04,dev,-0.01710613840064306,0.12201481056757035,0.0,-0.019998219640026238
2006-04-05,dev,-0.016633028857206154,0.1226712190964226,0.0,-0.014997296211715694
2006-04-06,dev,-0.016159919313769245,0.12332762762527487,0.0,-0.009799806226615804
2006-04-07,dev,-0.01568680977033234,0.1239840361541271,0.1,0.0327176313243297
2006-04-10,dev,-0.015134435800769877,0.1245611802568538,0.1,0.007600292376998663
2006-04-11,dev,-0.014023743029685539,0.12586012603998634,0.5,0.06732388367388709
2006-04-12,dev,-0.013035414716432527,0.12750733989540802,0.5,0.07323761122395145
2006-04-13,dev,-0.011592141624063048,0.1298291270440024,0.3,0.007543314904528531
2006-04-14,dev,-0.010101805278681522,0.13172734491548835,0.3,-0.013460016064911484
2006-04-17,dev,-0.009160540218440559,0.13379812804801847,-0.2,-0.06879928784909983
2006-04-18,dev,-0.008220516386850462,0.13612832796857982,-0.1,-0.04656506755746198
2006-04-19,dev,-0.006432112772392629,0.1388579966432786,-0.1,-0.05801301628189098
2006-04-20,dev,-0.004643709157934797,0.14158766531797742,-0.1,-0.05468031797097073
2006-04-21,dev,-0.0028553055434769655,0.1443173339926762,-0.1,-0.08100864975349675
2006-04-24,dev,-0.0018199139772119052,0.14629399061918225,0.6,0.18242935846591074
2006-04-25,dev,-0.00021348827440066017,0.1489044323862505,0.3,0.05443499280744557
2006-04-26,dev,0.0002168043245666375,0.15023116789973304,0.6,0.11781196007143024
2006-04-27,dev,0.0013425193057033055,0.1509461490364009,0.6,0.12319822836519467
2006-04-28,dev,0.001287353587886985,0.15143160735318453,0.6,0.10282760004420599
2006-05-01,dev,0.0014350030091012536,0.15178596596409877,0.6,0.10783369726129838
2006-05-02,dev,0.0015291295151253503,0.15169183945807468,0.6,0.1308502508294095
2006-05-03,dev,0.0016232560211494466,0.15159771295205057,0.4,0.10648530380134474
2006-05-04,dev,0.002335384839452964,0.15297728426761587,-0.1,0.09624435700131845
2006-05-05,dev,0.002411446662502739,0.15373790249811362,-0.1,0.09903971512531212
2006-05-08,dev,0.002371514205401607,0.1544053449953754,0.2,0.11020341678770573
2006-05-09,dev,0.0010426694144731869,0.15422816568991826,-0.1,0.0693222344888389
2006-05-10,dev,0.0007536344868840423,0.1536044587409101,0.0,0.028243603974794917
2006-05-11,dev,0.00012041980999466655,0.15359875410418136,0.0,-0.0033162912927007238
2006-05-12,dev,-0.0006325922381981049,0.15435176615237414,-0.1,-0.03429167790092624
2006-05-15,dev,-0.0003031494671137677,0.1539281968752657,0.2,-0.0003790096516095298
2006-05-16,dev,-0.00016509725827842613,0.1542921526985589,0.4,-0.04321703654123915
2006-05-17,dev,0.0007761678019625379,0.15435490370257496,-0.2,-0.07168510373850256
2006-05-18,dev,0.0011840493280669555,0.15513929125277576,-0.6,-0.08877475621634545
2006-05-19,dev,0.0007657093012931935,0.15622697532238752,-0.5,-0.020419926973918312
2006-05-22,dev,0.001267717333421708,0.15672898335451604,-0.1,-0.010063632228208885
2006-05-23,dev,0.002020729381614478,0.1559759713063233,0.7,0.024233694775508907
2006-05-24,dev,0.002538425164747008,0.15536414901716666,0.7,0.023868539752386897
2006-05-25,dev,0.003793445245068294,0.15436013295290962,0.7,0.041958958249502465
2006-05-26,dev,0.004546457293261064,0.15360712090471684,0.7,0.03695592012211529
2006-05-29,dev,0.006052481389646607,0.1521010968083313,0.7,0.025441752082078217
2006-05-30,dev,0.007809509502096406,0.15009306467981726,0.6,0.015910320783687315
2006-05-31,dev,0.011376408677746377,0.14612984337353951,0.6,0.025662444564050813
2006-06-01,dev,0.013384440806260436,0.14286679116470416,0.7,0.011299873107696479
2006-06-02,dev,0.012829589823381553,0.14231194018182527,0.7,0.02303803431095275
2006-06-05,dev,0.014551492300101438,0.1408316135602618,0.5,0.0013626334286246378
2006-06-06,dev,0.015240880765906566,0.13982989073288352,-0.5,-0.005060155934096033
2006-06-07,dev,0.015240880765906566,0.13982989073288352,0.6,0.06472513236702854
2006-06-08,dev,0.015240880765906566,0.13982989073288352,0.9,0.07607071570836965
2006-06-09,dev,0.016893663641555173,0.1382973827390164,0.9,0.10150464996226527
2006-06-12,dev,0.016893663641555173,0.1382973827390164,0.9,0.08713280365054488
2006-06-13,dev,0.019547226546598545,0.13627818558553065,0.6,0.07848346391231409
2006-06-14,dev,0.02014738410270071,0.13520908909224727,0.6,0.10991578101775579
2006-06-15,dev,0.021138276880234983,0.13271218914432062,0.6,0.09044343747880895
2006-06-16,dev,0.0214062903738313,0.1316502234646596,0.6,0.07176359966410711
2006-06-19,dev,0.01993913338788502,0.13184760011153315,0.6,0.06453290820931368
2006-06-20,dev,0.01996907202660557,0.1305440679795685,0.6,0.05871990631679924
2006-06-21,dev,0.019999100706344825,0.12923661545021445,0.3,0.0265525887361045
2006-06-22,dev,0.019999100706344825,0.12923661545021445,0.6,0.04258388042897465
2006-06-23,dev,0.020029219833914622,0.12792522481083224,0.6,0.05184307835340596
2006-06-26,dev,0.018551134192638475,0.12811817386786217,0.3,0.023081449541331622
2006-06-27,dev,0.018551134192638475,0.12811817386786217,0.3,0.013582951806093979
2006-06-28,dev,0.019453699906556435,0.12616510066890282,0.3,0.019810054220551543
2006-06-29,dev,0.020438620704249292,0.12428574219392145,0.3,0.020591278937296564
2006-06-30,dev,0.020438620704249292,0.12428574219392145,0.1,-0.004164839329448167
2006-07-03,dev,0.021426526110420004,0.12240068869325833,-0.6,-0.04255706414185062
2006-07-04,dev,0.02156742914158691,0.12117736435353425,-0.3,-0.03447832946652862
2006-07-05,dev,0.021680193591570123,0.11992175484487301,-0.5,-0.05942063852585683
2006-07-06,dev,0.020996924121703234,0.11938801590963824,-0.5,-0.07759756654175332
2006-07-07,dev,0.021109162693454867,0.11812585065789588,-0.5,-0.09901973752124477
2006-07-10,dev,0.01970447978063841,0.11839600238319307,-0.5,-0.11056491950157121
2006-07-11,dev,0.019015055078018407,0.11785748214938432,-0.5,-0.0871394498239279
2006-07-12,dev,0.0182334368396909,0.11722723056813394,-0.6,-0.09950059344572076
2006-07-13,dev,0.01744942099940533,0.11659504569982451,-0.8,-0.055869328497832826
2006-07-14,dev,0.01755707230500713,0.1153188961217096,-0.6,-0.06267553150529886
2006-07-17,dev,0.017665054845395402,0.11403881992950818,-0.8,-0.09846891447457667
2006-07-18,dev,0.017773370151701662,0.11275479897246177,-0.8,-0.1027025751889532
2006-07-19,dev,0.01788201976450887,0.11146681498777015,-0.7,-0.057482725066381635
2006-07-20,dev,0.017991005233924443,0.11017484959972555,-0.9,-0.08827050354857857
2006-07-21,dev,0.018100328119654,0.10887888431883867,-0.9,-0.11122311905268062
2006-07-24,dev,0.019107582810333184,0.10692610576331506,-0.9,-0.08458353699530075
2006-07-25,dev,0.019107582810333184,0.10692610576331506,-0.9,-0.08122887843257143
2006-07-26,dev,0.019107582810333184,0.10692610576331506,-0.9,-0.07613956160268859
2006-07-27,dev,0.02011796562116976,0.10496726267811589,-0.9,-0.07090504362826155
2006-07-28,dev,0.02011796562116976,0.10496726267811589,-0.9,-0.0470792150591795
2006-07-31,dev,0.021131491146814535,0.10300232676839045,-0.5,-0.03043268993027315
2006-08-01,dev,0.021131491146814535,0.10300232676839045,-0.7,-0.05095985299672634
2006-08-02,dev,0.021131491146814535,0.10300232676839045,-0.7,-0.04437677144745489
2006-08-03,dev,0.021131491146814535,0.10300232676839045,-0.5,-0.02619306430735968
2006-08-04,dev,0.021131491146814535,0.10300232676839045,-0.5,-0.030544776323107703
2006-08-07,dev,0.02214817407285073,0.10103126956299606,-0.2,-0.025291969835701145
2006-08-08,dev,0.022264835154005513,0.09971093079312145,-0.3,-0.029540848466045877
2006-08-09,dev,0.022381860801038912,0.09838646596459096,-0.2,-0.02062445697356624
2006-08-10,dev,0.022499252725527812,0.09705785570623722,-0.3,-0.02376950047686488
2006-08-11,dev,0.023606948303962476,0.09514761806050372,-0.2,0.006086632560129979
2006-08-14,dev,0.023726632020212603,0.09380975180776882,-0.2,-0.06151331503643265
2006-08-15,dev,0.02384669210035031,0.09246767842845299,0.6,0.07444393264301619
2006-08-16,dev,0.025873470977259276,0.08987811240194166,0.3,-0.03264528749529383
2006-08-17,dev,0.025997295977140393,0.08852560402867558,0.7,0.06928047454495456
2006-08-18,dev,0.02803387605725727,0.08592162851329725,0.7,0.09222397628590778
2006-08-21,dev,0.0300769010110454,0.08330941256907279,-0.2,-0.05286928348010872
2006-08-22,dev,0.030207976256621333,0.08194006390269631,0.7,0.09987825580699511
2006-08-23,dev,0.03190724633916432,0.07835671380563021,0.7,0.08630436994480833
2006-08-24,dev,0.03357631790976181,0.07639581098596283,0.1,-0.022938020343900967
2006-08-25,dev,0.03372321750804722,0.0750209609706969,0.6,0.04351470885403086
2006-08-28,dev,0.03581509266493786,0.07075353565064,0.7,0.04587330462066719
2006-08-29,dev,0.03824658990612369,0.06682573241487828,0.3,0.029767888846207735
2006-08-30,dev,0.038587266717388734,0.06398675898766956,0.4,0.040800764253202226
2006-08-31,dev,0.039344326297977725,0.061299197476578644,0.2,-0.0005919412410929636
2006-09-01,dev,0.037841854207270334,0.060478079008401346,0.5,0.0534121972623568
2006-09-04,dev,0.036951195877165645,0.05905747897188437,0.7,0.06974604128700651
2006-09-05,dev,0.03861505697009248,0.05727671897313128,0.1,-0.05334784660671238
2006-09-06,dev,0.03805961004786355,0.05619133034449006,-0.3,-0.07660345653465966
2006-09-07,dev,0.036277608265861766,0.05577203580754846,-0.5,-0.06518861670927445
2006-09-08,dev,0.03436457694106573,0.05499459385363592,-0.5,-0.052219269899048404
2006-09-11,dev,0.033314835953244255,0.05394485286581444,0.3,0.03328724994806814
2006-09-12,dev,0.033890418572170525,0.05350872859068088,0.6,0.05405244065264109
2006-09-13,dev,0.03473762801071123,0.052766112909984696,0.6,0.06654661987130372
2006-09-14,dev,0.03545235202264887,0.05228846808249467,0.3,0.022837355230128475
2006-09-15,dev,0.03636517027292842,0.052045049882420126,-0.1,0.000656076914837378
2006-09-18,dev,0.03623416394997163,0.05090233666540351,-0.3,-0.004840149273885874
2006-09-19,dev,0.03537649513564647,0.05242940552993367,-0.6,-0.011904689432075455
2006-09-20,dev,0.03423642317514107,0.05367407124828359,0.2,0.013129407845475671
2006-09-21,dev,0.03122237971992115,0.05476707601775895,-0.3,-0.0023214707047946037
2006-09-22,dev,0.029143377640919073,0.05586772417723064,-0.3,0.01366229880710279
2006-09-25,dev,0.03078619693079718,0.05645066005428417,-0.3,0.015324256802457692
2006-09-26,dev,0.03056132035143144,0.0596041618532968,0.3,0.029827767938795546
2006-09-27,dev,0.03125185045372625,0.06173998751853423,0.6,0.03885549469087651
2006-09-28,dev,0.030013460360846993,0.06495310775951825,0.2,0.03001508301573902
2006-09-29,dev,0.029208088425444097,0.06812229862220756,0.4,0.012203627189166177
2006-10-02,dev,0.029451506625518646,0.07038913061040178,-0.1,0.001529024728156303
2006-10-03,dev,0.028107476837216414,0.0720260229206687,-0.2,-0.00878918551172625
2006-10-04,dev,0.02647860338171757,0.07389476472749101,-0.3,-0.01962834762701171
2006-10-05,dev,0.023812487985680485,0.07705800810198916,0.2,0.006097583212741342
2006-10-06,dev,0.023043781334620893,0.07856048019269654,0.2,0.01308740710894718
2006-10-09,dev,0.022628892761837584,0.08079530015197471,0.2,0.0036663694358176624
2006-10-10,dev,0.02278610034938573,0.08312045108393679,0.2,0.0019369266511086725
2006-10-11,dev,0.02382189550282794,0.08473436446255604,0.1,-0.005707395095516432
2006-10-12,dev,0.02353283639023942,0.08740816125399989,0.1,0.015934414729560142
2006-10-13,dev,0.023449531159875362,0.08905921069916699,0.2,0.017592918060197582
2006-10-16,dev,0.023875090408964024,0.08934024039196138,0.3,0.018183201654906167
2006-10-17,dev,0.023521795938022495,0.0897818584806383,0.6,0.021565237701459794
2006-10-18,dev,0.024286899276655245,0.09094441809908027,0.6,0.025896655436013383
2006-10-19,dev,0.02214304419162369,0.09255833147769954,0.6,0.03788164712171793
2006-10-20,dev,0.02088242528394596,0.09426056847405417,0.7,0.05104732252586863
2006-10-23,dev,0.021776701913516706,0.09426056847405417,0.7,0.08592190356606244
2006-10-24,dev,0.020733379179017502,0.09649626004798104,0.7,0.06752214635259746
2006-10-25,dev,0.02116395681547749,0.09904660451009022,0.7,0.07254509566471623
2006-10-26,dev,0.021481921839324868,0.10095439465317446,0.7,0.08967969944890664
2006-10-27,dev,0.022907946794761585,0.10217807822979923,0.6,0.09198801744184126
2006-10-30,dev,0.022782085639488664,0.10417198390017549,0.6,0.11138649661568334
2006-10-31,dev,0.022467332383558938,0.10484003162704675,0.8,0.10803190843078392
2006-11-01,dev,0.019315283275627478,0.10606000159701671,0.6,0.08975065854273212
2006-11-02,dev,0.016511008412529084,0.10802520209162897,0.6,0.11842914965840357
2006-11-03,dev,0.0155217838938928,0.10830783766838219,0.6,0.1191800272110769
2006-11-06,dev,0.01538046610551619,0.10880244992770034,0.6,0.14239513425774752
2006-11-07,dev,0.014882642078280398,0.10936450931328913,0.6,0.14605013588452997
2006-11-08,dev,0.014671053631397831,0.10983427448893666,0.6,0.15444861931365284
2006-11-09,dev,0.013535464260514343,0.11028851023729005,0.5,0.1351179656818482
2006-11-10,dev,0.013166110949984563,0.11136445248970289,0.6,0.10955977956570662
2006-11-13,dev,0.013520111303984917,0.11219651214529197,0.6,0.177587410833137
2006-11-14,dev,0.01442664162227994,0.11298074822364569,0.8,0.18884941682858836
2006-11-15,dev,0.015915068716243368,0.11222711425201864,0.8,0.16734808835206505
2006-11-16,dev,0.017457620431805466,0.11303590052793296,0.9,0.1788396762211083
2006-11-17,dev,0.018353759736249267,0.11380974559243545,0.8,0.18292528541421776
2006-11-20,dev,0.01893348384538514,0.11467852881415984,0.8,0.19553506308129415
2006-11-21,dev,0.020170959131303335,0.11408529638701739,0.8,0.19263522449386206
2006-11-22,dev,0.020909665752362895,0.11511306212066548,0.9,0.19789423327156896
2006-11-23,dev,0.021572092885378265,0.11604046010688698,0.9,0.17633805371115308
2006-11-24,dev,0.023723032752581107,0.11660157485485294,0.9,0.17486270121248348
2006-11-27,dev,0.025504619309254167,0.11823863185523176,0.7,0.17590701200968184
2006-11-28,dev,0.0270141502305498,0.12061534011429295,0.7,0.18963223580938554
2006-11-29,dev,0.02932762680873226,0.1219893745765627,0.9,0.22046453757142304
2006-11-30,dev,0.03144739363438143,0.12410914140221188,0.9,0.2026350981798774
2006-12-01,dev,0.03310145411197133,0.1263413201049788,0.7,0.2223732857537668
2006-12-04,dev,0.0349492243420945,0.12782776644436633,0.7,0.198290232585757
2006-12-05,dev,0.03679699457221767,0.12931421278375385,0.7,0.19174397065371052
2006-12-06,dev,0.038823620128254986,0.13082053193713183,0.7,0.20883345315663504
2006-12-07,dev,0.04116821070813969,0.13200888606666245,0.6,0.19623109025592816
2006-12-08,dev,0.04312237075053502,0.13343310440264547,0.7,0.2689336405254198
2006-12-11,dev,0.04495329022851333,0.13580910677864785,0.6,0.26238280389993346
2006-12-12,dev,0.045948938282984915,0.13792887360429704,0.6,0.2585625049719198
2006-12-13,dev,0.045492867238678576,0.14068135870972331,0.6,0.23106414855858837
2006-12-14,dev,0.04565184975060226,0.14338406141242602,0.7,0.1787331836517913
2006-12-15,dev,0.045568573196737475,0.1460034875612639,0.6,0.2129393040535582
2006-12-18,dev,0.04548529664287268,0.14862291371010183,0.5,0.20150830350374294
2006-12-19,dev,0.045670386577097564,0.1505303141901667,0.5,0.17589895411270284
2006-12-20,dev,0.04501380438937351,0.15318586766751946,0.6,0.17640114931480222
2006-12-21,dev,0.044357222201649456,0.15584142114487226,0.6,0.21606645658805357
2006-12-22,dev,0.04351555007970052,0.15808588013673608,0.6,0.27070254864220755
2006-12-25,dev,0.04463695396846289,0.15823177556509047,0.6,0.2298774182750707
2006-12-26,dev,0.04508046470609128,0.15937556641476366,0.6,0.22990605148634746
2006-12-27,dev,0.04549752041726464,0.16127410360741853,0.6,0.17145625671672032
2006-12-28,dev,0.04524658671044858,0.16241205878949136,0.6,0.1905231613217065
2006-12-29,dev,0.04494896766282953,0.1627096778371104,0.6,0.17429166406940877
2007-01-02,dev,0.04484976131362318,0.16122158259901517,0.5,0.1633774688663041
2007-01-03,dev,0.04544499940886128,0.15983269371012626,0.6,0.08157238453424365
2007-01-04,dev,0.04623865020251207,0.15903904291647547,0.5,0.06871010530168858
2007-01-05,dev,0.04797215062022302,0.15759794015958326,0.3,0.02444797202760618
2007-01-08,dev,0.04936103950911191,0.15700270206434513,-0.1,-0.019593010229777996
2007-01-09,dev,0.05005548395355635,0.1584907973024404,-0.3,-0.02926196795663516
2007-01-10,dev,0.05115258946242656,0.1595879028113106,-0.3,-0.02590866418551513
2007-01-11,dev,0.05105921878082059,0.1594945321297046,0.1,0.0024177763779174577
2007-01-12,dev,0.05172059444219625,0.16094955858473106,0.4,0.04450464489951489
2007-01-15,dev,0.05185286957447138,0.1626691353043078,0.4,0.03175423525743726
2007-01-16,dev,0.0527787955003973,0.16359506123023373,0.3,0.017456006266965807
2007-01-17,dev,0.05492478547533465,0.16474898771310756,0.7,0.05563834120601241
2007-01-18,dev,0.0554834738629704,0.167490215783283,0.7,0.07762850976205038
2007-01-19,dev,0.05604216225060616,0.17023144385345845,0.7,0.05636862391737307
2007-01-22,dev,0.05660085063824192,0.17297267192363389,0.2,0.016385503617321606
2007-01-23,dev,0.05613841508808707,0.1755084727050487,0.2,0.0011096712922155083
2007-01-24,dev,0.05618904671766607,0.17767550645102984,0.2,-0.001392896016152556
2007-01-25,dev,0.057645301734292595,0.17860266093855584,0.5,0.02955840607296123
2007-01-26,dev,0.059817398643231615,0.17886999594273292,0.5,0.02287233678522982
2007-01-29,dev,0.06261479617747126,0.17935859116817027,-0.8,-0.07318407914788178
2007-01-30,dev,0.06475751561342377,0.18040240950522168,0.2,-0.018067058777702816
2007-01-31,dev,0.06777938003879697,0.18042603759902523,0.5,0.02862610735700355
2007-02-01,dev,0.07020463509563098,0.1807348905394571,0.9,0.06603674341986066
2007-02-02,dev,0.07046918536018124,0.18258674239130895,0.9,0.09501109805141089
2007-02-05,dev,0.07126283615383203,0.18338039318495974,0.7,0.12329303795387714
2007-02-06,dev,0.07159352398451986,0.18490155720612375,0.9,0.12424063000889302
2007-02-07,dev,0.07141005878557478,0.18555842814163248,0.9,0.11419862981787615
2007-02-08,dev,0.07224548067362825,0.18718750082333674,0.9,0.10514971384004079
2007-02-09,dev,0.07283549738206602,0.18797593023018722,0.9,0.11270423478109398
2007-02-12,dev,0.07263186329685299,0.18797070884338685,1.0,0.10064262925393863
2007-02-13,dev,0.07150926513478115,0.1886338249670293,0.9,0.06913080311673431
2007-02-14,dev,0.07175728100779702,0.18838580909401342,0.9,0.05913125316091877
2007-02-15,dev,0.07465776137538264,0.18642517835048794,0.8,0.01585668400337803
2007-02-16,dev,0.076913400473127,0.18391891268632757,0.8,0.032865847043931806
2007-02-20,dev,0.07730065018241125,0.1831514281807944,0.5,0.026274012734071706
2007-02-21,dev,0.07768913317102444,0.1823814994570908,0.8,0.0441175573402402
2007-02-22,dev,0.07683838041513913,0.1804572452474707,0.9,0.04739054389558195
2007-02-23,dev,0.07465589069802338,0.18012147759868366,0.8,0.05452134041891471
2007-02-26,dev,0.07247340098090761,0.17978570994989665,0.8,0.05238372364618016
2007-02-27,dev,0.07096244656136594,0.17827475553035496,0.7,0.1169980042610903
2007-02-28,dev,0.0683602472832664,0.17936600038891282,0.6,0.09791861829372062
2007-03-01,dev,0.06701717668811823,0.17978570994989665,0.6,0.12658120447519006
2007-03-02,dev,0.06659175151775845,0.1782092227985919,0.9,0.09534149368749834
2007-03-05,dev,0.06611619661612739,0.17963063275319083,0.9,0.12588530022733313
2007-03-06,dev,0.06533148723885034,0.17911216405748992,0.9,0.1248746207127287
2007-03-07,dev,0.06490268428509915,0.17753207685331523,0.5,0.09670107352415946
2007-03-08,dev,0.06447250696290648,0.17594692526707592,0.6,0.09684533119415262
2007-03-09,dev,0.06423807067265516,0.17496213111146844,0.9,0.10525050674358849
2007-03-12,dev,0.06229501077572182,0.1750466119765525,0.9,0.13202838492092728
2007-03-13,dev,0.06185925784556489,0.17345236751563592,0.6,0.11295800342833484
2007-03-14,dev,0.06043802566102562,0.17122675851718194,0.9,0.1668262631519023
2007-03-15,dev,0.061444466884858155,0.1694151643142834,0.9,0.1595946078550724
2007-03-16,dev,0.06297001989782536,0.1677201054109865,0.9,0.1618093980028985
2007-03-19,dev,0.06424131407529803,0.16627930534318416,0.9,0.15952954103162986
2007-03-20,dev,0.06426003945453662,0.16501948418881407,0.9,0.16695530818272952
2007-03-21,dev,0.0653331574504244,0.164639871077649,0.9,0.17025112863682879
2007-03-22,dev,0.06508657977845773,0.16503949695980186,1.0,0.1202461994559928
2007-03-23,dev,0.065208242545253,0.1654699979273907,0.9,0.14738838393630116
2007-03-26,dev,0.06451246093753785,0.16516825019040374,1.0,0.18771855307267815
2007-03-27,dev,0.06299381233516373,0.16543638046668685,0.7,0.17638493664343713
2007-03-28,dev,0.06299381233516373,0.16543638046668685,0.7,0.15344038973765872
2007-03-29,dev,0.06299381233516373,0.16543638046668685,0.6,0.165800012732363
2007-03-30,dev,0.06342144455034285,0.16407936645118554,0.7,0.17614777127167236
2007-04-02,dev,0.06378189435717094,0.1629750897464515,0.7,0.18621161150885068
2007-04-03,dev,0.06398190320508111,0.16170559320347955,0.9,0.1790001052507102
2007-04-04,dev,0.06418256567667727,0.16043194797899468,0.7,0.17757166883819342
2007-04-05,dev,0.06470479894420754,0.15892949392896188,0.9,0.16091864432112646
2007-04-06,dev,0.06593252898561736,0.15703300215887134,0.9,0.14931968399821638
2007-04-09,dev,0.06612721553394739,0.155735242850343,0.9,0.1220350743640668
2007-04-10,dev,0.06389871978387338,0.15694360240835517,0.9,0.1509225239566211
2007-04-11,dev,0.06407184997777919,0.15711673260226097,0.9,0.14483165783657814
2007-04-12,dev,0.06560867781032799,0.15685874125151833,0.9,0.16137652979483813
2007-04-13,dev,0.06714046686309795,0.15660159577405683,0.9,0.1582514761457569
2007-04-16,dev,0.06877981112539303,0.15496225151176174,0.9,0.15266673475198544
2007-04-17,dev,0.0703039030875446,0.1547086308055232,1.0,0.1033819162567231
2007-04-18,dev,0.0707612054847719,0.15434760259718583,0.9,0.1299978516989208
2007-04-19,dev,0.0707612054847719,0.15434760259718583,1.0,0.20641964026853094
2007-04-20,dev,0.07162767318478153,0.15357740908606618,1.0,0.15865531844481645
2007-04-23,dev,0.07095375386255182,0.15454015097496576,1.0,0.12435493910850276
2007-04-24,dev,0.07002141434909116,0.15524447267263441,1.0,0.12874729816565367
2007-04-25,dev,0.06985926834675019,0.15508232667029342,1.0,0.1478561632911065
2007-04-26,dev,0.07007022375291168,0.15379364774583779,1.0,0.13823513754143596
2007-04-27,dev,0.0681720356597279,0.15517414817724418,1.0,0.15566640319758485
2007-04-30,dev,0.06558359735084092,0.15750374265524245,1.0,0.14728050527807224
2007-05-01,dev,0.06452871851979036,0.15957174411010938,1.0,0.16206565775571385
2007-05-02,dev,0.06416528150122518,0.1606869949582267,1.0,0.08850725101717116
2007-05-03,dev,0.06416528150122518,0.1606869949582267,1.0,0.10195962732372443
2007-05-04,dev,0.06356328631718665,0.16171898670229273,1.0,0.06622728348203549
2007-05-07,dev,0.06287529182114261,0.16266497913435327,-0.1,-0.018648500544240887
2007-05-08,dev,0.06182827279954035,0.1647178138039203,-0.1,-0.019156129270675892
2007-05-09,dev,0.0599393743707604,0.16772287948607023,-0.2,-0.02001637085089042
2007-05-10,dev,0.05889884221637634,0.16976413315397393,0.3,-0.0025988630950204983
2007-05-11,dev,0.056584424249635376,0.172335708672575,0.6,0.024046347110669775
2007-05-14,dev,0.0543557254668478,0.1749930033751294,0.6,0.029418943273228526
2007-05-15,dev,0.05306993770754726,0.1769645446060569,0.9,0.10134137903038637
2007-05-16,dev,0.05084123892475967,0.17962183930861134,0.9,0.08924197070973244
2007-05-17,dev,0.0507585702435812,0.18095578753737784,0.7,0.0439491413559836
2007-05-18,dev,0.05067616996721175,0.18228540476540156,0.9,0.05274174505121115
2007-05-21,dev,0.050594036790603626,0.18361071205103302,0.9,0.07480260814818229
2007-05-22,dev,0.05051216941715605,0.1849317303163226,0.9,0.06486220850299224
2007-05-23,dev,0.05043056655864691,0.18624848034812175,0.7,0.03304335267591013
2007-05-24,dev,0.05043056655864691,0.18624848034812175,0.7,0.03527301687656975
2007-05-25,dev,0.05043056655864691,0.18624848034812175,0.1,-0.0033552167998611715
2007-05-28,dev,0.05195104550951643,0.18776895929899126,-0.8,-0.059117578401229165
2007-05-29,dev,0.053481527611378525,0.18929944140085336,-0.6,-0.05549269426174114
2007-05-30,dev,0.053481527611378525,0.18929944140085336,0.9,0.03317660186751903
2007-05-31,dev,0.053395267082973076,0.190607022946981,0.0,-0.01897789739603306
2007-06-01,dev,0.05636640460419548,0.18873945079078408,0.0,-0.00419398837079854
2007-06-04,dev,0.057471117665578934,0.1873654988756246,0.9,0.07174409635088258
2007-06-05,dev,0.056201483125947346,0.18792417239620343,0.9,0.056459719026290656
2007-06-06,dev,0.0562866474931761,0.18800933676343218,0.7,0.02149273453452416
2007-06-07,dev,0.053049724926866236,0.19102165056340623,-0.6,-0.07706887359589765
2007-06-08,dev,0.05329420541329527,0.19202876091871857,-0.6,-0.049875172316199146
2007-06-11,dev,0.05329420541329527,0.19202876091871857,-0.6,-0.043584796952786276
2007-06-12,dev,0.052101904272092756,0.19569082870955484,-0.9,-0.07863201963496491
2007-06-13,dev,0.05193044101022887,0.19737283209993972,-0.9,-0.09098010015509017
2007-06-14,dev,0.04962239917659886,0.20017102791418262,-0.9,-0.07839112569225326
2007-06-15,dev,0.04817869576062585,0.2005981352766447,-0.9,-0.07695879974863395
2007-06-18,dev,0.047985718609313076,0.19983906600727983,-0.9,-0.12585883364182365
2007-06-19,dev,0.04677611344520016,0.2005085038242403,-0.7,-0.11039196134486207
2007-06-20,dev,0.045304557387018086,0.2009221314104684,-0.9,-0.0964036444428461
2007-06-21,dev,0.04512197442840758,0.200448687961989,-1.0,-0.11664515099980344
2007-06-22,dev,0.04355660061599514,0.20077729236848407,-1.0,-0.04914931339229628
2007-06-25,dev,0.042550535920783304,0.20043989875989374,0.6,0.033476871859727586
2007-06-26,dev,0.040975783512758275,0.20076956964601197,0.6,0.028450942630437792
2007-06-27,dev,0.039395842464179626,0.2011003267623975,0.6,0.035596480503378714
2007-06-28,dev,0.037810687088707974,0.20143217548642786,0.7,0.11571482627719443
2007-06-29,dev,0.03622029153017691,0.20176512123103355,0.7,0.15321002828540414
2007-07-02,dev,0.03423682045579674,0.203418013793017,0.7,0.1786286779743565
2007-07-03,dev,0.03244618684698132,0.20493316530816852,0.7,0.1703979212550647
2007-07-04,dev,0.030532311248895192,0.20632507483404933,0.7,0.15075884415120883
2007-07-05,dev,0.02975504686354568,0.20583885807052954,0.7,0.2455970274218745
2007-07-06,dev,0.02840786574199618,0.20644206469559198,0.7,0.24386236796107102
2007-07-09,dev,0.02705620893565748,0.20704727532937553,0.6,0.22730017761841248
2007-07-10,dev,0.0268239120009969,0.2062825176066845,0.6,0.23394567320656967
2007-07-11,dev,0.026313062965443005,0.2060707662471401,0.6,0.21455414326716432
2007-07-12,dev,0.02580050825698242,0.20585830787137016,0.7,0.26725801243773123
2007-07-13,dev,0.025449045292392315,0.20383739582497706,0.7,0.2532266442874115
2007-07-16,dev,0.02669380995864894,0.20007381324582466,0.7,0.29477944467690453
2007-07-17,dev,0.027017155237286594,0.19901485083765158,0.7,0.29270427246105296
2007-07-18,dev,0.02826400144980786,0.19524497464214607,0.7,0.2936345665792932
2007-07-19,dev,0.029936242252483446,0.1919004930367949,0.6,0.2920604899324749
2007-07-20,dev,0.03160848305515903,0.19022825223411932,0.6,0.20161985337187255
2007-07-23,dev,0.03468892663903512,0.18996421421264423,0.6,0.21524597782075378
2007-07-24,dev,0.035584552981814066,0.1911199331644242,0.6,0.2225543926598441
2007-07-25,dev,0.03648318478211913,0.19227953036772022,0.6,0.19388277205693683
2007-07-26,dev,0.036544501059063865,0.19428336151119538,0.6,0.18326353665282064
2007-07-27,dev,0.03604485656028563,0.19657452317479449,0.7,0.17952216860714432
2007-07-30,dev,0.035734737829114266,0.1996314078106265,0.6,0.17625891384081638
2007-07-31,dev,0.036638169090208894,0.20081122468720428,0.6,0.18177581456576003
2007-08-01,dev,0.035679269510140776,0.204349233482628,0.9,0.19867392560551744
2007-08-02,dev,0.033992928869331335,0.2077219147642469,0.7,0.18494533389932954
2007-08-03,dev,0.032419010937909186,0.21137565281933401,1.0,0.13632195228825328
2007-08-06,dev,0.03050782487832515,0.21502939087442113,1.0,0.15034978400680243
2007-08-07,dev,0.02837771038467112,0.21964463894400488,0.8,0.12632090787871997
2007-08-08,dev,0.026247595891017085,0.22425988701358865,0.7,0.15035731580685774
2007-08-09,dev,0.02453167032668467,0.2284461536920893,0.6,0.10334719978929119
2007-08-10,dev,0.02301065719968007,0.23226521926098123,0.7,0.09770699922397735
2007-08-13,dev,0.02132431655887063,0.23563790054260011,0.7,0.10795623758416328
2007-08-14,dev,0.01975039862744848,0.2392916385976873,0.4,0.01871940483055401
2007-08-15,dev,0.018127183037364526,0.24272744493003165,0.9,0.028753859151235517
2007-08-16,dev,0.01618086488109696,0.24395706831395517,0.7,0.059029422543078525
2007-08-17,dev,0.013825904968668333,0.24576174864885653,0.7,0.1112939599516336
2007-08-20,dev,0.013437820383631692,0.24833215641611714,0.7,0.06883901967370909
2007-08-21,dev,0.013073413548694133,0.2476607017253786,0.7,0.039089608038686885
2007-08-22,dev,0.01292632964606925,0.24757214115300194,-0.1,0.019171721094745076
2007-08-23,dev,0.013583831899706654,0.2477798905447867,-0.1,0.013270522384278616
2007-08-24,dev,0.013819118541302085,0.2475638971501259,-0.1,0.003953500604576998
2007-08-27,dev,0.014055205477596816,0.24734716908405466,-0.1,-0.0014972785631938157
2007-08-28,dev,0.014292096798683011,0.24712970259186395,-0.9,-0.03300116581774615
2007-08-29,dev,0.014416867491874902,0.2476518070833377,-0.7,-0.022368440727193573
2007-08-30,dev,0.017410700196503367,0.24609501407693088,-0.9,-0.0303653514168305
2007-08-31,dev,0.016942253432132088,0.24676422374031845,0.3,-0.00546947582921109
2007-09-03,dev,0.01637342521825268,0.24790188016807724,-0.6,-0.010560604946007746
2007-09-04,dev,0.01655305518053039,0.24808151013035495,0.6,0.009546285231032847
2007-09-05,dev,0.017104272613794335,0.24806389934973952,0.3,0.002521093989996115
2007-09-06,dev,0.01897982074934099,0.2465264782020097,-0.5,-0.00977216060885977
2007-09-07,dev,0.019193131329545768,0.2475930311030336,-0.6,-0.019763968954775613
2007-09-10,dev,0.019406441909750546,0.2486595840040575,-0.6,-0.019999887607100475
2007-09-11,dev,0.02091216365237251,0.24732116467728243,0.6,0.04202056416073752
2007-09-12,dev,0.021445440102884454,0.24700119880697527,0.6,0.03249833369299826
2007-09-13,dev,0.02267197593906193,0.24609462884110495,0.8,0.04300874849171221
2007-09-14,dev,0.0238985117752394,0.24518805887523465,0.5,0.022396677609723303
2007-09-17,dev,0.02503616820299822,0.2446192306613552,0.5,0.021834799800442672
2007-09-18,dev,0.026173824630757035,0.2440504024474758,0.9,0.07133079058865144
2007-09-19,dev,0.027846848789225886,0.2417416291087888,0.9,0.06884056239015557
2007-09-20,dev,0.03027831056620061,0.23933805106778855,0.3,0.009589948897551825
2007-09-21,dev,0.03149627215356593,0.23759810594298097,0.7,0.04420388485475063
2007-09-24,dev,0.03392773393054065,0.23519452790198073,0.3,0.0007978561790454863
2007-09-25,dev,0.03345928716616938,0.2330195964959712,0.3,0.01837764898843186
2007-09-26,dev,0.03438737530460421,0.2296814730303105,0.9,0.06054240595446986
2007-09-27,dev,0.034237683669372784,0.22697205443262172,-0.1,0.007793813405642613
2007-09-28,dev,0.0359217145657263,0.22438987372487965,-0.3,-0.03394591239197009
2007-10-01,dev,0.03470106792395831,0.22434609573124698,-0.1,0.0034029181597367564
2007-10-02,dev,0.035659794869527354,0.22316807054006388,0.3,0.029538772579846995
2007-10-03,dev,0.03469345890183819,0.22286527614030371,0.3,0.024851342668151366
2007-10-04,dev,0.031736312182299616,0.22333278695501171,0.3,0.04184627446777961
2007-10-05,dev,0.030825911345562562,0.22446629087774758,0.3,0.027261232753592546
2007-10-08,dev,0.02991238198361336,0.2256036900029671,-0.3,-0.009481811891609682
2007-10-09,dev,0.03044291794551123,0.22510329812981342,-0.3,-0.028290394753035963
2007-10-10,dev,0.029462613157121405,0.22480227110421927,0.3,0.0036812771009815948
2007-10-11,dev,0.028220307317737132,0.22475882674405415,-0.6,-0.05692164981638842
2007-10-12,dev,0.02697371026647243,0.2247152323170145,-0.6,-0.03157212993872599
2007-10-15,dev,0.02529027377904418,0.22510401299576369,-0.6,-0.05733264615668077
2007-10-16,dev,0.025982315301535528,0.22441197147327235,-0.6,-0.11059402004052338
2007-10-17,dev,0.026674356824026878,0.223719929950781,-0.7,-0.04899701657855232
2007-10-18,dev,0.028641211677423343,0.220842494146738,-0.7,-0.014881578435101517
2007-10-19,dev,0.029658027072311948,0.22012920573539824,-0.7,-0.056409978110192494
2007-10-22,dev,0.03104097189110634,0.21805194294173588,-0.7,-0.015282081873176423
2007-10-23,dev,0.033007826744502804,0.21517450713769293,-0.7,-0.011222627878193225
2007-10-24,dev,0.033548484183949165,0.2148501126740251,-0.6,-0.02551834505951983
2007-10-25,dev,0.035151106657087025,0.2116084444897235,-0.7,-0.029186730862208632
2007-10-26,dev,0.035661031989449074,0.20900418297087447,-0.7,-0.020584238525731602
2007-10-29,dev,0.03726365446258693,0.20576251478657293,-0.6,-0.031049983126160197
2007-10-30,dev,0.03684080117742677,0.20519841169261552,-0.6,-0.08071968367522986
2007-10-31,dev,0.037194112753544985,0.20410789967587814,-0.6,-0.11919335995065328
2007-11-01,dev,0.037367493819203325,0.20283243515357532,-0.6,-0.10049475444115535
2007-11-02,dev,0.03754147900007302,0.2015525265040171,-0.8,-0.10236440914594891
2007-11-05,dev,0.03867350795314664,0.20035298660456705,-0.8,-0.0778071657514548
2007-11-06,dev,0.04052587009760027,0.19696974665477984,-0.6,-0.03980987110353318
2007-11-07,dev,0.04176588111992046,0.1947193562809395,-0.9,-0.06686290267594497
2007-11-08,dev,0.04096477252047976,0.19418564886185022,-0.7,-0.051631720186723185
2007-11-09,dev,0.0410365146790095,0.19277441532220374,-0.6,-0.05229290929757463
2007-11-12,dev,0.04147785297807702,0.19172757449959263,-0.7,-0.03722135332720872
2007-11-13,dev,0.043863208560963284,0.18910458161415117,0.8,0.0341905021800778
2007-11-14,dev,0.04403309375023852,0.18776961006584397,-0.9,-0.0398997511276965
2007-11-15,dev,0.04662760820539048,0.18332187099986919,-0.9,-0.07231557385461201
2007-11-16,dev,0.04570697356204832,0.1838180986659823,-0.3,-0.02754453260748596
2007-11-19,dev,0.045120904176529336,0.1820562503269066,-0.6,-0.046219945834964804
2007-11-20,dev,0.04577067675612648,0.17917868604583354,-0.6,-0.06703172927799828
2007-11-21,dev,0.04437830694270403,0.1777863162324111,-0.9,-0.04692591064672069
2007-11-22,dev,0.04692518339308926,0.1732785189614559,0.2,0.00879563678700479
2007-11-23,dev,0.050678780348440595,0.1699774421954669,0.2,0.0037424001573403975
2007-11-26,dev,0.05333076706905476,0.1682202578402433,0.2,0.011637922543624057
2007-11-27,dev,0.05598275378966894,0.16646307348501974,0.4,0.007201916980678402
2007-11-28,dev,0.05864566105783936,0.16471680967735242,0.9,0.06514853792042863
2007-11-29,dev,0.06177269159715061,0.16167100071049081,0.8,0.07544077122713072
2007-11-30,dev,0.06412811719819024,0.15873542102052515,0.9,0.10462407689615855
2007-12-03,dev,0.06471987436889479,0.15579984133055952,0.9,0.09357485185679049
2007-12-04,dev,0.06546495354534651,0.15301758364634105,0.9,0.10625599862081264
2007-12-05,dev,0.06577998934124132,0.1517369194338374,1.0,0.12018924978556433
2007-12-06,dev,0.06612170647493841,0.15056692077010442,0.8,0.16657829526172435
2007-12-07,dev,0.06407956408191881,0.15205211523775503,0.9,0.16672040879561156
2007-12-10,dev,0.062478338796483006,0.15309639259782185,0.9,0.18093885419955819
2007-12-11,dev,0.06180510504054248,0.1556791620978846,0.8,0.14312520618083552
2007-12-12,dev,0.06126044273117428,0.15601633400368395,0.8,0.16391061167337356
2007-12-13,dev,0.06025773245528105,0.15576948162650578,0.8,0.22181484816537356
2007-12-14,dev,0.061917355668788976,0.15490957851096357,0.9,0.1977532765701397
2007-12-17,dev,0.06394521734577346,0.15341010332727784,0.8,0.21415702934073377
2007-12-18,dev,0.06605060290980565,0.15225948563530678,0.8,0.19208904598784676
2007-12-19,dev,0.06532636659659691,0.15229110722081304,0.8,0.16950656567512296
2007-12-20,dev,0.06481220081632467,0.15299794266154204,0.8,0.19775648214494346
2007-12-21,dev,0.062359296577706155,0.1544115422894274,0.8,0.1721727647040897
2007-12-24,dev,0.0593552459546079,0.15615582974800057,0.6,0.044471241513103166
2007-12-25,dev,0.05924501667771196,0.15692743468627218,0.8,0.14954131729757997
2007-12-26,dev,0.060457538723567336,0.1590217909472951,0.8,0.14500463834833283
2007-12-27,dev,0.06051265336201531,0.16128149112366194,0.6,0.04926618741254585
2007-12-28,dev,0.06144960221563083,0.1635411913000288,-0.3,-0.02089025377239606
2007-12-31,dev,0.06350721538435512,0.1647169702535855,-0.3,-0.025121017144866642
2008-01-02,dev,0.0655648285530794,0.16589274920714225,-0.6,-0.04937555631394491
2008-01-03,dev,0.06760225320955167,0.16799316202184078,-0.6,-0.08568099076967461
2008-01-04,dev,0.06797533691596871,0.1701299141585929,-0.6,-0.1449565333841385
2008-01-07,dev,0.06962877606940786,0.17046060198928076,-0.6,-0.07493082745547347
2008-01-08,dev,0.07128221522284701,0.17079128981996858,-0.6,-0.07117506292194392
2008-01-09,dev,0.07282584110509725,0.17188699991038767,-0.6,-0.059635580505429
2008-01-10,dev,0.0743956998178131,0.17293357238553156,-0.6,-0.06560454185143666
2008-01-11,dev,0.07548587947942133,0.17326789414842475,-0.6,-0.08612957641604796
2008-01-14,dev,0.07764233560413143,0.17458450816345147,-0.6,-0.08442040945509327
2008-01-15,dev,0.0789757464613518,0.17566596638776683,-0.6,-0.10595651675574419
2008-01-16,dev,0.08030915731857217,0.1767474246120822,-0.6,-0.12727940918530845
2008-01-17,dev,0.08267021570203954,0.17658895666649943,-0.6,-0.0981591036996658
2008-01-18,dev,0.0831846189942206,0.17578060863592915,-0.6,-0.11870261318869935
2008-01-21,dev,0.0841766824862841,0.1756703793590332,-0.6,-0.05527190598168624
2008-01-22,dev,0.08460423846939563,0.17492215638858802,0.8,0.033304971080943324
2008-01-23,dev,0.0851186417615767,0.1741138083580178,-0.6,-0.019096860663538495
2008-01-24,dev,0.08470921873310605,0.17364139717132088,-0.3,-0.006850988875214403
2008-01-25,dev,0.08689824249075727,0.17212671722526837,-0.2,-0.017189949997559628
2008-01-28,dev,0.08919101145019288,0.1689521140506652,-0.5,-0.015472208132724874
2008-01-29,dev,0.09148378040962851,0.16577751087606202,-0.4,-0.01644288662358795
2008-01-30,dev,0.09381113110299227,0.16204959995860863,-0.2,0.006404865521053293
2008-01-31,dev,0.09527869343656768,0.15852010173956793,0.8,0.043179522316519336
2008-02-01,dev,0.09674625577014309,0.15499060352052724,0.9,0.10362808073695606
2008-02-04,dev,0.0982138181037185,0.15146110530148654,0.6,0.07479047044662956
2008-02-05,dev,0.09983763952212442,0.1479618898508238,-0.2,0.03756913830367553
2008-02-06,dev,0.10243126956673484,0.14350084617409387,-0.2,0.02077267675923239
2008-02-07,dev,0.10422951973099809,0.13942020157057344,-0.2,0.0471475139696419
2008-02-08,dev,0.1057727296075413,0.13567240615611137,-0.2,0.03712511151966558
2008-02-11,dev,0.10880403472217975,0.1320899546569932,-0.4,0.03708967409456748
2008-02-12,dev,0.11034724459872296,0.12834215924253112,-0.4,0.016954817289302093
2008-02-13,dev,0.11253002654340966,0.1249626022915456,-0.4,0.04191039835211091
2008-02-14,dev,0.11390789250460896,0.12413588271482603,-0.4,0.010208538002638101
2008-02-15,dev,0.11457895865186557,0.12329523306465257,-0.4,0.036744198602212175
2008-02-18,dev,0.11457895865186557,0.12329523306465257,-0.4,0.022327018833743717
2008-02-19,dev,0.11551590750548109,0.1242321819182681,-0.4,-0.06362544423525901
2008-02-20,dev,0.11525668700816537,0.1229651508893323,-0.4,-0.045389116284708986
2008-02-21,dev,0.11524933838970565,0.1218996012126715,-0.9,-0.08338593356144924
2008-02-22,dev,0.11627591811998907,0.11827650962661695,-0.9,-0.059171831292752275
2008-02-25,dev,0.11628983595798101,0.11472300723052196,-0.7,-0.06832520263801678
2008-02-26,dev,0.117277054207104,0.11117507808735473,-0.3,-0.05410147914893493
2008-02-27,dev,0.11773492966497946,0.10810561668455998,0.1,-0.05553760241736938
2008-02-28,dev,0.1166571322908858,0.11055515617113651,0.1,-0.0691376280517435
2008-02-29,dev,0.11611598515776854,0.11219759852319604,-0.6,-0.08702979086203616
2008-03-03,dev,0.11810011214189553,0.10977255443148529,-0.6,-0.13119761801086594
2008-03-04,dev,0.11870961520237898,0.10685472063129854,-0.7,-0.18925502156210683
2008-03-05,dev,0.11848915664858709,0.10487059364717155,-0.7,-0.18797839123818216
2008-03-06,dev,0.1200323665251303,0.10112279823270948,-0.7,-0.1957318101082804
2008-03-07,dev,0.12189978015724982,0.09769920657382371,-0.7,-0.19506366550557513
2008-03-10,dev,0.12333276075689709,0.09384118188246568,-0.7,-0.16598266027971287
2008-03-11,dev,0.12528014464872542,0.09005664337570495,-0.6,-0.12233787523880546
2008-03-12,dev,0.12671312524837267,0.08619861868434692,-0.5,-0.12305515938106576
2008-03-13,dev,0.12946885717077125,0.08278151110057266,-0.6,-0.11289278036599026
2008-03-14,dev,0.13231277251468662,0.08033442115348272,-0.6,-0.1106696169711765
2008-03-17,dev,0.13488590240263132,0.07729587876308848,-0.6,-0.1285186928892903
2008-03-18,dev,0.13822087836832622,0.07298829153066465,0.1,-0.001696621932935849
2008-03-19,dev,0.14218048690309817,0.06842350265215028,0.1,-0.020276297762912343
2008-03-20,dev,0.14423810007182244,0.06519011052986927,-0.2,-0.007277838474889664
2008-03-21,dev,0.14672798491464847,0.06091926638974408,0.5,0.1976247285102724
2008-03-24,dev,0.14714478581304552,0.05898450938102765,0.5,0.15070518214562278
2008-03-25,dev,0.14660640281852216,0.05879886007257133,0.6,0.13762079829672097
2008-03-26,dev,0.1471865569074482,0.058497179946329796,0.5,0.09001734246343035
2008-03-27,dev,0.1482422098378861,0.05720127496965427,-0.5,-0.03868459386110834
2008-03-28,dev,0.148172591347215,0.0562498222638156,-0.2,0.025606333672204773
2008-03-31,dev,0.1485784716980558,0.054304144707542926,-0.2,0.019390264320591377
2008-04-01,dev,0.1468343101930277,0.054486522510596734,-1.0,-0.057794892849861446
2008-04-02,dev,0.14509627930840394,0.05466825926689113,-0.9,-0.12424715492975236
2008-04-03,dev,0.14336434677776133,0.05484935835035641,-0.9,-0.0984544573214024
2008-04-04,dev,0.14163848056071113,0.05502982311128767,-0.9,-0.09531641914216049
2008-04-07,dev,0.13991864884092337,0.05520965687655134,-0.9,-0.06622287921747044
2008-04-08,dev,0.13829667269249152,0.05548071561810967,-0.2,-0.035516715440987945
2008-04-09,dev,0.13842250830764305,0.05400866962537685,-0.9,-0.06265042553110545
2008-04-10,dev,0.1383522764943885,0.05292582419823639,-1.0,-0.06165345722341403
2008-04-11,dev,0.13828228854159663,0.051846738651051265,-0.2,-0.032581209157597046
2008-04-14,dev,0.1378737918095705,0.05028083451161772,-0.9,-0.0974592783543155
2008-04-15,dev,0.13704311663679006,0.04945015933883728,-0.6,-0.07536950812801696
2008-04-16,dev,0.13626764619220197,0.04842667302123332,-0.9,-0.14906438647636394
2008-04-17,dev,0.13549975089305666,0.04679072216653246,-0.9,-0.1576061004447426
2008-04-18,dev,0.1360477657639882,0.04434876790166153,-0.6,-0.14883584936815564
2008-04-21,dev,0.13702980841269752,0.04147278585901282,-0.6,-0.16308494886673247
2008-04-22,dev,0.14015787729597473,0.03862091647068509,-0.7,-0.09003619656518014
2008-04-23,dev,0.14309304494468403,0.03596194831692528,-0.6,-0.07207503090211898
2008-04-24,dev,0.14385807370450446,0.03373700794094323,0.7,0.023483942505655997
2008-04-25,dev,0.14561829746993657,0.030674700842177802,0.3,0.015651805049933687
2008-04-28,dev,0.1471615073464798,0.028263435410079037,0.6,0.02700293407136939
2008-04-29,dev,0.14705300040203534,0.028154928465634593,0.6,0.0515878943373036
2008-04-30,dev,0.14721082868486363,0.027444701192907317,0.2,0.025496853063821268
2008-05-01,dev,0.14726015002324744,0.027494022531291153,-0.1,0.02077796821732769
2008-05-02,dev,0.1473094713616313,0.027543343869674993,-0.2,0.01825818549027708
2008-05-05,dev,0.14735879270001515,0.02759266520805883,-0.1,0.022893152062582856
2008-05-06,dev,0.1487934956321139,0.02594094838707118,0.6,0.06558506673640813
2008-05-07,dev,0.14759334306477384,0.026766258782694074,0.8,0.06593464796687226
2008-05-08,dev,0.14452445978755724,0.025591314899416857,0.9,0.1081739584249643
2008-05-09,dev,0.1435073441871083,0.022750405808507766,0.6,0.07566878346169398
2008-05-12,dev,0.14059628919271996,0.02173329020805883,0.6,0.06430853735215508
2008-05-13,dev,0.13786059895702973,0.02131241478718341,0.6,0.11827541197334268
2008-05-14,dev,0.13454620501763578,0.02147024307001169,-0.1,0.02658446219178312
2008-05-15,dev,0.13123181107824186,0.021628071352839975,-0.1,0.038666161128370125
2008-05-16,dev,0.12759576464577999,0.021536585105563288,0.8,0.17616350349174675
2008-05-19,dev,0.12480437031026799,0.02106000558486612,0.5,0.07701407226528134
2008-05-20,dev,0.12154277921549676,0.020185567267872656,0.8,0.17069141406239074
2008-05-21,dev,0.11876500143771897,0.020880011712317098,0.9,0.15602255075331217
2008-05-22,dev,0.1188807421784597,0.022153159860465246,0.8,0.20387106032039898
2008-05-23,dev,0.11825438052268628,0.023841613019506644,0.8,0.16705208599036347
2008-05-26,dev,0.11815906461854686,0.026061111930182027,0.9,0.1553113357329226
2008-05-27,dev,0.11820170594408291,0.02726116066312549,0.6,0.12694093880038365
2008-05-28,dev,0.11730705554920275,0.029151521842319394,0.2,0.04376288392579247
2008-05-29,dev,0.11561065939814973,0.030541545444352797,0.8,0.12951998003310367
2008-05-30,dev,0.11378317401803277,0.0307242939823645,0.8,0.18112024235085988
2008-06-02,dev,0.11103686959957923,0.03337922413181219,-0.1,0.011979487899888619
2008-06-03,dev,0.10989164542803925,0.03686362958990186,-0.5,-0.08058161172699063
2008-06-04,dev,0.11114651872238625,0.038697206587952546,-0.5,-0.09670849694128997
2008-06-05,dev,0.11216991053525173,0.03972059840081804,-0.5,-0.10547379749959951
2008-06-06,dev,0.11257804893681118,0.04302225532089601,-0.5,-0.07452244805745606
2008-06-09,dev,0.11388496161918531,0.04387201455488638,-0.5,-0.06734100014472316
2008-06-10,dev,0.11518735211234703,0.04471883344550653,-0.5,-0.068860782349908
2008-06-11,dev,0.11489245935298968,0.04473754971858088,-0.2,0.021863624289640393
2008-06-12,dev,0.11459858346521631,0.04475620145278256,-0.2,0.03295780830304518
2008-06-13,dev,0.1160077654787587,0.045138147176042254,-0.1,0.00393070767801279
2008-06-16,dev,0.11682862842467148,0.04532906101250954,-0.4,-0.0164586821507422
2008-06-17,dev,0.11822915107460058,0.0457087138523966,-0.2,-0.00591412480620751
2008-06-18,dev,0.1193965669118016,0.045287979753334276,0.9,0.08165823409286221
2008-06-19,dev,0.12078791181166748,0.045666404859169035,-0.2,0.020361735965926164
2008-06-20,dev,0.12217450809412764,0.04604353841174155,-0.4,0.011741439653738805
2008-06-23,dev,0.12353969580743823,0.047408726125052134,-0.4,-0.024916441984054405
2008-06-24,dev,0.12480567020413197,0.04823653635879707,0.1,-0.0036061529631281064
2008-06-25,dev,0.12549774856869755,0.05052571864159094,0.4,0.035132520840811365
2008-06-26,dev,0.12697418241310415,0.05313787082784875,0.7,0.005390411751812596
2008-06-27,dev,0.12845061625751072,0.05575002301410656,0.0,-0.01946861024364427
2008-06-30,dev,0.12733706794844407,0.0548496246577453,-0.5,-0.07075936000020427
2008-07-01,dev,0.12617765772178194,0.05400192674755482,-0.9,-0.09047878148025101
2008-07-02,dev,0.1252344394610764,0.054945145008260345,-0.8,-0.07581309274719678
2008-07-03,dev,0.12429122120037088,0.055888363268965874,0.0,-0.0017447280098914497
2008-07-04,dev,0.1231389385279032,0.05504034156097705,-0.3,-0.014761904657734248
2008-07-07,dev,0.12199055528918333,0.054195189638802044,0.0,0.015893815982403914
2008-07-08,dev,0.12105052896844634,0.055135215959539026,0.0,0.01867986852953507
2008-07-09,dev,0.12169914712975484,0.057475881498174106,-0.5,-0.10861431657731596
2008-07-10,dev,0.12130786117374807,0.06015143141357174,-0.6,-0.09008056815994708
2008-07-11,dev,0.1211316062386099,0.06286575741469977,-0.6,-0.16039812162636424
2008-07-14,dev,0.12194942913765108,0.0659396434835097,-0.6,-0.2296076956371388
2008-07-15,dev,0.12251344493009327,0.06706767506839408,-0.8,-0.22680359685259976
2008-07-16,dev,0.12382602580000468,0.06913918895313578,-0.3,0.00221771910757812
2008-07-17,dev,0.12409319117537203,0.07225611833242157,-0.1,0.05085709191893123
2008-07-18,dev,0.12367017933104038,0.07521720124274306,-0.4,-0.004029773310131879
2008-07-21,dev,0.12324716748670873,0.07817828415306455,0.2,0.043938109508039225
2008-07-22,dev,0.12352917538292985,0.08128037101149659,0.2,0.04764183922992049
2008-07-23,dev,0.12362713602056453,0.08405889091531706,0.4,0.07280305989994901
2008-07-24,dev,0.12431731324026353,0.08675280845027118,0.1,0.04785682698858801
2008-07-25,dev,0.12434634346487453,0.0882748216548762,0.1,0.037513554352318346
2008-07-28,dev,0.12408595114715165,0.08868903646144694,0.2,0.047107976608549096
2008-07-29,dev,0.1241340206749166,0.089794635600041,0.7,0.1463169034850958
2008-07-30,dev,0.12427678403057933,0.08995951722207401,0.7,0.1547134597328832
2008-07-31,dev,0.1256129173464081,0.08812641894227523,0.7,0.13164290278247814
2008-08-01,dev,0.12607482964374653,0.08857560907888187,0.7,0.11761133939648405
2008-08-04,dev,0.12850714774865346,0.08614329097397494,0.6,0.13464459155788777
2008-08-05,dev,0.1306745023906274,0.08417117256784638,0.7,0.10449867196869611
2008-08-06,dev,0.13099754549156178,0.08230450729812284,0.5,0.11476042713761925
2008-08-07,dev,0.13254209531790428,0.07909017387573439,0.5,0.10273005050053663
2008-08-08,dev,0.13398089218316386,0.07682761710309212,0.7,0.08511123059160897
2008-08-11,dev,0.13547256552896492,0.07578121938290333,0.6,0.07993556007775626
2008-08-12,dev,0.13630189138166773,0.0751300037804454,0.6,0.06343743011416486
2008-08-13,dev,0.13841695060332596,0.07428398009178212,0.6,0.037296900939815136
2008-08-14,dev,0.14028796453017744,0.0740399347969754,0.7,0.06420746448687742
2008-08-15,dev,0.1420816176936425,0.07209698333551096,0.6,0.09089461621189543
2008-08-18,dev,0.14472544172071525,0.06987617115276984,0.5,0.01657375065237393
2008-08-19,dev,0.1467699989683182,0.06740860206083527,0.6,0.09013848319156137
2008-08-20,dev,0.14814478746239604,0.06455327211159669,0.6,0.12755453738185585
2008-08-21,dev,0.14999857466255528,0.06147192112788678,0.9,0.21749098505844383
2008-08-22,dev,0.15037182040755379,0.05902508791067435,0.7,0.12681966334165756
2008-08-25,dev,0.15016031448538797,0.05712153461118196,0.0,0.08382147051219885
2008-08-26,dev,0.15087815276667801,0.05499365684878643,0.3,0.06639322079741061
2008-08-27,dev,0.1512712546826226,0.053002510187589016,0.3,0.054291633709792675
2008-08-28,dev,0.15296330205994915,0.05046443912159917,0.1,0.016811659045196603
2008-08-29,dev,0.15479635338538625,0.04806737200371987,-0.1,0.04764539798842271
2008-09-01,dev,0.15670405385982306,0.04602696193106136,-0.3,-0.023007962388624292
2008-09-02,dev,0.15953897534288775,0.04604180445191511,-0.3,0.00041914887130101164
2008-09-03,dev,0.16239122632891,0.04407428412070412,-0.6,-0.10388139172502314
2008-09-04,dev,0.1654143911914299,0.0421238551771429,0.1,-0.03768505876399958
2008-09-05,dev,0.16793537086976998,0.04088472957253506,0.1,-0.0047629487240188895
2008-09-08,dev,0.16994521123620934,0.04040350018902141,-0.1,-0.05176401242540585
2008-09-09,dev,0.1713435003883056,0.04217779986941246,-0.1,-0.03376444595044126
2008-09-10,dev,0.17351143609050526,0.041384652661290634,-0.6,-0.2777775676897916
2008-09-11,dev,0.17636676603974383,0.0400098641672128,-1.0,-0.36871674988626973
2008-09-12,dev,0.17753004861165586,0.04032712305046153,-1.0,-0.32044605477973315
2008-09-15,dev,0.17869333118356787,0.04064438193371026,-0.7,-0.13504214761790434
2008-09-16,dev,0.18043825504143587,0.040274246569920076,-0.5,-0.1783514184749211
2008-09-17,dev,0.18202454945767954,0.04016849360883717,-0.5,-0.12750302255049223
2008-09-18,dev,0.18440306342449164,0.03873990097666452,-0.6,-0.1440901639309965
2008-09-19,dev,0.18497562491075875,0.0386544440384157,-0.7,-0.1564695907545816
2008-09-22,dev,0.18497562491075875,0.0386544440384157,-0.2,-0.027118384531030104
2008-09-23,dev,0.18751234665667096,0.03555100785990605,-0.6,-0.05935292420918897
2008-09-24,dev,0.19052762725677658,0.03273812527144238,-0.9,-0.06809592065237563
2008-09-25,dev,0.19256330148053522,0.030637683683958316,-1.0,-0.0764818769185911
2008-09-26,dev,0.19298631332486688,0.030214671839626676,-0.6,-0.08174754630924952
2008-09-29,dev,0.19125266527307935,0.0312897596687264,1.0,0.05677211031228652
2008-09-30,dev,0.18952486426362505,0.03236122156922883,1.0,0.05809223742284436
2008-10-01,dev,0.18762751600728897,0.03325371109520656,1.0,0.0825628832098575
2008-10-02,dev,0.18683006784141976,0.03245626292933734,0.7,0.10359463449681972
2008-10-03,dev,0.18640093996131146,0.030904800593561283,0.9,0.13375617885425184
2008-10-06,dev,0.18445439113976264,0.031062628876389563,0.6,0.09470252780589888
2008-10-07,dev,0.183881778717679,0.031167985802647735,0.6,0.15545197406937294
2008-10-08,dev,0.1812813802695297,0.0313687078026777,-0.1,-0.007247256910062672
2008-10-09,dev,0.17800849216692025,0.031457164237883355,-0.5,-0.07544665869475276
2008-10-10,dev,0.17474601070374673,0.03155602731252497,-0.2,0.049195282917092076
2008-10-13,dev,0.17106954011551145,0.03460224579991994,-0.6,-0.023324843321681443
2008-10-14,dev,0.16826841966733216,0.036843142158463356,-0.9,-0.031052320252216492
2008-10-15,dev,0.1673985980544765,0.03597332054560768,-0.7,-0.03752160853501679
2008-10-16,dev,0.16651403370241988,0.03508875619355107,-0.6,-0.07297863880067301
2008-10-17,dev,0.1664314743628946,0.03467006240024428,-0.9,-0.13842284591906234
2008-10-20,dev,0.16837751593741915,0.03157408716804613,-0.8,-0.18820332285577468
2008-10-21,dev,0.16943899315988709,0.029274219852698943,-0.8,-0.08842347621024471
2008-10-22,dev,0.16889351180945217,0.029569074636717818,-0.8,-0.18674619971673656
2008-10-23,dev,0.1686281425038352,0.029303705331100834,-0.9,-0.23098790281169157
2008-10-24,dev,0.16832149352845557,0.02966932526328423,-0.5,-0.17370973884326152
2008-10-27,dev,0.16971692726414608,0.029619544516198183,-0.6,-0.1186907805886907
2008-10-28,dev,0.17280770790702846,0.02935462046109398,-0.5,-0.17254675826442145
2008-10-29,dev,0.1758984885499108,0.029089696405989775,-0.6,-0.09493685321964235
2008-10-30,dev,0.17759105890196544,0.029943340583547758,-0.6,-0.17966878972301464
2008-10-31,dev,0.18057697377303575,0.029573550756631473,-0.5,-0.18303861702172836
2008-11-03,dev,0.18331452234244586,0.028955394628054996,-0.6,-0.1517578161243498
2008-11-04,dev,0.18596376289348787,0.028248930481110452,-0.5,-0.18160746786146376
2008-11-05,dev,0.18727799399037737,0.027885309229006644,-0.5,-0.1518891951550838
2008-11-06,dev,0.18609916398958357,0.027930635436236206,-0.5,-0.185767868043005
2008-11-07,dev,0.18490410487333958,0.03008566007208602,-0.5,-0.18683235764442485
2008-11-10,dev,0.18217944174739012,0.03180049267322895,0.3,0.004954648223925218
2008-11-11,dev,0.18029371910498607,0.03183526911108227,0.1,-0.0362478587334219
2008-11-12,dev,0.17783347835285532,0.03438337560436054,0.3,-0.01108693381909065
2008-11-13,dev,0.1785221260990991,0.033903408993342175,0.0,-0.052766663904734445
2008-11-14,dev,0.1780699836394441,0.03345126653368719,0.0,0.03058785648832274
2008-11-17,dev,0.1781620488461612,0.03270860719950277,0.1,0.025784079673520033
2008-11-18,dev,0.17572248238606514,0.033607938903012745,0.3,0.024955986425434395
2008-11-19,dev,0.17581454759278223,0.03286527956882832,-0.7,-0.12912714160809707
2008-11-20,dev,0.17580840991233443,0.03202441734747901,-1.0,-0.13995404450899185
2008-11-21,dev,0.17517418293272788,0.03361612247694315,-0.9,-0.0823814541639406
2008-11-24,dev,0.17500437377367192,0.03372455483152104,0.1,0.006572042325136196
2008-11-25,dev,0.17478750906451615,0.034064173149632934,-0.3,-0.010646268525827507
2008-11-26,dev,0.17417244887648345,0.03344911296160025,0.7,0.0489701934256917
2008-11-27,dev,0.17363744773078313,0.03444444014088598,0.6,0.03722830870611987
2008-11-28,dev,0.1733755733650101,0.0352955318296483,0.7,0.0578794905886848
2008-12-01,dev,0.1736226957619875,0.03470792968572422,0.1,-0.008912330322896067
2008-12-02,dev,0.17558527552078682,0.034765969701921084,0.1,-0.009324131209281883
2008-12-03,dev,0.177620118002856,0.03377319748970963,0.1,-0.002144029476747411
2008-12-04,dev,0.1800236785377338,0.032020415316791326,0.0,-0.08200429150012473
2008-12-05,dev,0.18253418134232843,0.030360604513731723,0.1,-0.02577619967121908
2008-12-08,dev,0.1850459552826738,0.029270937877846598,-0.6,-0.10582368692416089
2008-12-09,dev,0.18738658850565998,0.028937774309388913,-0.7,-0.07570112158140346
2008-12-10,dev,0.19001263892582804,0.028202480191741854,-0.7,-0.1160631285048242
2008-12-11,dev,0.18976373628780932,0.02850471316681164,-0.9,-0.09083718230815363
2008-12-12,dev,0.18929359754878602,0.02997973192045334,-0.6,-0.01706855303794913
2008-12-15,dev,0.1882356763639143,0.03394693636372232,-0.6,-0.047391262094531705
2008-12-16,dev,0.19022862889905146,0.03482319431482819,0.6,0.04126821340995651
2008-12-17,dev,0.18980986843003972,0.03775451759791027,-0.1,0.00803572851770018
2008-12-18,dev,0.18813482655399283,0.039429559473957175,0.0,0.0025354642711151176
2008-12-19,dev,0.18724236334997182,0.041801280438642965,0.8,0.026746886086102872
2008-12-22,dev,0.1887752804607784,0.04221750296541825,0.9,0.0758425002010859
2008-12-23,dev,0.18825077239858187,0.04411249983528949,0.7,0.053095820732300125
2008-12-24,dev,0.18955358274661838,0.045880599593339004,0.7,0.09069048725836537
2008-12-25,dev,0.190577219448647,0.04820704664340414,0.2,0.05470291672037686
2008-12-26,dev,0.19119140146986421,0.04982625379024948,-0.5,-0.07561209836133354
2008-12-29,dev,0.19089953811267424,0.052884474185153296,0.7,0.0790831490874539
2008-12-30,dev,0.19060767475548424,0.0559426945800571,-0.5,-0.082666851157291
2008-12-31,dev,0.19031581139829423,0.05900091497496092,-0.6,-0.12351230657044493
2009-01-02,dev,0.18977967110084742,0.06195444525261179,-0.9,-0.20836534660951023
2009-01-05,dev,0.18922132380883178,0.06474618171268996,-0.5,-0.01858796203063734
2009-01-06,dev,0.19010770013490658,0.06633049215378432,0.3,0.06737637360269993
2009-01-07,dev,0.1908405309556771,0.0672727032090607,0.7,0.16404582403592727
2009-01-08,dev,0.1913221054950406,0.06796365798293005,-0.6,-0.1281612858839437
2009-01-09,dev,0.19144773363574413,0.06934556753066874,0.3,0.038927901752062066
2009-01-12,dev,0.19226431655031698,0.07037153067974748,0.6,0.12561066225315992
2009-01-13,dev,0.19147914067092,0.07073794609013274,0.3,0.07567827956136969
2009-01-14,dev,0.19388701336773742,0.06916759433133877,0.7,0.1716994420970671
2009-01-15,dev,0.19392191007348838,0.0660617875195018,0.8,0.10046252646636888
2009-01-16,dev,0.1927005253722042,0.06504978305272346,0.5,0.08406894523043296
2009-01-19,dev,0.1955620552437843,0.06581751057924497,0.5,0.08547157991293508
2009-01-20,dev,0.19720220041408026,0.06724827551503502,0.5,0.08262529636404581
2009-01-21,dev,0.20005844290600114,0.06705687237137058,0.9,0.11213236024161816
2009-01-22,dev,0.20134433363912804,0.06759830004847664,0.9,0.16803558726059808
2009-01-23,dev,0.20343813598418667,0.06759830004847664,0.9,0.18544635424305167
2009-01-26,dev,0.2054658182551908,0.06627589856738697,0.7,0.23016260781208658
2009-01-27,dev,0.2059141880502943,0.06346724249239925,0.9,0.168954451282326
2009-01-28,dev,0.2075231098522867,0.06172608054229786,0.9,0.2155235626869812
2009-01-29,dev,0.20724210835875026,0.059942063898912455,0.9,0.1517143811821225
2009-01-30,dev,0.20429969817319954,0.058048311431482535,0.9,0.12222281915034827
2009-02-02,dev,0.2026334975766298,0.055333453116792004,0.9,0.17695533469626656
2009-02-03,dev,0.20200430294575733,0.052606943049677904,0.9,0.16879540177621832
2009-02-04,dev,0.20171936463649018,0.05136656104167845,0.9,0.15451267603286534
2009-02-05,dev,0.200115111467812,0.05045499223670648,0.9,0.21940424858228935
2009-02-06,dev,0.1994323383585683,0.04819658887536194,1.0,0.2307106658007929
2009-02-09,dev,0.19871455124372234,0.04660345162045998,0.9,0.20569954152198155
2009-02-10,dev,0.19803177813447864,0.04434504825911544,1.0,0.09122789960890804
2009-02-11,dev,0.19774636093729675,0.04310258157547228,0.7,0.0676852435855253
2009-02-12,dev,0.19741372788407546,0.04161448633737704,1.0,0.05264468783446713
2009-02-13,dev,0.1969235318056441,0.03902344992281122,0.5,0.02945933738977735
2009-02-16,dev,0.19638081471880936,0.036905102583875644,-0.5,-0.008238839717333246
2009-02-17,dev,0.1959330598592898,0.03473847835842789,-0.5,-0.02474055742339787
2009-02-18,dev,0.19610972726284795,0.03397490952763217,0.1,-0.04432308555373049
2009-02-19,dev,0.19601168804716168,0.033736814289536926,0.3,-0.007873601669487695
2009-02-20,dev,0.1955639331876421,0.031570190064089176,-0.1,-0.019308879612216723
2009-02-23,dev,0.19507373710921075,0.028979153649523345,-0.6,-0.1288841220632782
2009-02-24,dev,0.19504615031691805,0.02723269749130248,0.0,-0.03859198954742865
2009-02-25,dev,0.1949341054989909,0.0260002044941036,-0.8,-0.062427501011703856
2009-02-26,dev,0.1952566587627206,0.024743944414314108,-0.1,-0.04531240383706803
2009-02-27,dev,0.19544340012593256,0.024930685777526062,0.0,-0.04113499139865945
2009-03-02,dev,0.19576595338966232,0.023674425697736572,-0.3,-0.07600420650524442
2009-03-03,dev,0.1962073420663451,0.023606519747477676,-0.1,-0.060132094762232025
2009-03-04,dev,0.1960747132572457,0.02196510560606354,-0.8,-0.07250677501881175
2009-03-05,dev,0.19594208444814631,0.020323691464649393,-0.8,-0.1788753957150105
2009-03-06,dev,0.19604712646495304,0.01937831331338889,-0.8,-0.21165547672714685
2009-03-09,dev,0.19674316245510667,0.01961598413929501,-0.8,-0.19184125437485477
2009-03-10,dev,0.19755803385821336,0.019361336825824166,0.1,-0.07354907054997706
2009-03-11,dev,0.19879052685541224,0.02003360573338719,-0.8,-0.10717154514526933
2009-03-12,dev,0.19991097503468397,0.01947338164375134,-0.8,-0.10372864226816136
2009-03-13,dev,0.20010832670262385,0.020396478155083143,-0.1,-0.08099589703319243
2009-03-16,dev,0.19933801857937455,0.021727010367968296,-0.1,-0.08035615415270891
2009-03-17,dev,0.19674698216480874,0.021797038379172778,0.4,-0.03377015189386734
2009-03-18,dev,0.1952551733200587,0.021794916318227192,0.7,0.0647931250861119
2009-03-19,dev,0.1940689412514737,0.021487217481116587,0.5,0.007628997380925595
2009-03-20,dev,0.1924582969937706,0.02113707742509418,-0.5,-0.034855662070678806
2009-03-23,dev,0.1897590354709797,0.02103521849970584,0.7,0.08195664030522032
2009-03-24,dev,0.18835847524689003,0.019634658275616206,0.7,0.019014444590532364
2009-03-25,dev,0.18527724275389285,0.019914770320434132,0.1,0.0170681814223701
2009-03-26,dev,0.1835965704849853,0.019074434185980354,0.2,0.0016013549714897213
2009-03-27,dev,0.18219601026089566,0.017673873961890716,-0.6,-0.04782162982319915
2009-03-30,dev,0.1800951699247612,0.017253705894663827,-0.6,-0.07778124414229814
2009-03-31,dev,0.17841449765585365,0.016917571440882313,-0.6,-0.07422020831234244
2009-04-01,dev,0.1745094062075096,0.018334608844078885,-0.6,-0.06512809086616123
2009-04-02,dev,0.16955758027589854,0.021225920167369818,-0.6,-0.03715552465487415
2009-04-03,dev,0.16759836183640792,0.023225739337124088,-0.6,-0.026836561206957654
2009-04-06,dev,0.16369972635882507,0.026061110593547977,-0.6,-0.03294513961851864
2009-04-07,dev,0.16199090886053388,0.02723829598125968,-0.5,-0.057594078208297095
2009-04-08,dev,0.15924588031571174,0.028982605259108687,0.3,0.002004396961125754
2009-04-09,dev,0.1570339330461088,0.02979070831172973,0.6,0.048279660670948354
2009-04-10,dev,0.15677045329267572,0.029405153432012065,0.0,0.015880222346164263
2009-04-13,dev,0.15479650935268363,0.030786914190006533,-0.4,-0.012067802346487189
2009-04-14,dev,0.1554943855035645,0.029778178033191497,0.1,-0.01751078910050674
2009-04-15,dev,0.1531669588968467,0.030800835178567503,0.5,0.013254594441635903
2009-04-16,dev,0.15336899245645763,0.031421629207190147,-0.2,-0.002059040051782479
2009-04-17,dev,0.15321341581162354,0.031266052562356074,-0.2,0.012540573931798193
2009-04-20,dev,0.15428106338830422,0.030447324492296386,-0.6,-0.02747729124762921
2009-04-21,dev,0.15534514619845174,0.02963133007188632,0.4,0.0002925669012022736
2009-04-22,dev,0.15529457095478766,0.02937361118843318,0.6,0.024397843996166957
2009-04-23,dev,0.15535551042394638,0.029190280586109528,0.6,0.014362763614848784
2009-04-24,dev,0.15404036233958163,0.028537744632251602,0.6,0.026971861067056624
2009-04-27,dev,0.1528866193395713,0.028006725708041122,0.6,0.045387638747356074
2009-04-28,dev,0.15173669668062056,0.027477465124639285,0.6,0.012228877288363083
2009-04-29,dev,0.15059057541888948,0.026949954163000767,0.1,0.02132806522042885
2009-04-30,dev,0.14944823673558,0.026424184161631677,-0.2,-0.002888323391992853
2009-05-01,dev,0.14830966193590578,0.02590014651611553,-0.2,-0.018762750049532095
2009-05-04,dev,0.14751748595684455,0.024980354608468414,-0.2,-0.005436938304175576
2009-05-05,dev,0.14746843763642858,0.02349048055956047,-0.4,-0.01838678213579714
2009-05-06,dev,0.14886603036161478,0.021812627312741518,0.6,0.02954351576451697
2009-05-07,dev,0.15077251065594285,0.020108174824279984,-0.1,0.00914964672240215
2009-05-08,dev,0.15099300375244343,0.018908184809394372,0.3,0.01790169619459614
2009-05-11,dev,0.15074668563865476,0.017246018113131086,0.6,0.03441755176241512
2009-05-12,dev,0.1505505233335479,0.01608280033612322,0.9,0.036770440338163346
2009-05-13,dev,0.15135995605715455,0.015252575466462056,0.1,0.011281483577932239
2009-05-14,dev,0.150868275687719,0.01601490648818612,0.6,0.01170783580531265
2009-05-15,dev,0.15042784230592507,0.016416399773839404,0.1,-0.0037629508510168552
2009-05-18,dev,0.1490641925735406,0.015891952027130427,0.1,0.0019877395065860393
2009-05-19,dev,0.14905416502957228,0.014481556535741113,0.8,0.03317454706610168
2009-05-20,dev,0.14987273195140466,0.013545849887043843,0.9,0.06025858300946696
2009-05-21,dev,0.15064004418074803,0.013665602283219438,0.9,0.0927760414821765
2009-05-22,dev,0.15140488916819636,0.013784969623458775,0.9,0.10714366490044436
2009-05-25,dev,0.15216727879452932,0.013903953761963798,0.9,0.12928526536216295
2009-05-26,dev,0.1529272248643676,0.014022556541050534,0.7,0.08628900521159871
2009-05-27,dev,0.1528583654804088,0.014052867703332106,0.6,0.07778799793822927
2009-05-28,dev,0.152421085150761,0.014451722968560433,0.1,-0.0230780729076554
2009-05-29,dev,0.1519851996547006,0.014849305968189942,0.1,-0.02902633426553053
2009-06-01,dev,0.15155070232900977,0.015245622779922545,0.3,0.014628347653788676
2009-06-02,dev,0.15067383316791438,0.016175279977410743,0.9,0.1374576994716203
2009-06-03,dev,0.15144476936346313,0.01672680550702813,0.9,0.10868197009533681
2009-06-04,dev,0.15104628319965416,0.017334211520487672,0.9,0.15886147753534552
2009-06-05,dev,0.1512819694604142,0.01778146751491728,0.8,0.1661076343210196
2009-06-08,dev,0.15204829120907648,0.01832784175839508,0.6,0.17306876928502918
2009-06-09,dev,0.15316042774840422,0.018073606766887924,0.6,0.16417635933754143
2009-06-10,dev,0.15295104442943352,0.016788483294845894,0.6,0.16325216693715017
2009-06-11,dev,0.15361583457303124,0.0163809161160423,0.6,0.1883960387362874
2009-06-12,dev,0.15340639373414425,0.015102484853725439,-0.6,-0.1329913308275466
2009-06-15,dev,0.15399089121962942,0.015821264988008496,0.6,0.1338632375711874
2009-06-16,dev,0.15507773622317436,0.016555266897023326,0.9,0.15861617512458104
2009-06-17,dev,0.1562558818057802,0.01667144474704218,0.9,0.13416518968179936
2009-06-18,dev,0.15750360111036393,0.016936876481934763,1.0,0.1182426843694625
2009-06-19,dev,0.15874743343892095,0.01720148132668749,1.0,0.11455207227096476
2009-06-22,dev,0.1599143750806814,0.01731611213474722,0.9,0.09958096885237966
2009-06-23,dev,0.16086051854985858,0.01764756107672623,0.9,0.08427494530844393
2009-06-24,dev,0.16158224429842255,0.017756498327633766,0.9,0.10274887060672788
2009-06-25,dev,0.16159184422162318,0.019134087306921933,0.9,0.11637638373122583
2009-06-26,dev,0.16215643237216815,0.01983772526856186,0.9,0.12311797809448533
2009-06-29,dev,0.16281497775353676,0.020443485671365245,0.9,0.1296085694278638
2009-06-30,dev,0.16218638646359346,0.0231871017721765,0.9,0.13477011692127638
2009-07-01,dev,0.16271260510054944,0.025024734394425905,1.0,0.07183591904417441
2009-07-02,dev,0.16378649257320044,0.02637963914963978,0.2,0.04368653950132617
2009-07-03,dev,0.16436190891368635,0.02819621515477838,0.6,0.05052529324067667
2009-07-06,dev,0.16532299488250027,0.03018100693864281,0.5,0.04025334846061246
2009-07-07,dev,0.166955989656917,0.031363203155614916,-0.1,0.0374026509764408
2009-07-08,dev,0.16780879904913906,0.03312931871616633,0.2,0.014361083118599294
2009-07-09,dev,0.1686674629680812,0.03464368962775517,-0.6,-0.05102658741545307
2009-07-10,dev,0.16909833446378633,0.03635287282233656,-1.0,-0.09744508707869615
2009-07-13,dev,0.17123135514394766,0.037522405676568026,0.0,-0.01673922348311896
2009-07-14,dev,0.173901019328295,0.03738189703528659,-0.4,-0.028132081115282648
2009-07-15,dev,0.17482603455006449,0.03697208016488239,-0.7,-0.07142348784836683
2009-07-16,dev,0.17579203145887437,0.03639248201959645,-0.7,-0.06449738107086489
2009-07-17,dev,0.17688682795552557,0.03555528469862788,-0.7,-0.08673985030816639
2009-07-20,dev,0.1774839896809717,0.034958122973181766,-0.7,-0.13158136201463222
2009-07-21,dev,0.17909593603789487,0.035235237237931274,-0.7,-0.11327351202240143
2009-07-22,dev,0.17986873356494276,0.03446243971088336,-0.7,-0.17702327236455218
2009-07-23,dev,0.18083473047375268,0.03388284156559742,-0.7,-0.14058771672616482
2009-07-24,dev,0.18312092315793607,0.033721842080795775,-0.7,-0.14838584747881806
2009-07-27,dev,0.18475568715746052,0.03303821349917646,-0.7,-0.14935420382648507
2009-07-28,dev,0.18509056608584795,0.032085096549150705,-0.7,-0.18960882042746963
2009-07-29,dev,0.18595996330377684,0.031215699331221806,-0.7,-0.13629693056861913
2009-07-30,dev,0.18546037702366505,0.030856621692391457,-0.7,-0.15029113588592147
2009-07-31,dev,0.1862846943858495,0.030444463011299237,-0.7,-0.195386187828
2009-08-03,dev,0.1878189247704299,0.028114705760640086,-0.7,-0.24750054460982107
2009-08-04,dev,0.1901040389891649,0.023795913839147437,-0.9,-0.22751644120284786
2009-08-05,dev,0.1928334537844493,0.02156654450254108,-0.7,-0.12253842346712068
2009-08-06,dev,0.19447354685016313,0.02108393337432004,-0.9,-0.10213408607191421
2009-08-07,dev,0.19647744260603356,0.020235028695861013,-0.1,0.04894908036195522
2009-08-10,dev,0.19871666864826917,0.01819223185142258,-0.3,-0.0251148513698905
2009-08-11,dev,0.20091645105001,0.014707259731199544,-0.7,-0.07953363265142965
2009-08-12,dev,0.20068154383835857,0.012358187614685566,-0.1,0.031775872645082026
2009-08-13,dev,0.20044663662670717,0.01000911549817159,-0.1,0.04692630289717997
2009-08-14,dev,0.20021172941505577,0.007660043381657613,-0.1,0.021756572126143348
2009-08-17,dev,0.20019606893427902,0.005953050976990789,0.6,0.01414325776029035
2009-08-18,dev,0.19952266826087836,0.005420594630580955,0.3,0.012253911277162577
2009-08-19,dev,0.199350402972334,0.0052483293420365965,0.3,-0.0015086907678020234
2009-08-20,dev,0.19904032545295414,0.0033878642257575264,0.0,-0.0009608776949486808
2009-08-21,dev,0.1988054182413027,0.002589179706142774,-0.1,0.01830935030913483
2009-08-24,dev,0.19857051102965137,0.001790495186528022,0.0,0.020639729926384798
2009-08-25,dev,0.19813446451802344,0.00106375100048151,0.0,0.017282760395098073
2009-08-26,dev,0.19837671258003894,-0.001116481557658025,-0.1,0.026640004100839165
2009-08-27,dev,0.19785991671440586,-0.0037004608858233995,-0.1,0.017009794603344897
2009-08-28,dev,0.19754983919502603,-0.005560926002102469,-0.2,0.0034463574083223314
2009-08-31,dev,0.19646926602142958,-0.007064332156671415,0.0,0.0074581510422163655
2009-09-01,dev,0.19451152168338431,-0.00798848476345056,0.6,0.0345641052511394
2009-09-02,dev,0.19381071516862428,-0.008407402624228885,0.8,0.03851319612529214
2009-09-03,dev,0.19405188657258637,-0.00909646377840632,1.0,0.050609877229819245
2009-09-04,dev,0.19460313549592834,-0.010612398317596673,1.0,0.03716618375427805
2009-09-07,dev,0.19541748049631985,-0.0117712738950769,1.0,0.05717000157885671
2009-09-08,dev,0.19596872941966179,-0.012460335049254333,0.6,0.08223671396858434
2009-09-09,dev,0.19651997834300375,-0.013976269588444687,0.5,0.08152651419128748
2009-09-10,dev,0.19727756700756915,-0.015950316213654104,0.5,0.06919436305783794
2009-09-11,dev,0.19800108121945545,-0.017293985464300096,0.6,0.05185540034021335
2009-09-14,dev,0.19966990120222894,-0.018532142225712672,0.6,0.06665312239531362
2009-09-15,dev,0.20033321721438216,-0.0202142843729711,0.6,0.050101668024529034
2009-09-16,dev,0.203152878173578,-0.018825750426297617,0.6,0.02974201339329574
2009-09-17,dev,0.2035016089002157,-0.020005045936988475,0.6,0.05111483105646625
2009-09-18,dev,0.20268701651585588,-0.02184826086159875,0.5,0.0055931591244468
2009-09-21,dev,0.20303574724249357,-0.02302755637228961,-0.3,-0.006563400015087706
2009-09-22,dev,0.20372040388645257,-0.024272075204017744,-0.9,-0.05863423788737543
2009-09-23,dev,0.20403361350198773,-0.02579114183936345,-0.9,-0.076217660928658
2009-09-24,dev,0.20434682311752292,-0.027310208474709153,-0.8,-0.043867159024198465
2009-09-25,dev,0.20556992895052117,-0.028258412732175057,-0.8,-0.07326806438855127
2009-09-28,dev,0.2052350123751954,-0.028501988423321085,-0.8,-0.13236966980005704
2009-09-29,dev,0.2052350123751954,-0.02959807903347819,-0.9,-0.10636809314989581
2009-09-30,dev,0.20602023258976343,-0.03115969676357418,-0.9,-0.12067391393478732
2009-10-01,dev,0.2065054810369684,-0.03145084583189716,-0.8,-0.04528297179015428
2009-10-02,dev,0.20717992736358865,-0.03247035772097427,-0.8,-0.07998629459586354
2009-10-05,dev,0.20785437369020887,-0.033489869610051376,-0.8,-0.12121842615680001
2009-10-06,dev,0.20730442545004324,-0.034298617022059656,-0.9,-0.14704836444912067
2009-10-07,dev,0.2059099746491279,-0.03581565690437414,-0.8,-0.15565414971917024
2009-10-08,dev,0.20440893945244054,-0.03742021176979857,-0.6,-0.1274580136140555
2009-10-09,dev,0.20408203523537613,-0.03709330755273416,-0.7,-0.07196864933516661
2009-10-12,dev,0.2035320869952105,-0.03790205496474245,-0.6,-0.07415183762373012
2009-10-13,dev,0.20415064545538386,-0.038281721881676445,-0.6,-0.061804235304989574
2009-10-14,dev,0.20534661132526277,-0.03913262218909849,-0.6,-0.04949203737538632
2009-10-15,dev,0.20654257719514169,-0.03998352249652054,-0.6,-0.05025881433952112
2009-10-16,dev,0.20843333349766272,-0.040010924761774466,-0.5,-0.044471977479509484
2009-10-19,dev,0.20824616623945508,-0.040101042330541105,-0.5,-0.039827377362514405
2009-10-20,dev,0.20667118842224125,-0.040899622632226997,0.1,-0.022122667793107342
2009-10-21,dev,0.20469822532395843,-0.041319790699453886,-0.5,-0.027333688825966207
2009-10-22,dev,0.20405883913470013,-0.042050517772891954,-0.6,-0.047848804636749565
2009-10-23,dev,0.20293865862102306,-0.043409589829808366,0.1,-0.015783371205607022
2009-10-26,dev,0.20171247644854934,-0.0441181736585968,0.0,-0.00653919006364756
2009-10-27,dev,0.19899508514420153,-0.044195813410149595,0.2,0.014303409648801169
2009-10-28,dev,0.1960835944609717,-0.04400171403126761,0.2,0.020932495143304752
2009-10-29,dev,0.19419397991950296,-0.044532632920562455,0.2,0.015495299374499782
2009-10-30,dev,0.1923043653780342,-0.045063551809857307,0.9,0.059190152453063805
2009-11-02,dev,0.18986930044296926,-0.04573407693690417,0.9,0.0489030075028708
2009-11-03,dev,0.18724325002280118,-0.0462136165788479,0.9,0.04546036632101569
2009-11-04,dev,0.18486713235165245,-0.04649943324665215,0.6,0.04409225151539253
2009-11-05,dev,0.1827143937858704,-0.04632297926585034,-0.3,0.03896197554986691
2009-11-06,dev,0.18036589233635558,-0.04592422796811244,0.2,0.005738433539173804
2009-11-09,dev,0.17788142028666612,-0.046079507471218036,0.1,-0.012317396298155425
2009-11-10,dev,0.17584124384819777,-0.04623414708626138,-0.4,-0.017597544200179505
2009-11-11,dev,0.1734481126826881,-0.04629808570518721,0.1,0.00845951579652704
2009-11-12,dev,0.17105498151717838,-0.046362024324113044,0.3,0.003257510649131823
2009-11-13,dev,0.16901302761187045,-0.04585295782125772,-0.2,-0.0016903388727060875
2009-11-16,dev,0.1676170805637495,-0.04535104427586591,-0.6,-0.01390336755616578
2009-11-17,dev,0.16632308470453624,-0.04353945007296736,-0.9,-0.011868155731499352
2009-11-18,dev,0.16421884518610907,-0.042193033966825846,-0.6,-0.014724875585845232
2009-11-19,dev,0.16352623751409637,-0.042540576076381696,-0.6,-0.043257228506778544
2009-11-20,dev,0.16388451132774778,-0.04252736782518717,-0.7,-0.06881629578958015
2009-11-23,dev,0.1639526163729695,-0.04245926277996542,-0.7,-0.08387727810982465
2009-11-24,dev,0.16445205337126234,-0.04230489134412945,-0.9,-0.09291316410287287
2009-11-25,dev,0.16495149036955517,-0.042150519908293486,-0.9,-0.10601765666506302
2009-11-26,dev,0.16280954927697663,-0.04007773163086317,-0.2,-0.01713946719502435
2009-11-27,dev,0.1620963037124725,-0.039238182164311415,-0.2,-0.026383234831794777
2009-11-30,dev,0.16145596660596995,-0.03854755210133745,-0.7,-0.04956637253809737
2009-12-01,dev,0.16164170763839292,-0.038361811068914495,-0.5,-0.05696923968311973
2009-12-02,dev,0.1607283516253311,-0.037278716327761564,-0.7,-0.06515777209533474
2009-12-03,dev,0.1583524584763095,-0.034996224383615486,-1.0,-0.08038435493378959
2009-12-04,dev,0.15807659562280688,-0.03416294792922102,-0.9,-0.05086378815828868
2009-12-07,dev,0.15653902407244763,-0.03207733107378319,-0.7,-0.020196754010940676
2009-12-08,dev,0.15664558843732398,-0.03248836505259211,-1.0,-0.07069292317180875
2009-12-09,dev,0.15781782073083778,-0.03343358052870003,-0.7,-0.04047965848169255
2009-12-10,dev,0.15876039455670676,-0.033733242727675736,-0.2,0.005695961260327009
2009-12-11,dev,0.1589401918760922,-0.03479568143313503,-0.7,-0.051249026948870235
2009-12-14,dev,0.1582046573876973,-0.035531215921529934,-0.7,-0.043264948906829026
2009-12-15,dev,0.15778240610732244,-0.03672986471743273,-0.7,-0.035074495239659775
2009-12-16,dev,0.15856901937963366,-0.03982523902276128,-0.7,-0.05849244555883221
2009-12-17,dev,0.15366545612366764,-0.03696482712344777,-0.7,-0.04066641589834563
2009-12-18,dev,0.15015123579022535,-0.035820662363722375,-0.7,-0.007415051754996349
2009-12-21,dev,0.14861285362131355,-0.035520328411465275,0.6,0.010109753334475835
2009-12-22,dev,0.1469258732432802,-0.035374285287899904,-0.8,-0.03341878668529752
2009-12-23,dev,0.14523453739429112,-0.03523826385940645,-0.7,-0.004982158075180876
2009-12-24,dev,0.14647172857697977,-0.038196259252120786,-0.6,-0.0029533012030090733
2009-12-25,dev,0.14770891975966838,-0.041154254644835124,-0.7,-0.016778841945596035
2009-12-28,dev,0.1485475697075675,-0.042376398102397114,-0.3,-0.004450971554793015
2009-12-29,dev,0.15042049003001193,-0.045655461293605426,0.3,0.002578075571228411
2009-12-30,dev,0.15101509865358012,-0.04866724112959416,-0.6,-0.04143538161581828
2009-12-31,dev,0.14923884078528757,-0.04859213736241886,-0.9,-0.07473420842507889
2010-01-01,dev,0.14891127686123243,-0.05134474537818477,-0.7,-0.04575026788926062
2010-01-04,dev,0.14750885104360192,-0.05377597778017741,-0.6,-0.05100897679641647
2010-01-05,dev,0.1457407326290509,-0.05369311803013091,0.4,0.018745810749608238
2010-01-06,dev,0.14461908021987802,-0.05450794913059737,-0.1,-0.000984651098141831
2010-01-07,dev,0.14327045900090227,-0.056062724426351705,0.0,-0.001958755156465597
2010-01-08,dev,0.1432637217276115,-0.05914165832022618,0.9,0.014829843211517535
2010-01-11,dev,0.1421493090664751,-0.059945633281902715,0.9,0.01356087035182224
2010-01-12,dev,0.14103830961410174,-0.06074714583940874,0.6,0.043638976156318676
2010-01-13,dev,0.13861360313120227,-0.061640458754161166,-0.1,7.900554767492629e-05
2010-01-14,dev,0.13598719396010062,-0.06259625676001156,0.6,0.012116455779212332
2010-01-15,dev,0.1322393097012145,-0.06404705066667715,0.7,0.02200961585522082
2010-01-18,dev,0.13299469703540626,-0.06354755018763597,0.7,0.047451106342165206
2010-01-19,dev,0.1320731963753612,-0.06273207570598444,0.7,0.04172578780250086
2010-01-20,dev,0.13133930056713833,-0.0636695338551742,0.8,0.03492175147657667
2010-01-21,dev,0.13034513496668032,-0.06296907216738684,0.6,0.03827506177462231
2010-01-22,dev,0.12908129153446313,-0.06302543583227666,0.8,0.05884176147353393
2010-01-25,dev,0.12815690254023648,-0.06429110132999863,0.9,0.04002697825755264
2010-01-26,dev,0.1282459105588601,-0.06564429230832027,0.0,0.005976828430336145
2010-01-27,dev,0.1282908330229256,-0.06682074832475901,-0.6,-0.013350899792903603
2010-01-28,dev,0.12734031739051574,-0.06747608758599236,0.6,0.008162328803508867
2010-01-29,dev,0.12652595934931804,-0.06799616102752765,-0.1,0.01013089811968626
2010-02-01,dev,0.1265732727392016,-0.0691637464002733,0.0,0.0015150177235230267
2010-02-02,dev,0.12713566238869076,-0.07056560822798373,-0.4,-0.00499149602903981
2010-02-03,dev,0.12719510750790575,-0.0717126273634805,0.7,0.026316372129001397
2010-02-04,dev,0.12668562354449867,-0.07292445206531893,0.6,0.06894284722514965
2010-02-05,dev,0.12764662975759053,-0.07382976424628199,0.8,0.03795276897259736
2010-02-08,dev,0.12858963743396504,-0.07458115318567016,0.6,0.02949507059302736
2010-02-09,dev,0.12978740139567477,-0.07671006919734695,-0.1,0.028307781150756828
2010-02-10,dev,0.12767042323079242,-0.07799537736888268,0.7,0.04454988964612505
2010-02-11,dev,0.12729239141563484,-0.0787060771813789,0.4,0.03902887033191571
2010-02-12,dev,0.12660626367112388,-0.07914270392788587,0.7,0.06426723847827742
2010-02-16,dev,0.12592013592661291,-0.07957933067439288,0.7,0.04865295682164561
2010-02-17,dev,0.12593848158823084,-0.08080849000279489,0.0,0.028712627176123218
2010-02-18,dev,0.1273419247020033,-0.08314756185908231,0.4,0.029455322485355984
2010-02-19,dev,0.12778318826408405,-0.08505873627818206,0.0,0.007429656707947596
2010-02-22,dev,0.12918663137785652,-0.08739780813446948,0.3,0.009256553901707654
2010-02-23,dev,0.1307225993493744,-0.08949742613386687,-0.1,0.021946804702806966
2010-02-24,dev,0.13133322021291052,-0.08963530826434277,0.0,0.022109018180632045
2010-02-25,dev,0.12973556218568644,-0.08940790122657842,0.4,0.04610552255144301
2010-02-26,dev,0.1306255393708017,-0.09150746066328679,0.0,0.02858273357660135
2010-03-01,dev,0.13086155541989303,-0.09127144461419545,0.0,0.014440235651420164
2010-03-02,dev,0.13169409554910533,-0.09278782611641599,0.0,-0.0033239335491215827
2010-03-03,dev,0.13099382815070246,-0.09391517017507939,0.0,0.009358753039380718
2010-03-04,dev,0.13335398864161585,-0.0960393146169014,-0.2,-0.02153870281644865
2010-03-05,dev,0.13534045705480127,-0.09778976698099552,-1.0,-0.03148009712870631
2010-03-08,dev,0.13751377150685068,-0.10010075746168154,-0.2,-0.010703194910273717
2010-03-09,dev,0.13950023992003613,-0.10185120982577563,-0.2,-0.003418250037738213
2010-03-10,dev,0.14036563210003766,-0.10248058595668585,0.0,0.002688505575881628
2010-03-11,dev,0.14272579259095106,-0.1046047303985079,0.9,0.012267097166045793
2010-03-12,dev,0.1447122610041365,-0.10635518276260199,0.0,0.0005424255857899851
2010-03-15,dev,0.14707242149504987,-0.10847932720442405,-0.6,-0.006229037624048361
2010-03-16,dev,0.14856718980596167,-0.10997409551533585,-0.9,-0.02533041310573081
2010-03-17,dev,0.1498062740636912,-0.11097716372397404,-0.3,0.0008992093211368513
2010-03-18,dev,0.15092735029687507,-0.1120982399571579,0.0,0.0012759797919769111
2010-03-19,dev,0.151301042374603,-0.11247193203488585,0.7,0.0157674176940078
2010-03-22,dev,0.15209239030390928,-0.1131753524164914,0.9,0.06839507383585275
2010-03-23,dev,0.15209239030390928,-0.1131753524164914,0.9,0.06113429665723458
2010-03-24,dev,0.15246608238163722,-0.11354904449421936,1.0,0.059399114169648104
2010-03-25,dev,0.15335792404972434,-0.11300643398004888,0.8,0.05558709816301777
2010-03-26,dev,0.1535019509885474,-0.11172028430198622,0.7,0.06940970489345483
2010-03-29,dev,0.1538745292299781,-0.11209286254341691,0.7,0.08852298721013213
2010-03-30,dev,0.1542471074714088,-0.11246544078484762,1.0,0.11203901970392105
2010-03-31,dev,0.15438959689481443,-0.11118201006939397,1.0,0.11201458363536987
2010-04-01,dev,0.1542965909424335,-0.11127501602177492,0.6,0.008111378698861693
2010-04-02,dev,0.1525294778471954,-0.11155403387891778,0.7,0.11106157385313248
2010-04-05,dev,0.1522099689648073,-0.1099952611688451,0.7,0.11570161935453854
2010-04-06,dev,0.15189140817999303,-0.10844111389708123,0.7,0.0986929024608168
2010-04-07,dev,0.15323843301210296,-0.11080328787802765,0.0,-0.02118342419638819
2010-04-08,dev,0.1577968431323591,-0.11514695490910684,0.7,0.07966173546539335
2010-04-09,dev,0.1571926996610519,-0.11608747793887113,0.6,0.07980248813511148
2010-04-12,dev,0.15557333176214502,-0.11582329527919824,0.6,0.11020284563435973
2010-04-13,dev,0.1547655615970874,-0.11663106544425585,0.9,0.1794439732653932
2010-04-14,dev,0.1539830423037387,-0.11479704614522446,0.9,0.1870543403742354
2010-04-15,dev,0.15412466023544408,-0.11352153427775362,0.9,0.15242054032211522
2010-04-16,dev,0.15537042656793976,-0.11335434497837549,0.9,0.15514256178244562
2010-04-19,dev,0.15692971457961896,-0.11385085387128503,0.6,0.09265931467744903
2010-04-20,dev,0.15848442318450912,-0.11434590458829763,0.5,0.05580222411063962
2010-04-21,dev,0.16026457655169876,-0.11558701662515566,0.5,0.0678565974528294
2010-04-22,dev,0.16211053270840042,-0.11626543588107939,0.6,0.02916332266349536
2010-04-23,dev,0.16292433309917762,-0.11614114430815384,0.5,0.020348194991150204
2010-04-26,dev,0.1637357574304197,-0.11601721563033171,-0.7,-0.02125339443204144
2010-04-27,dev,0.16549787588840428,-0.11724865454883779,-0.2,-0.0019238487019559436
2010-04-28,dev,0.16725486445277027,-0.11847650849232635,-0.7,-0.014016081040366446
2010-04-29,dev,0.1683887504362003,-0.11838080365287147,-0.7,-0.019116699245199487
2010-04-30,dev,0.1683887504362003,-0.11838080365287147,0.3,0.04882088583843802
2010-05-03,dev,0.16892497860277408,-0.12000872330884363,0.2,0.0592793308399458
2010-05-04,dev,0.16929270208956143,-0.12151991192396829,0.3,0.06645917012755698
2010-05-05,dev,0.16929270208956143,-0.12151991192396829,0.3,0.044451984562648206
2010-05-06,dev,0.16929270208956143,-0.12151991192396829,0.5,0.025091815774087534
2010-05-07,dev,0.16929270208956143,-0.12151991192396829,0.7,0.03410314164529715
2010-05-10,dev,0.16929270208956143,-0.12151991192396829,0.1,0.03752809114797939
2010-05-11,dev,0.17095854312028416,-0.1228271723769716,0.4,0.04594443280713212
2010-05-12,dev,0.17207270221458607,-0.12346623171944694,0.5,0.01330884884015987
2010-05-13,dev,0.1737296728792907,-0.12476687266490094,0.5,0.03063209876919165
2010-05-14,dev,0.1747961142751906,-0.12418422420562417,0.7,0.021937351888278833
2010-05-17,dev,0.17420868512672277,-0.12229924105537225,-0.6,-0.03451907046134162
2010-05-18,dev,0.17420868512672277,-0.12229924105537225,1.0,0.01321558111737603
2010-05-19,dev,0.17361954584972958,-0.12040877032680809,1.0,0.021547487739045634
2010-05-20,dev,0.17387263556671168,-0.11912656736810082,1.0,0.04489390361700407
2010-05-21,dev,0.17412646423177258,-0.11784062075111995,1.0,0.07956326703628286
2010-05-24,dev,0.1731498870403601,-0.11778206210186411,0.9,0.06493733359331905
2010-05-25,dev,0.1731498870403601,-0.11778206210186411,1.0,0.038273228226027134
2010-05-26,dev,0.1731498870403601,-0.11778206210186411,0.7,0.03890383900874511
2010-05-27,dev,0.1731498870403601,-0.11778206210186411,0.9,0.03020357016033154
2010-05-28,dev,0.17466430518451942,-0.1202224878275702,0.8,0.0440619760554426
2010-05-31,dev,0.17550094666657004,-0.12157562736741738,0.7,0.018981757400532262
2010-06-01,dev,0.17661709174517307,-0.121484152005966,0.8,0.036679640226478294
2010-06-02,dev,0.1788179720973139,-0.12317054084721678,0.1,0.03449583042856197
2010-06-03,dev,0.18117079292489305,-0.12446203488844229,0.1,0.021465137897124675
2010-06-04,dev,0.1823111882430316,-0.12610358530433782,0.8,0.031280004303642917
2010-06-07,dev,0.18374731571122316,-0.1277499355752506,0.8,0.023181363314369985
2010-06-08,dev,0.1865686966489476,-0.13150750200594724,-0.2,0.0015278819200518767
2010-06-09,dev,0.1912624485726164,-0.13704766821093337,0.5,0.04815374387640586
2010-06-10,dev,0.19510978621496788,-0.14197226039314328,0.3,0.016438054720912976
2010-06-11,dev,0.19622799593267704,-0.14378779696134156,0.6,0.012728806714532859
2010-06-14,dev,0.19749323737343857,-0.1452205258913924,0.7,0.0013309432320082748
2010-06-15,dev,0.19866429939601338,-0.14690220067243703,0.9,0.01519974014360126
2010-06-16,dev,0.19979266961715514,-0.14873299687296454,0.7,0.009124311854329714
2010-06-17,dev,0.20126511832056776,-0.15042479804656242,0.6,0.015191218023708652
2010-06-18,dev,0.20342503426902997,-0.1532083775499691,-0.8,-0.030564765292092566
2010-06-21,dev,0.20523158209385464,-0.15537519271650682,-0.4,-0.007894318035105596
2010-06-22,dev,0.20523158209385464,-0.15537519271650682,-0.4,-0.013856962211010015
2010-06-23,dev,0.20523158209385464,-0.15537519271650682,-0.9,-0.02748322598988784
2010-06-24,dev,0.20523158209385464,-0.15537519271650682,-0.1,-0.019488969710916404
2010-06-25,dev,0.20523158209385464,-0.15537519271650682,-0.3,-0.03252768015053792
2010-06-28,dev,0.20523158209385464,-0.15537519271650682,-0.3,-0.035928124656166405
2010-06-29,dev,0.20523158209385464,-0.15537519271650682,-0.3,-0.06957932306759979
2010-06-30,dev,0.20523158209385464,-0.15537519271650682,-0.8,-0.10559229808116533
2010-07-01,dev,0.20343303024550394,-0.1547486066577723,-0.9,-0.10750653512255026
2010-07-02,dev,0.2037344125125343,-0.15645934533430234,-0.8,-0.09060136023562948
2010-07-05,dev,0.2040366890889624,-0.1581751603867271,-0.9,-0.10666119309661276
2010-07-06,dev,0.20293218428663892,-0.1583319859163547,-0.8,-0.06389827526401853
2010-07-07,dev,0.20111950504959683,-0.15770607016857982,-0.5,-0.048914871760768364
2010-07-08,dev,0.20089375685558236,-0.1579318183625943,-0.5,-0.04323707237542451
2010-07-09,dev,0.1997028384604342,-0.15816718619920023,-0.5,-0.04135341041279267
2010-07-12,dev,0.19850836508500203,-0.15840325662636323,-0.9,-0.05888307311836183
2010-07-13,dev,0.1969879197794343,-0.15796592159567488,-0.1,-0.03273617211724811
2010-07-14,dev,0.19578580588688854,-0.15820239752620732,-0.8,-0.07789070551504829
2010-07-15,dev,0.19458008745493485,-0.15843958252999474,0.1,-0.02043924823523202
2010-07-16,dev,0.19337074824690922,-0.1586774798010608,0.1,-0.017483172789179213
2010-07-19,dev,0.19215777192848355,-0.15891609255264136,0.1,-0.01000894178154943
2010-07-20,dev,0.19094114206693005,-0.15915542401732904,0.1,-0.005396940688839558
2010-07-21,dev,0.18924765134576993,-0.15785760739723867,0.7,0.01807513747123124
2010-07-22,dev,0.1875490443384432,-0.15655586988101508,0.9,0.07748297701643925
2010-07-23,dev,0.1858452978242864,-0.15525019367336573,-0.2,-0.03413795072158837
2010-07-26,dev,0.1841363884419049,-0.15394056087114769,0.8,0.08365500710438756
2010-07-27,dev,0.18432654452541042,-0.15274596920238126,0.1,-0.0366546307997106
2010-07-28,dev,0.18276697040494833,-0.150258541064071,0.8,0.07948282320609845
2010-07-29,dev,0.1821639561005098,-0.14832430348337863,-0.1,-0.030571149207165693
2010-07-30,dev,0.17979401989751798,-0.14662486203329714,-0.1,-0.01662668241506765
2010-08-02,dev,0.17979401989751798,-0.14662486203329714,0.4,0.007165417796280937
2010-08-03,dev,0.17878285769406702,-0.1466076561175585,0.0,0.01414601968366036
2010-08-04,dev,0.17706616367158728,-0.14630393777142295,0.0,-0.0018339101858509954
2010-08-05,dev,0.17682547047518163,-0.1465446309678286,0.0,0.011415021568328465
2010-08-06,dev,0.17511436866159288,-0.14624147083097136,0.0,-0.00895575185896913
2010-08-09,dev,0.17511436866159288,-0.14624147083097136,0.0,0.0038360850686564585
2010-08-10,dev,0.17391273443905023,-0.14744310505351405,0.0,0.03307747987517706
2010-08-11,dev,0.17391273443905023,-0.14744310505351405,0.2,0.007712796985759218
2010-08-12,dev,0.17396837817970437,-0.14841883541697454,0.9,0.015547903745057212
2010-08-13,dev,0.174023853047094,-0.14939160453502243,-0.4,-0.0015720667724816728
2010-08-16,dev,0.1740791598088249,-0.15036142586786408,-0.7,-0.024496416690944156
2010-08-17,dev,0.17288298756002105,-0.15155759811666794,-0.8,-0.01732211419735552
2010-08-18,dev,0.1726935936206271,-0.15326214357121337,-1.0,-0.03344799425893297
2010-08-19,dev,0.1712741358853799,-0.15286341948827875,-1.0,-0.0736124597433378
2010-08-20,dev,0.16937765865367496,-0.1522168581090181,-0.9,-0.06055864471904743
2010-08-23,dev,0.16831904496780448,-0.1512522042177515,-0.8,-0.07074021802905472
2010-08-24,dev,0.1659352713199392,-0.1495623779403669,-0.8,-0.07587619878253082
2010-08-25,dev,0.16599486962734727,-0.150515950858896,-0.9,-0.06645316472293467
2010-08-26,dev,0.16320483984163678,-0.14831249388820178,-0.9,-0.07254836752777932
2010-08-27,dev,0.16122713429650204,-0.1466661638944074,-0.9,-0.0816891185603027
2010-08-30,dev,0.16071221668332014,-0.1431917198054616,-0.8,-0.07171780305222208
2010-08-31,dev,0.161187136249091,-0.14217577517833088,-0.8,-0.07646766894957202
2010-09-01,dev,0.16166061666466255,-0.14116290917128238,-0.8,-0.0553081978748694
2010-09-02,dev,0.1621326644617301,-0.140153107811759,-0.9,-0.041078613250396634
2010-09-03,dev,0.16260328613252253,-0.1391463572116299,-0.9,-0.037229579298707516
2010-09-06,dev,0.1630724881300999,-0.13814264356655404,-0.8,-0.04778958041307391
2010-09-07,dev,0.16243741628759772,-0.13568174017685808,-1.0,-0.07559852261018107
2010-09-08,dev,0.16230841731958945,-0.13317122179946664,-0.9,-0.06878319323953958
2010-09-09,dev,0.16316211950234108,-0.13350404626462808,-0.8,-0.050035956195971176
2010-09-10,dev,0.1621117200213548,-0.1327716561897409,-0.7,-0.027179533374628972
2010-09-13,dev,0.1610103081723309,-0.1317142984906143,-0.1,-0.0034990772658810565
2010-09-14,dev,0.1602691632825173,-0.13026745046689023,0.7,0.016882402173034605
2010-09-15,dev,0.1590468292057471,-0.12946428063086196,0.7,0.0326838257541221
2010-09-16,dev,0.1575941424739475,-0.12754870388960762,-0.1,0.021872360305139393
2010-09-17,dev,0.15648662756242693,-0.12648609994757035,0.3,0.03928209229958757
2010-09-20,dev,0.15512953528015172,-0.12485365560802193,-0.1,0.041552968179495275
2010-09-21,dev,0.1537724429978765,-0.1232212112684735,0.3,0.06378541041776287
2010-09-22,dev,0.15415924707833176,-0.12258527913619963,0.7,0.13561788037630862
2010-09-23,dev,0.1519331369486342,-0.11966274286164541,0.7,0.12202817606570815
2010-09-24,dev,0.14984668951465313,-0.11701575731107242,0.7,0.02728264583131612
2010-09-27,dev,0.14800937013249071,-0.11536528396777396,1.0,0.1499394531576259
2010-09-28,dev,0.14604748672441897,-0.11359024659856619,0.4,0.07440708750740643
2010-09-29,dev,0.14460877222516633,-0.11114256348944809,0.7,0.12385145129517339
2010-09-30,dev,0.14289601686891323,-0.10886927001660306,0.7,0.09479522599866319
2010-10-01,dev,0.14210192120374132,-0.10658040604051935,0.9,0.09475569180193022
2010-10-04,dev,0.14191507516487736,-0.1037777154575597,0.7,0.10990032499867997
2010-10-05,dev,0.14039058134778262,-0.10221924963339882,0.7,0.1233516894919483
2010-10-06,dev,0.14039468785413128,-0.0998662214956173,0.6,0.10570524820542537
2010-10-07,dev,0.14136382335241476,-0.09761585601655229,0.6,0.10858838816110938
2010-10-08,dev,0.14372398384332816,-0.09549171157473024,0.6,0.08893602371519127
2010-10-11,dev,0.14547443620742223,-0.09425262731700072,0.6,0.0657126546809772
2010-10-12,dev,0.14697433765126988,-0.09532545210058783,0.9,0.06294106780330044
2010-10-13,dev,0.14874937502047766,-0.094110952847972,0.6,0.04749793515425271
2010-10-14,dev,0.1485987201613026,-0.09357353975450508,0.6,0.05313261345735332
2010-10-15,dev,0.14827293732430902,-0.09389932259149868,-0.8,-0.022097803927379034
2010-10-18,dev,0.14728455517000758,-0.0935590218027674,-0.1,-0.0006375655094476018
2010-10-19,dev,0.1465809737489374,-0.09363841425884147,-0.9,-0.05953937294256478
2010-10-20,dev,0.14821752459483445,-0.09217044630515249,-0.9,-0.07319205727580436
2010-10-21,dev,0.1497519476539212,-0.09330151918510429,-0.6,-0.06887208713422438
2010-10-22,dev,0.15152794942992295,-0.0945533814235136,-0.6,-0.05594495867820326
2010-10-25,dev,0.15407398336609143,-0.09453695539811899,-0.7,-0.08267800373065542
2010-10-26,dev,0.15595709834601462,-0.09663988924729393,-0.6,-0.08166457010973749
2010-10-27,dev,0.15655500567037936,-0.09962942586911755,-0.6,-0.0668815278863713
2010-10-28,dev,0.15717782579992592,-0.10199614236139457,-0.6,-0.04939249652173938
2010-10-29,dev,0.1579874919683365,-0.1045497048925356,-0.9,-0.0528804022557694
2010-11-01,dev,0.15823662002015515,-0.10729011346254057,-0.6,-0.07085295066096486
2010-11-02,dev,0.15848574807197377,-0.11003052203254554,-1.0,-0.08586804400117776
2010-11-03,dev,0.15789501261576747,-0.11290493129708935,-0.2,0.019554127534947896
2010-11-04,dev,0.15848669173883673,-0.11517822476993438,-0.1,0.03844843487724259
2010-11-05,dev,0.15826964836035837,-0.11767894195675023,0.3,0.0459350027379406
2010-11-08,dev,0.15805260498188,-0.12017965914356607,-0.1,0.04125781049115296
2010-11-09,dev,0.15898306050874808,-0.12244634694837048,-0.6,-0.08832593569488645
2010-11-10,dev,0.15920618068702522,-0.12498279903639205,-0.6,-0.08980167333175759
2010-11-11,dev,0.1597044367906625,-0.1274740795545784,0.2,0.01771462933030976
2010-11-12,dev,0.15799790963570487,-0.12830865852817083,-0.1,0.011481498669033197
2010-11-15,dev,0.1575494791424313,-0.1302518573323562,-0.2,0.000737169245643543
2010-11-16,dev,0.15665261815588422,-0.13114871831890326,-0.2,-0.008274122984828103
2010-11-17,dev,0.15482812154109482,-0.13073106246732497,-0.1,-0.0046010298986897125
2010-11-18,dev,0.15407507538446122,-0.13022714436251,-0.1,0.0068611214076056415
2010-11-19,dev,0.15293531454739095,-0.13043267500526037,-0.2,0.001024172778188781
2010-11-22,dev,0.15197503914765367,-0.13039643819772312,0.2,0.005047452256336127
2010-11-23,dev,0.15124011139478868,-0.13001028971740425,0.3,0.016542052364431847
2010-11-24,dev,0.15050518364192372,-0.12962414123708535,0.2,0.01552880979519733
2010-11-25,dev,0.14879938921653024,-0.12834039904065522,0.4,0.019030909362846016
2010-11-26,dev,0.14618731933988638,-0.12606049989976953,0.7,0.0504333600606543
2010-11-29,dev,0.1443935973667922,-0.12336991694012828,0.6,0.06313181629015086
2010-11-30,dev,0.14208438904333962,-0.12028890014241403,0.6,0.069673277746853
2010-12-01,dev,0.14026135788767854,-0.1171293702617024,0.6,0.04451468263870256
2010-12-02,dev,0.13858780356310865,-0.11382036354989959,0.6,0.033160224419793105
2010-12-03,dev,0.1375121565629035,-0.11066083366918797,0.2,0.0032259425732628078
2010-12-06,dev,0.1358386022383336,-0.10735182695738517,-0.4,-0.01993233262581212
2010-12-07,dev,0.1347744534559047,-0.10435327212554098,0.3,0.02563338445845975
2010-12-08,dev,0.13371030467347578,-0.10135471729369677,0.9,0.03882205538980277
2010-12-09,dev,0.1335498813067744,-0.09866149206683925,0.9,0.03704512804902421
2010-12-10,dev,0.13325356991180828,-0.09583237881171701,0.8,0.027924183485210585
2010-12-13,dev,0.1324877064777834,-0.0929680906335275,0.2,0.025176866582255986
2010-12-14,dev,0.13167804030937283,-0.09019031285574972,-0.2,-0.008099284033470655
2010-12-15,dev,0.13117499328166213,-0.0877038232616368,-0.1,-0.010330550244715131
2010-12-16,dev,0.13036532711325158,-0.08522499914604138,0.5,0.01353830286739982
2010-12-17,dev,0.1295994636792267,-0.08236071096785187,-0.1,-0.005147504413925197
2010-12-20,dev,0.12936590613064675,-0.08222057643870388,0.5,0.03265032225057046
2010-12-21,dev,0.1292205814337525,-0.08087113282468628,0.5,0.033995826284928754
2010-12-22,dev,0.12837977425886463,-0.07872240337775055,0.6,0.041789446813948916
2010-12-23,dev,0.12806836419409134,-0.07679166097615613,0.5,0.05567103487243069
2010-12-24,dev,0.12930498995130948,-0.07592872729666593,0.5,0.045556660640305
2010-12-27,dev,0.12949733146190476,-0.07424161747515884,0.6,0.04879049379668593
2010-12-28,dev,0.12959624995306807,-0.07264793067308375,0.8,0.056635568676147385
2010-12-29,dev,0.1292225578753401,-0.07227423859535581,0.8,0.06143425445682427
2010-12-30,dev,0.1291609602801102,-0.07244260535565082,0.9,0.06666979127777878
2010-12-31,dev,0.1279776020339717,-0.07138381113542162,0.8,0.0585902151272355
2011-01-03,dev,0.12635499169646874,-0.06852211654018914,0.8,0.04901834296630264
2011-01-04,dev,0.1257944535798768,-0.06758788634586926,0.6,0.046735278663401214
2011-01-05,dev,0.12645024653981116,-0.06743034948957218,0.8,0.0328021463352991
2011-01-06,dev,0.12635682352037916,-0.06677638835354827,0.6,0.028442243396797406
2011-01-07,dev,0.12645024653981116,-0.06593558117866037,0.6,0.040512043146413435
2011-01-10,dev,0.1263527170140305,-0.06292859190485495,0.6,0.028976004355870832
2011-01-11,dev,0.1253375202028696,-0.06035634476982755,0.9,0.049465897973240636
2011-01-12,dev,0.12490599482739802,-0.05737125686321498,0.9,0.045348582533232484
2011-01-13,dev,0.12483899448012863,-0.05458460861692548,0.8,0.0381153971538537
2011-01-14,dev,0.12440746910465705,-0.05159952071031291,0.7,0.013023565420763439
2011-01-17,dev,0.12434046875738763,-0.04881287246402341,-0.6,-0.04929115966126185
2011-01-18,dev,0.12374407130000363,-0.045808237172392595,-0.6,-0.054742191831692155
2011-01-19,dev,0.12414267618291344,-0.04316747982311507,-0.6,-0.02349093379174161
2011-01-20,dev,0.12439180423473209,-0.04067619930492872,-0.7,-0.0515229290025343
2011-01-21,dev,0.12639794065200846,-0.040164831198564156,-0.7,-0.02428536066421072
2011-01-24,dev,0.12960343967169344,-0.04244014931888915,-0.7,-0.05542543182989179
2011-01-25,dev,0.13210860348688516,-0.04491754654007012,-0.9,-0.05571854959427225
2011-01-26,dev,0.1346137673020769,-0.0473949437612511,-0.8,-0.06153113223599549
2011-01-27,dev,0.13775756277951576,-0.04923370932018493,-0.6,-0.05249303536080585
2011-01-28,dev,0.14061925737474823,-0.05085631965768788,-0.7,-0.017739505167762237
2011-01-31,dev,0.14355962398634448,-0.052400257978827046,-0.5,-0.019445876283581853
2011-02-01,dev,0.14741455278816967,-0.0545244024206491,-0.6,-0.055994547617917334
2011-02-02,dev,0.15016807336090196,-0.055507802625196334,-0.6,-0.048048578065184644
2011-02-03,dev,0.15286297556850043,-0.05630069314305874,-0.5,-0.027089003370530107
2011-02-04,dev,0.15555787777609892,-0.05709358366092114,-0.6,-0.0529040773957119
2011-02-07,dev,0.15829134469760123,-0.058346165568516996,-0.8,-0.09158445047364439
2011-02-08,dev,0.1594714249430579,-0.05791346947851622,-0.8,-0.08726597067890596
2011-02-09,dev,0.16106877539295386,-0.05756175928771344,-0.8,-0.09973869879676917
2011-02-10,dev,0.16308133926254753,-0.058289603988124744,-0.8,-0.08092050491166386
2011-02-11,dev,0.16418043360880621,-0.05768876574550333,-0.5,-0.06787061283255114
2011-02-14,dev,0.1631386253921101,-0.05723580565128763,-0.5,-0.0363427595857157
2011-02-15,dev,0.16190119814571424,-0.05676492625664142,-0.7,-0.02519994464751696
2011-02-16,dev,0.1609430133310272,-0.05622834276041667,-0.5,-0.03575197860749496
2011-02-17,dev,0.15885184756273138,-0.05499780117113068,-0.5,-0.02845150526054191
2011-02-18,dev,0.15676068179443556,-0.0537672595818447,-0.5,-0.05945591739627126
2011-02-21,dev,0.15450343065826067,-0.05237063262467962,-0.5,-0.025697520394799445
2011-02-22,dev,0.1529105209936021,-0.05213660324266818,-0.1,-0.018206233455699605
2011-02-23,dev,0.15256325158803677,-0.051404317757019466,-0.5,-0.032339663187792855
2011-02-24,dev,0.15223108085227857,-0.050573890917624015,-0.6,-0.016562643533843846
2011-02-25,dev,0.1511384139583372,-0.049009191925499955,-0.5,-0.03193758583985501
2011-02-28,dev,0.1529478703347041,-0.05018927217095665,-0.6,-0.03366627178702025
2011-03-01,dev,0.15380849451371395,-0.05082341630285862,0.7,0.012433701861683744
2011-03-02,dev,0.1546691186927238,-0.0514575604347606,0.0,-0.008429934008710505
2011-03-03,dev,0.156342687040826,-0.05277352870848201,-0.8,-0.014549819253357688
2011-03-04,dev,0.15793758337256442,-0.05416816899856718,0.8,0.008731451754820041
2011-03-07,dev,0.1581823407568073,-0.0542555823500825,0.5,0.014529859704230152
2011-03-08,dev,0.1595745970463966,-0.055354606578679535,0.0,0.007681228709897792
2011-03-09,dev,0.1611480373736722,-0.056770702873227566,-0.1,0.004717216898699861
2011-03-10,dev,0.16139279475791507,-0.05685811622474287,-0.1,-6.875017441143605e-05
2011-03-11,dev,0.1630663631060173,-0.05817408449846427,-0.8,-0.010620529990492011
2011-03-14,dev,0.16289933407127524,-0.05809198548138768,0.3,0.00022464104694952525
2011-03-15,dev,0.1631371381207385,-0.05860156558738033,-0.4,-0.00686328529788538
2011-03-16,dev,0.16359915741683848,-0.05933536094000977,-0.3,-0.004994726271541405
2011-03-17,dev,0.16410364172177122,-0.0590924610894866,0.5,0.0015284339984298345
2011-03-18,dev,0.1653492819808644,-0.0598398452449425,0.9,0.013938987238242495
2011-03-21,dev,0.16585376628579715,-0.05959694539441934,0.9,0.04415065091341214
2011-03-22,dev,0.16575411506506968,-0.06144049297787723,0.2,-0.005962754678174309
2011-03-23,dev,0.16331417002422777,-0.06351806994334658,-0.8,-0.02130120720419304
2011-03-24,dev,0.16166992488222479,-0.06516231508534957,-0.3,-0.00785864852551843
2011-03-25,dev,0.15952893350356526,-0.06694093838863654,-0.7,-0.026754857975988422
2011-03-28,dev,0.15733660664756127,-0.06863500914100326,-0.9,-0.04698797247787484
2011-03-29,dev,0.1576956718889135,-0.06994906524766027,-0.6,-0.0369899471350949
2011-03-30,dev,0.15977173898740213,-0.07252338844978616,0.0,0.017634729623980605
2011-03-31,dev,0.15944433625263568,-0.07186381497926154,0.0,0.019045622946152918
2011-04-01,dev,0.16011622705905565,-0.07335103395526976,0.0,0.03412958610660338
2011-04-04,dev,0.1601041481232099,-0.07352919825899461,-0.6,-0.03748034821355822
2011-04-05,dev,0.15884491906129025,-0.07256892285925733,-0.6,-0.025472728616304174
2011-04-06,dev,0.1578670914579021,-0.07111775195741378,-0.6,-0.05315425658758122
2011-04-07,dev,0.1561730207055354,-0.07051984463304904,-0.6,-0.05365246757587128
2011-04-08,dev,0.15388104262880395,-0.07156618245068731,-0.8,-0.06848223541621767
2011-04-11,dev,0.15278487920080197,-0.07286164832014422,-0.8,-0.0696884608182719
2011-04-12,dev,0.15177175845673951,-0.0739412032113583,-0.8,-0.07961931567175584
2011-04-13,dev,0.15036003282976726,-0.07551901420620966,-0.8,-0.08641902726289041
2011-04-14,dev,0.14961415854129206,-0.07689903262658682,-0.8,-0.09647802442635839
2011-04-15,dev,0.14972315206396272,-0.07763084627880405,-0.8,-0.07345489810196382
2011-04-18,dev,0.14973487573698946,-0.07794152361401319,-0.6,-0.07812192157659009
2011-04-19,dev,0.15082054956280963,-0.075439753493645,-0.7,-0.040680802129424765
2011-04-20,dev,0.14950410448898904,-0.07442226208200678,-0.6,-0.026921045795037846
2011-04-21,dev,0.14833070743982085,-0.07493287425079222,-0.6,-0.036591279011872146
2011-04-22,dev,0.14735369200869616,-0.07474536731563598,-0.1,-0.019454336584205645
2011-04-25,dev,0.1462736424971977,-0.07565839839769149,-0.2,-0.011295603700705925
2011-04-26,dev,0.14616415801271324,-0.07457293793723103,-0.2,0.00969227907067749
2011-04-27,dev,0.14530835715691237,-0.07388873725303036,-0.1,0.005719582412828272
2011-04-28,dev,0.14432555617411139,-0.07337003673432983,0.8,0.028355401157264815
2011-04-29,dev,0.14556132056777052,-0.07117379769598553,0.2,0.007347374169424492
2011-05-02,dev,0.14611395653707315,-0.06947418141303592,-0.2,-0.019596273280906795
2011-05-03,dev,0.1466665925063758,-0.0677745651300863,-0.5,-0.02723464155300226
2011-05-04,dev,0.14758908362494536,-0.06569405324565285,-0.4,0.011494266021014998
2011-05-05,dev,0.1485115747435149,-0.06361354136121938,-0.4,0.0053485200403358135
2011-05-06,dev,0.14881774171634854,-0.06220370661805131,-0.3,0.026839407739534027
2011-05-09,dev,0.1486196269349004,-0.06125484108585245,0.4,0.037943654478626965
2011-05-10,dev,0.14788764495291845,-0.06217451075552211,0.0,0.02644594890511559
2011-05-11,dev,0.1473746319399054,-0.06293777401878538,0.0,0.024608167103175205
2011-05-12,dev,0.14584528666056015,-0.06462593195694331,0.3,0.026119358888178013
2011-05-13,dev,0.14478172309699658,-0.06618999602100738,0.2,0.0339603262359629
2011-05-16,dev,0.14388082219609566,-0.06829209812310949,0.5,0.031946837564466424
2011-05-17,dev,0.14119688826216176,-0.06861116719217855,0.3,0.031683346070013496
2011-05-18,dev,0.14042338748866098,-0.06988516846617983,0.1,0.03101330255431145
2011-05-19,dev,0.1400480121132856,-0.0702605438415552,0.5,0.04594227917219529
2011-05-20,dev,0.14072368778896127,-0.07018546876648013,0.9,0.057381274306098795
2011-05-23,dev,0.14075402115262797,-0.0704888024031471,-0.1,0.022526544914205915
2011-05-24,dev,0.1409345046664448,-0.07049183573951377,0.7,0.027203913542882985
2011-05-25,dev,0.14085942959136974,-0.0704167606644387,0.4,0.023980326755429993
2011-05-26,dev,0.14292399415593432,-0.07135519910287713,0.1,-0.0005327324184029036
2011-05-27,dev,0.14441032897560246,-0.07120353228454365,-0.3,-0.02200994572422793
2011-05-30,dev,0.14592548049075396,-0.06998868106969243,-0.7,-0.05763090631852774
2011-05-31,dev,0.14657764780958796,-0.06900284675052479,-0.5,-0.019883111726010816
2011-06-01,dev,0.14640814764008778,-0.06702734477502281,-1.0,-0.0145572254506664
2011-06-02,dev,0.14718364841558856,-0.06560834335602138,-1.0,-0.03807878325041458
2011-06-03,dev,0.1462076724396126,-0.06238011512779316,-0.1,-0.022988457784691663
2011-06-06,dev,0.1461612661432063,-0.0615685205661986,-0.6,-0.03919813536947836
2011-06-07,dev,0.1451339230106,-0.05959286069580188,-0.3,-0.02209461837851917
2011-06-08,dev,0.14518660727381058,-0.058789425681840556,-0.1,-0.003153451129460638
2011-06-09,dev,0.14548954178727141,-0.05773574041762897,-0.4,-0.020027708168915692
2011-06-10,dev,0.1448293920043146,-0.05580238760708318,-0.3,-0.009401859177912919
2011-06-13,dev,0.1453686309336464,-0.05376164717624987,-0.3,-0.007072801689730457
2011-06-14,dev,0.14533640173475057,-0.05126862384989321,0.8,0.014683012791643746
2011-06-15,dev,0.14549040188875073,-0.05111462369589306,0.5,0.010830156555663106
2011-06-16,dev,0.14605714510255274,-0.05004737998159052,-0.8,-0.02974615976058992
2011-06-17,dev,0.14474333128873892,-0.046856689290899825,-0.9,-0.04425467120331228
2011-06-20,dev,0.14251193322400754,-0.04308208134962522,-0.8,-0.05158875299573229
2011-06-21,dev,0.14129196325403756,-0.04054829756584143,-0.8,-0.0308754618269389
2011-06-22,dev,0.1409294684062486,-0.039909791412629396,-0.9,-0.03131164058004099
2011-06-23,dev,0.14056697355845962,-0.04002203601016811,0.7,0.015605410423939148
2011-06-24,dev,0.13895285944434552,-0.03953404802218013,0.9,0.05771041258936105
2011-06-27,dev,0.13720110769259375,-0.03978429827243037,1.0,0.08542083142398538
2011-06-28,dev,0.13532423081571687,-0.040159673647805746,0.9,0.07512993846653981
2011-06-29,dev,0.13232122781271388,-0.039408922897055,0.7,0.036938176949470325
2011-06-30,dev,0.12931822480971086,-0.038658172146304244,0.9,0.05238305314768177
2011-07-01,dev,0.12708534177187428,-0.03738755168063734,-0.6,-0.007970244425096584
2011-07-04,dev,0.12321304842589673,-0.0352538390206089,0.6,0.07038352502941142
2011-07-05,dev,0.1199931102214384,-0.032968271719561716,0.1,0.06084866252369642
2011-07-06,dev,0.11764246235995464,-0.03131491557704149,0.1,0.062410930222967065
2011-07-07,dev,0.11614096085845313,-0.03131491557704149,0.1,0.02367717339873937
2011-07-08,dev,0.11525987143569705,-0.031820629624422204,0.0,0.03759510956577716
2011-07-11,dev,0.11725034875512172,-0.03583615831100352,0.0,0.06763617264246008
2011-07-12,dev,0.11921859990100446,-0.03799703629424993,0.0,0.08132417505698242
2011-07-13,dev,0.12033978687745459,-0.03987885232080279,0.1,0.06588886253364784
2011-07-14,dev,0.1206147339253906,-0.04134859495587167,0.2,0.07288308904051599
2011-07-15,dev,0.11928410472080019,-0.0426792241604621,0.1,0.0684330298155672
2011-07-18,dev,0.11904018017971706,-0.04354357540166761,0.2,0.06332109224809485
2011-07-19,dev,0.1189369225329293,-0.04464620522881945,0.1,0.05535754823083838
2011-07-20,dev,0.11768551543546751,-0.04463414273075517,0.1,0.06393118798356134
2011-07-21,dev,0.11870581543016726,-0.045879703763245766,0.1,0.056990611426466276
2011-07-22,dev,0.11989397349687955,-0.04720982938668991,0.1,0.0630204660004659
2011-07-25,dev,0.11840098988415554,-0.04592569754923753,0.1,0.055643494642466984
2011-07-26,dev,0.11690347521342627,-0.04463766849831791,0.1,0.05242241893046512
2011-07-27,dev,0.116281268048897,-0.04398562208186199,0.3,0.06701127967924736
2011-07-28,dev,0.11721929128793643,-0.044813606285943976,0.1,0.004851154909352007
2011-07-29,dev,0.1170607423280176,-0.0449721552458628,0.3,0.059219737305533926
2011-08-01,dev,0.11907524675992735,-0.04574811250852433,0.3,0.06738978067941481
2011-08-02,dev,0.12068587975803699,-0.0466753199971044,0.6,0.07514892427593844
2011-08-03,dev,0.12006659745312762,-0.046023398026830795,0.3,0.06157748536768631
2011-08-04,dev,0.11911089188468335,-0.04468464385339937,-0.2,0.035376539255654205
2011-08-05,dev,0.11953257778343478,-0.04489664177660519,0.4,0.08162393173038118
2011-08-08,dev,0.11995555719721306,-0.04510929000018894,0.4,0.02461946808476867
2011-08-09,dev,0.12107078939883795,-0.04527167917162712,0.9,0.054251402392141046
2011-08-10,dev,0.12279551369022078,-0.04534132790881423,0.6,0.05611966754436404
2011-08-11,dev,0.12452555300253236,-0.04541119128001425,0.9,0.07164965338518081
2011-08-12,dev,0.12655028379420294,-0.046735128303594525,0.9,0.06471343433047139
2011-08-15,dev,0.12777627598966024,-0.047322560238118365,0.0,0.029775027573828827
2011-08-16,dev,0.12771607414650696,-0.04610582529524652,0.0,0.017182501433143593
2011-08-17,dev,0.12766928552217272,-0.044871717639645516,-0.5,-0.027490405762711
2011-08-18,dev,0.12900624611045766,-0.04504491388856836,-0.8,-0.10746320602892684
2011-08-19,dev,0.12789722742142587,-0.04331419876733424,-0.8,-0.12190785195070603
2011-08-22,dev,0.12785050232887032,-0.0420699759256044,-0.7,-0.06807352157219837
2011-08-23,dev,0.12987002989360594,-0.04265562851415189,0.3,0.018407166866247493
2011-08-24,dev,0.1331543717935977,-0.044051473821648396,0.9,0.040130028268049234
2011-08-25,dev,0.1347165921661919,-0.044953637582828054,-0.7,-0.040030406222065995
2011-08-26,dev,0.13488106585040244,-0.04635166389861753,-0.8,-0.06805255290477752
2011-08-29,dev,0.13504553953461293,-0.047749690214407,-0.1,0.01833113824984922
2011-08-30,dev,0.13442053953461294,-0.047749690214407,-0.1,0.014045499966807096
2011-08-31,dev,0.1358870965521568,-0.05018938319686315,-0.1,0.002944743059573096
2011-09-01,dev,0.13429204446882348,-0.04865943528019648,-0.3,-0.014415994774214846
2011-09-02,dev,0.13305849183724452,-0.04676798791177543,-0.1,-0.006962311812910016
2011-09-05,dev,0.13182493920566557,-0.044876540543354375,-0.7,-0.03298891756097222
2011-09-06,dev,0.13212329361664749,-0.044854714269694895,-0.1,-0.0374549992633868
2011-09-07,dev,0.13313991871084835,-0.04501114024025093,-0.1,-0.0018679501376392404
2011-09-08,dev,0.13422107330153343,-0.04577951635435563,-0.1,-0.0003137419266195929
2011-09-09,dev,0.13670325178855544,-0.04751117527245297,-0.4,-0.03103344333316782
2011-09-12,dev,0.1374837361107186,-0.04568247292093971,-0.4,-0.012527830221644831
2011-09-13,dev,0.1388434988175226,-0.04484681922881075,-0.3,-0.022854543097896918
2011-09-14,dev,0.13850937932066726,-0.0421935173420183,-0.2,-0.00918958313720919
2011-09-15,dev,0.13880419064142197,-0.041112542499251004,-0.1,-0.009580082803700707
2011-09-16,dev,0.13901229275019,-0.04011827686847039,-0.1,-0.002524275371270257
2011-09-19,dev,0.13903695670382177,-0.03977914750603359,-0.7,-0.028382567595604535
2011-09-20,dev,0.13843820677684004,-0.03723324334496499,-0.1,0.0010156829505651999
2011-09-21,dev,0.14013838737111575,-0.03738451385324331,-0.7,-0.02273319304748006
2011-09-22,dev,0.1413510700103848,-0.03774663436358058,-0.5,-0.02317226408783296
2011-09-23,dev,0.14154406059244437,-0.03860351254792519,0.1,0.008731909867712051
2011-09-26,dev,0.1437466568406727,-0.040365397224734256,0.5,0.062164618245233616
2011-09-27,dev,0.14522093858009008,-0.04076175064181831,0.5,0.030786240916888807
2011-09-28,dev,0.14709504716372077,-0.04181904926687207,0.7,0.04301255187323483
2011-09-29,dev,0.14733181742145743,-0.04210970516947295,0.6,0.06039953136664
2011-09-30,dev,0.14881645371564442,-0.04251007921219711,0.7,0.05339954954007631
2011-10-03,dev,0.14881645371564442,-0.04251007921219711,-0.2,0.04000661164108421
2011-10-04,dev,0.14881645371564442,-0.04251007921219711,0.6,0.023700017235694593
2011-10-05,dev,0.14881645371564442,-0.04251007921219711,-0.1,-0.0016205468441534698
2011-10-06,dev,0.14881645371564442,-0.04251007921219711,0.6,0.005200618110948629
2011-10-07,dev,0.14700731850481255,-0.040923244307566,-0.2,0.003498762203598127
2011-10-10,dev,0.1449913774215647,-0.03897722025610706,0.0,-0.009395832618252942
2011-10-11,dev,0.1423483296277537,-0.03686590988826987,0.1,-0.0015088572294802427
2011-10-12,dev,0.14136478916010278,-0.036528795311018505,0.0,-0.009168855799329911
2011-10-13,dev,0.1417334778586253,-0.038029778968799346,0.3,0.007339929487956476
2011-10-14,dev,0.14195880930196175,-0.03968006478591985,0.3,0.009081038779885142
2011-10-17,dev,0.14179883249762693,-0.0406600610288235,0.3,0.0007166979882700097
2011-10-18,dev,0.1424237110183568,-0.041921081859810465,0.0,-0.021433783311951005
2011-10-19,dev,0.14226734863289223,-0.04101418002411606,0.0,0.004059004276701472
2011-10-20,dev,0.14107944339059264,-0.039543924713518266,0.0,-0.03025027991031054
2011-10-21,dev,0.13978874297239433,-0.03658156824708075,0.0,-0.031043724262036
2011-10-24,dev,0.13995238730627285,-0.035531870395569744,-0.7,-0.043869015311021164
2011-10-25,dev,0.13855335543632688,-0.03453855776790809,-0.4,-0.02057296560377342
2011-10-26,dev,0.1390989778656058,-0.03558783167036759,-0.4,-0.02420730239384483
2011-10-27,dev,0.13856734575502633,-0.03532201561507785,-0.6,-0.0425135267379651
2011-10-28,dev,0.14002933405911988,-0.037049819974461155,-0.4,-0.026623152335396416
2011-10-31,dev,0.1392761885691323,-0.03780296546444875,-0.4,-0.024726585428164638
2011-11-01,dev,0.13915727086018687,-0.037921883173394164,-0.3,-0.0135161596287251
2011-11-02,dev,0.13997379673337354,-0.04029514996368437,-0.1,0.03697913953976534
2011-11-03,dev,0.1413658334439698,-0.04209290591656498,0.3,0.016712838177322054
2011-11-04,dev,0.14076145167615314,-0.04269728768438165,0.3,0.023228027841106225
2011-11-07,dev,0.14040469854931692,-0.04305404081121788,0.8,0.04463018133343827
2011-11-08,dev,0.1418820762039799,-0.04476645582003178,0.8,0.03615860862652703
2011-11-09,dev,0.1424025160595998,-0.04424601596441187,0.8,0.07614168625322004
2011-11-10,dev,0.14221784385276692,-0.044430688171244744,0.8,0.03895627086625958
2011-11-11,dev,0.1429103646283902,-0.044535615561490695,0.8,0.04570016478459199
2011-11-14,dev,0.14121054090640583,-0.042248198454128985,0.6,0.0660714510246807
2011-11-15,dev,0.1403221556689901,-0.03994679102806782,0.6,0.06188741918889007
2011-11-16,dev,0.1396331324730417,-0.0394396419752124,0.6,0.07190113937191905
2011-11-17,dev,0.1375485749868222,-0.03833440679795506,0.9,0.10654473968846484
2011-11-18,dev,0.13533110947295776,-0.037362079648342594,0.9,0.07561806390813436
2011-11-21,dev,0.1327636740170811,-0.036030879626636404,1.0,0.08438698167177128
2011-11-22,dev,0.13174943584829568,-0.03500733841714593,1.0,0.12183991829633217
2011-11-23,dev,0.13056023494565294,-0.03326335015861336,0.8,0.12822636269679483
2011-11-24,dev,0.13047602441933717,-0.033347560684929146,0.9,0.15660621113601475
2011-11-25,dev,0.12587932053842274,-0.02923315345473244,0.7,0.14347386624927866
2011-11-28,dev,0.12464247843315959,-0.027269995559995597,0.6,0.12171564114702327
2011-11-29,dev,0.12384432750914495,-0.02662739173322244,0.7,0.14203770930669152
2011-11-30,dev,0.1253155327014552,-0.02544663092081344,0.7,0.06350498013807487
2011-12-01,dev,0.1257038003620871,-0.023460919170724695,1.0,0.111040595809132
2011-12-02,dev,0.12480523806176759,-0.021164593292130444,0.9,0.09280875508573538
2011-12-05,dev,0.12507652118049478,-0.020183335022533517,0.7,0.0621795449416771
2011-12-06,dev,0.1263722524066822,-0.020250825716277485,1.0,0.08116326143005481
2011-12-07,dev,0.12667129546888314,-0.01915433448820731,1.0,0.09536025783349172
2011-12-08,dev,0.12667129546888314,-0.018024616253225916,1.0,0.1072268398467297
2011-12-09,dev,0.12666726795289393,-0.015990720678660485,0.7,0.058342052341681494
2011-12-12,dev,0.12652227737728133,-0.013686981532816075,0.7,0.039383453808812696
2011-12-13,dev,0.1259507728584084,-0.012264865637015968,0.7,0.035633116181697955
2011-12-14,dev,0.1267169485471847,-0.012827770224688359,0.9,0.045374874011747
2011-12-15,dev,0.12688894717119573,-0.011858323434808133,0.8,0.032693057241504064
2011-12-16,dev,0.12702067063531433,-0.011291628243851754,0.9,0.06979276174408
2011-12-19,dev,0.12713344108301303,-0.011758820098603417,0.8,0.04098151554107443
2011-12-20,dev,0.1270271146608971,-0.012928410741878272,0.9,0.0328370781194286
2011-12-21,dev,0.12715297453556082,-0.012367579140376814,0.1,0.013983972928020894
2011-12-22,dev,0.12702006650791595,-0.010905590836283247,-0.2,-0.005339570556576412
2011-12-23,dev,0.12676713850379176,-0.00912865078183123,-0.7,-0.008966186067311477
2011-12-26,dev,0.1261291799710964,-0.008171712982788168,-0.7,-0.018252957793444713
2011-12-27,dev,0.12587625196697222,-0.006394772928336151,-0.7,-0.019229727864087387
2011-12-28,dev,0.12640083592457055,-0.007030113575638522,-0.5,-0.009684825207495584
2011-12-29,dev,0.1266263768199679,-0.006369600953403411,-0.5,-0.01634793855719241
2011-12-30,dev,0.12667269325384414,-0.00730197090491212,0.1,0.019937442741923217
2012-01-03,dev,0.12719727721144244,-0.00793731155221449,-0.2,0.0005687224966729465
2012-01-04,dev,0.1274228181068398,-0.007276798929979379,-0.2,0.006637981568729745
2012-01-05,dev,0.1274228181068398,-0.00727679892997938,-0.9,-0.03215888084111962
2012-01-06,dev,0.12753558855453848,-0.007743990784731042,-0.7,-0.017043678957823882
2012-01-09,dev,0.12783463161673944,-0.009039844054268524,0.2,0.014338932371253055
2012-01-10,dev,0.1280273482568245,-0.011505287967080858,0.6,0.05478607899046306
2012-01-11,dev,0.12832639131902546,-0.012801141236618338,0.6,0.022810680309283682
2012-01-12,dev,0.1289091965739388,-0.014103213464668612,0.6,0.020256793369008763
2012-01-13,dev,0.1307542727224205,-0.016511194200822723,-0.3,-8.01865601636198e-05
2012-01-16,dev,0.13331861584403917,-0.016073379521521977,-0.7,-0.011665808143403011
2012-01-17,dev,0.13505092154482223,-0.01641927207118599,0.8,0.032788885240012555
2012-01-18,dev,0.13614924884635807,-0.015755916496487884,-0.7,-0.011386186416560307
2012-01-19,dev,0.13755651031553906,-0.01674099952491457,0.1,0.010440148870842325
2012-01-20,dev,0.13943001598865068,-0.018395597858375835,0.1,0.014707064571831241
2012-01-23,dev,0.1387263852540602,-0.018035964371807364,0.5,0.022945553498835203
2012-01-24,dev,0.13961765085120814,-0.01927122721697733,0.6,0.01972147511337785
2012-01-25,dev,0.1391798361719074,-0.01944322584098834,-0.1,-0.007186480900175818
2012-01-26,dev,0.13713148892232177,-0.016706884095358667,-0.1,0.003018438561530168
2012-01-27,dev,0.13574768181096047,-0.014900898543243082,-0.6,-0.01241725632111701
2012-01-30,dev,0.1349658698836377,-0.013237202761900243,-0.6,-0.029865814598480034
2012-01-31,dev,0.1355287744713101,-0.012674298174227851,-0.6,-0.022798309527800042
2012-02-01,dev,0.13609167905898248,-0.012111393586555462,-0.5,-0.043146458046375846
2012-02-02,dev,0.13393916639406403,-0.01137398628441626,-0.6,-0.014306495782356876
2012-02-03,dev,0.13643533750749767,-0.014185670797309586,-0.5,-0.043327259147919794
2012-02-06,dev,0.13617663530050023,-0.013458628387989169,0.2,-0.0031403592239829803
2012-02-07,dev,0.1385807816724248,-0.013708409829228083,-0.5,-0.05922058834788568
2012-02-08,dev,0.14074139113914141,-0.013246314162936089,-0.5,-0.01789537174823619
2012-02-09,dev,0.14105986247672106,-0.011653957475038,-0.5,-0.02068910871344709
2012-02-10,dev,0.14025782988024293,-0.010863633383617993,-0.5,-0.016788726346589122
2012-02-13,dev,0.13891079425070452,-0.010921618361048456,-0.5,-0.019896124860837916
2012-02-14,dev,0.1393685967984752,-0.00966763746932871,-0.5,-0.014043028159075543
2012-02-15,dev,0.13733834202140513,-0.009229739380156737,0.7,0.030633648602309327
2012-02-16,dev,0.13761544330777958,-0.006298710280618831,0.6,0.024299782015862692
2012-02-17,dev,0.1366443469943266,-0.004266042841900436,0.5,0.010480811201006857
2012-02-20,dev,0.13628445829845062,-0.0024907259790039552,0.6,0.015538870627544221
2012-02-21,dev,0.13638398059144424,-0.001196936170086758,0.5,0.03746933859738738
2012-02-22,dev,0.13538172073170032,-0.00017256024523312573,0.7,0.051342620950800666
2012-02-23,dev,0.13659408320998637,-0.000190655207595604,0.9,0.07236069999820716
2012-02-24,dev,0.1371580428702836,-0.0008209630632219306,0.9,0.07928759249786438
2012-02-27,dev,0.13772200253058084,-0.0014512709188482572,0.9,0.08793838524583764
2012-02-28,dev,0.13828596219087808,-0.002081578774474584,1.0,0.08685193352909615
2012-02-29,dev,0.1393358248110854,-0.003022162014139877,0.7,0.08338114623619625
2012-03-01,dev,0.13989978447138265,-0.0036524698697662037,0.7,0.08421831795770685
2012-03-02,dev,0.14061790611494454,-0.004208233576522793,0.7,0.0862987418690514
2012-03-05,dev,0.14074904137159494,-0.004077098319872362,0.6,0.09315733933383691
2012-03-06,dev,0.13934402076462604,-0.003889762238943175,0.7,0.09069445917904428
2012-03-07,dev,0.13743943727517932,-0.0036712034778591234,0.7,0.08771399121171952
2012-03-08,dev,0.13717181430242334,-0.003938826450615105,0.6,0.0719939533416058
2012-03-09,dev,0.1373591503833525,-0.0037514903696859183,0.6,0.07625712302227694
2012-03-12,dev,0.1374982332313151,-0.004046686618422819,0.6,0.058095878271171575
2012-03-13,dev,0.1366531622288818,-0.004664278094013545,0.3,0.016892875590951706
2012-03-14,dev,0.13908001600455536,-0.006966241149067647,0.0,-0.004301891747508724
2012-03-15,dev,0.14136441825149038,-0.009009782720522296,-0.3,-0.008670664641369341
2012-03-16,dev,0.14352839016068522,-0.009050612379186349,-0.5,-0.012082370964987543
2012-03-19,dev,0.1447937450287471,-0.008581435855073519,-0.9,-0.01207974302925241
2012-03-20,dev,0.14480982943973594,-0.008211494402329518,0.0,-0.003808572644602215
2012-03-21,dev,0.14599800681749747,-0.009881393131051776,-0.6,-0.012077773044160245
2012-03-22,dev,0.1464481935734167,-0.009876620833285847,-0.6,-0.013986586898044773
2012-03-23,dev,0.14689838032933591,-0.00987184853551992,-0.6,-0.023810144351955165
2012-03-26,dev,0.14734856708525518,-0.009867076237753993,-0.6,-0.033994575572428465
2012-03-27,dev,0.1487659395217359,-0.009919571513179203,-0.6,-0.035407077828063516
2012-03-28,dev,0.1501808374334491,-0.009261878180326635,-0.3,-0.03761222639911738
2012-03-29,dev,0.1515957353451623,-0.008604184847474066,-0.6,-0.04630978828253074
2012-03-30,dev,0.15301063325687547,-0.007946491514621498,-0.3,-0.03357183880433151
2012-04-02,dev,0.1548418434479583,-0.007707638011436784,-0.9,-0.08588976059942849
2012-04-03,dev,0.1550509407908136,-0.007209021270781826,-0.9,-0.07918225469414458
2012-04-04,dev,0.1564325916947575,-0.006768308409686799,-0.6,-0.054887717081106124
2012-04-05,dev,0.15703254022464233,-0.0060236001809021375,-0.6,-0.04462185628001836
2012-04-06,dev,0.1570968778685978,-0.005380223741347354,-0.6,-0.06513210372613948
2012-04-09,dev,0.15680965624379656,-0.003930328979350681,-0.6,-0.05604391726483354
2012-04-10,dev,0.15740477945038472,-0.0011638102892651118,0.1,-0.022588825818909586
2012-04-11,dev,0.15648796802401915,0.0008145722623658476,0.1,-0.01933884559120902
2012-04-12,dev,0.155978092195672,0.0031998904120152075,0.1,-0.017696478767310286
2012-04-13,dev,0.15434383138440816,0.0032417945353809463,0.1,-0.003345236928490536
2012-04-16,dev,0.15155961984223484,0.002628978476705015,0.1,-0.0036517837932077413
2012-04-17,dev,0.14942958427270883,0.00419031522912457,0.1,-0.02508487320383679
2012-04-18,dev,0.14695180727263885,0.0029374279889761833,0.1,-0.006923423993089206
2012-04-19,dev,0.14447403027256883,0.0016845407488277964,-0.6,-0.03646066913696
2012-04-20,dev,0.14207101927083174,0.0005843670371891164,-0.6,-0.03688950377856565
2012-04-23,dev,0.14031534394827744,-0.0008446710160527587,-0.6,-0.01637297986773434
2012-04-24,dev,0.1387871481525657,-0.0020462295424520495,-0.6,-0.016633960088364874
2012-04-25,dev,0.1388072198755224,-0.0034311784264642532,0.7,0.0394792131904394
2012-04-26,dev,0.13743835184557493,-0.005247023772312952,0.3,0.0070639744712007735
2012-04-27,dev,0.13661541120435028,-0.007381316980041903,-0.3,-0.006203286735346647
2012-04-30,dev,0.1336592657741854,-0.007442268432210251,0.1,-0.0007029831565835143
2012-05-01,dev,0.13070312034402054,-0.007503219884378601,1.0,0.05877930130178027
2012-05-02,dev,0.12872473779238958,-0.008709550708543819,0.3,0.010369800196165013
2012-05-03,dev,0.12746731530978914,-0.010980291083443056,0.7,0.01719689514125322
2012-05-04,dev,0.12648332781399946,-0.01370139496603064,0.0,0.00045272446659061494
2012-05-07,dev,0.12525588620041134,-0.01605675590021323,-0.8,-0.027530317289328643
2012-05-08,dev,0.1243374663329469,-0.0187122921544756,-0.9,-0.04102242451794491
2012-05-09,dev,0.12341904646548243,-0.021367828408737966,-0.8,-0.04479258035615691
2012-05-10,dev,0.12332685739407781,-0.0241418813755499,-0.8,-0.03385014128062652
2012-05-11,dev,0.12240843752661336,-0.02679741762981227,-0.9,-0.046220477526436654
2012-05-14,dev,0.1211200762064049,-0.028375298347820377,-0.7,-0.03284346897594759
2012-05-15,dev,0.12008504435927114,-0.030206508538903176,-0.9,-0.05658538360838178
2012-05-16,dev,0.1192888660153221,-0.03179886522680127,-0.3,-0.03267238377774884
2012-05-17,dev,0.11716572376479131,-0.03286043635206666,-0.9,-0.055355429523467836
2012-05-18,dev,0.11501604223612891,-0.034213939536780036,-0.6,-0.04676071483973998
2012-05-21,dev,0.11286636070746647,-0.03556744272149341,-0.4,0.002610714976804318
2012-05-22,dev,0.11071667917880405,-0.03692094590620679,-0.5,-0.0648241498425634
2012-05-23,dev,0.10978780444419685,-0.03838060620344671,-0.8,-0.06681949338743814
2012-05-24,dev,0.10869852747912369,-0.04002108356048457,-0.6,-0.04366413072009556
2012-05-25,dev,0.10692522116760082,-0.04143249062475787,-0.1,-0.00972013467155336
2012-05-28,dev,0.10559096625054336,-0.04282799002981142,-0.9,-0.06784020976937932
2012-05-29,dev,0.10559096625054336,-0.04282799002981142,-1.0,-0.08142851727284434
2012-05-30,dev,0.10541403772966579,-0.043960332563427844,-0.7,-0.08519297656031177
2012-05-31,dev,0.10514864494834944,-0.045552689251325926,-0.7,-0.07770751631861561
2012-06-01,dev,0.10412322640010548,-0.043309586177042246,-0.9,-0.12834229441956807
2012-06-04,dev,0.1012737460112352,-0.03836489961988502,-0.9,-0.1023980993265669
2012-06-05,dev,0.09955649860271766,-0.0347742914020756,-0.5,-0.08427696176403532
2012-06-06,dev,0.09948189618673141,-0.03321285624713966,-0.6,-0.0660815028896492
2012-06-07,dev,0.09826578735680538,-0.03289558716314949,-0.9,-0.06048959700538853
2012-06-08,dev,0.09555025670009826,-0.030320112528851327,0.2,-0.012405695829683983
2012-06-11,dev,0.09248791334170227,-0.027529281284072712,-0.7,-0.07274364054444682
2012-06-12,dev,0.09129743715122608,-0.02554515429994573,-0.6,-0.05317871598693297
2012-06-13,dev,0.09060299270678163,-0.02425547176026319,-0.9,-0.08298758192841782
2012-06-14,dev,0.08980934191313084,-0.021874519379310807,-0.6,-0.05285600476793484
2012-06-15,dev,0.0892802413840303,-0.01975811726290869,-0.7,-0.04766564419876451
2012-06-18,dev,0.08905348401441579,-0.01681027145792003,-0.8,-0.07837738573058384
2012-06-19,dev,0.08931803427896606,-0.01390021854786712,-0.8,-0.06020040626041423
2012-06-20,dev,0.08836565332658511,-0.011677996325644898,-0.9,-0.06396921198653044
2012-06-21,dev,0.08804819300912478,-0.008820853468502041,-0.9,-0.07370839550939551
2012-06-22,dev,0.08804819300912478,-0.005646250293898866,-0.6,-0.055440262793667816
2012-06-25,dev,0.08702205864965709,-0.003209181190163096,-0.8,-0.06430561388682637
2012-06-26,dev,0.08576617167948442,-0.0010462647415323614,-0.8,-0.045078460026819034
2012-06-27,dev,0.08513125104456377,0.0014934177981501782,-0.1,-0.009102714225310837
2012-06-28,dev,0.08449633040964313,0.004033100337832718,0.7,0.043152786861330394
2012-06-29,dev,0.08322648913980188,0.0059378622425946236,0.6,0.03316165963392487
2012-07-02,dev,0.08288035742112113,0.007611932544115904,0.4,0.008043655882510603
2012-07-03,dev,0.08314891602301307,0.00990069316620986,0.9,0.052890709088718846
2012-07-04,dev,0.08347920301996674,0.01161626154844491,0.9,0.03850380524317132
2012-07-05,dev,0.08348542773207379,0.013832259058560064,0.9,0.02965185945700921
2012-07-06,dev,0.08353352778017384,0.01653548176178277,0.8,0.06418079154661821
2012-07-09,dev,0.08385098809763417,0.018228603454904464,0.9,0.03557739959145634
2012-07-10,dev,0.08362331453662727,0.020822799382433723,0.8,0.03729302441090976
2012-07-11,dev,0.08354394945726218,0.023124386684021024,0.6,0.04556501576001981
2012-07-12,dev,0.08331627589625529,0.025718582611550283,0.6,0.050102680433112834
2012-07-13,dev,0.08209273092271033,0.027735778378746054,0.6,0.03775984889421419
2012-07-16,dev,0.08110728118726059,0.029197418590386263,0.6,0.034474506831085217
2012-07-17,dev,0.07763505896503836,0.027114085257052927,0.8,0.04681341169254638
2012-07-18,dev,0.07629577325075265,0.027262894780862454,0.8,0.05430941543123413
2012-07-19,dev,0.07550212245710185,0.028056545574513245,0.8,0.06739473222540548
2012-07-20,dev,0.07439779914883117,0.027970392692307736,0.6,0.05925962851878197
2012-07-23,dev,0.07345533883137086,0.028516027612942654,0.6,0.05591638541810234
2012-07-24,dev,0.07289316951920155,0.02934274718966223,0.5,0.06307344467634629
2012-07-25,dev,0.0735545451805772,0.03132687417378922,0.5,0.05175481914601754
2012-07-26,dev,0.07439581468804951,0.031782269489965966,0.6,0.04019628076211218
2012-07-27,dev,0.07490973475077167,0.032202966843636195,0.6,0.04818595993103658
2012-07-30,dev,0.07473353358640979,0.03359823420329248,0.6,0.06309197141894535
2012-07-31,dev,0.07589605756672507,0.0329778738729897,0.5,0.05451300931528058
2012-08-01,dev,0.076563335905202,0.03206036615758391,0.5,0.07462761619320946
2012-08-02,dev,0.07723061424367895,0.031142858442178123,0.5,0.07092193740376157
2012-08-03,dev,0.07781448278984628,0.030141940934462718,0.6,0.07835956504036068
2012-08-06,dev,0.07878759703345846,0.03058679316011401,0.6,0.07787232239175418
2012-08-07,dev,0.08021077661474131,0.03213508742986127,0.6,0.08903320661456099
2012-08-08,dev,0.08077205500882478,0.034545282886807915,0.8,0.09090334757986696
2012-08-09,dev,0.0794276854151286,0.03570320706240025,0.5,0.09569010728175437
2012-08-10,dev,0.07880620068811575,0.03772303242519196,0.5,0.05453987507636221
2012-08-13,dev,0.0775243884386518,0.03881839925655208,0.5,0.024005088946580655
2012-08-14,dev,0.07645696683299887,0.038483190366483115,0.5,0.03604071619466881
2012-08-15,dev,0.07518294845371733,0.039590124368153956,0.5,0.019774223013098724
2012-08-16,dev,0.07352561282514847,0.03825027887243326,0.6,0.03025192380635433
2012-08-17,dev,0.07237246664491251,0.039382506301100316,0.5,0.02460953596097115
2012-08-20,dev,0.07264022666499449,0.04124009144041921,0.6,0.041879494036380305
2012-08-21,dev,0.07372504851106203,0.04232491328648673,0.6,0.05894944350370468
2012-08-22,dev,0.07428616325902798,0.04297954715911368,0.6,0.04791500856865488
2012-08-23,dev,0.07608769101211282,0.04343583827284424,0.5,0.07659484136376205
2012-08-24,dev,0.07755994027882773,0.04273295189294672,0.6,0.059574271206714546
2012-08-27,dev,0.07927853667480673,0.042482127254817446,0.6,0.031145974804138887
2012-08-28,dev,0.08073702739922542,0.04314316981336693,0.5,0.027602220240510345
2012-08-29,dev,0.08149775097850856,0.044103255434117375,0.5,0.020892998368171822
2012-08-30,dev,0.0822584745577917,0.04506334105486782,0.5,0.013903091904062692
2012-08-31,dev,0.08482251842125635,0.04501755455730595,-0.6,-0.01956782994830608
2012-09-03,dev,0.08758272600466746,0.04477560433979764,-0.3,-0.010330883901779608
2012-09-04,dev,0.09008622435304116,0.04433467869111576,-0.5,-0.012322663827018299
2012-09-05,dev,0.09250841985151023,0.04356708152610795,-0.5,-0.008200268668820065
2012-09-06,dev,0.09372701104988272,0.04347868852710637,-0.5,-0.013811265632597158
2012-09-07,dev,0.09483697426756253,0.04370825442874974,0.5,0.019802952628404258
2012-09-10,dev,0.09550232996449717,0.044830752982827245,0.5,0.029343173955078128
2012-09-11,dev,0.09612548785923403,0.046253910877564086,-0.3,-0.011446720123583942
2012-09-12,dev,0.09674864575397085,0.04767706877230093,-0.2,0.004355483919390835
2012-09-13,dev,0.09904916628607034,0.04654901787582898,-0.9,-0.03357242280209011
2012-09-14,dev,0.0996173746858577,0.04676167072006077,-0.6,-0.0170861334491334
2012-09-17,dev,0.09977701791452093,0.04523404519236856,-0.9,-0.04640171319852049
2012-09-18,dev,0.10084512960564626,0.04425277454810967,-0.9,-0.0457558204559696
2012-09-19,dev,0.1020628318342175,0.04341450478748514,-0.9,-0.04231776840006801
2012-09-20,dev,0.10219465278692634,0.04219942380005791,-0.9,-0.08952457055723612
2012-09-21,dev,0.10373433129075435,0.04051849038762183,-0.9,-0.10550763131154223
2012-09-24,dev,0.10372243325878602,0.03915015103520043,-0.6,-0.07986915182385401
2012-09-25,dev,0.10320366321539799,0.03898980393088049,-0.6,-0.07813323507999487
2012-09-26,dev,0.10295257022236952,0.03919954043093957,-0.6,-0.08736533824841514
2012-09-27,dev,0.10121747735824439,0.040690254018427345,-0.7,-0.059074159848132635
2012-09-28,dev,0.09840212632557588,0.04133112418391551,-0.7,-0.019408201729819274
2012-10-01,dev,0.09515316815301839,0.042920875688777366,-0.6,-0.017918350771781222
2012-10-02,dev,0.09201302872255636,0.04415861644264716,-0.6,-0.0242786893562561
2012-10-03,dev,0.09047693041226451,0.044235421358161754,-0.6,-0.031143940678959148
2012-10-04,dev,0.08861293419342958,0.044445157858220834,-0.6,-0.05322654260599019
2012-10-05,dev,0.08913475582530814,0.04442934508149724,-0.8,-0.06816894870327539
2012-10-08,dev,0.08902406638824299,0.04646919327884069,-0.6,-0.06201685001969659
2012-10-09,dev,0.08712734021307877,0.04838478381921901,-0.6,-0.015963616641233302
2012-10-10,dev,0.08780834379730817,0.046323851919577434,-0.5,-0.023607683029619908
2012-10-11,dev,0.08660291086012652,0.04640874156304093,-0.6,-0.015832751110695487
2012-10-12,dev,0.08757383615724026,0.04496031202144501,-0.3,-0.0049877108355869115
2012-10-15,dev,0.08757383615724026,0.04496031202144501,-0.1,-0.013541341285069397
2012-10-16,dev,0.08467344000557075,0.047705077160098086,-0.1,-0.008719151143158244
2012-10-17,dev,0.08559307780975865,0.0462053601255763,-0.1,-0.017338556705364327
2012-10-18,dev,0.08566098952452945,0.04562811055002452,-0.1,0.007030523549677037
2012-10-19,dev,0.08572890123930026,0.04505086097447274,0.3,0.029339244654257635
2012-10-22,dev,0.08667766784271581,0.044386724352081845,0.9,0.04621643407428022
2012-10-23,dev,0.08763642146300943,0.04373257474656901,1.0,0.04969294793795748
2012-10-24,dev,0.08704943728968749,0.04429766430596597,0.9,0.043999061181075605
2012-10-25,dev,0.086367576456024,0.04476787720502137,0.9,0.04024741710820823
2012-10-26,dev,0.08635628161550715,0.045294216773106674,0.9,0.030156504392164996
2012-10-29,dev,0.08632507961857935,0.04539742337832941,0.9,0.03014671584924994
2012-10-30,dev,0.08652429236819532,0.04573104473009592,0.7,0.03861550635579869
2012-10-31,dev,0.08768356656174371,0.04487418989138624,0.7,0.04736384881134065
2012-11-01,dev,0.08785083880562886,0.04515666950854328,0.7,0.07102321380362087
2012-11-02,dev,0.0884623979454138,0.046037045852629306,0.7,0.0785860044262357
2012-11-05,dev,0.08896643020347832,0.045734626497790594,0.7,0.04838979769664692
2012-11-06,dev,0.08879841945079014,0.04637306735800564,0.6,0.04900504503959324
2012-11-07,dev,0.08952758611745681,0.047236642626822846,-0.2,0.008839436855702376
2012-11-08,dev,0.09056925278412349,0.04666540606768306,-0.2,-0.002343260693127125
2012-11-09,dev,0.09246777428949982,0.04574134692789812,-0.7,-0.024847056040652626
2012-11-12,dev,0.09481992482713424,0.044867691013919624,-0.9,-0.024903571966914284
2012-11-13,dev,0.09717207536476864,0.043994035099941126,-0.9,-0.03367886611377141
2012-11-14,dev,0.10011277266030465,0.042755846764978594,-0.9,-0.03755122525932458
2012-11-15,dev,0.10394341782159498,0.04255423386175279,-0.9,-0.03628560025079114
2012-11-16,dev,0.10428035686821144,0.04140395045340487,-0.5,-0.033465390867459754
2012-11-19,dev,0.10631551336257097,0.04122983614266817,-0.5,-0.03534410758914225
2012-11-20,dev,0.1084518716279615,0.04127710070606176,-0.7,-0.055997959106523776
2012-11-21,dev,0.1109048286172088,0.040638659845846706,-0.3,-0.030005868919599388
2012-11-22,dev,0.11364676410107977,0.04079995016842735,-0.3,-0.03547682501315563
2012-11-23,dev,0.11603251678925182,0.042244842641545634,-0.3,-0.026046620717008195
2012-11-26,dev,0.11734410842342409,0.04378684902226169,-0.4,-0.07175583683802622
2012-11-27,dev,0.11860153626722715,0.04504427686606474,-0.5,-0.07680039697476315
2012-11-28,dev,0.11971040723496909,0.0469595994467099,-0.5,-0.074031439064974
2012-11-29,dev,0.12188664063155352,0.0475229296174879,-0.8,-0.15599747267985992
2012-11-30,dev,0.12260680332115594,0.04939516603980921,-0.6,-0.16375226187080438
2012-12-03,dev,0.12259794121551966,0.05205379773069896,-0.8,-0.18340557122573548
2012-12-04,dev,0.12318597884992825,0.0538515127844624,-0.6,-0.14715148212623524
2012-12-05,dev,0.12312488403076892,0.056478590008313824,0.5,0.07270145144635087
2012-12-06,dev,0.12148346988935477,0.05877982819664879,0.5,0.087381404171953
2012-12-07,dev,0.11905189608681324,0.0601116952543223,0.5,0.0765399253037054
2012-12-10,dev,0.1162333884295959,0.06087741698778597,0.2,0.005905200080556172
2012-12-11,dev,0.11528845522659817,0.06226223288873089,0.7,0.0723468279722086
2012-12-12,dev,0.11246994756938085,0.06302795462219456,0.3,0.01561897216007413
2012-12-13,dev,0.10998338842959589,0.06349838472972145,0.5,0.0530606849518897
2012-12-14,dev,0.10769844219303674,0.062154298708216066,0.1,0.043402165718828045
2012-12-17,dev,0.10541349595647762,0.06081021268671069,0.1,0.0421369549561052
2012-12-18,dev,0.10331488891835443,0.06069107778934999,0.5,0.030914952745148327
2012-12-19,dev,0.10112535801914613,0.060498474693521084,0.7,0.02322586279441996
2012-12-20,dev,0.09875304619118913,0.06000788329567162,0.7,0.023674551384845754
2012-12-21,dev,0.09649261844689042,0.059513968608208546,1.0,0.06612610847387512
2012-12-24,dev,0.09551917432828501,0.05755486140716586,1.0,0.051667745935081055
2012-12-25,dev,0.09669524959710223,0.056714807643724996,0.7,0.017334407164081633
2012-12-26,dev,0.09565358293043555,0.05688281839641318,0.9,0.026517441333624103
2012-12-27,dev,0.09423043302531221,0.05545966849128984,0.6,0.025010570011179123
2012-12-28,dev,0.09299253679590494,0.055143431248057685,0.8,0.039101796284524704
2012-12-31,dev,0.09289394587070111,0.054699218203038184,0.9,0.04182120492134339
2013-01-02,dev,0.09071178268284533,0.05412995824098885,0.9,0.044835533480458434
2013-01-03,dev,0.09035896010220017,0.05327310340227918,0.9,0.044044608399558705
2013-01-04,dev,0.0898045246183292,0.05302108727324692,0.9,0.0415293266300214
2013-01-07,dev,0.08945170203768404,0.05216423243453724,0.8,0.039110051250157096
2013-01-08,dev,0.08998933644628619,0.05001369480012864,0.9,0.051128171795359556
2013-01-09,dev,0.08972051924198511,0.050282512004429715,0.9,0.049620261158518364
2013-01-10,dev,0.08978418647458274,0.05021884477183209,0.9,0.05276976094562491
2013-01-11,dev,0.08944462790072875,0.05055840334568608,0.6,0.025818641522439623
2013-01-14,dev,0.08840098463697163,0.04998914338363675,0.7,0.03709857315021137
2013-01-15,dev,0.08856701879256935,0.048210206002232574,0.7,0.03952138285167617
2013-01-16,dev,0.08878049127833786,0.04799673351646407,0.9,0.05117923827189158
2013-01-17,dev,0.08989529203735114,0.04688193275745079,0.9,0.06199951903050216
2013-01-18,dev,0.09055942865974204,0.04612291947471834,0.9,0.05816584739618191
2013-01-21,dev,0.0921339294277912,0.044817235910970254,0.9,0.04844447991781109
2013-01-22,dev,0.09330520438938873,0.0439147781536738,1.0,0.04340515880636353
2013-01-23,dev,0.09352921872630629,0.04369076381675623,0.9,0.052953577731400914
2013-01-24,dev,0.09408310032857499,0.044058541200662646,0.9,0.033644335902665856
2013-01-25,dev,0.09499035839309113,0.04476418636195297,0.7,0.030989587620489145
2013-01-28,dev,0.09561513684045021,0.044830652154225215,0.4,0.012897117651364254
2013-01-29,dev,0.09645009936896112,0.0447125355038505,-0.3,-0.00707417671896865
2013-01-30,dev,0.09816380904638049,0.04320043872965695,0.3,0.009014877020717071
2013-01-31,dev,0.1016920348528321,0.04188995485868921,1.0,0.037888302121119655
2013-02-01,dev,0.10340574453025146,0.040377858084495656,0.9,0.04076611235633881
2013-02-04,dev,0.10505224990659554,0.038395331202775225,0.1,-0.003522639885728873
2013-02-05,dev,0.1070683789388536,0.03960500862213007,0.7,0.033468632446400026
2013-02-06,dev,0.1068667660356278,0.04101629894471071,0.6,0.009712286127183944
2013-02-07,dev,0.10888289506788586,0.04222597636406555,0.9,0.06908119503854826
2013-02-08,dev,0.11187348646573533,0.042259578514603185,0.4,0.031174897286966763
2013-02-11,dev,0.11512169435103999,0.04102749966155659,-0.3,-0.009101315866897164
2013-02-12,dev,0.1171602248169898,0.039392195002058386,-0.3,-0.018668822812774044
2013-02-13,dev,0.11836990223634464,0.038182517582703544,-0.6,-0.06630221594524294
2013-02-14,dev,0.11836990223634464,0.038182517582703544,-0.6,-0.06919856916569717
2013-02-15,dev,0.1180220211484256,0.038909905311988804,-0.6,-0.07461473600039292
2013-02-18,dev,0.11767414006050655,0.03963729304127407,-0.5,-0.0895140368468873
2013-02-19,dev,0.11680443734070897,0.0417245795687883,-0.5,-0.05642964100877068
2013-02-20,dev,0.116125320193001,0.04265836564688678,-0.5,-0.053225435141045385
2013-02-21,dev,0.11657894922525906,0.042708768872693224,-0.3,-0.00793354157757109
2013-02-22,dev,0.1162261266446139,0.04356562371140291,-0.1,-0.003966249506956898
2013-02-25,dev,0.114281155107612,0.04619054464751928,-0.1,0.002177488133467631
2013-02-26,dev,0.11085768894695419,0.0489498741857862,0.5,0.011938985260475099
2013-02-27,dev,0.10900709471944994,0.050647667055056154,-0.1,-0.0037201593243119113
2013-02-28,dev,0.10900709471944994,0.050647667055056154,-0.3,-0.03602318063254001
2013-03-01,dev,0.10900709471944994,0.050647667055056154,-0.3,-0.03784134131861555
2013-03-04,dev,0.10782117189318327,0.05223956402642403,0.6,0.021277874806333474
2013-03-05,dev,0.10714314833186449,0.05317184642323733,0.6,0.03151130639757016
2013-03-06,dev,0.10687632087568505,0.054599506590705164,0.3,0.006232850952996416
2013-03-07,dev,0.10687632087568505,0.054599506590705164,0.6,0.030735656102029718
2013-03-08,dev,0.10476170990190468,0.05738421634611419,0.3,0.013397293820162248
2013-03-11,dev,0.10144914892245672,0.060224678373621825,0.6,0.023862933243717077
2013-03-12,dev,0.0987404811856991,0.06233141994665554,0.7,0.018634161937108262
2013-03-13,dev,0.09542792020625114,0.06517188197416317,1.0,0.03473737192733822
2013-03-14,dev,0.09211535922680318,0.0680123440016708,0.7,0.03364405632146594
2013-03-15,dev,0.09076581538188844,0.06910527293756556,1.0,0.05792141959542868
2013-03-18,dev,0.0897155395722269,0.0700452095513705,0.9,0.08759413143392591
2013-03-19,dev,0.08866861927633427,0.07098214317279906,1.0,0.09439329257662216
2013-03-20,dev,0.0876250384391207,0.07191608817023584,0.9,0.0828810760639242
2013-03-21,dev,0.08629124060721127,0.07299583962219407,0.9,0.07985257948273955
2013-03-22,dev,0.08509416921249924,0.07420464326879365,1.0,0.07170390832855
2013-03-25,dev,0.08390089804443707,0.07540960944349927,1.0,0.07265709869103487
2013-03-26,dev,0.083767933071308,0.0768748874000072,1.0,0.08744268864981675
2013-03-27,dev,0.08258053655273526,0.07807181532078777,1.0,0.07848435409539439
2013-03-28,dev,0.07947843795180255,0.08208996988441203,1.0,0.0534607100310715
2013-03-29,dev,0.07846753781115558,0.0826613482247777,1.0,0.05816787778214921
2013-04-01,dev,0.07710032872593041,0.08288557148569141,0.9,0.0684387816424687
2013-04-02,dev,0.07572877929440294,0.08311050656648102,0.9,0.06369403737737833
2013-04-03,dev,0.07322906595877629,0.0848435974636586,0.9,0.06252188424262728
2013-04-04,dev,0.07322906595877629,0.0848435974636586,0.9,0.06473229962342109
2013-04-05,dev,0.07322906595877629,0.0848435974636586,0.9,0.08247860178792837
2013-04-08,dev,0.07228560395447121,0.08630333821214349,0.9,0.06905312030133398
2013-04-09,dev,0.06929980329030218,0.08970928553246117,0.9,0.07940092866482756
2013-04-10,dev,0.06630447854107994,0.09312609711855341,0.7,0.0507799222714701
2013-04-11,dev,0.06630447854107994,0.09312609711855341,0.7,0.0485324941886382
2013-04-12,dev,0.06630447854107994,0.09312609711855341,0.7,0.04463698710410685
2013-04-15,dev,0.06630447854107994,0.09312609711855341,0.2,0.017213588789167455
2013-04-16,dev,0.06630447854107994,0.09312609711855341,0.6,0.032893193257267805
2013-04-17,dev,0.06630447854107994,0.09312609711855341,0.9,0.06197274188537272
2013-04-18,dev,0.06846172082298739,0.09205591644094258,0.9,0.07214692948204188
2013-04-19,dev,0.06994270377875371,0.0919095636326104,0.9,0.08357271607630867
2013-04-22,dev,0.06994270377875371,0.0919095636326104,0.9,0.0707894395074598
2013-04-23,dev,0.06994270377875371,0.0919095636326104,0.1,0.044517209030686955
2013-04-24,dev,0.06994270377875371,0.0919095636326104,0.7,0.05109908749623332
2013-04-25,dev,0.06994270377875371,0.0919095636326104,0.5,0.05117045836058154
2013-04-26,dev,0.06994270377875371,0.0919095636326104,-0.2,0.044378793070879996
2013-04-29,dev,0.06994270377875371,0.0919095636326104,-0.2,0.03824533899142407
2013-04-30,dev,0.06994270377875371,0.0919095636326104,-0.2,0.038913780761576255
2013-05-01,dev,0.06994270377875371,0.0919095636326104,-0.2,0.0292389900871019
2013-05-02,dev,0.06994270377875371,0.0919095636326104,-0.2,0.025797745543412853
2013-05-03,dev,0.06994270377875371,0.0919095636326104,-0.2,0.018634462767090076
2013-05-06,dev,0.06994270377875371,0.0919095636326104,-0.4,0.019445412790459582
2013-05-07,dev,0.06994270377875371,0.0919095636326104,-0.4,0.017103127535447626
2013-05-08,dev,0.0687969538099133,0.0923911494278685,-0.4,0.009539510998626821
2013-05-09,dev,0.0687969538099133,0.0923911494278685,0.0,0.018118533602262732
2013-05-10,dev,0.0687969538099133,0.0923911494278685,0.6,0.03321294881547915
2013-05-13,dev,0.0687969538099133,0.0923911494278685,0.8,0.030243177487662642
2013-05-14,dev,0.0687969538099133,0.0923911494278685,0.0,0.006100450615168784
2013-05-15,dev,0.0687969538099133,0.0923911494278685,-1.0,-0.02022705129703406
2013-05-16,dev,0.0687969538099133,0.0923911494278685,0.1,0.01804694309995447
2013-05-17,dev,0.0687969538099133,0.0923911494278685,-0.2,-0.005291981796699874
2013-05-20,dev,0.0687969538099133,0.0923911494278685,-0.2,0.016172031802231923
2013-05-21,dev,0.06709775356538245,0.09383408877694978,0.1,0.02690025989836331
2013-05-22,dev,0.06709775356538245,0.09383408877694978,-0.2,0.021126398500382504
2013-05-23,dev,0.0640672725864566,0.09711037551991034,0.5,0.04716490386661604
2013-05-24,dev,0.06046252838934736,0.09979240928962606,0.5,0.049937918880845034
2013-05-27,dev,0.0568691916105834,0.10246595561070343,0.5,0.07046430399770831
2013-05-28,dev,0.053287208186570664,0.10513105470801755,0.5,0.07570656437625417
2013-05-29,dev,0.04971652439481035,0.10778774655265871,0.5,0.1082195397067508
2013-05-30,dev,0.046157086851213044,0.11043607086393097,0.6,0.1193178408386244
2013-05-31,dev,0.042608842507438384,0.11307606711133125,0.6,0.10796684701420722
2013-06-03,dev,0.0397327317904557,0.11479890894599083,0.5,0.10916745143611328
2013-06-04,dev,0.039065258323336065,0.11622458042915898,0.5,0.10679419111896321
2013-06-05,dev,0.038397784856216415,0.11765025191232716,0.5,0.12173598034906774
2013-06-06,dev,0.03862297614730775,0.11892201567856239,0.6,0.11059878384658683
2013-06-07,dev,0.03837803878841929,0.12011861587526759,0.8,0.1061603904830441
2013-06-10,dev,0.03835566274421372,0.12179441970090008,0.5,0.11278730388428776
2013-06-11,dev,0.03835566274421372,0.12179441970090008,0.5,0.12083954236584776
2013-06-12,dev,0.038084954170243185,0.12322723118503753,0.6,0.12798518772317713
2013-06-13,dev,0.03949177310437096,0.12306172307514017,0.9,0.08351559773263578
2013-06-14,dev,0.039822789324165726,0.12339273929493492,0.8,0.1112196295304212
2013-06-17,dev,0.039553964873039256,0.12483032421384117,0.9,0.09523330228483057
2013-06-18,dev,0.03991658401933018,0.1251929433601321,0.9,0.07408849215631924
2013-06-19,dev,0.038717714278035754,0.12696769563672536,0.8,0.09878114143060479
2013-06-20,dev,0.038717714278035754,0.12696769563672536,0.5,0.08477041971624327
2013-06-21,dev,0.037137148761453645,0.12815951029079944,0.5,0.08414352609081283
2013-06-24,dev,0.037137148761453645,0.12815951029079944,0.5,0.04679234800663057
2013-06-25,dev,0.03555158145526209,0.1293550965102345,0.8,0.02161297718345312
2013-06-26,dev,0.03729050154028478,0.1290596585482409,-0.2,0.0026716725034743316
2013-06-27,dev,0.037600734278898595,0.13034360112132404,-0.2,-0.006178286583603976
2013-06-28,dev,0.03538866732353551,0.13030716707735335,-0.2,0.01749458348063515
2013-07-01,dev,0.03588833421227634,0.12914127767029138,-0.2,0.021604505980911348
2013-07-02,dev,0.036388001101017184,0.12797538826322943,-0.2,0.02056905079632093
2013-07-03,dev,0.036887667989758025,0.12680949885616746,0.1,0.02417177489000999
2013-07-04,dev,0.037470612693289,0.12572688726389566,0.5,0.032719012881614606
2013-07-05,dev,0.038220113026400264,0.12481083130120411,-0.2,0.007264670446496924
2013-07-08,dev,0.038719779915141105,0.12364494189414214,-0.3,-0.001523412208045971
2013-07-09,dev,0.03818888384585396,0.12192733696409552,-0.3,-0.0032044585785739876
2013-07-10,dev,0.038367584156757804,0.12223789381508375,0.0,0.004054898290621112
2013-07-11,dev,0.04079694101649441,0.12167850243290755,0.1,0.013525845133182113
2013-07-12,dev,0.04320010081472416,0.12069106548611018,-0.4,-0.006692866331808323
2013-07-15,dev,0.045309805456074374,0.1193725000852663,-0.9,-0.020555341499498003
2013-07-16,dev,0.04793045419025159,0.11872969945235491,0.0,-0.005502316997122003
2013-07-17,dev,0.05071505612229689,0.11795417480212173,-0.8,-0.027184254329908675
2013-07-18,dev,0.05288721912473971,0.11669806776237045,-0.8,-0.05551696207038059
2013-07-19,dev,0.0553230952073513,0.11596938688295674,-0.9,-0.05913976788142261
2013-07-22,dev,0.05775897128996289,0.11524070600354301,-0.5,-0.048913965537516146
2013-07-23,dev,0.06018096773677613,0.11423443240816215,-0.9,-0.02929151191958629
2013-07-24,dev,0.06191802518669168,0.1121036980156023,-0.9,-0.03980937633691711
2013-07-25,dev,0.0635072434856035,0.11026464627232005,-0.7,-0.033537856485679585
2013-07-26,dev,0.06522831832459973,0.10908487722945974,-0.9,-0.04211437596508527
2013-07-29,dev,0.06708124970368035,0.10777325164651504,-0.6,-0.05571811824071227
2013-07-30,dev,0.06838038361440653,0.10574960074711462,-0.7,-0.08738490806898841
2013-07-31,dev,0.0710522135055902,0.10341088211509154,-0.8,-0.08782429659048657
2013-08-01,dev,0.07294418136035369,0.10203940060276642,-0.9,-0.08377821114411288
2013-08-02,dev,0.0736104038786748,0.09954106615906222,-0.9,-0.08640088473185209
2013-08-05,dev,0.07608271400525708,0.09756321805779639,-0.9,-0.08387740993161202
2013-08-06,dev,0.0754399133723457,0.09652484780463183,-1.0,-0.08966097178595378
2013-08-07,dev,0.07793824781604988,0.09269406832428541,-1.0,-0.07190349667878126
2013-08-08,dev,0.07877102596395129,0.08902984447351925,-0.9,-0.05685026693068068
2013-08-09,dev,0.0794372484822724,0.08628167658544462,-0.9,-0.06049226044635442
2013-08-12,dev,0.07807740260031087,0.08631936545483519,-1.0,-0.04637243135388858
2013-08-13,dev,0.07671323974729549,0.08635717397143017,-0.9,-0.04449655124797952
2013-08-14,dev,0.07739725976841258,0.08723317339689582,-0.8,-0.0360904736635862
2013-08-15,dev,0.07771007008499863,0.08824408457685752,-0.4,-0.007986167064063854
2013-08-16,dev,0.07835683271634053,0.0874754190411789,-0.4,0.009006340349132724
2013-08-19,dev,0.0786716723523277,0.08848832887636267,-0.4,0.016065961834866194
2013-08-20,dev,0.07741254366937632,0.08672554872023072,-0.3,0.02976237939624521
2013-08-21,dev,0.07698096353495054,0.08643895916141754,-0.3,0.04473824379286723
2013-08-22,dev,0.07645950620160705,0.08644913393865351,-0.3,0.010637873579916579
2013-08-23,dev,0.07494855178206536,0.08493817951911184,-0.3,0.019655614260037424
2013-08-26,dev,0.0736038352670702,0.08625162355701409,-0.3,0.021701865298278278
2013-08-27,dev,0.07306555775510849,0.08635130457774773,0.3,0.05972782625214301
2013-08-28,dev,0.07380704464617986,0.08549789513708067,0.3,0.04723304980255233
2013-08-29,dev,0.07305966505828772,0.08676599614102702,1.0,0.05887196941083872
2013-08-30,dev,0.07290989385571431,0.088238155068186,0.7,0.012515253400759652
2013-09-02,dev,0.07275964261723522,0.08971503245344484,0.2,0.0030881254104350164
2013-09-03,dev,0.07279201764961026,0.08939128212969451,0.6,0.02171567941358732
2013-09-04,dev,0.07255831038465299,0.08902402785619024,1.0,0.04902903729088581
2013-09-05,dev,0.07259068541702803,0.08870027753243992,0.7,0.031116353348034587
2013-09-06,dev,0.07262306044940305,0.0883765272086896,0.9,0.05051465027982166
2013-09-09,dev,0.07110396322718082,0.08845999408903148,0.9,0.038534147216969794
2013-09-10,dev,0.06976849314171074,0.08952837015740754,0.7,0.00873122929912612
2013-09-11,dev,0.06812665050722104,0.09109165572804606,0.3,0.010692074766811721
2013-09-12,dev,0.06802649025081078,0.09139213649727683,0.7,0.037002199892759546
2013-09-13,dev,0.06732536845593899,0.09309486085625118,1.0,0.03352738613670664
2013-09-16,dev,0.06710501589183643,0.09367579034343067,1.0,0.032443595047257134
2013-09-17,dev,0.06689515630697684,0.09319883674147708,0.1,0.008436240792452365
2013-09-18,dev,0.06512976483570301,0.09342450976126775,0.4,0.016639483236186248
2013-09-19,dev,0.06334494834500418,0.09377644540732104,1.0,0.031996438513218206
2013-09-20,dev,0.06188064467481816,0.09444889387388715,1.0,0.034623341590551304
2013-09-23,dev,0.06009582818411931,0.09480082951994044,0.9,0.027157302934065986
2013-09-24,dev,0.06031618074822188,0.09401957951994043,0.7,0.024804470792073485
2013-09-25,dev,0.05963116315143957,0.09440293799153421,0.9,0.035306441167377745
2013-09-26,dev,0.06082903934931577,0.09516375125234747,0.7,0.01958790630215612
2013-09-27,dev,0.0611495521698286,0.09548426407286029,0.6,0.03907786425462623
2013-09-30,dev,0.061621480526372334,0.09551912949234109,0.3,0.013434653978473099
2013-10-01,dev,0.06217093107582288,0.09561070458391618,-0.1,-0.0021057864116028058
2013-10-02,dev,0.06233118748607929,0.0957709609941726,0.6,0.026276150304858914
2013-10-03,dev,0.061049136204028014,0.09609147381468541,0.3,0.01706466041377075
2013-10-04,dev,0.06060843107582288,0.09645205073776233,0.3,0.014999093750320713
2013-10-07,dev,0.0602118277425701,0.09549562113652649,0.1,0.025909074055869286
2013-10-08,dev,0.05946449701298035,0.0957360666756119,0.1,-0.0029304786614223755
2013-10-09,dev,0.05832589207622185,0.09480193225424201,-0.2,-0.022637142888005612
2013-10-10,dev,0.05733001158557538,0.093718397897684,-0.2,-0.024183639760682885
2013-10-11,dev,0.056837580374201536,0.0925934133923435,0.1,0.004973657742875892
2013-10-14,dev,0.05695278774747342,0.09260109388389495,0.1,0.009017592765341309
2013-10-15,dev,0.057018087473214574,0.09105349038382966,0.1,0.015437880065211573
2013-10-16,dev,0.059366700942371335,0.08824081353040578,-0.2,-0.022669924235374006
2013-10-17,dev,0.05943464375224964,0.08815514650925489,-0.2,-0.010720140048872173
2013-10-18,dev,0.05862819213934641,0.08896159812215812,0.1,0.017258949612781682
2013-10-21,dev,0.05737371185260806,0.09093292428703266,0.5,0.018458584480931517
2013-10-22,dev,0.05665864515123909,0.09027207279153514,0.5,0.023121944150421236
2013-10-23,dev,0.054646344609901906,0.09229854446344513,0.2,0.02637032431037445
2013-10-24,dev,0.05209554110679842,0.09459426761623825,0.2,0.03688941199259982
2013-10-25,dev,0.05068276274828216,0.09576630347420018,0.1,0.037620631260307735
2013-10-28,dev,0.04813261879359577,0.09713953824095391,0.3,0.04762404792414793
2013-10-29,dev,0.044893681861795584,0.09847787648416718,0.3,0.04252410671462331
2013-10-30,dev,0.04226847992318492,0.0998914467588037,0.9,0.05831967188714782
2013-10-31,dev,0.04070031195760177,0.10063114862936179,0.4,0.044777649505638284
2013-11-01,dev,0.04001075408753204,0.10063395171013442,0.7,0.036692913418616746
2013-11-04,dev,0.03840412162467987,0.10248912400149411,0.4,0.04392695872083591
2013-11-05,dev,0.03547403197977505,0.1049440639742522,0.1,0.038467475700301956
2013-11-06,dev,0.03278151717094361,0.10642494711910949,0.1,0.020361291863575715
2013-11-07,dev,0.030189971667443336,0.10800679956929798,0.1,0.034777515502381895
2013-11-08,dev,0.02763652081027681,0.107752342125826,0.2,0.016506009943519695
2013-11-11,dev,0.026074862221154564,0.10796774331053251,0.1,0.014180513837700581
2013-11-12,dev,0.02416795562927221,0.10757377361123163,0.1,0.0033672317883492453
2013-11-13,dev,0.021867079338088968,0.1073942726239762,0.1,-0.021149599369125305
2013-11-14,dev,0.01996017274620661,0.10700030292467531,0.1,-0.003099881681484673
2013-11-15,dev,0.01765929645502337,0.10682080193741988,0.1,-5.827091934662576e-05
2013-11-18,dev,0.016451744358941388,0.107016621196244,0.6,0.026179821885562282
2013-11-19,dev,0.015213187546878922,0.1073935732694804,0.8,0.03394059981676978
2013-11-20,dev,0.014405433104229487,0.1073935732694804,0.6,0.04690697982487407
2013-11-21,dev,0.014005635450796939,0.10735277759055871,1.0,0.05070361038114507
2013-11-22,dev,0.012295096631068723,0.10887325654142822,0.7,0.056617040455002876
2013-11-25,dev,0.011075545805892125,0.11061547200596622,0.6,0.0629807359435478
2013-11-26,dev,0.011854124391479919,0.11031704466802145,0.7,0.05930136106795997
2013-11-27,dev,0.010135666410549258,0.11317586186210425,0.7,0.05495006087326526
2013-11-28,dev,0.009731789189224542,0.1143874935260784,0.6,0.06537503772630021
2013-11-29,dev,0.010210064846056442,0.11486576918291029,0.6,0.059801271064175765
2013-12-02,dev,0.010295091629493224,0.11495079596634708,0.6,0.05389137420763035
2013-12-03,dev,0.009614877361998963,0.11507833614150226,0.7,0.060275304783856065
2013-12-04,dev,0.008998016384124266,0.11499997812539386,0.6,0.060511528247178537
2013-12-05,dev,0.008381155406249568,0.11492162010928543,0.5,0.056438888761351336
2013-12-06,dev,0.006022078963836874,0.11687056736100308,0.7,0.051015816417233406
2013-12-09,dev,0.005341864696342613,0.11699810753615823,0.7,0.06324644196912277
2013-12-10,dev,0.004392398947965207,0.11685639623043029,0.6,0.07850389391036805
2013-12-11,dev,0.0021486366072723325,0.11865140610298457,0.6,0.08463980812292543
2013-12-12,dev,0.0008921296964843228,0.11901040807749544,0.6,0.07257365641263741
2013-12-13,dev,0.0015203831518783271,0.11963866153288943,0.7,0.06125006517658771
2013-12-16,dev,0.004269582483000964,0.11915684309341434,0.7,0.06386696390735364
2013-12-17,dev,0.006338567546629341,0.11961031927174384,0.7,0.06930875051928792
2013-12-18,dev,0.008223327912811357,0.119879570752627,0.7,0.056836658867846224
2013-12-19,dev,0.009569585317227082,0.1212258281570427,0.0,0.031825439321941706
2013-12-20,dev,0.01064659124075966,0.1223028340805753,0.0,0.020101559191610274
2013-12-23,dev,0.011114238549661965,0.12438599027477647,0.0,0.015158153998584556
2013-12-24,dev,0.011936164122884198,0.12601567029064814,-0.1,0.007823938830685717
2013-12-25,dev,0.012219586734340142,0.12791460178740294,0.0,-0.0034281855087629487
2013-12-26,dev,0.014118518231094952,0.12819802439885888,-0.9,-0.03685534273986096
2013-12-27,dev,0.014316914059114113,0.1300119291121769,-0.1,-0.027163408192941385
2013-12-30,dev,0.014515309887133272,0.13182583382549495,-0.3,-0.025857422849323963
2013-12-31,dev,0.014784561368016418,0.13371059419167694,-0.3,-0.04335130799484871
2014-01-02,dev,0.014467827137560984,0.1352044198848844,-0.1,0.00023507460295230098
2014-01-03,dev,0.014235368612918289,0.13678839019775763,-0.3,-0.0054075934048067875
2014-01-06,dev,0.01417303710263509,0.13854838502121605,-0.9,-0.043090298509444014
2014-01-07,dev,0.01411050288825341,0.14031410340507594,-0.8,-0.03723225130266633
2014-01-08,dev,0.014047764979362345,0.1420855733146162,-0.9,-0.051439300517833686
2014-01-09,dev,0.013984822379088274,0.14386282289759703,-0.9,-0.04223960982903202
2014-01-10,dev,0.013663676148025551,0.14538788254973448,-0.8,-0.03116299328664579
2014-01-13,dev,0.014811243539429848,0.1459327072347586,-0.5,-0.025787434104531493
2014-01-14,dev,0.01606503246326498,0.14658177724661886,-0.8,-0.03721734694848472
2014-01-15,dev,0.01707663350179251,0.1474792842700123,-0.8,-0.050181497737921354
2014-01-16,dev,0.018091562175315195,0.14837974361914064,-0.8,-0.04172317202434006
2014-01-17,dev,0.01784679264567541,0.14999706335052856,-0.6,-0.04604325981575175
2014-01-20,dev,0.01886634180845705,0.15090464926364824,-0.6,-0.055368619984743406
2014-01-21,dev,0.019999454219159732,0.1525314889043044,-0.9,-0.054093655145553754
2014-01-22,dev,0.023457259764829572,0.15118087972420416,-0.8,-0.04991466265383071
2014-01-23,dev,0.024323910857155448,0.15225899376348265,-0.9,-0.032941831617817385
2014-01-24,dev,0.025347566725705012,0.15177753223287505,0.0,0.005827348130691301
2014-01-27,dev,0.02638462736704117,0.15302426114205064,0.0,0.0199272696070123
2014-01-28,dev,0.026796355718020633,0.15207913738990933,0.0,0.022933980542549248
2014-01-29,dev,0.026068998352799955,0.15301015481739183,0.4,0.04366022584585977
2014-01-30,dev,0.027437850173950448,0.15323076633668645,0.0,0.02051915436539642
2014-01-31,dev,0.02844459536674215,0.15313009181740728,0.0,0.027546335580197423
2014-02-03,dev,0.02711608651429349,0.15087873320489953,0.0,0.0393373141064185
2014-02-04,dev,0.026653612941354803,0.1482265888376389,0.4,0.049798174912253246
2014-02-05,dev,0.02650907838334555,0.14538271873145692,0.7,0.058712452775634194
2014-02-06,dev,0.027049759772180156,0.14226891507045764,0.0,0.03855454882058379
2014-02-07,dev,0.027375471452201,0.1417640619664253,0.0,0.03404389507047484
2014-02-10,dev,0.02559667853968716,0.1424215924204674,0.0,0.06354382653827217
2014-02-11,dev,0.026503378428945186,0.14238698555446516,0.0,0.05055881634432674
2014-02-12,dev,0.027853046203031567,0.14290608854449838,0.0,0.04477129756457027
2014-02-13,dev,0.02682008368751091,0.14285470259194966,-0.1,0.014746369371784473
2014-02-14,dev,0.025755447110174547,0.1436470287748536,-0.1,0.023109988900721745
2014-02-17,dev,0.024539723058928688,0.14223555254586479,-0.1,0.03656401988291691
2014-02-18,dev,0.022087669464042968,0.13820717878283825,-0.1,0.045376762584547314
2014-02-19,dev,0.022036762948237427,0.1368585767123886,0.2,0.05945168669974288
2014-02-20,dev,0.022087669464042968,0.13505453844655663,0.6,0.06697055060494839
2014-02-21,dev,0.022087669464042968,0.13505453844655663,0.2,0.03881315065285923
2014-02-24,dev,0.024330960743351608,0.13323420812733394,0.2,0.018587379379159552
2014-02-25,dev,0.023816813700772602,0.13168107591678596,0.4,0.012372151824067867
2014-02-26,dev,0.02534590351409458,0.12928508360203078,0.0,0.0031586358557754712
2014-02-27,dev,0.025034611333082712,0.12803591227672106,-0.1,-0.0009241175193665518
2014-02-28,dev,0.024581074295736784,0.12659855822541174,-0.1,0.0024207299773895685
2014-03-03,dev,0.027185496699088773,0.12384683149131245,0.8,0.03950751453514695
2014-03-04,dev,0.029528044736667744,0.12194619644597544,0.8,0.025791429109061403
2014-03-05,dev,0.031099290931305864,0.12037495025133733,0.3,0.01704906628244829
2014-03-06,dev,0.033292488744654916,0.11719972356633945,0.3,0.02591822965891849
2014-03-07,dev,0.036170948462945725,0.11477019133223096,-0.3,-0.011972973535825715
2014-03-10,dev,0.03961009540719922,0.11285318913903315,-0.4,-0.03800906710466223
2014-03-11,dev,0.04304924235145271,0.11093618694583533,-0.4,-0.0388574842915958
2014-03-12,dev,0.04574222271555161,0.10973378611906057,-0.4,-0.01683018344908299
2014-03-13,dev,0.04880899456362563,0.10929043425667698,-0.9,-0.07542848928870116
2014-03-14,dev,0.051741069908054896,0.10974363066145937,-0.7,-0.04527590523191838
2014-03-17,dev,0.05424524353075941,0.11024446538600026,-0.7,-0.04906572735154824
2014-03-18,dev,0.05674941715346391,0.10907585102873815,-0.7,-0.04091266420067535
2014-03-19,dev,0.05877805073468514,0.10915679401452254,-0.7,-0.03549392441747362
2014-03-20,dev,0.06061444472466845,0.10932373892270283,-0.7,-0.04975020725891749
2014-03-21,dev,0.061449169265569946,0.10832206947362104,-0.7,-0.021456117133005048
2014-03-24,dev,0.06258405737875522,0.10732377264894691,-0.3,0.002130220017393436
2014-03-25,dev,0.06154866168559659,0.1066593656406334,0.0,0.003983292595439336
2014-03-26,dev,0.060380047328334484,0.105323806375191,0.0,0.003969221234164266
2014-03-27,dev,0.05770892879744967,0.1051568614670107,0.2,0.004486162584422471
2014-03-28,dev,0.05683373276365598,0.10372518240594933,-0.5,-0.010444184797456568
2014-03-31,dev,0.05633289803911508,0.10355823749776903,-0.5,-0.01643759216730467
2014-04-01,dev,0.05660608061613739,0.10383142007479133,-0.5,-0.022653930583285187
2014-04-02,dev,0.05532689235865197,0.10338695635820742,-0.5,-0.01282502502829197
2014-04-03,dev,0.053895936002820825,0.10279072454327777,-0.2,-0.0007639172316494247
2014-04-04,dev,0.05212501060428077,0.101910171988366,0.8,0.02551931992862233
2014-04-07,dev,0.04915641916102567,0.10339344476325224,0.8,0.03735009445561094
2014-04-08,dev,0.0479176844966125,0.10326767615337441,0.7,0.020839178256165325
2014-04-09,dev,0.044775192107336256,0.10541177252314102,0.5,0.01968572235261251
2014-04-10,dev,0.04215177212164582,0.10584900918742275,0.8,0.05511646233337547
2014-04-11,dev,0.040328868629293246,0.10531613453100887,0.6,0.06993333538729712
2014-04-14,dev,0.038138944245516365,0.10396093468813349,0.8,0.06596034150112046
2014-04-15,dev,0.03604623080054916,0.10239940958737634,0.8,0.041987096890605646
2014-04-16,dev,0.03398724359965879,0.10284459600919046,0.5,0.021630923801496338
2014-04-17,dev,0.03123265261468383,0.10259417864692003,0.5,0.01745263352198606
2014-04-18,dev,0.029730148441061127,0.10025694993239581,0.2,0.02222362758951746
2014-04-21,dev,0.02974869787530338,0.09777132574393356,0.2,0.019954501803169156
2014-04-22,dev,0.029124762359882057,0.09654031783512933,-0.1,0.0035700454918792812
2014-04-23,dev,0.02756176173594654,0.0977091429814169,0.2,0.01577657833424112
2014-04-24,dev,0.026201118576471994,0.10006681823141268,0.2,0.015004367993044276
2014-04-25,dev,0.027428753860868547,0.10032313768639659,0.8,0.029651150430745787
2014-04-28,dev,0.028600740842538334,0.10035686393047341,0.6,0.01861569926016282
2014-04-29,dev,0.02991184858102504,0.10052971093136716,0.8,0.03891947858523209
2014-04-30,dev,0.032475043130863995,0.09945047112090864,0.6,0.01097441857750614
2014-05-01,dev,0.03602262242969538,0.09798970317433102,0.8,0.03355852616009458
2014-05-02,dev,0.03786247779736025,0.09760362643292522,0.6,0.021188436593235604
2014-05-05,dev,0.0408721208210618,0.09679738584107704,0.6,0.020241932284857655
2014-05-06,dev,0.04409322095807442,0.09655116865434496,0.6,0.03768715303942821
2014-05-07,dev,0.04623661252243075,0.09646862810963062,0.6,0.03691763562625755
2014-05-08,dev,0.04671125981039435,0.0982199129307377,0.6,0.0419511127204415
2014-05-09,dev,0.04715546994619573,0.09963064621916187,0.6,0.048550683943536344
2014-05-12,dev,0.04524309793298486,0.1040032589845035,0.6,0.0542898801307215
2014-05-13,dev,0.04321529445591351,0.10767122296299533,0.6,0.04098021416223574
2014-05-14,dev,0.041446996415319536,0.11132863443826112,0.6,0.04374786884771609
2014-05-15,dev,0.042953009663052245,0.11194894752005818,0.6,0.03329292234966885
2014-05-16,dev,0.0460319570314733,0.1121945615551459,0.6,0.020106960815395314
2014-05-19,dev,0.04761925826769381,0.11200788175222552,-0.1,-0.002550207613461919
2014-05-20,dev,0.04913207234587594,0.11133732602395494,0.6,0.018690840775280493
2014-05-21,dev,0.05070896774828742,0.11115268700898984,0.6,0.032472965403968046
2014-05-22,dev,0.05097081639976686,0.11141453566046929,0.9,0.0421548973223943
2014-05-23,dev,0.05005861306135665,0.11288570364778638,0.7,0.029139179429797546
2014-05-26,dev,0.048290569332102753,0.11487056279910587,0.9,0.04542164603866233
2014-05-27,dev,0.04704605955937456,0.11681651508336284,0.3,0.0004627009322870079
2014-05-28,dev,0.04402049161247193,0.1202657898785953,-0.1,0.01288251105053817
2014-05-29,dev,0.042787098776035,0.12219646727527331,0.3,0.001589170678524987
2014-05-30,dev,0.04138582626910979,0.12490703687361127,0.3,-0.003842866176981763
2014-06-02,dev,0.0376363694226593,0.1282847730096169,0.3,-0.007726407871886387
2014-06-03,dev,0.034636188710617945,0.13170388884340978,0.1,-0.0012406412393624056
2014-06-04,dev,0.03164584465664885,0.13511179446135416,-0.3,-0.011694456816745857
2014-06-05,dev,0.02866528896292189,0.13850854490542636,0.1,-0.0031543698352608507
2014-06-06,dev,0.025694473647278997,0.1418941948578513,-0.5,-0.011872888001602355
2014-06-09,dev,0.022733351040659412,0.14526879864403663,-0.5,-0.01793523518081186
2014-06-10,dev,0.01978187378454999,0.1486324102354787,-0.5,-0.0014685856196450242
2014-06-11,dev,0.016839994828460433,0.15198508325263968,0.1,-0.006909182040844397
2014-06-12,dev,0.013907667427423113,0.1553268709677969,0.1,-0.0037518092662311986
2014-06-13,dev,0.010984845139517196,0.15865782630786443,0.3,0.0027115376856472473
2014-06-16,dev,0.007475331252815543,0.1613818512865862,0.3,0.014652738238087493
2014-06-17,dev,0.006966175131741029,0.16223956670019052,0.1,0.0037258676558098447
2014-06-18,dev,0.006857187654744574,0.16295540708625572,0.6,0.004147101731456382
2014-06-19,dev,0.006211782531404577,0.16420571068095408,-0.9,-0.019216546188049854
2014-06-20,dev,0.005512774153425746,0.16566426833488918,-0.6,-0.006002352955340906
2014-06-23,dev,0.005403604371478032,0.16690316999085245,-0.7,-0.008172638447149438
2014-06-24,dev,0.004106608901928466,0.16801830128580172,-0.7,-0.004808166353667542
2014-06-25,dev,0.0009441168730396746,0.17035031475141843,-0.7,-0.0161995834208708
2014-06-26,dev,-0.000343668223761111,0.1714581464046789,-0.7,-0.02308452509649861
2014-06-27,dev,-0.003398363786196613,0.17427011750891008,-0.7,-0.04105654786120194
2014-06-30,dev,-0.006555795827839182,0.1765983997529818,-0.6,-0.06199285957165801
2014-07-01,dev,-0.009115795827839182,0.1775583997529818,-0.6,-0.07692096815879307
2014-07-02,dev,-0.012484216880470762,0.1793099787003502,-0.7,-0.07124104342986709
2014-07-03,dev,-0.014792988810295327,0.18020120677052567,-0.7,-0.10499819808709271
2014-07-04,dev,-0.016898251968190066,0.17969594361263094,-1.0,-0.10027116549998133
2014-07-07,dev,-0.019003515126084808,0.17919068045473618,-0.7,-0.10674666540096123
2014-07-08,dev,-0.02030436148104846,0.17837195199820574,-0.7,-0.10152634675281214
2014-07-09,dev,-0.021866874461142483,0.17904440502532182,-1.0,-0.12024166692311505
2014-07-10,dev,-0.02342441128524894,0.17971471648228787,-0.7,-0.057242605462277885
2014-07-11,dev,-0.024976995687021202,0.18070086160711732,-0.7,-0.10022760651399659
2014-07-14,dev,-0.025682490837972558,0.18052530816257825,-0.9,-0.06383235986378166
2014-07-15,dev,-0.02739208606423142,0.18093547976196855,-0.9,-0.06287638776411164
2014-07-16,dev,-0.028377154177327217,0.1814342484268272,-0.9,-0.06043380452160069
2014-07-17,dev,-0.02722807321264143,0.18052888894979988,-0.4,-0.035148713894530836
2014-07-18,dev,-0.027374737644421512,0.17958604617407073,-0.7,-0.05061336401819638
2014-07-21,dev,-0.02603615402556626,0.17934083518976568,-0.4,-0.038064114962899964
2014-07-22,dev,-0.024059921212928437,0.17685281399156538,-0.4,-0.03511053435310851
2014-07-23,dev,-0.024059921212928437,0.17685281399156538,-0.2,-0.03320370018644986
2014-07-24,dev,-0.023322659511111548,0.17577820273637612,-0.2,-0.015148155365256488
2014-07-25,dev,-0.021603361265497507,0.17429750098199015,-0.2,-0.004924884499592441
2014-07-28,dev,-0.02291406717906364,0.17427129848336415,0.1,0.020660686840656972
2014-07-29,dev,-0.024220592212522703,0.17424517956527602,0.9,0.028074616801625485
2014-07-30,dev,-0.0239305996503338,0.17262678714055757,0.7,0.020961663688876475
2014-07-31,dev,-0.021919201728778318,0.1698611149984188,0.7,0.04087960790058909
2014-08-01,dev,-0.021884354031276285,0.16800124041177586,1.0,0.04395400578198416
2014-08-04,dev,-0.02159899039496933,0.16639789675531605,0.9,0.040848730436235825
2014-08-05,dev,-0.021314531239284583,0.16479963501218892,1.0,0.051746093747730315
2014-08-06,dev,-0.02128080571517179,0.16295659761501774,1.0,0.04889141617232212
2014-08-07,dev,-0.02186154518306076,0.16208480379747603,0.5,0.04357802321782189
2014-08-08,dev,-0.020589896588477003,0.16019689473013246,0.2,0.03403231553006614
2014-08-11,dev,-0.020357576172158817,0.15884943631548698,0.5,0.04077845061745411
2014-08-12,dev,-0.020191283663636324,0.1574359499930458,0.2,0.035989608774833315
2014-08-13,dev,-0.02085645369772629,0.15677077995895583,0.2,0.038407585668205124
2014-08-14,dev,-0.023646070780554054,0.1584328549366065,0.1,0.03458196757408366
2014-08-15,dev,-0.02253133598197713,0.1561112449702745,0.2,0.029968136434877057
2014-08-18,dev,-0.020661527801711967,0.15376935097923108,0.1,0.015302253081210804
2014-08-19,dev,-0.018797590290772596,0.1514348098735599,0.6,0.02753620396925599
2014-08-20,dev,-0.015503965148407958,0.14897228640263305,0.2,0.023154823590000373
2014-08-21,dev,-0.011290133866907503,0.14533682412055424,0.2,0.01767559810263669
2014-08-22,dev,-0.008784323850593285,0.14247895020175594,0.1,0.021137683103507665
2014-08-25,dev,-0.006949379346475849,0.14169746351801363,0.1,0.010664513949524779
2014-08-26,dev,-0.0059834637726118335,0.14161680661673373,0.1,-0.005154098570509025
2014-08-27,dev,-0.006146744816666239,0.1425000980478232,0.1,-0.002378592235517729
2014-08-28,dev,-0.007716603529382095,0.14328502740418114,0.1,-0.01885840348845269
2014-08-29,dev,-0.009024819123311975,0.145116529235683,0.1,-0.008142098557174349
2014-09-01,dev,-0.008610550851900847,0.14592326218527307,0.1,-0.006661402211567691
2014-09-02,dev,-0.00836267842357729,0.14617113461359663,0.1,-0.01181936777841519
2014-09-03,dev,-0.009023671565773439,0.1486498588968322,-0.2,-0.017537048494184138
2014-09-04,dev,-0.00895481811346134,0.1495036417055022,0.1,-0.012119014280791374
2014-09-05,dev,-0.00647609383022578,0.14884264856330606,0.1,0.006706247698065826
2014-09-08,dev,-0.004424260951325232,0.14853969337313283,0.1,-0.006287016193146089
2014-09-09,dev,-0.0036806436663545635,0.14928331065810352,-0.3,-0.01858070942776613
2014-09-10,dev,-0.00136716766866804,0.1484570692303583,0.1,-0.012995970799732637
2014-09-11,dev,0.0006984359006949269,0.14738295537428955,-0.6,-0.04705513800981165
2014-09-12,dev,0.002764039470057894,0.14630884151822085,-0.6,-0.054508757437886524
2014-09-15,dev,0.004698821480027873,0.1451039061027591,-0.5,-0.06440683180670415
2014-09-16,dev,0.006227368121356468,0.14506259403137184,-0.5,-0.07887565825541298
2014-09-17,dev,0.008540844119042991,0.14423635260362666,-0.5,-0.0905996200495423
2014-09-18,dev,0.010854320116729514,0.14341011117588146,-0.5,-0.09261220083629773
2014-09-19,dev,0.013036974555023052,0.1424530481887433,-0.9,-0.07963050903621494
2014-09-22,dev,0.015797997992738216,0.14207435420102676,-0.6,-0.07446201909808525
2014-09-23,dev,0.017131647943637793,0.14132920108576916,-1.0,-0.04074790248198573
2014-09-24,dev,0.01853937097763314,0.14097761652486288,-0.8,-0.04400782375202261
2014-09-25,dev,0.019726807487530734,0.14216505303476046,-0.2,-0.0013274612415068443
2014-09-26,dev,0.024455962142556405,0.13906948155520085,-0.2,-0.005410877253807844
2014-09-29,dev,0.02677077695737122,0.13825440591618154,-0.1,0.0019137964358986737
2014-09-30,dev,0.028792164542139086,0.13753713935384457,-0.1,0.00783198990983569
2014-10-01,dev,0.030214842021154594,0.13611446187482906,0.8,0.016904344983743713
2014-10-02,dev,0.03135594791578162,0.13490814992908048,0.9,0.028680063116448273
2014-10-03,dev,0.032497053810408634,0.1337018379833319,0.4,0.024852897816849684
2014-10-06,dev,0.032464450784847866,0.13366923495777117,0.4,0.03561946980282893
2014-10-07,dev,0.032236229605922456,0.13304977747211646,1.0,0.050265689342670006
2014-10-08,dev,0.03220362658036169,0.1330171744465557,0.9,0.04849046518048511
2014-10-09,dev,0.032236229605922456,0.13128921409183478,0.9,0.08310776699658073
2014-10-10,dev,0.03224018148780861,0.1292935137393269,0.9,0.08847305236361286
2014-10-13,dev,0.03220856643271938,0.1272069201034375,0.7,0.07172912844571461
2014-10-14,dev,0.03229708858696924,0.12538273142478876,0.6,0.07254129691809602
2014-10-15,dev,0.0312686694420077,0.12609314030973504,0.4,0.0878655181193006
2014-10-16,dev,0.030823269107074086,0.12529997436881987,0.4,0.08665972692976992
2014-10-17,dev,0.0291764966787496,0.12400096754647695,0.7,0.07316000042553661
2014-10-20,dev,0.02849677299433108,0.12297347825607687,0.7,0.06722846896889989
2014-10-21,dev,0.02693182776741402,0.1214085330291598,1.0,0.05939549364680258
2014-10-22,dev,0.025433076562090044,0.12025754742981741,1.0,0.06084332471910048
2014-10-23,dev,0.02286830521797598,0.11969242832009735,0.2,0.041091755424096155
2014-10-24,dev,0.020381781135207763,0.11842308385826461,0.1,0.025688663583635696
2014-10-27,dev,0.018194019323032804,0.11745250166702516,0.1,0.01562533532576471
2014-10-28,dev,0.015849762988166143,0.11632542495309398,0.1,0.001362309580405674
2014-10-29,dev,0.013706855035399033,0.11887735268107803,0.3,0.0312827977479081
2014-10-30,dev,0.01231579261147276,0.12026841510500433,0.3,0.017056008052692584
2014-10-31,dev,0.011859350253621951,0.12124650587182749,0.3,0.010436494323635026
2014-11-03,dev,0.01104427461460265,0.12303967227766995,-0.1,-0.020583325778788075
2014-11-04,dev,0.009479329387685592,0.124604617504587,0.2,-0.012536289430451597
2014-11-05,dev,0.008088266963759317,0.12599567992851327,-0.1,-0.02968107716675661
2014-11-06,dev,0.006697204539833045,0.12738674235243955,-0.6,-0.11989809986161493
2014-11-07,dev,0.005012714885859822,0.13004932277323594,0.1,-0.10506770756430983
2014-11-10,dev,0.003137145228600023,0.13242146158903673,-0.6,-0.12759849092973408
2014-11-11,dev,0.0008875364649067522,0.13486668850609462,-0.6,-0.1141705817084514
2014-11-12,dev,-0.001137686769927088,0.1359713557250949,-0.3,-0.062339361847396746
2014-11-13,dev,-0.003782751055422194,0.13781246775676204,-0.3,-0.052228292135397036
2014-11-14,dev,-0.006145511496061675,0.1396228945879014,-0.6,-0.14300676271566276
2014-11-17,dev,-0.008845809142506794,0.14213908103117978,-0.6,-0.15019622266290739
2014-11-18,dev,-0.010318698767840495,0.14379608185968018,-0.6,-0.17880456947461248
2014-11-19,dev,-0.011699532791590842,0.14711008351668103,-0.7,-0.1677239348947992
2014-11-20,dev,-0.011024458379979563,0.14882845474623702,0.0,-0.14577018439141265
2014-11-21,dev,-0.009160332447916596,0.14964928386035528,0.0,-0.13867939981125144
2014-11-24,dev,-0.00771812802311068,0.15004819146721649,0.0,-0.12354695785245629
2014-11-25,dev,-0.005932249352393566,0.15047778427460548,0.1,-0.09854931150328872
2014-11-26,dev,-0.0026182476953927375,0.14878396120547172,0.3,-0.015027380565206194
2014-11-27,dev,0.0006957539616080911,0.14709013813633795,0.3,-0.01397870502854709
2014-11-28,dev,0.003027829201719785,0.14545768546825977,-0.2,-0.032067995087948886
2014-12-01,dev,0.006341830858720615,0.14251190621759238,0.4,0.002325755725071932
2014-12-02,dev,0.00962514731519366,0.14005709017536952,0.4,-0.016895883161381464
2014-12-03,dev,0.012896956821468785,0.1383732397964073,0.7,0.0881725717569043
2014-12-04,dev,0.014211771171356318,0.13829699172236856,0.9,0.13163541551385322
2014-12-05,dev,0.015491251047908827,0.13783764356901324,0.6,0.1509562255921192
2014-12-08,dev,0.015824138980907225,0.136257820669113,0.6,0.11098142253823623
2014-12-09,dev,0.01639637147802235,0.13397837519717926,0.6,0.1886702692208337
2014-12-10,dev,0.017648327659556,0.131474462834112,0.9,0.10653434216618674
2014-12-11,dev,0.020093554576613902,0.12953784311580213,1.0,0.11833315202577394
2014-12-12,dev,0.021696856304190694,0.12931537541197569,0.6,0.08609185167812083
2014-12-15,dev,0.021506178003183753,0.12799445889152863,0.6,0.07247208477005007
2014-12-16,dev,0.023539026045421466,0.12686263991933408,0.7,0.03561502592935073
2014-12-17,dev,0.02412588050551536,0.12405877972110768,0.6,0.056714588249553166
2014-12-18,dev,0.025145466032143144,0.12251754578550754,0.6,0.07265990360626301
2014-12-19,dev,0.02556436551207549,0.12122923229062128,-0.1,-0.020881072412340385
2014-12-22,dev,0.02657505930445942,0.11989250824262963,-0.1,-0.02695797902157243
2014-12-23,dev,0.028694255965909604,0.1188818144502457,-0.1,0.04444470123241823
2014-12-24,dev,0.030259201192826664,0.1188818144502457,0.4,0.06673995708244157
2014-12-25,dev,0.0323131918031553,0.11937085983365728,-0.1,0.032326923982517186
2014-12-26,dev,0.03436718241348394,0.11907743260361034,-0.1,0.023667995849333878
2014-12-29,dev,0.036563092076253585,0.11944757283497674,-0.1,0.007833574837946944
2014-12-30,dev,0.03828146330580957,0.12012264724658803,-0.1,0.005461421343865458
2014-12-31,dev,0.04079876006884392,0.12029252616924678,-0.4,-0.0342901933587797
2015-01-02,validation,0.04067830818991808,0.12186407078891091,-0.4,-0.05386735855279168
2015-01-05,validation,0.040428195643905394,0.12331126713237858,-0.8,-0.10959014081884277
2015-01-06,validation,0.04030678233701918,0.12489250016431075,-0.9,-0.08815209591713302
2015-01-07,validation,0.04012180268478093,0.12722324378251276,-0.9,-0.0984912333631312
2015-01-08,validation,0.03985406897759399,0.1301001641633761,-0.9,-0.08160045325221266
2015-01-09,validation,0.03966908932535574,0.13305983859918818,-0.9,-0.08316653284401715
2015-01-12,validation,0.040008218687792536,0.13497129500565014,-0.6,-0.060905667722302215
2015-01-13,validation,0.03949222281575951,0.13759995322166743,-0.6,-0.04941138237646603
2015-01-14,validation,0.037085864708133805,0.14043468526079222,-0.7,-0.03835258357580279
2015-01-15,validation,0.03468924237167853,0.1432791530710875,-0.7,-0.06865908260396403
2015-01-16,validation,0.03331000812253366,0.14504457290999292,-0.7,-0.06376100950709651
2015-01-19,validation,0.030925656914324456,0.14659103931184664,0.0,0.02306433861200813
2015-01-20,validation,0.02979008738252851,0.14702779682407582,0.0,0.03139565219766399
2015-01-21,validation,0.02754463993730304,0.14845111248157572,0.0,-0.0111139670352704
2015-01-22,validation,0.024791186836282907,0.15012876286826288,0.0,-0.010114128156638869
2015-01-23,validation,0.023274447111996013,0.14989847254363292,0.0,-0.014641250304680331
2015-01-26,validation,0.02175770738770912,0.14966818221900297,0.0,-0.02307357950209049
2015-01-27,validation,0.02009802884123812,0.14958083071655712,0.0,-0.017803803097758253
2015-01-28,validation,0.01880363839590428,0.1484293790934074,0.0,-0.022539577211984352
2015-01-29,validation,0.01637367841877449,0.14771468498248685,0.0,0.000983019894383319
2015-01-30,validation,0.0139437184416447,0.14699999087156634,0.0,0.023184015652103762
2015-02-02,validation,0.011274900169549368,0.14590349964349617,0.3,0.058622014275432954
2015-02-03,validation,0.00928169770464879,0.14405323600077968,0.0,0.012428534860229434
2015-02-04,validation,0.00728849523974821,0.1422029723580632,0.3,0.030989361035222374
2015-02-05,validation,0.0054382315970317365,0.14020976989316264,0.3,0.03710947036545448
2015-02-06,validation,0.0035879679543152623,0.13821656742826205,0.9,0.0587146832480967
2015-02-09,validation,0.001999758818936316,0.136485419470699,0.8,0.06617312816901533
2015-02-10,validation,0.0008562482414634743,0.13448427596012152,0.8,0.058333832456642976
2015-02-11,validation,0.0011183027488010006,0.13160167637940876,0.8,0.054077906691525846
2015-02-12,validation,0.0018520553693460741,0.1291907749119035,0.8,0.07073679678183165
2015-02-13,validation,0.0029002733986961795,0.1270943388532033,0.8,0.07717370641862009
2015-02-16,validation,0.005188882762777242,0.12623829412923404,0.8,0.08793506683098057
2015-02-17,validation,0.00481451918086649,0.1250777670253107,0.8,0.09302015843616762
2015-02-18,validation,0.0042838588035079995,0.12690559721398995,0.9,0.11943070181044563
2015-02-19,validation,0.0037531984261495086,0.12873342740266921,0.9,0.12119632837348449
2015-02-20,validation,0.003648376623214498,0.13020093264375934,0.9,0.12665492235006498
2015-02-23,validation,0.0031242676085394454,0.1317732596877845,0.9,0.14525920586862406
2015-02-24,validation,0.0026001585938643934,0.13334558673180968,0.8,0.14705879138892614
2015-02-25,validation,0.0014396314899410632,0.13532971371593666,0.6,0.15493555735920722
2015-02-26,validation,0.0009155224752660107,0.13690204075996182,0.6,0.13419488824076103
2015-02-27,validation,-0.00024500462865731945,0.1388861677440888,0.6,0.13705940887796797
2015-03-02,validation,0.0013493901633541546,0.13922270090088013,1.0,0.16211380407616793
2015-03-03,validation,0.001790745123080514,0.1396640558606065,0.9,0.18143685215248567
2015-03-04,validation,0.0024196759406905767,0.14113156110169664,0.7,0.18271564176935234
2015-03-05,validation,0.0024320079175064605,0.1430306855313427,0.6,0.19629216347655615
2015-03-06,validation,0.0026539835001923658,0.14576838438446887,0.6,0.19182178589753662
2015-03-09,validation,0.0034729038356221356,0.14789757725658628,0.6,0.16282969182807416
2015-03-10,validation,0.0036104824519743364,0.1503936464389762,0.6,0.18877516311929743
2015-03-11,validation,0.004193168356524836,0.15254865938755185,0.7,0.19327600613294338
2015-03-12,validation,0.0055255086411987835,0.15388099967222582,0.7,0.16908624391494065
2015-03-13,validation,0.006108194545749284,0.15603601262080147,0.7,0.17300287730870056
2015-03-16,validation,0.006690880450299783,0.15819102556937711,0.6,0.17904495415486776
2015-03-17,validation,0.00802322073497373,0.15952336585405108,0.6,0.16347513452179252
2015-03-18,validation,0.007248454153454004,0.16134938690264014,0.6,0.12264034171505878
2015-03-19,validation,0.007785649401855878,0.1626554059145791,0.6,0.15953401896910713
2015-03-20,validation,0.008745816304544433,0.16386023278016296,0.5,0.18227884141377143
2015-03-23,validation,0.0097090217100896,0.16506887238899232,0.5,0.1406662245060294
2015-03-24,validation,0.010675280064622228,0.1662813428682142,0.6,0.1583960526278304
2015-03-25,validation,0.010427674689063427,0.16760348256588858,1.0,0.1974493075838536
2015-03-26,validation,0.010339429233983934,0.16911035579766232,1.0,0.19242611096878204
2015-03-27,validation,0.010934932088873021,0.17039295769600835,0.9,0.186427493851113
2015-03-30,validation,0.01109258283847583,0.17166371779819278,0.8,0.17056532396336122
2015-03-31,validation,0.00903049465198573,0.17314584368223254,0.8,0.15685371272783488
2015-04-01,validation,0.00877866891539545,0.17544585207642374,0.9,0.15375652432731435
2015-04-02,validation,0.0072884879993772135,0.17758849058269863,0.9,0.1586013664097683
2015-04-03,validation,0.005532291522633239,0.17840651274665525,0.9,0.14432764685543636
2015-04-06,validation,0.004052815320165347,0.17868981670031933,0.9,0.15672107060693719
2015-04-07,validation,0.003052096053192211,0.17875236165450517,0.8,0.0853146134141361
2015-04-08,validation,0.002074311141889294,0.17862598756691223,0.9,0.0654610824106358
2015-04-09,validation,0.0023401271971790335,0.17995506784336093,0.9,0.0493363408642008
2015-04-10,validation,0.0032844737093925824,0.18089941435557447,0.9,0.04893994763290793
2015-04-13,validation,0.00577387604297774,0.18069742912935102,0.9,0.06041165420886746
2015-04-14,validation,0.00663428064299453,0.18155783372936782,0.9,0.06654993839499412
2015-04-15,validation,0.008675118383278252,0.18160505105497848,0.5,0.0691376334412116
2015-04-16,validation,0.009136798900360432,0.18206673157206069,0.7,0.026626718984616216
2015-04-17,validation,0.010927559693891309,0.18119933181269415,-0.5,-0.015523019175838981
2015-04-20,validation,0.012414530709948197,0.17949651016527415,-0.5,-0.00755865071703854
2015-04-21,validation,0.014009427041686633,0.177635797778246,0.9,0.016870147043702266
2015-04-22,validation,0.014966364840729699,0.17859273557728905,-0.4,-0.007931802359580686
2015-04-23,validation,0.015285344107077384,0.17891171484363674,0.7,0.015459117568820013
2015-04-24,validation,0.0160827922729466,0.17811426667776753,0.6,0.04201367277395407
2015-04-27,validation,0.01862479078573333,0.1771764913758522,0.9,0.061063598564819244
2015-04-28,validation,0.02139764120401311,0.1765141804642338,1.0,0.11059937857310709
2015-04-29,validation,0.023630496068446923,0.17555724266519074,1.0,0.10051665536475207
2015-04-30,validation,0.025863350932880735,0.1746003048661477,0.9,0.01823101235842539
2015-05-01,validation,0.02873416433000992,0.1742813255998,0.7,0.022967591356035877
2015-05-04,validation,0.03152120539456295,0.17344360227403838,0.9,0.07080768788228431
2015-05-05,validation,0.033692672436339735,0.17199030492550055,1.0,0.12833212597837484
2015-05-06,validation,0.03444645384990458,0.17230911461222764,0.9,0.13965483873225876
2015-05-07,validation,0.035206868819216405,0.17297571215026072,0.9,0.18311856091387962
2015-05-08,validation,0.03565455901759912,0.1727854438159481,0.9,0.18603956148054723
2015-05-11,validation,0.03610224921598184,0.1731268075922149,0.8,0.1737920267761957
2015-05-12,validation,0.03709768158890099,0.17341339715102808,0.9,0.15267297149329323
2015-05-13,validation,0.03928716646536648,0.17214727330872695,0.9,0.15741083733533356
2015-05-14,validation,0.04011471501389211,0.1722659790431466,0.9,0.16998975379633063
2015-05-15,validation,0.039785942524454804,0.17167139049841956,0.9,0.2023089635585223
2015-05-18,validation,0.03878388594760599,0.17246359229477648,0.9,0.18867469674400633
2015-05-19,validation,0.0397964352634794,0.1736755036521172,0.9,0.10628810937166971
2015-05-20,validation,0.03843762555979435,0.17570584865337632,0.9,0.11771794877565944
2015-05-21,validation,0.039681015134208866,0.17714860026925813,0.8,0.03917112615608909
2015-05-22,validation,0.04100554340792249,0.17776788927254686,-0.7,-0.047789033436450024
2015-05-25,validation,0.04217115227737517,0.17775231789538293,-0.6,-0.07280170914562956
2015-05-26,validation,0.043340497072691476,0.17773669660995886,-0.6,-0.07431190012142236
2015-05-27,validation,0.04320695006414447,0.17787024361850587,-0.6,-0.04667752994487856
2015-05-28,validation,0.04131056709488701,0.17963686431225206,-0.6,-0.013146053737396746
2015-05-29,validation,0.04031788568722584,0.18024674700715498,-0.6,-0.09074848434423827
2015-06-01,validation,0.039994546431895164,0.17968940225520416,-0.9,-0.15228829079524225
2015-06-02,validation,0.03777419581268768,0.180909075519957,-0.7,-0.11107209530482931
2015-06-03,validation,0.037097262321403195,0.18183985907047315,-0.8,-0.15892774302864798
2015-06-04,validation,0.03486867074449894,0.18306495927577351,-0.6,-0.19907926704894974
2015-06-05,validation,0.032717779805971396,0.1843789010606835,-1.0,-0.2559802045450943
2015-06-08,validation,0.031240153568093103,0.18476179359704545,-0.9,-0.256416972287386
2015-06-09,validation,0.030178244431471893,0.18475736284234812,-0.7,-0.2567953094045922
2015-06-10,validation,0.02978968200599072,0.18517786190554006,-1.0,-0.28850506417101474
2015-06-11,validation,0.029799701343311745,0.1851878812428611,-1.0,-0.24851372137165412
2015-06-12,validation,0.029809720680632777,0.18519790058018212,-0.7,-0.22699789110796892
2015-06-15,validation,0.029819740017953806,0.18520791991750316,-0.6,-0.195408588984903
2015-06-16,validation,0.02968653917956072,0.1864391969791108,-0.6,-0.18386450737378868
2015-06-17,validation,0.02968653917956072,0.1864391969791108,-0.6,-0.2203970972103702
2015-06-18,validation,0.02968653917956072,0.1864391969791108,-0.6,-0.17232119807390767
2015-06-19,validation,0.030756548057470075,0.18452660497967316,-0.6,-0.08564895085604146
2015-06-22,validation,0.031830025359619006,0.18260781333031836,-0.6,-0.07438903348194603
2015-06-23,validation,0.03207268296381243,0.18147186344745123,-0.6,-0.09415548659604439
2015-06-24,validation,0.03260543194857379,0.17875785918545936,-0.5,-0.11178972912855051
2015-06-25,validation,0.03237423899292264,0.17690328960643156,-0.5,-0.059933640133298605
2015-06-26,validation,0.031781520075051875,0.17607632587395222,0.2,0.009463915984679772
2015-06-29,validation,0.03226946799294554,0.17390360258505153,-0.5,-0.052650874905786904
2015-06-30,validation,0.0328656185635468,0.17126350720096023,-0.5,-0.12244111741452174
2015-07-01,validation,0.03167331742234428,0.17007120605975773,-0.5,-0.04660248520222954
2015-07-02,validation,0.030126164751021964,0.16933311487710853,-0.1,-0.03846269927285734
2015-07-03,validation,0.028895455643308015,0.16994877035630881,0.1,0.009887950027957226
2015-07-06,validation,0.026805546916872803,0.16947960717282337,0.1,-0.013098031817947664
2015-07-07,validation,0.023905265418962707,0.16982081676081281,0.3,0.03062832328125681
2015-07-08,validation,0.022475195822242333,0.1683907471640924,0.9,0.07480611282324812
2015-07-09,validation,0.022475195822242333,0.1683907471640924,0.2,0.006796294026465199
2015-07-10,validation,0.020139390276285713,0.16905507826644997,0.2,-0.01438386015421611
2015-07-13,validation,0.019117417869540698,0.16803310585970493,0.2,0.00036192804455731364
2015-07-14,validation,0.01948961192733489,0.16702590881213475,0.1,0.0023029167934968675
2015-07-15,validation,0.019863014407394644,0.1660154416442802,0.6,0.00422225953879285
2015-07-16,validation,0.01861161494430012,0.1666277046644977,0.7,0.01919078268073049
2015-07-17,validation,0.021007849432960798,0.16251987411250796,-0.7,-0.021189749265347668
2015-07-20,validation,0.023024326779233332,0.15943649427585915,-0.9,-0.03893038552991629
2015-07-21,validation,0.024405162554307507,0.15735474955255954,-0.9,-0.1051241280994114
2015-07-22,validation,0.026110706583425163,0.155069544519652,-0.9,-0.10033172250959604
2015-07-23,validation,0.027810739969476205,0.1527917230248152,-0.9,-0.15370768051958944
2015-07-24,validation,0.028150847103223332,0.15313183015856233,-0.9,-0.17649926251882053
2015-07-27,validation,0.031076580032343776,0.14940436795372256,-0.7,-0.1207277283198201
2015-07-28,validation,0.03438727612742018,0.14465054791976667,-0.6,-0.13489749979432297
2015-07-29,validation,0.03639549877131644,0.14128242647764144,-0.6,-0.14577832894920578
2015-07-30,validation,0.03849227296486483,0.13886307163893177,-0.7,-0.11803086909803578
2015-07-31,validation,0.041378520842623744,0.13852351306507776,-0.6,-0.09459904689067772
2015-08-03,validation,0.044774106581163646,0.13708038912619833,-0.6,-0.09408771983579367
2015-08-04,validation,0.04807322681576775,0.13607843409198522,-0.9,-0.11675031506310496
2015-08-05,validation,0.04963236660071398,0.136024670651125,-0.7,-0.10820679198016792
2015-08-06,validation,0.0532345171383484,0.13414295022101747,-0.9,-0.09613944183437978
2015-08-07,validation,0.05511623756845592,0.13279886419951212,-0.7,-0.10015608450297075
2015-08-10,validation,0.056997957998563456,0.13145477817800674,-0.7,-0.12474261761773076
2015-08-11,validation,0.060259135134952804,0.12987724563697672,-0.7,-0.1003641383428196
2015-08-12,validation,0.06016952940018579,0.13220699474091938,-0.7,-0.06672210896694003
2015-08-13,validation,0.060958295670700775,0.133398986817886,-0.7,-0.08333801172760213
2015-08-14,validation,0.060991897821238414,0.1334325889684236,-0.7,-0.08176847894110806
2015-08-17,validation,0.06300802685349648,0.13141645993616555,-0.7,-0.09565845560099745
2015-08-18,validation,0.06502415588575454,0.12940033090390748,-0.3,-0.024358921696221447
2015-08-19,validation,0.06704028491801262,0.12738420187164942,-0.7,-0.0713975283598573
2015-08-20,validation,0.06846501610080831,0.12622828789315482,-0.3,-0.04884816571345696
2015-08-21,validation,0.069889747283604,0.1250723739146602,-0.3,-0.03131187144877168
2015-08-24,validation,0.0709966416542555,0.12424378441434394,0.3,0.017078884969661645
2015-08-25,validation,0.07257791932661475,0.12313689004369245,0.6,0.05346526483665548
2015-08-26,validation,0.07415919699897403,0.12202999567304096,0.7,0.0375475262748054
2015-08-27,validation,0.07574047467133328,0.12092310130238948,-0.1,0.0031549919270840165
2015-08-28,validation,0.07741662900403412,0.11991108359207955,-0.8,-0.02583307487268044
2015-08-31,validation,0.07888227574660212,0.11909178409808839,0.0,-0.017408036190207588
2015-09-01,validation,0.07987353918746233,0.1182282088292712,-0.8,-0.027121580861321992
2015-09-02,validation,0.08124430926968876,0.1173140326749385,-0.6,-0.02305192670872741
2015-09-03,validation,0.0823531802374307,0.11600354880397076,-0.7,-0.024228650906157834
2015-09-04,validation,0.08359645980732318,0.11482747353515355,-0.9,-0.03687276197739514
2015-09-07,validation,0.08483973937721564,0.11365139826633633,0.1,-0.00024326854614481475
2015-09-08,validation,0.08608301894710813,0.11247532299751915,-0.5,-0.01936788787000504
2015-09-09,validation,0.08685922862452748,0.11204185525558366,-0.7,-0.05897078348883361
2015-09-10,validation,0.08708100281807586,0.11226362944913204,-0.5,-0.014828245403438634
2015-09-11,validation,0.08644592217291457,0.1128382262233256,-0.9,-0.037467017980807316
2015-09-14,validation,0.08535721249549522,0.11336241977171269,-0.5,-0.02469401819202449
2015-09-15,validation,0.08480939561703318,0.11413425098709229,-0.5,-0.03655822102502587
2015-09-16,validation,0.083429467301621,0.11517367751038977,-0.9,-0.040724990696920316
2015-09-17,validation,0.08167861840518635,0.11571484898746959,-0.5,-0.03626584100492558
2015-09-18,validation,0.0799920197746149,0.11516819699769366,0.2,0.012144723907601795
2015-09-21,validation,0.07778209048488934,0.11390418087798992,-0.5,-0.01202461709632785
2015-09-22,validation,0.07569949566035902,0.1141257335188974,0.1,0.004900595916077499
2015-09-23,validation,0.0738177752302515,0.11520100233610171,0.1,0.007665676038021152
2015-09-24,validation,0.07069949566035902,0.11477089480922,0.5,0.021438474684296382
2015-09-25,validation,0.06908659243455258,0.11315799158341354,0.5,0.04657383936824455
2015-09-28,validation,0.06756329494351315,0.11306838584864652,0.8,0.04322856453713986
2015-09-29,validation,0.06605119816931959,0.11155628907445297,0.6,0.05685693045864182
2015-09-30,validation,0.06564797236286798,0.10893532133251749,0.5,0.030085693701386695
2015-10-01,validation,0.06413587558867444,0.10742322455832394,0.6,0.041787266490595054
2015-10-02,validation,0.06262340956007938,0.10502750200131106,0.5,0.053637462409075964
2015-10-05,validation,0.06279356198829633,0.10333661224590517,0.3,0.03661292814344341
2015-10-06,validation,0.061936707149586635,0.10127007998784064,0.3,0.05335126140654983
2015-10-07,validation,0.06233993295603826,0.09844749934267936,-0.1,0.05472817535888541
2015-10-08,validation,0.06274315876248987,0.09562491869751807,0.9,0.09249788014237409
2015-10-09,validation,0.0633479974721673,0.09340717676203421,0.7,0.06774218509169772
2015-10-12,validation,0.0633479974721673,0.09340717676203421,0.7,0.0629565234898734
2015-10-13,validation,0.0633479974721673,0.09340717676203421,0.7,0.06689265415932949
2015-10-14,validation,0.06324047059044685,0.09222438106310947,0.7,0.07403176318572213
2015-10-15,validation,0.06324047059044685,0.09222438106310947,0.7,0.059532084455069245
2015-10-16,validation,0.06330767489152213,0.09377007998784065,0.7,0.04978137446030123
2015-10-19,validation,0.06310606198829632,0.09558459611687291,0.9,0.0729899950143264
2015-10-20,validation,0.06218047547803239,0.09651018262713684,0.7,0.07595687463384815
2015-10-21,validation,0.061158970101688304,0.09737039768090028,0.0,-0.06117945588589774
2015-10-22,validation,0.06040628192964529,0.09876824714326587,0.7,0.08019034668969016
2015-10-23,validation,0.05965359375760229,0.10016609660563146,0.7,0.06787243309007629
2015-10-26,validation,0.06022381206975608,0.10252842961312576,0.6,0.03282089747073191
2015-10-27,validation,0.060644723218595924,0.10479569050729667,0.6,0.030217409083738267
2015-10-28,validation,0.060353504580603096,0.10616217796249379,0.6,0.07070147621424416
2015-10-29,validation,0.06097020287282321,0.10677887625471393,0.9,0.09745817462812512
2015-10-30,validation,0.06116827870757136,0.10697695208946209,0.4,0.042970326457578145
2015-11-02,validation,0.060759123109848406,0.10718449478395924,0.6,0.041958683496752136
2015-11-03,validation,0.05981035650643285,0.10765887808566701,0.7,0.0390485274663151
2015-11-04,validation,0.057340598441916725,0.10811250711792508,0.9,0.035368944906633504
2015-11-05,validation,0.05648374360320704,0.1101790393759896,0.7,0.023606943390765467
2015-11-06,validation,0.05562688876449737,0.11224557163405412,-0.4,-0.01654490700446326
2015-11-09,validation,0.05508925435589521,0.1143961092684627,-0.3,-0.01733628180392638
2015-11-10,validation,0.05374516833438983,0.11574019528996808,-0.6,-0.04910508793386631
2015-11-11,validation,0.05247182368243737,0.11701353994192056,-0.7,-0.024583404433123845
2015-11-12,validation,0.05119847903048491,0.118286884593873,-0.6,-0.05486323249585007
2015-11-13,validation,0.05062921906843558,0.1204690477817288,-0.6,-0.046378095025016663
2015-11-16,validation,0.05005995910638624,0.12265121096958458,-0.6,-0.015520461271938013
2015-11-17,validation,0.04702390597545644,0.12246145764890147,-0.6,-0.030675928869672797
2015-11-18,validation,0.0438929761841851,0.12236658098855992,-0.9,-0.02659104391025119
2015-11-19,validation,0.04076204639291375,0.12227170432821835,0.1,-0.00015247333434253996
2015-11-20,validation,0.037574642399058146,0.12196448466615999,-0.1,0.0014135433799038477
2015-11-23,validation,0.034472128048666034,0.12157237536063811,0.2,0.01338190307409709
2015-11-24,validation,0.03151042271005068,0.12130827424764058,0.2,0.019188205964246807
2015-11-25,validation,0.029025301718987418,0.11964592980091582,-0.4,0.001989572054420685
2015-11-26,validation,0.02775959138250759,0.11792080206230664,-0.7,-0.013178852888958092
2015-11-27,validation,0.02477431035964473,0.11536719547843052,0.1,0.010139330030344007
2015-11-30,validation,0.022726367277775963,0.1150816257259787,-0.5,-0.018223891090419664
2015-12-01,validation,0.020787756615417322,0.1163740328342178,-0.3,-0.019347982144167775
2015-12-02,validation,0.01917224773011845,0.11798954171951666,-0.7,-0.006221832314579956
2015-12-03,validation,0.017233637067759808,0.11928194882775575,-0.7,-0.014554478224451606
2015-12-04,validation,0.016654746383861045,0.1191069353651817,-0.2,0.0027114039410769397
2015-12-07,validation,0.016083606878957404,0.11824206697204193,-0.5,-0.030558592801736395
2015-12-08,validation,0.015481750627571551,0.11656320479712348,-1.0,-0.04004447991183857
2015-12-09,validation,0.014189343519332457,0.11494769591182462,-0.7,-0.08305103618759752
2015-12-10,validation,0.013915653827225963,0.11348160680437848,-0.7,-0.07185463800343606
2015-12-11,validation,0.013719834568401859,0.11220878162202179,-0.9,-0.09055044812862706
2015-12-14,validation,0.013524015309577753,0.11093595643966511,-1.0,-0.1446038906825794
2015-12-15,validation,0.011370003462512593,0.11039745347789882,-0.9,-0.11011874423229762
2015-12-16,validation,0.008138985691914855,0.11039745347789882,-0.7,-0.08790547399580323
2015-12-17,validation,0.005758235755684942,0.11124772131226664,-0.9,-0.13559292758547042
2015-12-18,validation,0.004149430311923915,0.11142773380629943,-0.9,-0.1263333380044535
2015-12-21,validation,0.00041639221506364,0.11335812613015113,-0.7,-0.11354583162651344
2015-12-22,validation,-0.0026175883674606324,0.113964922246656,-0.7,-0.1242613843526636
2015-12-23,validation,-0.005651568949984905,0.11416718761882427,-0.2,-0.010407840939507584
2015-12-24,validation,-0.008760068353834334,0.1142949341696674,-0.2,0.008211510602408545
2015-12-25,validation,-0.010647878494071658,0.114187059304511,-0.2,-0.011624705524884815
2015-12-28,validation,-0.011563395441780736,0.11408060384547504,-0.5,-0.07796704866824578
2015-12-29,validation,-0.014050194964860282,0.11450642568161881,-0.2,-0.012285448294969248
2015-12-30,validation,-0.015643005635353237,0.11432143953350633,-0.2,0.002971011384879041
2015-12-31,validation,-0.01680825117157886,0.11348420833302986,-0.2,0.020306879707378933
2016-01-04,validation,-0.015117116313560946,0.11087426792223057,-0.2,0.010162659886546355
2016-01-05,validation,-0.015512646080907352,0.10817459068944638,-0.2,-0.0097501988182771
2016-01-06,validation,-0.015417769420565797,0.10504366089817503,-0.2,0.006130516008019671
2016-01-07,validation,-0.016581501254180408,0.10422271795830372,-0.2,-0.0062148648739021595
2016-01-08,validation,-0.015820742674962633,0.10068932731583605,-0.2,-0.009644280101361535
2016-01-11,validation,-0.015465528125374682,0.09862908292822593,-0.5,-0.0644667152840353
2016-01-12,validation,-0.014257798656775648,0.09581104750149484,-0.6,-0.07615849900884974
2016-01-13,validation,-0.012749242800393707,0.0930637947542421,-0.1,-0.05497643111222228
2016-01-14,validation,-0.011196447769337805,0.09059082488996789,-0.1,-0.10477796688306174
2016-01-15,validation,-0.010841233219749854,0.08853058050235776,-0.2,-0.06545544238343731
2016-01-18,validation,-0.01154065903994862,0.08747330891368522,-0.2,-0.06038425475455056
2016-01-19,validation,-0.010375520066520809,0.08505999020237516,-0.2,-0.02923111626449343
2016-01-20,validation,-0.011074945886719575,0.0840027186137026,-0.2,-0.00747263620176758
2016-01-21,validation,-0.011477522376252587,0.08279498914510357,-0.1,-0.043708990382183344
2016-01-22,validation,-0.012014291028963267,0.08145306751332686,-0.6,-0.06057780663843776
2016-01-25,validation,-0.01255105968167395,0.08011114588155015,-0.2,-0.025341576076820527
2016-01-26,validation,-0.014161365639805995,0.07850083992341811,-0.9,-0.07582052093992825
2016-01-27,validation,-0.014698134292516676,0.07715891829164141,-0.7,-0.06625722447175808
2016-01-28,validation,-0.015100710782049687,0.07595118882304237,-0.3,-0.010689417405383539
2016-01-29,validation,-0.015503287271582698,0.07474345935444335,-0.6,-0.01209125373771075
2016-02-01,validation,-0.014801428881147763,0.0736925094705599,-0.3,-0.008243443420510366
2016-02-02,validation,-0.014101823647664465,0.07264493342257979,0.7,0.06869319024776727
2016-02-03,validation,-0.012418832296185966,0.07004756094313266,0.5,0.023888521885270353
2016-02-04,validation,-0.011724166488693764,0.06900750496658749,1.0,0.033578854871649466
2016-02-05,validation,-0.011031723611785537,0.06797077716916726,0.9,0.03956997692618314
2016-02-08,validation,-0.009516497216239555,0.06616491330787466,0.0,0.018616678397187725
2016-02-09,validation,-0.007486713497016135,0.06328930402785707,-0.3,-0.012514294150959393
2016-02-10,validation,-0.0053828724083328635,0.061564945513262935,-0.2,-0.020473400668503228
2016-02-11,validation,-0.0053828724083328635,0.061564945513262935,-0.9,-0.06888078198271397
2016-02-12,validation,-0.004603490282328384,0.06122618542259774,-0.1,0.02672028273203375
2016-02-15,validation,-0.004098206186330913,0.061160124561827345,0.0,-0.003542301918383506
2016-02-16,validation,-0.004758989744797816,0.060145691133962245,0.6,0.031248097247503326
2016-02-17,validation,-0.005417682216054383,0.0591344679384638,0.5,0.027530823315679576
2016-02-18,validation,-0.00841568354849942,0.05921774575325395,0.5,0.02537292493373655
2016-02-19,validation,-0.010393531649765243,0.058031036892494454,-0.2,-0.0018158763250460952
2016-02-22,validation,-0.011042282202575958,0.05702475189199911,-0.1,-0.0025834264430467657
2016-02-23,validation,-0.011156305942529834,0.05548896101099176,-0.2,-0.00036924167736107627
2016-02-24,validation,-0.008900858796826719,0.05631330495966901,-0.1,-0.018146415839568053
2016-02-25,validation,-0.007943467509410326,0.0552813658009274,-0.9,-0.07366184735179299
2016-02-26,validation,-0.007093739407616379,0.05383403764948691,-0.9,-0.06144635106681601
2016-02-29,validation,-0.0061421818223379825,0.05280921940865699,-0.9,-0.0848742917785037
2016-03-01,validation,-0.004958860724024464,0.05311781217953546,-1.0,-0.05646883131507058
2016-03-02,validation,-0.0062531958374765105,0.054857732264671596,-0.9,-0.05208484271563607
2016-03-03,validation,-0.006243440461755018,0.056332213181575386,-1.0,-0.05813095011766256
2016-03-04,validation,-0.00545489927723515,0.0570232845006072,-0.9,-0.05499995215383319
2016-03-07,validation,-0.006310421293220097,0.05762580574468783,-0.9,-0.045467812492849924
2016-03-08,validation,-0.006270175540998862,0.05704917329757483,-0.9,-0.053498990821816916
2016-03-09,validation,-0.0050053786649293915,0.056148617178028944,-0.9,-0.06092478203352697
2016-03-10,validation,-0.005152429162352101,0.0546685109594871,-0.9,-0.07737077330448938
2016-03-11,validation,-0.005230331985216404,0.05449814918743913,-0.9,-0.06465263671300331
2016-03-14,validation,-0.006079599305541001,0.05509991816160117,-0.9,-0.05155132593814227
2016-03-15,validation,-0.005556620980981873,0.05552862912488581,-0.8,-0.03468841304493553
2016-03-16,validation,-0.0042660210512675415,0.05518679020828342,-0.9,-0.04771455564467442
2016-03-17,validation,-0.003046758831203342,0.054778628755137865,-0.9,-0.06278464889275798
2016-03-18,validation,-0.0023604226298603237,0.05384253338042821,-0.9,-0.03666316471818937
2016-03-21,validation,-0.0016314109404940516,0.05295408265630246,-0.1,0.007267560994782096
2016-03-22,validation,0.0005447799195043357,0.05053609281185981,0.0,0.0012548144721298837
2016-03-23,validation,0.001268234706364903,0.04965405629460363,0.6,0.038418325683235166
2016-03-24,validation,0.004091165024686894,0.046425510076307304,0.6,0.024621413300829786
2016-03-25,validation,0.007556950468388032,0.04223432767927337,0.6,0.020244109851903447
2016-03-28,validation,0.011022735912089169,0.038043145282239434,0.5,0.02030723063453649
2016-03-29,validation,0.014407921694308885,0.03377136322372408,-0.3,-0.005638897932899178
2016-03-30,validation,0.017873707138010023,0.029580180826690144,1.0,0.03591639252478468
2016-03-31,validation,0.021258892920229738,0.02530839876817479,0.9,0.038893732850725615
2016-04-01,validation,0.02311268513430244,0.022568010277806447,0.6,0.05128368335277078
2016-04-04,validation,0.02432168005652377,0.020714218063733747,0.9,0.05669749664879031
2016-04-05,validation,0.024892199228970697,0.019242879145317988,1.0,0.04942967685193661
2016-04-06,validation,0.02546271840141762,0.017771540226902232,0.5,0.03618501223646581
2016-04-07,validation,0.025162445152761344,0.01645033793281461,0.6,0.023275842429948845
2016-04-08,validation,0.0238112155338081,0.015099108313861362,0.6,0.0487217971398658
2016-04-11,validation,0.022245754959597384,0.015076020992280535,0.9,0.0740141548928307
2016-04-12,validation,0.022245754959597384,0.015076020992280535,0.8,0.07053282789460047
2016-04-13,validation,0.020685074417674334,0.015053004166338122,0.8,0.07488030915045385
2016-04-14,validation,0.019026698143244574,0.01644412013923048,0.8,0.08764414169899859
2016-04-15,validation,0.016853834792206427,0.017329360763727503,0.9,0.08462260725341225
2016-04-18,validation,0.01594421463462893,0.017945732169552264,0.9,0.06816210069738993
2016-04-19,validation,0.013453254409638977,0.020034924616318034,0.9,0.06267512326801611
2016-04-20,validation,0.012476266246831362,0.02158855382616284,0.9,0.05125650886777472
2016-04-21,validation,0.012136840703397109,0.022757328758254716,0.7,0.04056598482299695
2016-04-22,validation,0.011798446848544723,0.023922551182954215,0.9,0.04714025996698856
2016-04-25,validation,0.01297853066851738,0.023566786589672834,0.9,0.034173023828491134
2016-04-26,validation,0.011922183612480552,0.02400954823678577,0.5,0.04254981108846251
2016-04-27,validation,0.010726011363676725,0.025843679018284972,0.5,0.038515440384709165
2016-04-28,validation,0.012560142145175928,0.02464750676948115,0.5,0.034005710220788576
2016-04-29,validation,0.01338417191657412,0.023956385025727823,-0.2,0.025767879489575873
2016-05-02,validation,0.012945575425346051,0.025032940049651266,0.2,0.019725266596789248
2016-05-03,validation,0.01326455469169374,0.025351919315998957,0.1,0.01220658161311483
2016-05-04,validation,0.011117699139265433,0.027245467803974688,0.1,0.0202155240264707
2016-05-05,validation,0.009856716492803173,0.02752640893393839,0.1,0.020509684856109156
2016-05-06,validation,0.008179534159123753,0.02888412796596459,0.1,-0.011378504794665512
2016-05-09,validation,0.00699215703138606,0.02924797362516738,-0.7,-0.024648704008291222
2016-05-10,validation,0.00580116536140259,0.029612926881506255,-0.6,-0.02860049988917851
2016-05-11,validation,0.004429888660383322,0.03128579021092839,-0.1,-0.011269669145058503
2016-05-12,validation,0.002827709696993111,0.032727751277979576,-0.3,-0.008951896074482435
2016-05-13,validation,0.001387861051633906,0.03285787220820115,-0.3,-0.01304859648470269
2016-05-16,validation,0.000625665929682687,0.03362006733015236,0.7,0.024198902845941672
2016-05-17,validation,-0.0005938462654392639,0.03483957952527431,0.6,0.02290848485747815
2016-05-18,validation,-0.0012758103219219338,0.03568200571269408,-0.4,-0.0046483630776037455
2016-05-19,validation,-0.0015646421576087112,0.03661268607212926,0.9,0.015530004214652338
2016-05-20,validation,-0.002463230090856464,0.03815312252912541,0.7,0.011717090139163111
2016-05-23,validation,-0.003361818024104217,0.039693558986121556,1.0,0.015745741878057995
2016-05-24,validation,-0.003535651999286074,0.0395197250109397,0.2,0.007488235408690813
2016-05-25,validation,-0.004685630604335283,0.041418526893695365,0.2,-0.00816192019977291
2016-05-26,validation,-0.005835609209384492,0.04331732877645104,0.2,0.0046994146578919205
2016-05-27,validation,-0.004953067489230447,0.04267548025270264,-0.1,0.02704692368290551
2016-05-30,validation,-0.004261074549564209,0.04298637563139327,-0.1,0.013651452015202181
2016-05-31,validation,-0.0035479095231771033,0.043699540657780374,0.2,0.04331680485413575
2016-06-01,validation,-0.0038777483478811404,0.04489409207697878,-0.1,0.04784899584050972
2016-06-02,validation,-0.0037262007797738803,0.04504563964508604,0.6,0.054616462531943744
2016-06-03,validation,-0.0030130357533867747,0.04575880467147314,0.9,0.056882306766700086
2016-06-06,validation,-0.0038863843306225477,0.0460287487771642,0.5,0.04402019742653507
2016-06-07,validation,-0.002504905672085962,0.04474254450887152,0.1,0.04034939825837647
2016-06-08,validation,-0.003577996172727811,0.045956039374083324,0.1,0.034084741647982364
2016-06-09,validation,-0.004595927815860032,0.046462497974853544,0.1,0.02901317094784539
2016-06-10,validation,-0.0052127041316495076,0.047370111902966514,1.0,0.05099973524310597
2016-06-13,validation,-0.004776687839211685,0.04810661097160736,0.3,0.00813870667776928
2016-06-14,validation,-0.0037245956084530044,0.048318455027881506,-0.5,-0.016169313818831577
2016-06-15,validation,-0.0031833728890614393,0.04726325430169442,0.3,0.00281936487336909
2016-06-16,validation,-0.0035614999797556686,0.04844039455907946,-0.9,-0.00964801495102352
2016-06-17,validation,-0.004651345806443601,0.05113842752027032,-0.3,-0.001651524511704805
2016-06-20,validation,-0.004644308974663807,0.052573921578484735,0.3,0.004497339383605747
2016-06-21,validation,-0.005787922109677531,0.053990531881152846,0.7,0.009886014824690093
2016-06-22,validation,-0.007212310109429811,0.05559186248957001,0.5,0.01837448803684305
2016-06-23,validation,-0.008795946456980484,0.057033944750188775,0.3,0.008883907705428795
2016-06-24,validation,-0.010321930624894742,0.05874980194817035,-0.1,-0.004076819497524586
2016-06-27,validation,-0.011264004184214896,0.0595367104506613,-0.2,0.006325517962400662
2016-06-28,validation,-0.012703321716573276,0.061123111526472367,-0.2,-0.006108832093295269
2016-06-29,validation,-0.015105171797378688,0.0634759621156475,-0.2,0.013627409383863753
2016-06-30,validation,-0.016045137757447057,0.06457525641941357,-0.1,0.003090230122740789
2016-07-01,validation,-0.016340878442761934,0.06580332975631926,-0.1,0.005308158459295997
2016-07-04,validation,-0.0173050723857181,0.0663583600343119,0.6,0.026640749073088665
2016-07-05,validation,-0.01866049407246509,0.068014986540336,0.5,0.022648617323354214
2016-07-06,validation,-0.020638996316736293,0.07105656461734994,0.1,0.016158644220904794
2016-07-07,validation,-0.022145020413121837,0.07331560076192825,0.5,0.018702018916523178
2016-07-08,validation,-0.022145020413121833,0.07632764895469933,-0.2,-0.0029549264097866734
2016-07-11,validation,-0.023792234268543523,0.07957501341253066,-0.1,-0.006006351705766633
2016-07-12,validation,-0.02391773627657565,0.0802025234526913,0.6,0.013709507442884183
2016-07-13,validation,-0.022534238939755653,0.08023476929589028,0.6,0.01329842929360081
2016-07-14,validation,-0.02115211543362235,0.07950627196854268,0.6,0.016782343998838878
2016-07-15,validation,-0.021564541892518836,0.07984913251870965,-0.3,-0.001731405880355974
2016-07-18,validation,-0.021499944977269987,0.08066901644302193,-0.6,-0.03202475572220653
2016-07-19,validation,-0.02167977521752319,0.0822515225572501,-0.6,-0.032476043488102624
2016-07-20,validation,-0.01850273718971865,0.08039331385796501,-0.6,-0.02401079463002942
2016-07-21,validation,-0.018784118624467775,0.08111898176863382,-0.8,-0.019655272303560456
2016-07-22,validation,-0.017674181884626345,0.0802148198176394,-0.8,-0.030850970316803283
2016-07-25,validation,-0.01734837180228525,0.07953358055456256,-0.6,-0.018580825489478703
2016-07-26,validation,-0.017280063741471764,0.07918113513936523,-0.5,-0.009989517212412036
2016-07-27,validation,-0.015693825296734847,0.0767330821065429,-0.9,-0.03780040899945025
2016-07-28,validation,-0.016569691209626,0.07585721619365174,-0.9,-0.028399762001853734
2016-07-29,validation,-0.017445557122517153,0.07498135028076058,-0.9,-0.038040855665187556
2016-08-01,validation,-0.017122339435173647,0.07392945722174542,-0.9,-0.04464411405685126
2016-08-02,validation,-0.016142617402820036,0.07231177665669644,-0.9,-0.045594684165203736
2016-08-03,validation,-0.01446797625449468,0.06944096325956725,-0.9,-0.04992508402319973
2016-08-04,validation,-0.013731205353515156,0.06802888581383063,-0.9,-0.04078924477047796
2016-08-05,validation,-0.012523234744138908,0.06544322971607486,-0.9,-0.03295086156482574
2016-08-08,validation,-0.012523234744138908,0.06544322971607486,-0.9,-0.025803898185852492
2016-08-09,validation,-0.012302305409643518,0.06426289227923318,-0.8,-0.017195814920123564
2016-08-10,validation,-0.013830841885709697,0.06615889015164114,-0.9,-0.02142201343654282
2016-08-11,validation,-0.015354746433060522,0.06804914257595089,-0.8,-0.02635242337863286
2016-08-12,validation,-0.015354746433060522,0.06804914257595089,-1.0,-0.026481932128206764
2016-08-15,validation,-0.0180413872775961,0.06788775425666783,0.2,0.012406548746466906
2016-08-16,validation,-0.02099194549131221,0.06948265058840628,0.2,0.0021046013620166226
2016-08-17,validation,-0.0249791863206583,0.07155601581966624,0.2,0.002164764409879838
2016-08-18,validation,-0.02600838587926962,0.06951671525095392,0.1,-0.005424712169224355
2016-08-19,validation,-0.027002704061087804,0.0673860334327721,0.2,-0.004647994295032376
2016-08-22,validation,-0.027204724263108004,0.06506280110953977,0.1,-0.008261306231637011
2016-08-23,validation,-0.026659280908196598,0.06395579737614157,0.2,-0.0044858044204508785
2016-08-24,validation,-0.02568886128880015,0.060387639083283866,0.3,0.0049882412149144795
2016-08-25,validation,-0.025355435060597266,0.057695346703317316,0.3,-0.0003113708407452287
2016-08-26,validation,-0.025361738641030952,0.05526846823634807,0.4,0.003067723178437398
2016-08-29,validation,-0.02470007050583786,0.052861193211826446,0.7,0.009193277650301923
2016-08-30,validation,-0.02317979522477233,0.050095033797985265,0.4,0.006504379889055889
2016-08-31,validation,-0.022158615194515143,0.047182779637622185,0.4,0.010471331129839778
2016-09-01,validation,-0.021496947059322046,0.044775504613100564,0.4,0.004122219511602132
2016-09-02,validation,-0.020835278924128946,0.04236822958857894,0.3,-0.00295155979185463
2016-09-05,validation,-0.02038973354666224,0.04017707732178371,0.3,-0.005264222575532496
2016-09-06,validation,-0.020275122993322486,0.038274542136343834,-0.3,-0.026800134821785726
2016-09-07,validation,-0.019492905966778683,0.03640925538073938,-0.3,-0.02417269853715881
2016-09-08,validation,-0.018641922608231026,0.03486487817448623,-0.3,-0.02620407733554586
2016-09-09,validation,-0.01738120652149376,0.032343446001011696,-0.3,-0.025260862922412974
2016-09-12,validation,-0.014910202991488718,0.031637444992438826,-0.6,-0.03047270609542463
2016-09-13,validation,-0.012404052225126149,0.03078168619416868,-0.6,-0.030693047255664352
2016-09-14,validation,-0.00964575824141613,0.02942164096120363,-0.7,-0.03541467595884695
2016-09-15,validation,-0.007391750692401017,0.02831373894558603,-0.6,-0.03711624841113892
2016-09-16,validation,-0.005594752724828161,0.027883471826589713,-0.9,-0.03902974596197534
2016-09-19,validation,-0.004364599452314828,0.026424097447396877,-1.0,-0.020670709812712185
2016-09-20,validation,-0.0023474537135352,0.024659094925964704,-0.9,-0.030522426840756345
2016-09-21,validation,-0.0013073629419769546,0.024186326393438227,-1.0,-0.037950776386267204
2016-09-22,validation,-0.000649307348217881,0.023751761378691668,-1.0,-0.03738185486091411
2016-09-23,validation,0.0003889294290951623,0.023529282069267445,-0.9,-0.03587414094683228
2016-09-26,validation,0.00038892942909516195,0.024285711721309805,-0.9,-0.05611741039741169
2016-09-27,validation,-0.0011040238315147594,0.026574906720911683,-0.9,-0.04918587287842924
2016-09-28,validation,-0.00034759417947239957,0.025818477068869323,-0.9,-0.054693967839833046
2016-09-29,validation,-0.000763630488095698,0.026612728203513805,-1.0,-0.04367052327468757
2016-09-30,validation,-0.0017031957401062085,0.0277911659772219,-1.0,-0.04188566501196195
2016-10-03,validation,-0.0032001302094110903,0.02992509383772035,-0.9,-0.03778904485673901
2016-10-04,validation,-0.0029910162173525964,0.03030230330801048,-1.0,-0.043402275581513106
2016-10-05,validation,-0.002555737400036993,0.030132438403692195,-0.7,-0.0506015904065335
2016-10-06,validation,-0.002044815617517153,0.03089550340355949,-0.7,-0.06449057265681385
2016-10-07,validation,0.00016436489360759337,0.030968882544211686,-0.7,-0.06244037329665253
2016-10-10,validation,0.0004987864239842157,0.03130330407458831,-0.9,-0.0363181524911822
2016-10-11,validation,0.0006630112826513075,0.031656636346266,-0.7,-0.010712471603508356
2016-10-12,validation,0.0006859333933192579,0.030502890109312498,0.1,-0.0004080310311534996
2016-10-13,validation,-0.00025387314406670464,0.02942555090791883,-0.5,-0.0117696477656547
2016-10-14,validation,-0.00012179812545613364,0.02804476662244468,-0.9,-0.028670157233884885
2016-10-17,validation,-0.002192026646835225,0.02748739740515031,-0.9,-0.040532747384440904
2016-10-18,validation,-0.0034739758466122775,0.02620544820537326,-0.9,-0.02978998518911813
2016-10-19,validation,-0.003978262281307185,0.02418830246659363,-0.7,-0.026022430205312308
2016-10-20,validation,-0.003978262281307185,0.021162583858424188,-0.3,-0.028024668111310325
2016-10-21,validation,-0.003177499755885053,0.01870488019043308,-0.3,-0.026317551036163955
2016-10-24,validation,-0.0027077171298797976,0.016148944208268894,-0.1,-0.016965930545253305
2016-10-25,validation,-0.0023175586777737386,0.013513384052205514,-0.5,-0.032451682282957695
2016-10-26,validation,-0.0019274002256676795,0.010877823896142133,-0.1,-0.034808505282451
2016-10-27,validation,-0.002431686660362587,0.008860678157362507,0.0,-0.039913478763563215
2016-10-28,validation,-0.002935973095057494,0.00684353241858288,0.0,-0.04826149975728994
2016-10-31,validation,-0.0020023577813163738,0.004103060850975395,-0.8,-0.05426418261540755
2016-11-01,validation,-0.0017502145639689205,0.0013294854601534083,-0.1,-0.05483437484865261
2016-11-02,validation,-0.0032581447534493295,0.001327477173959823,-0.1,-0.06000935890095671
2016-11-03,validation,-0.004761526133911699,0.0013254749459448007,0.3,-0.060523595880331627
2016-11-04,validation,-0.006260379257203999,0.0013234787487370525,0.7,0.021719885690880347
2016-11-07,validation,-0.00675221828588991,6.835572304972859e-05,-0.3,-0.05246220556672837
2016-11-08,validation,-0.007394247138829165,-0.0009175812323387194,-0.5,-0.05018464122415417
2016-11-09,validation,-0.008816510570471035,-0.00119628528868182,-0.8,-0.06148403449397466
2016-11-10,validation,-0.010206755315126019,-0.0027850633047167275,-0.3,-0.049414532420415325
2016-11-11,validation,-0.010752036697315665,-0.0044625146301207385,-0.1,-0.02384493872029142
2016-11-14,validation,-0.011295690373886835,-0.006134958638135484,0.0,-0.013004024033647643
2016-11-15,validation,-0.011557266374541532,-0.007550620333226126,0.0,-0.019879324743202698
2016-11-16,validation,-0.012558238487549339,-0.0094974043411889,0.0,0.005858618485015676
2016-11-17,validation,-0.013869053648942671,-0.01112558525285836,0.0,0.019779247394561106
2016-11-18,validation,-0.015175979151103384,-0.012748934767163815,0.0,0.02007096025795102
2016-11-21,validation,-0.01585525060499259,-0.013509774551914214,-0.1,0.024274372877531536
2016-11-22,validation,-0.01935102708322521,-0.013054933746196214,-0.1,0.03791992334330396
2016-11-23,validation,-0.020023117591277118,-0.013814195367094866,-0.1,0.031969013913512145
2016-11-24,validation,-0.0193224013035163,-0.011712046503812398,0.3,0.007384176032744827
2016-11-25,validation,-0.018516436472235352,-0.010995065326515311,0.5,0.017583316095922508
2016-11-28,validation,-0.018438694110422402,-0.00928473336663037,0.5,0.014099832452420025
2016-11-29,validation,-0.018982890643113065,-0.006952462512241814,0.7,0.06269571014871977
2016-11-30,validation,-0.01817861530370776,-0.00624355886469232,0.3,0.02450284560469962
2016-12-01,validation,-0.0226810217623322,-0.007640857420817147,0.5,0.040318503895721114
2016-12-02,validation,-0.02479219071368855,-0.007669777543438467,0.5,0.025173731292038426
2016-12-05,validation,-0.023648038362482585,-0.006048443168980719,-0.2,0.011114493818158822
2016-12-06,validation,-0.022751514561221667,-0.004168635198594924,-0.7,-0.04747489778460301
2016-12-07,validation,-0.021609169717679528,-0.0025346482704903493,-0.3,-0.01703881092082482
2016-12-08,validation,-0.020361989429635106,-0.0016561995458677567,0.1,0.013556270605739884
2016-12-09,validation,-0.018202969091178346,-0.001049733158660801,0.5,0.021255906024622795
2016-12-12,validation,-0.01715014344298707,0.0006629279188116412,-0.2,-0.014749950588999916
2016-12-13,validation,-0.016097317794795795,0.0023755889962840835,0.3,-0.004305341021131226
2016-12-14,validation,-0.015844138057417353,0.003394607591551859,0.1,-0.004302981892572777
2016-12-15,validation,-0.015844138057417353,0.003394607591551859,0.3,0.017184685291803337
2016-12-16,validation,-0.01617900559269382,0.004567489680016473,0.1,0.010443778960369299
2016-12-19,validation,-0.01628094719941984,0.0059777651033241005,0.5,0.025718843800347946
2016-12-20,validation,-0.01628094719941984,0.0059777651033241005,0.9,0.03883347488999378
2016-12-21,validation,-0.016383191303495193,0.0073922253201727,1.0,0.033374591151408894
2016-12-22,validation,-0.018074319519107946,0.006133710522427416,0.8,0.037234067325019604
2016-12-23,validation,-0.021355288826909038,0.007323176562254653,1.0,0.035939936734469935
2016-12-26,validation,-0.022569416007872035,0.0070787713649109255,1.0,0.03999962239511462
2016-12-27,validation,-0.025613486329865667,0.007512330026619148,1.0,0.031234889764247376
2016-12-28,validation,-0.025852609688314907,0.008516743128500065,0.7,0.011530940074987672
2016-12-29,validation,-0.027043584206965374,0.008258360518182708,0.1,0.00044112415813069017
2016-12-30,validation,-0.02955963487502021,0.010167088611189822,0.4,-0.0072214827658135805
2017-01-02,validation,-0.03105769722680458,0.012012192434430035,0.4,0.004341162425664624
2017-01-03,validation,-0.03178705636324337,0.012968463302205326,0.7,0.012700169961602392
2017-01-04,validation,-0.033453907067053985,0.015234749274894214,0.7,0.009707760109856634
2017-01-05,validation,-0.03574648406030771,0.017858593127264875,0.2,-1.2820218895370772e-06
2017-01-06,validation,-0.03860519436305757,0.020244065059847688,0.8,0.02065476174366221
2017-01-09,validation,-0.040548563042501214,0.022374302223921394,0.8,0.022055625185808225
2017-01-10,validation,-0.042958487189151025,0.023651693711489875,0.5,0.017591496354801672
2017-01-11,validation,-0.045179655892620615,0.025609482726801015,1.0,0.019354739999186354
2017-01-12,validation,-0.047186263264272235,0.026284559452762698,0.4,0.005256733905321331
2017-01-13,validation,-0.04943552580114539,0.027722612550107825,0.9,0.007794398397655056
2017-01-16,validation,-0.05205351990144038,0.02952939721087479,-0.1,0.0009565364440705659
2017-01-17,validation,-0.054560894532708806,0.02923441196013733,-0.3,-0.014960057265058224
2017-01-18,validation,-0.05710514232031943,0.02890255355305768,-0.8,-0.017962111979645368
2017-01-19,validation,-0.05970469984244333,0.029990311665152074,-0.7,-0.01137108289061639
2017-01-20,validation,-0.062396440255422674,0.03024842375954736,-0.8,-0.02151430159967871
2017-01-23,validation,-0.0629864107568976,0.02965845325807243,-0.9,-0.02046391087759525
2017-01-24,validation,-0.06372387388374126,0.02965845325807243,-0.9,-0.015159890691680555
2017-01-25,validation,-0.06431384438521619,0.03054340901028482,0.0,0.0007791751102732558
2017-01-26,validation,-0.06398198597813654,0.03013780429052081,0.3,0.008223253633341754
2017-01-27,validation,-0.06464136477390263,0.029478425494754712,0.3,0.011742644180988138
2017-01-30,validation,-0.06530074356966872,0.02881904669898862,0.3,0.004737426502288256
2017-01-31,validation,-0.06565604793330208,0.028709563377636478,-0.6,-0.007263720609299806
2017-02-01,validation,-0.06601135229693544,0.028600080056284338,-0.5,-0.018265582746797904
2017-02-02,validation,-0.06557755045761565,0.02903388189560414,-0.6,-0.022061001383992362
2017-02-03,validation,-0.06543294984450904,0.029670124593273176,-0.1,-0.004987539156629195
2017-02-06,validation,-0.06528834923140245,0.030306367290942212,-0.2,0.006206250967779103
2017-02-07,validation,-0.06508590837305321,0.03149209231841633,-0.2,0.018968104492501803
2017-02-08,validation,-0.06558787907283754,0.032465047872319304,-0.2,0.017055918660160208
2017-02-09,validation,-0.06435536486171914,0.03310384410255907,0.1,0.004239929087220318
2017-02-10,validation,-0.06311920415885186,0.0337445302624741,0.1,0.0009257164372827309
2017-02-13,validation,-0.06187938075760571,0.03438711475175184,0.2,0.000440760843434973
2017-02-14,validation,-0.058830647814135925,0.033732143991517916,0.1,0.005278327046399689
2017-02-15,validation,-0.05758262206905304,0.03437566349298901,0.2,0.003407810470816841
2017-02-16,validation,-0.056330887480745544,0.035021095385252,0.0,0.003885867382283359
2017-02-17,validation,-0.055521856063306174,0.03522201963433719,0.1,0.0015523935295533309
2017-02-20,validation,-0.054965699257149364,0.03631930198161954,-0.4,-0.010112716292838775
2017-02-21,validation,-0.05440954245099256,0.03741658432890189,-0.1,-0.0002169689740760261
2017-02-22,validation,-0.05685330969739139,0.039842946952632935,-0.7,-0.009832181336103696
2017-02-23,validation,-0.0592947035861537,0.04213640154871911,-0.2,-0.0006099135637531172
2017-02-24,validation,-0.06018091556668975,0.04316263261878373,0.8,0.009305427342739148
2017-02-27,validation,-0.06106155504643503,0.044043272098529034,0.5,0.011594879522247914
2017-02-28,validation,-0.06209471193495313,0.046261707135224324,0.2,-0.002546661435941955
2017-03-01,validation,-0.06408506411943819,0.04874229384790767,-0.3,-0.002022145293826494
2017-03-02,validation,-0.06588437339384355,0.05042038149352218,-0.6,-0.010917456528781566
2017-03-03,validation,-0.06598263578718791,0.05074792280467005,-0.3,-0.004922876327551617
2017-03-06,validation,-0.06729858117256435,0.051036929843918166,-0.6,-0.014841832076961714
2017-03-07,validation,-0.0685152716151687,0.051807323355610876,-0.7,-0.023848271499771367
2017-03-08,validation,-0.06877826802088449,0.051894988824182815,-0.1,-0.008884726876845606
2017-03-09,validation,-0.06917968358750333,0.05212107345365778,-0.1,-0.0008106460638124258
2017-03-10,validation,-0.06907558084357415,0.051830681589013265,-0.1,0.003804731770037484
2017-03-13,validation,-0.07018601011215193,0.05159690700615479,-0.1,-0.008883052977526285
2017-03-14,validation,-0.0711174557157287,0.051783196126870136,-0.6,-0.02642439544461811
2017-03-15,validation,-0.07270121429080838,0.05237758727092377,-0.5,-0.024835952525339766
2017-03-16,validation,-0.0740424959599589,0.05356983764350201,-0.5,-0.02727821150133708
2017-03-17,validation,-0.07562047439425364,0.05497248514065289,-0.1,-0.007490525566594519
2017-03-20,validation,-0.07625970176925728,0.056196148972802736,-0.1,-0.014179514400099236
2017-03-21,validation,-0.07766234926640816,0.05479350147565186,-0.3,-0.003350055216597536
2017-03-22,validation,-0.07766234926640816,0.05330318850992906,-0.3,-0.0012988395781791673
2017-03-23,validation,-0.07688797096068944,0.0513453263784893,0.1,-0.004946398050400536
2017-03-24,validation,-0.07723863283497716,0.050994664504201585,-0.5,-0.027660705435148758
2017-03-27,validation,-0.07750162924069295,0.04924135513276299,-0.1,0.011166690271870061
2017-03-28,validation,-0.07544841168729775,0.04682363378898977,-0.6,-0.03126433314550242
2017-03-29,validation,-0.07384121143014571,0.043463124160399144,-0.9,-0.03635744566202537
2017-03-30,validation,-0.06991779721388271,0.03943820255947389,-0.9,-0.02961298624318265
2017-03-31,validation,-0.06669570674619511,0.03471195720997319,-0.8,-0.03256510980718069
2017-04-03,validation,-0.06291840164421865,0.030044155506187123,-0.9,-0.03150360999977159
2017-04-04,validation,-0.058761212845097145,0.025259466510971808,-0.9,-0.03444844138066505
2017-04-05,validation,-0.05600667154312651,0.020562442984328425,0.6,0.04083551516834488
2017-04-06,validation,-0.05305592657339966,0.01581323763115413,0.2,-0.004325344863496006
2017-04-07,validation,-0.050105181603672805,0.011064032277979838,0.6,0.04604721287382196
2017-04-10,validation,-0.04715443663394595,0.006314826924805545,0.2,-0.0006388088837130934
2017-04-11,validation,-0.043900467814050395,0.001620459927512826,-0.2,-0.010466802503131478
2017-04-12,validation,-0.040955181866176006,-0.0030987208054729133,-0.4,-0.05773205424832967
2017-04-13,validation,-0.03800989591830162,-0.007817901538458653,0.6,0.08946385212939273
2017-04-14,validation,-0.03451008827699268,-0.012018044220050862,-0.3,-0.01578765264746368
2017-04-17,validation,-0.03376766130505751,-0.014504628673848429,-0.4,-0.03640242629809609
2017-04-18,validation,-0.033428953812847786,-0.015656234147361503,-0.4,-0.025142690237806076
2017-04-19,validation,-0.03259347533206379,-0.017304610609448844,-0.7,-0.01947689696528121
2017-04-20,validation,-0.0332587936203329,-0.019832820104871453,-0.4,-0.020436700744578984
2017-04-21,validation,-0.03199468887262159,-0.02091063573186741,-0.7,-0.025087832253151754
2017-04-24,validation,-0.029830347267585676,-0.02145942798750634,-0.9,-0.028839755148440727
2017-04-25,validation,-0.027493340012545636,-0.021847564441216563,-1.0,-0.029221504635683626
2017-04-26,validation,-0.02480493230967313,-0.023133324646938198,-1.0,-0.032122269666932324
2017-04-27,validation,-0.021795084555370214,-0.025091186778377957,-0.9,-0.027361767191973585
2017-04-28,validation,-0.019010983410613334,-0.02592641712180502,-0.9,-0.025426180816102206
2017-05-01,validation,-0.017520670444890533,-0.025330291935515902,-0.8,-0.016171503665215747
2017-05-02,validation,-0.016030357479167732,-0.02413804156293766,-0.6,-0.014413198302532071
2017-05-03,validation,-0.013739292202770268,-0.025286160053592823,-0.3,-0.003395149871165848
2017-05-04,validation,-0.012306173265337263,-0.025157064961167278,0.1,-0.004426600931915714
2017-05-05,validation,-0.011090391635405502,-0.025431596296958323,0.1,0.001957241216757666
2017-05-08,validation,-0.010376283339329993,-0.02378604239730606,0.3,0.008264832207243278
2017-05-09,validation,-0.00925854861503789,-0.02356249545244764,0.5,0.022971304483933863
2017-05-10,validation,-0.00717211046302597,-0.0231154015627308,0.6,0.0298293006787011
2017-05-11,validation,-0.0051850265087289,-0.022568953475299105,0.6,0.019805356213088876
2017-05-12,validation,-0.0034094078219799252,-0.022742205589879952,0.6,0.020912657459867035
2017-05-15,validation,-0.001134719611139856,-0.023448143310485496,0.7,0.022405950849988365
2017-05-16,validation,0.00038481517744025557,-0.023915692476202455,0.6,0.014060782972713237
2017-05-17,validation,0.0009794806310452551,-0.022540817933827152,-0.6,-0.020702086750736315
2017-05-18,validation,0.0022326134631254543,-0.021287685101746952,-0.1,-0.005990625957536189
2017-05-19,validation,0.002229296058276828,-0.019770169967866198,0.2,-0.005496735855418322
2017-05-22,validation,0.0022259884973595033,-0.01825715784625215,0.2,-0.009817385346228225
2017-05-23,validation,0.0030070044621128703,-0.01744579647950825,0.2,0.002990437186907613
2017-05-24,validation,0.003785709728745665,-0.016636835590180747,0.2,0.0033804473153196124
2017-05-25,validation,0.003958217224425344,-0.014491941506729862,-0.1,0.0007749480050938673
2017-05-26,validation,0.005610014660933426,-0.013826337364107384,-0.2,-0.0034347546346882307
2017-05-29,validation,0.0082571650813632,-0.01413776682533442,-0.2,-0.0027124330292868093
2017-05-30,validation,0.009269310830351053,-0.013125621076346565,-0.5,-0.021879284345980077
2017-05-31,validation,0.010826458136486215,-0.013047763711039807,-0.3,-0.0019447385656644611
2017-06-01,validation,0.0130843217303822,-0.013748479998800635,-0.3,0.004496511236581069
2017-06-02,validation,0.013343846281404725,-0.012995858800835307,-0.6,-0.041557670180996154
2017-06-05,validation,0.013139279870598732,-0.012214231917755697,-0.9,-0.08323941241175914
2017-06-06,validation,0.013864421998455794,-0.011982186436841439,-0.3,-0.022898597531963882
2017-06-07,validation,0.013917599087831977,-0.011929009347465254,-0.6,-0.04609222851359307
2017-06-08,validation,0.013161924659854617,-0.011205393834614209,-0.6,-0.04492987545557725
2017-06-09,validation,0.012509296744783266,-0.01037873180885716,0.1,-0.01901580701220651
2017-06-12,validation,0.013379467298211737,-0.01098785119625709,0.0,-0.021492824724053283
2017-06-13,validation,0.013466484353554587,-0.010900834140914244,0.1,-0.012750986127814445
2017-06-14,validation,0.015338768614502814,-0.01149403311468002,-0.6,-0.040583534299894586
2017-06-15,validation,0.011290185618551395,-0.006666876465661021,-0.5,-0.02734071435064578
2017-06-16,validation,0.006294338011367755,-0.0020473394574600434,-0.2,0.01122169834464165
2017-06-19,validation,0.0012984904041841124,0.0025721975507409342,0.2,0.0034535324989452
2017-06-20,validation,-0.003450808879528129,0.006698637911999112,0.6,0.022305580111655787
2017-06-21,validation,-0.0068444740378991705,0.009222132516941681,0.3,0.006685230899741712
2017-06-22,validation,-0.008606267266038553,0.010788741655666205,-0.3,-0.0024542246750506314
2017-06-23,validation,-0.011048043931188,0.010812448225230762,-0.1,0.005966554192625706
2017-06-26,validation,-0.013126094086161232,0.010460236334557333,-0.7,-0.014821909961483304
2017-06-27,validation,-0.015697240888077266,0.010601121090826705,-0.1,-0.01073304940150105
2017-06-28,validation,-0.015735171399380556,0.009823545609109212,0.5,0.006823963649369769
2017-06-29,validation,-0.01675929520456945,0.008799421803920317,0.6,0.010000171988784667
2017-06-30,validation,-0.017351959443683396,0.007836935079599275,0.1,-0.0061825425458332806
2017-07-03,validation,-0.018683320390428956,0.006505574132853712,0.9,0.016109889442928238
2017-07-04,validation,-0.01971434065221845,0.005071111159929201,-0.1,0.007429794411306756
2017-07-05,validation,-0.021971206074764344,0.005033180648625908,0.0,0.0073495609532046036
2017-07-06,validation,-0.02447461982078164,0.005488346784265416,0.6,0.006913426754308172
2017-07-07,validation,-0.02559356990422877,0.005109041671232493,0.2,0.005378351891105915
2017-07-10,validation,-0.027284186979461226,0.00532036880563655,0.7,0.004137481433316825
2017-07-11,validation,-0.028599111371308696,0.005484734354617484,0.6,0.010161717733425557
2017-07-12,validation,-0.03225840754072633,0.0077425979485134695,0.6,0.020576427753824622
2017-07-13,validation,-0.03591770371014395,0.010000461542409456,0.7,0.037057599630921756
2017-07-14,validation,-0.03875300943006506,0.01160302564497356,0.7,0.037139128910133934
2017-07-17,validation,-0.040971944341307666,0.01234267061538776,0.6,0.02495550330879731
2017-07-18,validation,-0.04393052422296447,0.013821960556216166,0.3,0.005858369454528833
2017-07-19,validation,-0.0475898203923821,0.01607982415011215,-0.1,0.010177518065928148
2017-07-20,validation,-0.04829864682236238,0.016110642690546077,-0.1,-0.0018914911997032213
2017-07-21,validation,-0.049007473252342657,0.016141461230980002,0.2,-0.013950171152112223
2017-07-24,validation,-0.04866520616799412,0.015793393009608612,0.2,-0.009355513695000373
2017-07-25,validation,-0.050572329964258186,0.01733794574194415,-0.1,-0.013564355514025628
2017-07-26,validation,-0.05257553509246332,0.018293320495395827,-0.2,-0.019708873739518074
2017-07-27,validation,-0.054902334895224655,0.020034568029912592,-0.1,-0.01240670078708156
2017-07-28,validation,-0.05675144732126016,0.020650938838591093,-0.6,-0.030248457636415094
2017-07-31,validation,-0.059401841798577715,0.020959124242930345,-1.0,-0.05351934264723057
2017-08-01,validation,-0.05979220997740744,0.019829111093686427,-0.9,-0.04858485128326234
2017-08-02,validation,-0.06031612516478416,0.0185655509358955,-0.9,-0.04503117221926861
2017-08-03,validation,-0.06305897526340348,0.019520925689347175,-0.9,-0.03734559579716912
2017-08-04,validation,-0.06438598535738191,0.019180108889254355,-0.6,-0.025743089426714605
2017-08-07,validation,-0.06616620928127098,0.019248997391400777,-0.9,-0.02927269796553089
2017-08-08,validation,-0.06743520800502084,0.01797999866765092,0.0,-0.029586633362389758
2017-08-09,validation,-0.0684576584052993,0.01769719323778667,-0.8,-0.03555822243612228
2017-08-10,validation,-0.0695671258609206,0.01732737075257957,-0.8,-0.03627098305007592
2017-08-11,validation,-0.07053837683217157,0.016684850879290464,-1.0,-0.06741728550783649
2017-08-14,validation,-0.07142261074807969,0.01612934806134421,-0.6,-0.03964851201049796
2017-08-15,validation,-0.072098003731165,0.015486828188055104,-0.6,-0.031957016304407004
2017-08-16,validation,-0.07306925470241596,0.014844308314766,-0.6,-0.04306021070021482
2017-08-17,validation,-0.07290488915343502,0.014679942765785067,-0.8,-0.018998730780256934
2017-08-18,validation,-0.07374165922097432,0.014171903796207634,-0.7,-0.012944096187717857
2017-08-21,validation,-0.07374165922097432,0.014171903796207634,-0.5,-0.00567233231882347
2017-08-22,validation,-0.07371177457570506,0.01387305734351503,-0.7,-0.008743198105604533
2017-08-23,validation,-0.0722735760221219,0.01268140711340326,-0.6,-0.009231410271584584
2017-08-24,validation,-0.07095865163027443,0.011366482721555791,-0.6,-0.012959878890923426
2017-08-25,validation,-0.06879201484825304,0.01016362574946805,0.6,0.0058712260469990785
2017-08-28,validation,-0.06613228141928883,0.010193510394737312,1.0,0.02411934011047695
2017-08-29,validation,-0.06475385215624417,0.008613359776125153,0.3,0.014846617095434389
2017-08-30,validation,-0.06380875024960381,0.006928612899070583,0.3,0.011328221578917552
2017-08-31,validation,-0.0636854760878681,0.006065693766920681,0.6,0.021711979598183218
2017-09-01,validation,-0.06356220192613242,0.004463129664356579,0.7,0.029625679020248763
2017-09-04,validation,-0.062426585405900514,0.001982704107007945,0.7,0.03727698980318056
2017-09-05,validation,-0.06234440263141004,-0.0005649619021965261,0.7,0.0504987587662562
2017-09-06,validation,-0.06150763256387074,-0.0030155028142759,0.7,0.049470505752416905
2017-09-07,validation,-0.06065498627853215,-0.004607794070028695,0.6,0.05956842471048368
2017-09-08,validation,-0.05915944040428805,-0.005648173808633286,0.5,0.0677522152850174
2017-09-11,validation,-0.057680150463459645,-0.00786710871987589,0.5,0.030402754879647942
2017-09-12,validation,-0.056156912514882334,-0.009959912848879114,0.6,0.02013944021411973
2017-09-13,validation,-0.054258490424152546,-0.012055573598386016,0.7,0.023485018346718234
2017-09-14,validation,-0.05203665494439852,-0.01328541464723159,0.6,0.015747042221118668
2017-09-15,validation,-0.04961758080586737,-0.013824920390357244,0.6,0.012641073655188628
2017-09-18,validation,-0.048138290865038964,-0.013824920390357244,0.6,0.015223590826204836
2017-09-19,validation,-0.046560381594822,-0.014219397707911486,0.6,0.01575017881374685
2017-09-20,validation,-0.04675762025359912,-0.013430443072803002,0.6,0.01615748496771019
2017-09-21,validation,-0.046831584750640545,-0.012518214275958823,0.2,0.0013210622503749825
2017-09-22,validation,-0.04778877235941186,-0.010516822003073337,0.6,0.019495137412862906
2017-09-25,validation,-0.05055011358229155,-0.010023725356130535,0.6,0.012637762489134174
2017-09-26,validation,-0.05234319229844719,-0.008427885298752017,-0.2,0.006838385314784201
2017-09-27,validation,-0.05500591419193831,-0.006652737369757934,-0.1,-0.008995621816056065
2017-09-28,validation,-0.056781062120932396,-0.005173447428929531,-0.7,-0.03435947946393203
2017-09-29,validation,-0.059520983760958455,-0.002868611065617706,-0.2,-0.005865038753870233
2017-10-02,validation,-0.06239166762711743,-0.001032463301868132,-0.5,-0.019902595056173977
2017-10-03,validation,-0.06464235497395862,0.0006840360107850271,-0.7,-0.024090583853645042
2017-10-04,validation,-0.06643543369011426,0.002447230081671406,-0.5,-0.008890994163028632
2017-10-05,validation,-0.06872534463387137,0.003526812892023447,-0.9,-0.024477052040881797
2017-10-06,validation,-0.07141847854872474,0.00609337654455995,-0.4,-0.023250148862981712
2017-10-09,validation,-0.07373453855709243,0.008543917456639323,-0.4,-0.010513261781577632
2017-10-10,validation,-0.07632329595354213,0.010836816864923349,-0.3,-0.007980097372824901
2017-10-11,validation,-0.07955924269910426,0.013222171894509149,0.0,-0.007421738378034615
2017-10-12,validation,-0.08188790516090283,0.015437042822397827,0.2,-0.0007559104622092416
2017-10-13,validation,-0.08394387023461938,0.017513697265916176,0.2,-0.005819798545713906
2017-10-16,validation,-0.08557258340179409,0.01944125688578349,-0.5,-0.027213872214598145
2017-10-17,validation,-0.0873507197953151,0.02163030715175683,-0.7,-0.024045178233065345
2017-10-18,validation,-0.08937540451230751,0.022833164123844573,-0.7,-0.01619004258191553
2017-10-19,validation,-0.09113206131704123,0.024219998443371204,-0.3,-0.015116436139629874
2017-10-20,validation,-0.09315674603403365,0.025422855415458943,0.0,-0.0070510989569567695
2017-10-23,validation,-0.09530470491276175,0.02650243822581098,-0.3,-0.017322916078324424
2017-10-24,validation,-0.0969689060961937,0.028536461894450034,-0.3,-0.015591293319611843
2017-10-25,validation,-0.09875638144136135,0.03044721140135339,-0.6,-0.012207701975533669
2017-10-26,validation,-0.09935967771773456,0.03199560958436696,0.0,0.0215833629954576
2017-10-27,validation,-0.10007321757154591,0.03424064961221242,0.4,0.010648887887412473
2017-10-30,validation,-0.10101985765845749,0.03602845456743819,0.7,0.018037430750643513
2017-10-31,validation,-0.10225908738959005,0.03774780471796243,0.9,0.0202842044368845
2017-11-01,validation,-0.1006309351187044,0.039169152126059974,0.5,0.012257834175951221
2017-11-02,validation,-0.09925340669915861,0.03960302259981701,-0.1,-0.002093669095002415
2017-11-03,validation,-0.09861631282576762,0.0405265331212704,0.7,0.015855209788984526
2017-11-06,validation,-0.09840591939004281,0.040905241305575046,0.2,0.007082822013975032
2017-11-07,validation,-0.0983284060189863,0.04098275467663155,0.2,0.01116990128083617
2017-11-08,validation,-0.0983284060189863,0.04098275467663155,0.5,0.012475752621491643
2017-11-09,validation,-0.09881932403567752,0.04196459071001398,-0.1,-0.00829769463282104
2017-11-10,validation,-0.09850927055145148,0.042274644194240006,0.2,-0.004891230020432735
2017-11-13,validation,-0.09790449589815346,0.042248238540363615,-0.1,-0.01391696031375883
2017-11-14,validation,-0.09722625390140902,0.04219010351207124,-0.1,-0.011329172499943752
2017-11-15,validation,-0.09654801190466458,0.042131968483778856,-0.6,-0.03896622364413105
2017-11-16,validation,-0.09516128917851081,0.04267711746703341,-0.6,-0.02754478203751798
2017-11-17,validation,-0.09497533538430959,0.043190349939028774,-0.2,-0.032497287507759876
2017-11-20,validation,-0.09410507162744788,0.04422425303478754,0.1,-0.024239595167512284
2017-11-21,validation,-0.09207641360313062,0.04347104229785461,0.1,-0.016318830648775595
2017-11-22,validation,-0.09199459393368208,0.045025616017376785,0.1,-0.02153968269758194
2017-11-23,validation,-0.09301733980178878,0.04694837824941737,-0.9,-0.031165501530725892
2017-11-24,validation,-0.09367189715737706,0.048502951968939535,-0.6,-0.027565989795768187
2017-11-27,validation,-0.09487873728174295,0.050241619944720914,-0.7,-0.018578647040085494
2017-11-28,validation,-0.0953901102157963,0.05120300106074121,-0.7,-0.012110980023608331
2017-11-29,validation,-0.09516510612481283,0.0521643821767615,-0.6,-0.020118311845367443
2017-11-30,validation,-0.0939142530977637,0.052924317187119416,0.6,0.002437705837190718
2017-12-01,validation,-0.09446653586654133,0.05458116549345226,0.6,0.00783299719238062
2017-12-04,validation,-0.09409834735402291,0.05642210805604431,0.8,0.004366213370512906
2017-12-05,validation,-0.0937301588415045,0.058263050618636354,0.3,0.005302782226730529
2017-12-06,validation,-0.0939142530977637,0.060288087437487606,0.3,0.00290417029422374
2017-12-07,validation,-0.0935677227330405,0.061616453835593235,1.0,0.023004834054330292
2017-12-08,validation,-0.0935677227330405,0.06259828986897567,0.8,0.011748413747236786
2017-12-11,validation,-0.0939575693933541,0.06466303329211812,0.3,0.012328801853253024
2017-12-12,validation,-0.0943474160536677,0.06672777671526058,0.1,0.0033094506082268493
2017-12-13,validation,-0.09343017449616571,0.06764501827276256,0.1,-0.000305100572950856
2017-12-14,validation,-0.09308567062480345,0.06798952214412482,0.7,0.006687567246443038
2017-12-15,validation,-0.09125118750979945,0.06687849715898156,0.1,-0.008066299396197185
2017-12-18,validation,-0.08925037361940336,0.06519742592419354,0.1,-0.013475894652655085
2017-12-19,validation,-0.08724955972900726,0.06351635468940556,0.1,-0.010611320414469216
2017-12-20,validation,-0.08564761672717278,0.06217278959109276,-0.4,-0.014334268179882703
2017-12-21,validation,-0.08319302664371671,0.061681871574401546,0.1,-0.013156308584593823
2017-12-22,validation,-0.08079619162104786,0.060642280480231917,-0.1,-0.018362885723719913
2017-12-25,validation,-0.07834160153759179,0.06015136246354071,0.6,0.027501583629814363
2017-12-26,validation,-0.07588701145413572,0.059660444446849495,0.6,0.034583108905030135
2017-12-27,validation,-0.07349017643146687,0.05862085335267987,0.1,-0.0013924947757599782
2017-12-28,validation,-0.07384825780834751,0.05796822116578449,0.6,0.04089281768439079
2017-12-29,validation,-0.07383291662032591,0.05761537384128768,-0.2,0.0006603208701563279
2018-01-01,validation,-0.07540385427373779,0.05795901645297153,0.8,0.04782107188471463
2018-01-02,validation,-0.07642250915837207,0.05738218778335936,0.9,0.039080549343111726
2018-01-03,validation,-0.07754548412155321,0.05758469146524449,0.8,0.03738237349289042
2018-01-04,validation,-0.07940988967759005,0.05694758095093566,0.6,0.017468938339967877
2018-01-05,validation,-0.0812742952336269,0.05631047043662685,0.0,-0.0213591585252495
2018-01-08,validation,-0.08335347742196615,0.055704042298361234,0.1,-0.017695725127860773
2018-01-09,validation,-0.0859114186668309,0.05609160915364377,0.3,0.013279607433823115
2018-01-10,validation,-0.08776717996212492,0.05570860190842338,0.3,0.00620464071065846
2018-01-11,validation,-0.08999074980243219,0.05593962215157219,0.7,0.031049388711658577
2018-01-12,validation,-0.09254869104729692,0.056327189006854725,0.3,0.005085703865521707
2018-01-15,validation,-0.09357358074312519,0.056553952428593866,-0.6,-0.01499137848396781
2018-01-16,validation,-0.09459546048389966,0.056780049878462996,0.1,-0.004504928859826063
2018-01-17,validation,-0.09507413668785133,0.05754569110799759,0.3,0.025618250593444303
2018-01-18,validation,-0.0966302429838312,0.05869438740675293,0.2,-0.003801332574912275
2018-01-19,validation,-0.09718149147439041,0.05937804442731862,0.6,0.04645804253670549
2018-01-22,validation,-0.09849947469851539,0.060751215165380935,0.6,0.05041574822592593
2018-01-23,validation,-0.09981361540595195,0.06212038249021274,0.6,0.045912708232757726
2018-01-24,validation,-0.10051104444964204,0.06264284573488338,0.5,0.04573497814862976
2018-01-25,validation,-0.10181844118736058,0.06400528345910593,0.9,0.06134332408385523
2018-01-26,validation,-0.10139267186624243,0.06338131117815692,0.9,0.05682528038759538
2018-01-29,validation,-0.10229871149292541,0.0635653878305437,0.6,0.028143348142420477
2018-01-30,validation,-0.10250012607479059,0.06380809469570696,0.7,0.025038187907820975
2018-01-31,validation,-0.10272367116142989,0.0637056736400754,0.5,0.03232000266779761
2018-02-01,validation,-0.10290535720794151,0.06352398759356377,0.6,0.027060098471819838
2018-02-02,validation,-0.10359985165198597,0.06331398927355034,0.0,-0.00665817556796694
2018-02-05,validation,-0.10393275008769957,0.062358167249796856,0.5,0.08091411985668423
2018-02-06,validation,-0.1043534967217265,0.061210676429723415,-0.3,-0.006571087652776086
2018-02-07,validation,-0.1048079930857556,0.05930269169360131,-0.7,-0.03935150003060334
2018-02-08,validation,-0.10740897227792205,0.0596086892456209,0.3,0.025024443559130805
2018-02-09,validation,-0.10778126929954589,0.058654996875159855,-0.3,-0.02442908571622604
2018-02-12,validation,-0.10678677725548223,0.05674251217503745,0.0,0.014736704056165395
2018-02-13,validation,-0.10464479439134515,0.053070541550802444,0.7,0.025490418424622685
2018-02-14,validation,-0.10655727909146755,0.05406503359486609,0.3,0.018531570171941514
2018-02-15,validation,-0.1070162754194969,0.053606037266836715,1.0,0.046416974995452276
2018-02-16,validation,-0.10962044208616359,0.05463559153040261,0.4,0.021316731804021993
2018-02-19,validation,-0.11052887231872172,0.05372716129784447,0.6,0.024249377082719292
2018-02-20,validation,-0.11146936479478191,0.052786668821784274,0.5,0.02096134345226347
2018-02-21,validation,-0.1135925978089178,0.05260142030377242,0.5,0.01617619842761797
2018-02-22,validation,-0.11660476121161058,0.053222977831312204,-0.1,-0.004882372819168257
2018-02-23,validation,-0.11961692461430336,0.053844535358851975,0.5,0.029189358033054724
2018-02-26,validation,-0.12221243956446948,0.054155997152871914,0.4,0.024856268431998174
2018-02-27,validation,-0.12483441858863728,0.05540998712095217,0.4,0.023701868128064074
2018-02-28,validation,-0.12781789472082822,0.0567869761050403,0.1,-0.017930514149967436
2018-03-01,validation,-0.12952788104093765,0.056530478157023875,0.0,-0.0027926387123616836
2018-03-02,validation,-0.13109541568736208,0.056689374892255895,-0.3,-0.007381560814001986
2018-03-05,validation,-0.13230316148391097,0.05548162909570698,-0.4,-0.014282782312588171
2018-03-06,validation,-0.13000483925913506,0.05195753501771725,-0.3,-0.015530927595646282
2018-03-07,validation,-0.12747668481188157,0.04866327316220511,-0.1,-0.01628316158471871
2018-03-08,validation,-0.1280585616291066,0.0485665977035439,-0.1,-0.014331823826219836
2018-03-09,validation,-0.12769083007314241,0.04835208762923148,0.4,0.04399102366242741
2018-03-12,validation,-0.1287793410157099,0.04981088381912396,0.7,0.04904256529079776
2018-03-13,validation,-0.12903471015179613,0.04955551468303775,0.1,-0.013186090246881499
2018-03-14,validation,-0.12850307804121666,0.04960194543505343,0.1,-0.011736027491865142
2018-03-15,validation,-0.12796343535034435,0.04930981436838777,0.5,0.030062719295547213
2018-03-16,validation,-0.12841613518249717,0.04885711453623495,0.7,0.03312983500528449
2018-03-19,validation,-0.1269550589110325,0.048134784694162526,0.5,0.03993515880203774
2018-03-20,validation,-0.12775627957550298,0.04769746504861488,0.6,0.04876748334140474
2018-03-21,validation,-0.12860879328874458,0.04804341972981499,0.5,0.03547183523563674
2018-03-22,validation,-0.1269422959934964,0.04606697719000962,0.6,0.005731555342053829
2018-03-23,validation,-0.12844914290751547,0.04720794292355067,0.1,-0.008724570300152223
2018-03-26,validation,-0.1286906888012353,0.045517121667512025,-0.6,-0.014712642016342148
2018-03-27,validation,-0.12809318053782315,0.0432160792062865,-0.1,0.0011687333662898092
2018-03-28,validation,-0.12776772922839014,0.04093283486354559,-0.6,-0.011684021986976434
2018-03-29,validation,-0.12731148070562837,0.04024045738906868,-0.8,-0.0461797588309551
2018-03-30,validation,-0.12724792846954122,0.038857643625982353,-0.2,-0.014815240563958332
2018-04-02,validation,-0.12845216739054316,0.03789425248918081,-0.1,-0.007429291122899806
2018-04-03,validation,-0.12838706084789206,0.03651681970540614,-0.6,-0.03184316998100695
2018-04-04,validation,-0.12866781771011745,0.035358039320129236,-0.6,-0.020897306409892735
2018-04-05,validation,-0.12841943805304384,0.034137111474795506,-0.9,-0.014504676764456714
2018-04-06,validation,-0.1275869670326273,0.032341388219070503,-0.7,-0.0391571572212524
2018-04-09,validation,-0.12751134694793284,0.029543445085374195,0.0,-0.025126961441344853
2018-04-10,validation,-0.12689693375979005,0.02656590425052846,-0.9,-0.025804821030198044
2018-04-11,validation,-0.1262825205716473,0.02358836341568273,0.0,-0.03308234628087087
2018-04-12,validation,-0.12656609588925163,0.021149615684285267,0.1,-0.024124300180781155
2018-04-13,validation,-0.12720886660915484,0.019070063355186663,0.0,-0.017617582764866968
2018-04-16,validation,-0.12753734135204656,0.016945611600800697,0.1,0.009615972782188342
2018-04-17,validation,-0.1279123077043232,0.016363352633096698,0.9,0.04772683777873882
2018-04-18,validation,-0.12813198921191016,0.01557880628261948,0.4,0.03052903207154234
2018-04-19,validation,-0.12884281612290885,0.015377692110541342,0.1,0.010184913713672583
2018-04-20,validation,-0.12893292523118927,0.015240283863514737,0.4,0.027670619781752614
2018-04-23,validation,-0.12816224853945996,0.01601096055524406,0.4,0.027117820792541214
2018-04-24,validation,-0.1281058575620163,0.01678163724697338,0.1,0.0009094112642910601
2018-04-25,validation,-0.126772524228683,0.016972113437449574,0.1,-0.017171078671965878
2018-04-26,validation,-0.12564157184773062,0.01738878010411624,-0.3,-0.0018569765142304462
2018-04-27,validation,-0.1255099929003622,0.018234644765770372,0.0,-0.004601887823727779
2018-04-30,validation,-0.12403756182266795,0.01804040917679794,-0.7,-0.029526657405020473
2018-05-01,validation,-0.12147607568975326,0.017689807397624734,-0.6,-0.025405569335742118
2018-05-02,validation,-0.12040924301919208,0.01778998183487789,-0.9,-0.044850640693082755
2018-05-03,validation,-0.11841209608623916,0.01807528853958545,-0.7,-0.04842602554326819
2018-05-04,validation,-0.11555902903916355,0.018788555301354353,-0.6,-0.04984705525494276
2018-05-07,validation,-0.11502407896783688,0.02110667227710328,-0.7,-0.05418200735657358
2018-05-08,validation,-0.11349834102622464,0.0213427214431091,-0.6,-0.05297557771964051
2018-05-09,validation,-0.1108874901181601,0.02135595210649456,-0.6,-0.04908943954305023
2018-05-10,validation,-0.10897565925896083,0.02255553225344313,-0.6,-0.043538160005418824
2018-05-11,validation,-0.10828721593142318,0.023412494511973084,-0.6,-0.05029312494131355
2018-05-14,validation,-0.1074231715906115,0.024799692673177668,-0.6,-0.051994549416131686
2018-05-15,validation,-0.10833462808480922,0.025119125733215716,-0.6,-0.051841619613468115
2018-05-16,validation,-0.11032897565586453,0.028798537027408644,-0.7,-0.04020172544788181
2018-05-17,validation,-0.11141146912357634,0.03268058256678901,-0.7,-0.04434047026900417
2018-05-18,validation,-0.11304228511609446,0.03486864273357258,-0.7,-0.0643146671795462
2018-05-21,validation,-0.11496165624697999,0.03724096100075943,-0.7,-0.06146910310580095
2018-05-22,validation,-0.1163967834893663,0.039493777020784465,-0.9,-0.13304771979330143
2018-05-23,validation,-0.11772066055792423,0.03996659025955515,-0.9,-0.11228381738452525
2018-05-24,validation,-0.11990804390992123,0.04359480974443757,-0.9,-0.11663784619393203
2018-05-25,validation,-0.12198904428319486,0.04754217816549021,-0.9,-0.10799745245028192
2018-05-28,validation,-0.1226913110054866,0.05014960411459325,-0.9,-0.10819534889547827
2018-05-29,validation,-0.12333892186586341,0.05218413380869741,-0.9,-0.12245951887296902
2018-05-30,validation,-0.12348076583749464,0.052467821751959826,-0.8,-0.08174442616229194
2018-05-31,validation,-0.12381030233724388,0.053427775903403335,-0.9,-0.14000912273663435
2018-06-01,validation,-0.12409685581528673,0.054215797968021145,-0.9,-0.09688864487073384
2018-06-04,validation,-0.12272426465546152,0.054041000346415013,-1.0,-0.13794016835265727
2018-06-05,validation,-0.12335918529038217,0.054446268836789886,-0.8,-0.1305014873392784
2018-06-06,validation,-0.12389954327754867,0.05437872408839408,-0.9,-0.13392896662710463
2018-06-07,validation,-0.12443990126471516,0.05431117933999826,-1.0,-0.15225385088368287
2018-06-08,validation,-0.124862055942189,0.05436183790129512,-0.9,-0.12803546092131907
2018-06-11,validation,-0.12469319407119946,0.05358507329474328,-0.9,-0.1022909246747844
2018-06-12,validation,-0.12316499413874421,0.052394597104267096,-0.8,-0.11054496312605466
2018-06-13,validation,-0.1220505057902133,0.053272678833412655,-0.8,-0.1156513335843487
2018-06-14,validation,-0.1212906273707604,0.05450537049163622,-0.9,-0.12318630740089043
2018-06-15,validation,-0.12053074895130753,0.055738062149859796,-0.6,-0.08100482944193427
2018-06-18,validation,-0.11965604445958175,0.057321986499741594,-0.5,-0.07649162504685003
2018-06-19,validation,-0.11845610177027738,0.05903772544952309,-0.8,-0.09213482244289184
2018-06-20,validation,-0.11725615908097298,0.060753464399304596,-0.7,-0.07578349403526852
2018-06-21,validation,-0.11641082632074659,0.0623982813632705,-0.7,-0.07288677758838336
2018-06-22,validation,-0.11613178398913855,0.06423085290798222,-0.7,-0.06194835319498848
2018-06-25,validation,-0.11585274165753051,0.06606342445269393,-0.9,-0.08172138740906643
2018-06-26,validation,-0.11549026169555118,0.06797943362777696,-0.6,-0.053286314148696556
2018-06-27,validation,-0.11531643329894431,0.06980810836008122,-0.7,-0.05286198567835931
2018-06-28,validation,-0.11503739096733627,0.07164067990479295,-0.6,-0.03694282093990875
2018-06-29,validation,-0.11434116048387176,0.0735121890103446,-0.5,-0.030982934687449726
2018-07-02,validation,-0.11372928452781557,0.07506969144394215,-0.1,0.004414186482507354
2018-07-03,validation,-0.11231084481150351,0.07592075527372939,-0.1,0.003447021358173097
2018-07-04,validation,-0.11107295740340332,0.07695600843664213,-0.3,0.006025861850216363
2018-07-05,validation,-0.10977272099678397,0.07825624484326152,-0.1,0.005708011064587737
2018-07-06,validation,-0.10847248459016456,0.07955648124988089,-0.5,-0.008170911433946104
2018-07-09,validation,-0.10733773281711492,0.08069123302293055,-0.3,-0.025598903248816918
2018-07-10,validation,-0.10628641867443658,0.0817425471656089,-0.3,-0.012069586398371912
2018-07-11,validation,-0.10523510453175823,0.08279386130828724,-0.3,-0.013508147845638085
2018-07-12,validation,-0.1035031149834193,0.08310741114031411,-0.3,-0.0134229047195773
2018-07-13,validation,-0.10441058181628429,0.08414373508577572,-0.1,0.0012393576138194917
2018-07-16,validation,-0.10499371578757616,0.08640151020539294,-0.7,-0.013324432199126823
2018-07-17,validation,-0.10275089282106897,0.08662579250204365,-0.7,-0.017868244295928926
2018-07-18,validation,-0.10050806985456179,0.08685007479869437,-0.7,-0.023003232595388834
2018-07-19,validation,-0.09774192152920294,0.08655103173649342,-0.7,-0.020780305612472683
2018-07-20,validation,-0.09508791435216946,0.08494367527716327,-0.7,-0.03810759605877323
2018-07-23,validation,-0.09498609535883445,0.084116188802925,-0.7,-0.04016382275954178
2018-07-24,validation,-0.09379186852411296,0.08461587948023211,-0.7,-0.0370553159098454
2018-07-25,validation,-0.09392566576879786,0.0861631203924721,-0.7,-0.03656092728553567
2018-07-26,validation,-0.0941392103706898,0.08636557564382642,-0.7,-0.026071566359651466
2018-07-27,validation,-0.09293620285189279,0.08756858316262342,-0.4,-0.01998920557559003
2018-07-30,validation,-0.09126796976918604,0.08762967338818733,-0.4,-0.005666470162418835
2018-07-31,validation,-0.09014015022031385,0.0887574929370595,-0.2,0.003667758045814984
2018-08-01,validation,-0.08846095222532638,0.09019859569395174,0.4,0.034310288414146406
2018-08-02,validation,-0.08819027553359707,0.09046927238568106,0.3,0.006665998206271784
2018-08-03,validation,-0.08683689207495045,0.09182265584432768,0.5,0.013949785421131067
2018-08-06,validation,-0.08548350861630383,0.09317603930297429,0.5,0.011452870070848387
2018-08-07,validation,-0.08413012515765722,0.09452942276162091,0.6,0.026772700428643548
2018-08-08,validation,-0.08224102741329631,0.09606137764883894,0.6,0.019569059684437173
2018-08-09,validation,-0.07945907252607827,0.09598618967891416,-0.2,-0.01717139085178182
2018-08-10,validation,-0.07682749357870985,0.09576062576913971,-0.2,-0.014087495772015679
2018-08-13,validation,-0.07363701738823365,0.0963320543405683,-0.2,-0.024344998915309335
2018-08-14,validation,-0.07054177929299557,0.0958558638643778,0.1,0.004147653614352265
2018-08-15,validation,-0.06768463643585271,0.09561776862628257,0.1,0.0003584625787221851
2018-08-16,validation,-0.06458939834061461,0.0951415781500921,0.1,-0.0008666229703611639
2018-08-17,validation,-0.06158344595966223,0.09475467338818734,0.2,0.004953453007358277
2018-08-20,validation,-0.05825011262632889,0.09475467338818734,0.3,0.0014530376637193476
2018-08-21,validation,-0.0551548745310908,0.09427848291199686,0.3,0.0051628201101514
2018-08-22,validation,-0.05205963643585271,0.09380229243580637,0.3,0.003745175989248506
2018-08-23,validation,-0.05039296976918604,0.09189753053104448,0.3,0.0019555565352911697
2018-08-24,validation,-0.0495157767867299,0.0907822423104931,0.5,0.010257466192386544
2018-08-27,validation,-0.048007840278793394,0.09046478199303278,0.6,0.006642949872805448
2018-08-28,validation,-0.04657926885022196,0.09046478199303278,0.1,0.0007692103778741965
2018-08-29,validation,-0.04504653075498387,0.0909260915168423,-0.5,-0.007188198440367721
2018-08-30,validation,-0.04377718090978262,0.09236350858893429,-0.3,0.0012405170873103222
2018-08-31,validation,-0.04267073833275181,0.09363801839285585,-0.3,-0.011202629575390921
2018-09-03,validation,-0.041480262142275626,0.09482849458333206,-0.3,-0.00041964708808472917
2018-09-04,validation,-0.04156954785656134,0.09473920886904634,-0.6,-0.01135245915019667
2018-09-05,validation,-0.041658833570847056,0.09464992315476063,-0.3,-0.010283201190697255
2018-09-06,validation,-0.039992166904180386,0.09274516124999874,-0.6,-0.04388723898283897
2018-09-07,validation,-0.038325500237513715,0.09084039934523681,-0.6,-0.04758654837777898
2018-09-10,validation,-0.03665883357084705,0.08893563744047492,-0.6,-0.019689379383085293
2018-09-11,validation,-0.03499216690418038,0.08703087553571301,-0.7,-0.028530580223092017
2018-09-12,validation,-0.03332550023751372,0.0851261136309511,-0.9,-0.06945654456156719
2018-09-13,validation,-0.03253184944386293,0.08377690728174475,-0.5,-0.027672033212467806
2018-09-14,validation,-0.029975458466419316,0.0834761554020455,-0.5,-0.022342478134689925
2018-09-17,validation,-0.02651681184987796,0.08264908773287256,-0.5,-0.018003814010932095
2018-09-18,validation,-0.02305816523333661,0.08182202006369964,0.7,0.02490571828728172
2018-09-19,validation,-0.019599518616795257,0.08099495239452671,0.7,0.03427368971541345
2018-09-20,validation,-0.01690159734302259,0.08098610675100613,0.7,0.036083442749304806
2018-09-21,validation,-0.018630920651293268,0.08369287366829938,0.7,0.03477543979118902
2018-09-24,validation,-0.017728665012195527,0.08474550524724674,-0.1,-0.0030353827496369945
2018-09-25,validation,-0.015075549565447894,0.08297283728420915,0.5,0.0053836879176203944
2018-09-26,validation,-0.015225710988978191,0.08507509721363328,-0.5,-0.01923459035067543
2018-09-27,validation,-0.016990107715459158,0.08616376753422791,-0.1,-0.007822241728507096
2018-09-28,validation,-0.01918246449900147,0.08682447779776123,-0.5,-0.012028377277233937
2018-10-01,validation,-0.020291990572864203,0.08571495172389848,0.1,0.003889585287101982
2018-10-02,validation,-0.020561446905088012,0.08401896186813687,0.3,0.011769792172771687
2018-10-03,validation,-0.02389503050746056,0.08639151235991553,0.6,0.012942442569139123
2018-10-04,validation,-0.024852687188849285,0.08727971957093475,0.7,0.029650254673425636
2018-10-05,validation,-0.026952053251063646,0.0889898773182442,-0.6,-0.0050790232194100615
2018-10-08,validation,-0.02844077505557492,0.09064401265659007,-0.5,-0.037660438811703834
2018-10-09,validation,-0.029282715070447267,0.09061839917232996,-0.5,-0.028286702529681462
2018-10-10,validation,-0.030304208197203555,0.09023182668049431,0.4,0.017148347129257113
2018-10-11,validation,-0.03252870884275683,0.09149938952700452,0.8,0.01935012853078366
2018-10-12,validation,-0.033180337915438535,0.09227633188289425,-0.1,0.005086547724749979
2018-10-15,validation,-0.03287958603573929,0.0925770837625935,-0.5,-0.017047841732518665
2018-10-16,validation,-0.03242845821619041,0.09302821158214238,-0.7,-0.05253285675719088
2018-10-17,validation,-0.03260744006872381,0.09409679510792805,-0.7,-0.058593897025618846
2018-10-18,validation,-0.030730422274595125,0.09312074585498113,-0.9,-0.09113516435321689
2018-10-19,validation,-0.029707447576794988,0.09378708717189681,-0.9,-0.06113249790582731
2018-10-22,validation,-0.029885764267237214,0.09432203724322348,-1.0,-0.05399995296794252
2018-10-23,validation,-0.02919596022789492,0.09501184128256578,-1.0,-0.06791676980943245
2018-10-24,validation,-0.029106801882673807,0.0942450795136642,-0.7,-0.02734035115239053
2018-10-25,validation,-0.028656317612082923,0.09398229702248619,-1.0,-0.04636497490499586
2018-10-26,validation,-0.027516029302149744,0.09226951828534377,-0.9,-0.012161469381821832
2018-10-29,validation,-0.026891920885601953,0.09289362670189155,-0.5,-0.0113081167976119
2018-10-30,validation,-0.02646311170144327,0.09427345823507544,-0.6,-0.013590333208050365
2018-10-31,validation,-0.027866182502554467,0.09643672124280875,0.3,-0.0018284842319216121
2018-11-01,validation,-0.027849526547952717,0.09849128223103594,0.0,0.0030781286955911535
2018-11-02,validation,-0.029192146334811826,0.10000172949125244,0.8,0.04687824812439423
2018-11-05,validation,-0.029265439410582565,0.1008794587645069,0.9,0.013735716197727899
2018-11-06,validation,-0.029338732486353308,0.10175718803776136,-0.8,-0.04092348470602741
2018-11-07,validation,-0.028583508856245055,0.10336833178199228,-0.8,-0.06459684351423489
2018-11-08,validation,-0.02934432673546522,0.10603119435926284,-0.5,-0.03732792694670983
2018-11-09,validation,-0.02970592424399568,0.10701461417292517,-0.5,-0.06906460920165558
2018-11-12,validation,-0.030582223408454616,0.10727954182729647,-0.7,-0.017853501550694206
2018-11-13,validation,-0.03011230648305393,0.10689353863857448,-0.7,-0.012314812721032131
2018-11-14,validation,-0.028971079664223687,0.10575231181974425,-0.6,-0.0101656496972643
2018-11-15,validation,-0.029112408062840437,0.1056109834211275,-0.6,-0.025818111396976595
2018-11-16,validation,-0.027601960802623938,0.10426836363426839,-0.6,-0.02488834827725528
2018-11-19,validation,-0.026175427279086134,0.10284183011073059,-0.7,-0.013098492336518941
2018-11-20,validation,-0.024748893755548333,0.10141529658719278,-0.2,-0.006742009659143289
2018-11-21,validation,-0.02390975638876139,0.10082790043044192,-0.6,-0.015759251005761143
2018-11-22,validation,-0.022483222865223588,0.09940136690690411,-0.6,-0.029215681572703323
2018-11-23,validation,-0.020700055960801333,0.09833146676425075,-0.7,-0.05971925169127135
2018-11-26,validation,-0.01974903361177613,0.09738044441522556,-0.7,-0.10217218254198179
2018-11-27,validation,-0.017995586155760912,0.09645914151460738,-0.7,-0.09774689675765935
2018-11-28,validation,-0.017645209500856893,0.09752278493128032,-0.7,-0.059923887064880776
2018-11-29,validation,-0.01690848001666138,0.09754624765370694,-0.7,-0.06342825399236862
2018-11-30,validation,-0.017128716771172482,0.09970356677175883,-0.7,-0.0656475843791115
2018-12-03,validation,-0.017996837500957,0.10186682977949214,-0.7,-0.03783776488826829
2018-12-04,validation,-0.018062533123751504,0.1014445007758132,0.3,0.05753902715728554
2018-12-05,validation,-0.018829294892653073,0.1015336591210343,0.9,0.06346144535629544
2018-12-06,validation,-0.019442454038735114,0.10306030026025897,0.0,0.030099002402942998
2018-12-07,validation,-0.020091725981117737,0.10392401841859826,0.4,0.035157247126750224
2018-12-10,validation,-0.01920840443413609,0.1032061779365205,0.1,0.01777234051011789
2018-12-11,validation,-0.019044370936769257,0.10285221091588681,0.7,0.02960001806726842
2018-12-12,validation,-0.01835167220485484,0.1025393792305061,0.3,0.024327871932475542
2018-12-13,validation,-0.016612280991779416,0.10307919029663296,0.8,0.03778115208297922
2018-12-14,validation,-0.014872889778703992,0.10361900136275981,0.6,0.02024657062727353
2018-12-17,validation,-0.013343425091344566,0.10379893838480209,0.9,0.03551241561203117
2018-12-18,validation,-0.012607432688685498,0.10477234769154474,0.9,0.013182534660899914
2018-12-19,validation,-0.011028297885866484,0.10532996502547787,0.7,0.017986849802954064
2018-12-20,validation,-0.00993024470447997,0.10636866398084348,0.0,0.024788456029052552
2018-12-21,validation,-0.010886160134079611,0.10518782727369097,0.0,0.015206433595125912
2018-12-24,validation,-0.010672484920404398,0.10568640277226649,0.0,0.022224594536580045
2018-12-25,validation,-0.010363842945095755,0.10656484531737569,0.0,0.02230892793455591
2018-12-26,validation,-0.01045150457121892,0.10665250694349884,0.0,-0.014713492895215952
2018-12-27,validation,-0.010757268765872003,0.10537549177759481,-0.1,-0.02306367546997401
2018-12-28,validation,-0.008771837293261042,0.10247691836620088,-0.1,-0.017899098713660577
2018-12-31,validation,-0.0077034612248849735,0.1006962915855741,-0.5,-0.028793099696370672
2019-01-01,validation,-0.007883322515857378,0.10035815235854598,-0.8,-0.03255397885837874
2019-01-02,validation,-0.007221432965078936,0.10102004190932443,-0.3,-0.0262393922998595
2019-01-03,validation,-0.005954363070558062,0.10133744418751102,-0.1,-0.016515298952382407
2019-01-04,validation,-0.0067334194051699514,0.1026160010216234,-0.3,-0.02198771690471002
2019-01-07,validation,-0.005454245903774228,0.10392683011023027,-0.3,-0.01618943464614908
2019-01-08,validation,-0.0051376900316628,0.10495563669459242,-0.3,-0.018762650914676438
2019-01-09,validation,-0.0033966327350499477,0.10455994185445312,-0.3,-0.01761945997942682
2019-01-10,validation,-0.0036124662842168306,0.10525060921178714,-0.3,-0.018802292310238333
2019-01-11,validation,-0.004281550286634166,0.10639452702237163,-0.3,-0.004320760434562643
2019-01-14,validation,-0.005535656803898579,0.10798942335411006,-0.3,-0.021843445412317086
2019-01-15,validation,-0.006584248130267683,0.11014596023286917,-0.3,-0.012905527817522633
2019-01-16,validation,-0.008208679579260535,0.11208278234512987,-0.8,-0.03823561911208462
2019-01-17,validation,-0.009995554173152673,0.11314491060024058,-0.8,-0.04448647925279525
2019-01-18,validation,-0.011857402526229095,0.11413206509616701,0.1,-0.005423437520788332
2019-01-21,validation,-0.01302593158854361,0.1142067942591407,-0.8,-0.029808010218809078
2019-01-22,validation,-0.01428619462165983,0.11579148143939573,-0.8,-0.03195983730363594
2019-01-23,validation,-0.014381519085433375,0.11730595423496842,-0.9,-0.04407306896873997
2019-01-24,validation,-0.014402034804528143,0.118899828634733,-0.8,-0.041425031340718066
2019-01-25,validation,-0.014497797109887994,0.12042306899142925,-0.8,-0.06117935432681898
2019-01-28,validation,-0.014518537878285546,0.12202596322460726,-0.8,-0.1208908568532806
2019-01-29,validation,-0.013106673319371915,0.12220078552149065,-0.9,-0.11243431912941038
2019-01-30,validation,-0.011690757499170153,0.12237610946054588,-0.8,-0.13217725137211228
2019-01-31,validation,-0.01027077295534712,0.12255193720402367,-0.8,-0.1308284622331658
2019-02-01,validation,-0.009661229242355131,0.12220362651088539,-0.9,-0.14663330564119492
2019-02-04,validation,-0.009051685529363144,0.1218553158177471,-0.8,-0.16359387960358518
2019-02-05,validation,-0.008442141816371153,0.12150700512460882,-0.8,-0.1758269509081617
2019-02-06,validation,-0.007832598103379166,0.12115869443147054,-0.8,-0.19003659117449118
2019-02-07,validation,-0.008647411557689349,0.12063705463684254,-1.0,-0.18715428555752428
2019-02-08,validation,-0.008038742369393186,0.12028924367210188,-1.0,-0.13457539430459425
2019-02-11,validation,-0.010515538018238119,0.12192659130973045,-1.0,-0.1374208593656701
2019-02-12,validation,-0.009907740848836366,0.12157927864150087,-1.0,-0.14208212769894762
2019-02-13,validation,-0.00917276477077478,0.11985825799422475,-1.0,-0.102003251483203
2019-02-14,validation,-0.008447673410786725,0.11803638978719595,-1.0,-0.09672548366886113
2019-02-15,validation,-0.008408345358648964,0.1166908085747683,-1.0,-0.1327868445982473
2019-02-18,validation,-0.00753366582313396,0.1147001585973893,-1.0,-0.1287553264099362
2019-02-19,validation,-0.006993274730789921,0.11237522017683936,-1.0,-0.13016449439115874
2019-02-20,validation,-0.007994083603714612,0.11137441130391468,-1.0,-0.12281914043389136
2019-02-21,validation,-0.006775061837264103,0.1097281035574712,-1.0,-0.1164924686528791
2019-02-22,validation,-0.0062019959346853075,0.10686277404457722,-1.0,-0.10333015376482557
2019-02-25,validation,-0.007395883231724466,0.10566888674753806,-0.7,-0.01499333774408762
2019-02-26,validation,-0.007743195899954041,0.10388890932286149,-0.5,-0.010584465086160011
2019-02-27,validation,-0.008220750818769704,0.10197868964759885,-0.9,-0.016933579583646552
2019-02-28,validation,-0.009414638115808864,0.10078480235055969,-0.2,-0.0138163643274411
2019-03-01,validation,-0.008385468959216819,0.09799353215662641,-0.8,-0.02524067595963031
2019-03-04,validation,-0.008135036719408687,0.0966611618197309,-0.9,-0.03116481317100539
2019-03-05,validation,-0.007336904048676062,0.09402581809561375,-0.9,-0.02087847759735506
2019-03-06,validation,-0.006754994185749381,0.09246292406976286,-0.5,-0.01994311201225918
2019-03-07,validation,-0.006745357960092107,0.09090448908535521,-0.7,-0.02736867293601586
2019-03-08,validation,-0.0066614442234134135,0.08813533577495831,-0.8,-0.07714209420665352
2019-03-11,validation,-0.006586363511648266,0.08535734943964786,-0.6,-0.0343603340422135
2019-03-12,validation,-0.006576981227443639,0.08381125634927798,-0.7,-0.0350008637959941
2019-03-13,validation,-0.007289231939694353,0.08167450421252585,-0.7,-0.047960672408537075
2019-03-14,validation,-0.007574132224594638,0.07911040164842328,-0.6,-0.0402201872834258
2019-03-15,validation,-0.00828638293684535,0.07697364951167115,-0.6,-0.0268170172765273
2019-03-18,validation,-0.009141083791546205,0.07497934751736915,-0.1,-0.0004783113876821732
2019-03-19,validation,-0.00942598407644649,0.0724152449532666,-0.6,-0.02859140276704142
2019-03-20,validation,-0.009710884361346775,0.06985114238916403,-0.6,-0.03085132742299146
2019-03-21,validation,-0.01089796888176463,0.06866405786874617,-0.6,-0.03348942338602745
2019-03-22,validation,-0.010423135073597488,0.06628988882791047,-0.6,-0.023400687306005086
2019-03-25,validation,-0.01089796888176463,0.06415313669115832,-0.6,-0.022644590852876734
2019-03-26,validation,-0.013257749019322545,0.06495891527471469,-0.6,-0.02763624147765431
2019-03-27,validation,-0.015038375799949327,0.06389053920633862,-0.6,-0.0172072019381857
2019-03-28,validation,-0.01790716339095914,0.0628023783959556,-0.5,-0.03361005839744824
2019-03-29,validation,-0.017748885454903426,0.06296065633201131,0.6,0.04800089879914837
2019-04-01,validation,-0.017590607518847712,0.06311893426806701,0.9,0.06399817891440562
2019-04-02,validation,-0.017432329582792,0.06327721220412273,0.9,0.05434721638818796
2019-04-03,validation,-0.016782557003194858,0.06452677485719416,0.9,0.05738070168401738
2019-04-04,validation,-0.01886307882055878,0.06304604311330453,0.9,0.06278139335103161
2019-04-05,validation,-0.018759989901680388,0.06401133026280219,0.9,0.07020439075883877
2019-04-08,validation,-0.018136770528461015,0.06321004821152014,0.9,0.12215713136893636
2019-04-09,validation,-0.01760258249427298,0.06231973482120675,0.9,0.10490129924788599
2019-04-10,validation,-0.016958589141946295,0.06004350025330552,0.9,0.11146070784040718
2019-04-11,validation,-0.016691495124852275,0.0581738421336474,0.9,0.11314432499748572
2019-04-12,validation,-0.01594782158706109,0.05749301424693716,0.6,0.07989038966343082
2019-04-15,validation,-0.014275006942904064,0.05525758139310309,0.7,0.06953678305694189
2019-04-16,validation,-0.011872906501587937,0.0521990930404971,0.4,0.03335646366189693
2019-04-17,validation,-0.01062646775514919,0.04917202751343157,0.4,0.035584446814433235
2019-04-18,validation,-0.008378181853017133,0.04758511727267518,0.7,0.09989195717624777
2019-04-19,validation,-0.005865519618132675,0.045824275234055356,0.4,0.05488191154747124
2019-04-22,validation,-0.003174794705185539,0.045665997297999646,0.7,0.10331856757763225
2019-04-23,validation,-0.0007193520788027416,0.044435825127656536,0.7,0.08405925888981391
2019-04-24,validation,0.002067035322969276,0.044169709476925494,0.7,0.08833991102830735
2019-04-25,validation,0.005024854253010429,0.04285402413346238,0.6,0.0649687359563016
2019-04-26,validation,0.007098990942531734,0.043300159194982056,0.6,0.04848551313466598
2019-04-29,validation,0.00770474795854516,0.043424915729994996,0.6,0.03326458601132287
2019-04-30,validation,0.0077220146424785115,0.04331268228442822,0.6,0.02847756135994378
2019-05-01,validation,0.008372393070634717,0.0438335605830843,0.6,0.02779016880176388
2019-05-02,validation,0.008906221382240806,0.044755889283190776,0.6,0.03583638181329413
2019-05-03,validation,0.01002940224398376,0.04436823530076555,0.3,0.012940514677296455
2019-05-06,validation,0.011542935007516525,0.04499145467398492,-0.6,-0.05160036245665339
2019-05-07,validation,0.011631966346547862,0.04490242333495358,0.1,0.005805938550439538
2019-05-08,validation,0.01385774982233134,0.04410114128367153,0.1,0.0009337287310446363
2019-05-09,validation,0.015133865681780533,0.04519919446505804,0.1,-0.0016653580683094193
2019-05-10,validation,0.014134386498733904,0.04540161381859281,0.6,0.04120480023374301
2019-05-13,validation,0.013048968336093657,0.04569223652623686,0.9,0.05010564497551939
2019-05-14,validation,0.013555161019506733,0.04489634587631661,0.5,0.0017585732304639112
2019-05-15,validation,0.013612789109618374,0.04365189063309491,0.7,0.018904626091596655
2019-05-16,validation,0.01396790274598201,0.04187632245127673,0.6,0.020479029314829422
2019-05-17,validation,0.011840335959698118,0.04294477839226557,0.2,0.004158641841244093
2019-05-20,validation,0.012929351111213272,0.042329248089235265,0.6,0.011241327028667647
2019-05-21,validation,0.012710052865599236,0.043246313479984866,0.6,0.02569206931637885
2019-05-22,validation,0.013228100993941483,0.043953755547721046,0.6,0.014194261337387326
2019-05-23,validation,0.01245283654808719,0.04512072421597487,-0.3,-0.0013330098060101436
2019-05-24,validation,0.011099097590764807,0.04717124057780142,-0.3,0.004278083337664995
2019-05-27,validation,0.010679164780014527,0.0481697474833632,-0.1,0.023488878930196577
2019-05-28,validation,0.01005411446126814,0.04943595011969956,0.8,0.04368113198756729
2019-05-29,validation,0.008623442911039714,0.04936592752746203,0.7,0.042043239693781875
2019-05-30,validation,0.006589535927080546,0.050422414568741074,0.6,0.026363524252942083
2019-05-31,validation,0.0035190498677395597,0.05301765088900348,0.9,0.0266840061100746
2019-06-03,validation,0.0020996452710383717,0.05294266128378566,-0.3,-0.016122948178379337
2019-06-04,validation,-0.00017553525453298247,0.05491076222921855,-0.2,-0.019068035769144176
2019-06-05,validation,-0.0018525472103881624,0.05598080352550496,0.1,-0.009249454791964928
2019-06-06,validation,-0.003524828526029365,0.057047826369615674,-0.6,-0.02520802586158255
2019-06-07,validation,-0.003320868239517017,0.05678164091094702,-0.8,-0.040737602178976484
2019-06-10,validation,-0.0025188549095023593,0.05664336275059967,-0.2,-0.008735433280119942
2019-06-11,validation,-0.00375805784790654,0.05813773415351929,0.9,0.028428041161653872
2019-06-12,validation,-0.0029750704498338956,0.058920721551591934,0.9,0.030071805993112655
2019-06-13,validation,-0.002483784239278512,0.059881491330222435,0.7,0.01791861927105254
2019-06-14,validation,-0.002512854429252205,0.06079138827639899,0.5,0.012689649803630854
2019-06-17,validation,-0.002129219803734128,0.06173445530817798,0.6,0.008627832867124652
2019-06-18,validation,-0.002641713235521511,0.06416037278377187,0.6,0.0032305596957019622
2019-06-19,validation,-0.00423525986655608,0.06736231275358356,0.6,0.014706643279160825
2019-06-20,validation,-0.007155112389259171,0.07008420917305255,0.9,0.05313580766741233
2019-06-21,validation,-0.007253495316362644,0.07150735071143256,0.9,0.030297882226936856
2019-06-24,validation,-0.0073521565544338785,0.07293451810989286,0.6,0.03603949133661716
2019-06-25,validation,-0.007451097286097382,0.07436572847548761,0.1,0.0025245002171085384
2019-06-26,validation,-0.007177978275155676,0.07560596355133938,0.3,0.005336807435472546
2019-06-27,validation,-0.008615081671945524,0.07913339916164172,0.1,0.0066623235945307835
2019-06-28,validation,-0.008343228094774991,0.08038216819454179,0.1,0.002871204906461089
2019-07-01,validation,-0.008070601107712082,0.08163448991316845,0.7,0.031468111865446846
2019-07-02,validation,-0.007797197405586316,0.08289037949993934,0.4,0.020241569086048405
2019-07-03,validation,-0.007523013664367466,0.08414985222390502,0.9,0.020549404418435835
2019-07-04,validation,-0.006927700220684528,0.08535231738076167,0.7,0.028383865226908833
2019-07-05,validation,-0.0066341472708983645,0.08673163096612455,0.7,0.04555509591826634
2019-07-08,validation,-0.006404874320474628,0.0878109981547102,0.9,0.060925289332296184
2019-07-09,validation,-0.006414063523229973,0.08937170259969543,1.0,0.08049952131372284
2019-07-10,validation,-0.007572704419096681,0.08921275389653407,1.0,0.08724939617102628
2019-07-11,validation,-0.009022449317541426,0.08934111757120534,0.9,0.09080797815883845
2019-07-12,validation,-0.010716525853541726,0.08995015856674503,1.0,0.0922082932326741
2019-07-15,validation,-0.013737406585631318,0.09269296659546236,1.0,0.08059796101009786
2019-07-16,validation,-0.014523824199751997,0.09242087852417154,0.9,0.09312289267414248
2019-07-17,validation,-0.015749051306013683,0.09279528249121033,1.0,0.06900551182213283
2019-07-18,validation,-0.01746021732334028,0.09341196645043542,0.5,0.052469590726513915
2019-07-19,validation,-0.018481898797721934,0.09327560698152301,1.0,0.07326536051177085
2019-07-22,validation,-0.019506545965788293,0.0931388516941232,1.0,0.04388696424525074
2019-07-23,validation,-0.018869976312336813,0.09159835313277061,0.7,0.057951850423149376
2019-07-24,validation,-0.017074849889603637,0.08903934312589565,0.7,0.05225210441258926
2019-07-25,validation,-0.016559228470307937,0.0873778963303873,0.7,0.05128567529395439
2019-07-26,validation,-0.016043607051012237,0.08571644953487892,0.7,0.08221942738113797
2019-07-29,validation,-0.014851948659751065,0.08429562606837522,0.7,0.06969551117104777
2019-07-30,validation,-0.014884201522192603,0.08368282168198592,0.9,0.0688361695644426
2019-07-31,validation,-0.016885576512644062,0.08545503159719485,0.5,0.06750866344461598
2019-08-01,validation,-0.017362039253257744,0.08626868335424283,0.5,0.038724514768605944
2019-08-02,validation,-0.01805547579575089,0.0876071771455668,0.5,0.03385868825237248
2019-08-05,validation,-0.018660216966529794,0.08821191831634571,0.3,0.0076065575671999675
2019-08-06,validation,-0.02019782729100805,0.08742814060984018,0.9,0.02367220914012491
2019-08-07,validation,-0.02136061798868247,0.0891723266563518,0.2,0.00995728520413719
2019-08-08,validation,-0.02320138451255028,0.09151033920225143,0.0,0.0011535339374592057
2019-08-09,validation,-0.023304156417647767,0.09399154662531933,-0.3,-0.004111963918202455
2019-08-12,validation,-0.022481981176867873,0.09639934554474615,-0.3,-0.019811792055413113
2019-08-13,validation,-0.022722649479683027,0.09778732546132199,-0.3,-0.008350038283178152
2019-08-14,validation,-0.022755772875426006,0.09938759853050759,-0.4,-0.03552531253499008
2019-08-15,validation,-0.022934978383273342,0.10084655852836236,-0.3,-0.03749579409223941
2019-08-16,validation,-0.022968509053424326,0.10245598332153248,-0.3,-0.02898159702298414
2019-08-19,validation,-0.022968509053424326,0.10537995992971962,-0.1,-0.0013310541404630838
2019-08-20,validation,-0.02433000731894736,0.10814201841933227,-0.9,-0.025480077113257782
2019-08-21,validation,-0.023014217845263148,0.10945780789301648,-0.1,-0.0125441385568269
2019-08-22,validation,-0.02169842837157894,0.11077359736670069,-0.1,-0.010192633917011862
2019-08-23,validation,-0.022675953884708167,0.1136947073311543,-0.9,-0.038682242253892885
2019-08-26,validation,-0.0212139655806146,0.11515669563524787,-0.3,-0.02146387376765957
2019-08-27,validation,-0.020439971772565065,0.11739267774739098,-0.3,-0.01618512444501441
2019-08-28,validation,-0.019572418273432618,0.11888679766256353,-0.9,-0.031022043911251462
2019-08-29,validation,-0.017541878962191552,0.11945534866971103,-0.3,-0.012921712174581601
2019-08-30,validation,-0.014617902354004418,0.11945534866971103,-0.1,-0.005198371935562385
2019-09-02,validation,-0.012181255180515141,0.11969901338705996,-0.9,-0.03535206269898744
2019-09-03,validation,-0.011206596311119428,0.1212584675780931,-0.9,-0.03370489659700504
2019-09-04,validation,-0.012553918865872322,0.12405344521827197,-0.3,-0.005834055927932902
2019-09-05,validation,-0.013638900085012472,0.12621732689711754,0.6,0.006262663772818811
2019-09-06,validation,-0.013932494805851773,0.12723577296200322,0.1,-0.009309032789647065
2019-09-09,validation,-0.014023869074857621,0.12908153319592136,0.1,-0.009331896232574355
2019-09-10,validation,-0.015166943263597446,0.13147159740874098,0.2,0.01818607269821043
2019-09-11,validation,-0.015593356518958068,0.1326290048161484,0.9,0.020478926348059867
2019-09-12,validation,-0.016724893254209977,0.1345713922074522,0.5,0.009434222178481777
2019-09-13,validation,-0.017186573771292155,0.13649506102862793,0.2,0.0031513515728918695
2019-09-16,validation,-0.017340467276986217,0.13811094283841557,0.9,0.007939401848321093
2019-09-17,validation,-0.016194815623485993,0.1384272794890089,-0.1,-0.0018192254566170574
2019-09-18,validation,-0.01696428315195629,0.1391967470174792,0.7,0.004243487169315829
2019-09-19,validation,-0.01708611551063076,0.14102423239759618,-0.3,0.0005463788611956288
2019-09-20,validation,-0.016307595423001985,0.1404177109339784,-0.6,-0.015442151140528715
2019-09-23,validation,-0.018361840552039356,0.13941507142718376,-0.7,-0.01090146514711493
2019-09-24,validation,-0.02077604492261492,0.13927079626559558,-0.9,-0.02708398297918424
2019-09-25,validation,-0.02252658354988485,0.1380973582846784,-0.3,-0.008735572168007577
2019-09-26,validation,-0.02402704523040193,0.1374048375090551,-0.6,-0.009339470853040932
2019-09-27,validation,-0.026258501062965792,0.13744331088547862,-0.4,-0.015821215037270464
2019-09-30,validation,-0.023171578389926124,0.13891435174873068,-0.3,-0.005491793140152912
2019-10-01,validation,-0.02107892846445886,0.13894301818606583,-0.7,-0.019310661325771583
2019-10-02,validation,-0.023343577013937133,0.1388856853113955,-0.7,-0.046192074544803785
2019-10-03,validation,-0.0240889043846515,0.13911501681007685,-0.7,-0.029854873867157128
2019-10-04,validation,-0.02599974874701941,0.13964081962119823,0.0,-0.01663966923350063
2019-10-07,validation,-0.026586864045331296,0.13966225566749574,0.0,-0.01851006991453691
2019-10-08,validation,-0.027397571748438355,0.13917248740523938,-0.4,-0.0449399931653533
2019-10-09,validation,-0.02739303219531197,0.13925419936151442,-0.7,-0.03685464301209629
2019-10-10,validation,-0.026698480566974263,0.13855964773317672,-0.4,-0.03777744725572407
2019-10-11,validation,-0.025195261708164638,0.1383567785564078,-0.7,-0.0398790102016065
2019-10-14,validation,-0.025584839785589345,0.13955557468912258,-0.7,-0.06130698247100502
2019-10-15,validation,-0.02700734366911403,0.1399357855289925,-0.7,-0.044533645767400376
2019-10-16,validation,-0.027939791661821835,0.1409465691263749,-0.7,-0.04585874869732526
2019-10-17,validation,-0.028263023406127772,0.140377505706977,-0.6,-0.04212426434463834
2019-10-18,validation,-0.027434637228696383,0.13914391437116258,-0.7,-0.05171772750283621
2019-10-21,validation,-0.025267154568557663,0.1391082146567603,-0.7,-0.040141758091373214
2019-10-22,validation,-0.02392204032947158,0.1380053484796897,-0.9,-0.04451414074535559
2019-10-23,validation,-0.023061422214416503,0.13787147455068113,-0.9,-0.0414957052864004
2019-10-24,validation,-0.02256417619238468,0.1373742285286493,-0.9,-0.042695269190724194
2019-10-25,validation,-0.021778651226584404,0.13543446279677515,-0.9,-0.04975740573112203
2019-10-28,validation,-0.021492358062384264,0.13514816963257503,-0.8,-0.05085008944786812
2019-10-29,validation,-0.02125011000036876,0.133694681260482,-0.6,-0.04990796941162917
2019-10-30,validation,-0.022106053152823543,0.1319666450847714,-0.8,-0.05339546083465041
2019-10-31,validation,-0.022984535135956687,0.13004995712157183,-0.5,-0.03220201009034618
2019-11-01,validation,-0.023924163982562276,0.12915437337715086,-0.8,-0.05781061006948768
2019-11-04,validation,-0.024247161398582948,0.12790642881525283,-0.6,-0.04741595223190742
2019-11-05,validation,-0.02356125069268678,0.12645248164001202,-0.8,-0.032676498215274574
2019-11-06,validation,-0.02373801191595963,0.12478070380544351,-0.3,-0.010237051789913909
2019-11-07,validation,-0.02552140389882377,0.12590428856676542,-0.3,-0.0020087887714384522
2019-11-08,validation,-0.025178219144301805,0.12406724076314785,-0.1,0.0020757464762899414
2019-11-11,validation,-0.026426115411131674,0.12427283286841101,-0.1,-0.000354483251196247
2019-11-12,validation,-0.027583168654705725,0.12384252381088347,0.0,0.0031380577518886343
2019-11-13,validation,-0.028376849805256524,0.12304884266033267,-0.3,-0.00564360587994206
2019-11-14,validation,-0.027695527130837918,0.12264004905568152,-0.6,-0.016160478208817552
2019-11-15,validation,-0.026204104309473238,0.12112067453485349,-0.3,-0.0044672616619994
2019-11-18,validation,-0.024803524511364368,0.11878371280472316,-0.3,-0.011949700727301504
2019-11-19,validation,-0.022877652418341114,0.11678516629309525,-0.5,-0.012011726692312208
2019-11-20,validation,-0.02130304001524034,0.11545280195200998,-0.4,-0.016937470563382684
2019-11-21,validation,-0.019728427612139565,0.11412043761092472,-0.2,-0.0008667056396548523
2019-11-22,validation,-0.017619444484004588,0.11162670756076512,-0.3,-0.0054349069867444255
2019-11-25,validation,-0.017510432856097612,0.11100897500262559,0.6,0.004268082081584801
2019-11-26,validation,-0.016122713188624183,0.10948971792591296,-0.1,0.00038015711469852054
2019-11-27,validation,-0.015152857311107566,0.10781686767235135,-0.7,-0.00415772123374436
2019-11-28,validation,-0.01363673207747207,0.10623967149871195,-0.5,-0.00679529806877277
2019-11-29,validation,-0.012745466480324121,0.10417991524948922,-0.2,-0.004989166727100813
2019-12-02,validation,-0.012537825284310833,0.10203428955735191,-0.6,-0.029414467286280166
2019-12-03,validation,-0.011648068666100042,0.09980942823536335,-0.6,-0.026139398593809537
2019-12-04,validation,-0.009357399491453441,0.09822412841776189,-0.2,-0.006402447115301135
2019-12-05,validation,-0.007123729860810486,0.09609733293212579,-0.5,-0.016369447948298088
2019-12-06,validation,-0.004807475663571337,0.0955066103851789,-0.9,-0.0287770540552017
2019-12-09,validation,-0.004052818202301255,0.09514808823438015,-0.7,-0.035270755348521865
2019-12-10,validation,-0.003080760977853476,0.09452710066689071,-0.7,-0.014219993964854738
2019-12-11,validation,-0.0024130126503409044,0.09408880770885854,-0.5,-0.009460186135228255
2019-12-12,validation,-0.0033651034417187726,0.09458389492037504,-0.6,-0.029374742007500232
2019-12-13,validation,-0.003450558494548659,0.09399562339592363,-0.3,-0.0034669970613726564
2019-12-16,validation,-0.0030848289729115026,0.09349923721497713,0.3,-0.003446534114203592
2019-12-17,validation,-0.003080383974391458,0.09264405099420628,-0.3,-0.005163682002653491
2019-12-18,validation,-0.0031386030527834467,0.09062093802008464,0.4,0.010378943517121653
2019-12-19,validation,-0.0018954544965309745,0.08802162740246584,0.3,0.0013891487458866925
2019-12-20,validation,0.0022756360540529797,0.08354718481183943,-0.6,-0.010653610240441536
2019-12-23,validation,0.004858868270039632,0.08252811155232175,0.2,-0.00732799178032606
2019-12-24,validation,0.006770342320490415,0.08073070899373327,0.1,-5.029091362152016e-05
2019-12-25,validation,0.007090086525126706,0.07961160427750626,0.5,0.016264925220407345
2019-12-26,validation,0.008453206555418265,0.07665817754520789,0.3,0.007218739830782583
2019-12-27,validation,0.008768739008364796,0.07563106586413394,0.1,-0.01129148067565705
2019-12-30,validation,0.011199768551482919,0.07157794555134428,0.5,0.01941345158768787
2019-12-31,validation,0.011503120591525388,0.06899945321098329,0.5,0.01705852015322612
2020-01-02,validation,0.012194584800445721,0.06680907303950016,0.1,0.017478297299482193
2020-01-03,validation,0.01341691507944038,0.06370863674788962,0.3,0.009856474967531892
2020-01-06,validation,0.013577513218286392,0.06098739050633219,0.5,0.06546991642324718
2020-01-07,validation,0.013681988027276364,0.05971727639365989,0.8,0.09350698518325107
2020-01-08,validation,0.013651925497213833,0.05752271169909519,0.8,0.07544436330785526
2020-01-09,validation,0.014960902038388518,0.054502683911265545,0.8,0.06502439858221298
2020-01-10,validation,0.015264691815862506,0.05192047080273665,0.9,0.06426050018930574
2020-01-13,validation,0.016725563245774185,0.049052337903643994,0.9,0.06287310678287211
2020-01-14,validation,0.016094250114461053,0.048421024772330866,0.9,0.06466847747706922
2020-01-15,validation,0.01620251280163768,0.04713091574658534,0.8,0.06779391425120995
2020-01-16,validation,0.014981123728819627,0.047354613378969596,0.9,0.054854379370025075
2020-01-17,validation,0.014917675963721297,0.048785193818864245,0.7,0.05191573324410781
2020-01-20,validation,0.013490020421639735,0.050305172360630715,0.9,0.0472320447068732
2020-01-21,validation,0.013481141143387753,0.050833518750408244,0.7,0.030719257277435186
2020-01-22,validation,0.01614275120028959,0.04865719944107882,0.7,0.03564347999390571
2020-01-23,validation,0.01742337956193904,0.04921213839779358,0.7,0.012501804203021827
2020-01-24,validation,0.01705342025746253,0.04956786849825177,0.5,0.006095895300976761
2020-01-27,validation,0.015787021099831412,0.051688019896982525,-0.1,-0.009369277730890468
2020-01-28,validation,0.01456330955425527,0.053125169502833566,-0.5,-0.0492330194880613
2020-01-29,validation,0.014022599801558835,0.05524532090156432,-0.5,-0.03902296757719492
2020-01-30,validation,0.01221549089123128,0.057308555484221764,-0.5,-0.0892755943643605
2020-01-31,validation,0.009796526208115653,0.05996941663564896,0.2,-0.0009177024467832418
2020-02-03,validation,0.011620859944360134,0.06034237156202406,-0.5,-0.11505221639478141
2020-02-04,validation,0.012719397289173545,0.06168280537514904,-0.8,-0.1664975520143272
2020-02-05,validation,0.013817934633986959,0.06302323918827402,-0.8,-0.13498258824062592
2020-02-06,validation,0.013783377995656735,0.06540764723305942,-0.8,-0.17119428344780308
2020-02-07,validation,0.012371350764364356,0.06883354936799829,-0.8,-0.1698471840082022
2020-02-10,validation,0.01125994212106357,0.07228361698428698,-0.5,-0.20102327133436726
2020-02-11,validation,0.010148533477762785,0.07573368460057567,-0.5,-0.17294404174565653
2020-02-12,validation,0.010113976839432562,0.07811809264536107,-0.6,-0.20042612500126233
2020-02-13,validation,0.008997251790234818,0.08159740049408302,-0.8,-0.2598753999693987
2020-02-14,validation,0.006998423078397166,0.08443650114847663,-0.9,-0.17771216251930372
2020-02-17,validation,0.005916254667529646,0.08674088329397099,-0.6,-0.21326330376250208
2020-02-18,validation,0.0054292788826392595,0.09024519923622139,-0.6,-0.16875154187648428
2020-02-19,validation,0.0025319775742158016,0.09253139367733143,-0.2,-0.0855131387142179
2020-02-20,validation,0.0015932861922718592,0.09194712899589515,0.1,-0.04791480180766733
2020-02-21,validation,-0.0005716464882666965,0.09327056840837986,0.1,-0.06915489173763911
2020-02-24,validation,-0.002028082654916284,0.09340633342789714,0.1,-0.017687497594716883
2020-02-25,validation,-0.003803176470025205,0.09419990008326852,0.1,0.03838289519058047
2020-02-26,validation,-0.005268582567061739,0.09433741818557986,0.1,-0.0003887377459860786
2020-02-27,validation,-0.005276285173153933,0.093013350083512,0.3,0.047378963269137764
2020-02-28,validation,-0.005284010334461626,0.09168540476884657,0.1,0.021018181569038896
2020-03-02,validation,-0.005307871069540032,0.09078861400854178,0.1,0.05573684629716469
2020-03-03,validation,-0.0038624962689020738,0.0876518773722296,0.3,0.03393081174640028
2020-03-04,validation,-0.002203289601206442,0.08491225706045308,0.1,0.01998116571870534
2020-03-05,validation,-0.0007579148005684836,0.0817755204241409,0.1,0.0411582901468463
2020-03-06,validation,0.0005347229521711364,0.07866933119740838,0.1,0.039876379405729634
2020-03-09,validation,0.0026492467984437097,0.07418561457447274,0.7,0.06209214971110322
2020-03-10,validation,0.0048615223553712195,0.06931089110891735,0.6,0.05627742426819082
2020-03-11,validation,0.00443297349436105,0.06796037701508172,0.7,0.054394516722954867
2020-03-12,validation,0.0061332594515447585,0.06378694784744897,-0.3,-0.015587177656006812
2020-03-13,validation,0.0069834024301366135,0.06023180448242849,0.4,0.051604023334554494
2020-03-16,validation,0.009023745578757065,0.05566421811563044,0.5,0.00980910842903343
2020-03-17,validation,0.010520967081161256,0.05226667701402093,0.8,0.09054656513542414
2020-03-18,validation,0.012684967390304157,0.04855696219834738,0.8,0.09265430606546254
2020-03-19,validation,0.012703621754113428,0.04715778126040377,0.9,0.12761588433752857
2020-03-20,validation,0.011942637743875186,0.0464475397531203,0.5,0.050460334401269735
2020-03-23,validation,0.012693453534108804,0.044743765459897854,0.6,0.08827605274301276
2020-03-24,validation,0.013565554951995547,0.043357644001005016,-0.1,0.027152148465854675
2020-03-25,validation,0.014691778637345974,0.04153835958620817,0.7,0.0735536569099472
2020-03-26,validation,0.01427837399171127,0.04186133196561029,0.9,0.04778935216583369
2020-03-27,validation,0.014388184600707987,0.041971142574607004,0.7,0.08319361868489805
2020-03-30,validation,0.013955401612309152,0.04301111363628181,0.7,0.05123196433738164
2020-03-31,validation,0.012689349885052865,0.045426947034209623,0.7,0.06579039718544077
2020-04-01,validation,0.013548456414262486,0.04579513554672803,0.7,0.09872877354229559
2020-04-02,validation,0.014869603429769722,0.046134446528852846,0.4,0.06744228963893018
2020-04-03,validation,0.015497689715830537,0.04725345083160487,0.0,0.05219582107985177
2020-04-06,validation,0.015526567246224138,0.04904963322208684,0.0,0.0026601042305504086
2020-04-07,validation,0.01604636279330895,0.05045308119921583,0.4,0.04858556537236425
2020-04-08,validation,0.016941566235510575,0.05164283545143219,-0.1,0.022724356437397564
2020-04-09,validation,0.014990053128911449,0.05410958449505398,0.0,0.026487952106637125
2020-04-10,validation,0.01585637904071947,0.054975910406862,0.0,0.009199714112450574
2020-04-13,validation,0.015328332770665056,0.055429700170190006,0.0,0.0016699795840605658
2020-04-14,validation,0.017369518208486413,0.054230826697849364,-0.3,-0.01297111965136405
2020-04-15,validation,0.019694919340181635,0.0536107197293973,-0.3,-0.011702532004873478
2020-04-16,validation,0.02298433119140532,0.05105044987028059,-0.1,0.003788169392995644
2020-04-17,validation,0.024304002049967657,0.05089519447515561,0.6,0.028551284319244696
2020-04-20,validation,0.0262514490944415,0.049927709750685854,0.7,0.03859255943859641
2020-04-21,validation,0.02661901369698094,0.049590653437036315,0.4,0.03876662331170633
2020-04-22,validation,0.027684090298469348,0.049208280615917394,0.0,0.03970985729046306
2020-04-23,validation,0.02920884414164215,0.04853945017172736,-0.1,0.010819908247439392
2020-04-24,validation,0.030738129199802094,0.0478686321184907,-0.1,0.018455375806010088
2020-04-27,validation,0.031814090243712054,0.047481989744124896,-0.1,-0.012062324488015586
2020-04-28,validation,0.03289325832501072,0.04709419493347187,-0.7,-0.031959499624078014
2020-04-29,validation,0.033975647803566995,0.04670524252636913,-0.3,-0.023077010146352384
2020-04-30,validation,0.0353717250050671,0.04662557921175981,-0.3,-0.015144557314905549
2020-05-01,validation,0.03646804449904129,0.046650014165216,-0.3,-0.03365548027269177
2020-05-04,validation,0.03756066179560311,0.04625864640880357,-0.3,-0.028774618199498003
2020-05-05,validation,0.038656560225187646,0.04586610337384335,-0.7,-0.03350580711070883
2020-05-06,validation,0.038599016591055475,0.04581940115797984,-0.9,-0.045405765953003496
2020-05-07,validation,0.03887229393962204,0.04567325998072206,-0.9,-0.04335300729123348
2020-05-08,validation,0.03876333644765901,0.04557456035609101,-0.9,-0.05194175462375933
2020-05-11,validation,0.041048000415897644,0.043337791127816695,-0.3,-0.019581790933906773
2020-05-12,validation,0.0433395771344184,0.04109425406526621,-0.7,-0.013266602270512684
2020-05-13,validation,0.04492039467553115,0.0396413665714257,-0.7,-0.057188450788547174
2020-05-14,validation,0.04715324953996496,0.03732876689040497,-0.1,-0.007894165305493639
2020-05-15,validation,0.05074176628637645,0.034856677576210394,0.0,0.003150058931130628
2020-05-18,validation,0.05193793853518028,0.034537698309862704,0.0,0.01653160812298876
2020-05-19,validation,0.05079659084777995,0.03566907789518966,0.0,0.018789201646991882
2020-05-20,validation,0.05020978749550041,0.03581804462947674,0.0,0.0019379384093851648
2020-05-21,validation,0.048617341556000754,0.036736654805175635,0.0,0.004157800082897234
2020-05-22,validation,0.04990341029480647,0.0344766242532012,-0.5,-0.032130437965964376
2020-05-25,validation,0.04904854707292198,0.03514151787022248,-0.5,-0.02129773660168588
2020-05-26,validation,0.048615528120660216,0.03356868128878139,0.1,0.001290740538916424
2020-05-27,validation,0.04760235689472304,0.03427790114693742,-0.6,-0.03554047795588189
2020-05-28,validation,0.04741238728985982,0.03530373701319882,-0.1,-0.02413811629286755
2020-05-29,validation,0.04488318411922986,0.03758709716577049,-0.5,-0.04025262912513772
2020-06-01,validation,0.042508564058439585,0.040227674673369275,-0.1,-0.006602555787976638
2020-06-02,validation,0.04241357925600798,0.03967676281926593,0.2,0.003337005513975977
2020-06-03,validation,0.040864023263398164,0.04015354927853048,0.2,-0.010365758773201894
2020-06-04,validation,0.03997004865227712,0.040779331506315214,-0.5,-0.030597666798678813
2020-06-05,validation,0.03836089435225924,0.042209690884108884,-0.6,-0.043810352586356016
2020-06-08,validation,0.03563191922357395,0.04555974311104669,-0.6,-0.1041324162196623
2020-06-09,validation,0.03504090267511059,0.04648848340148911,-0.6,-0.11048503736260762
2020-06-10,validation,0.03509423738237864,0.0480813121433483,-0.5,-0.1329371169845338
2020-06-11,validation,0.03505806468111434,0.04958932705604888,-0.5,-0.0442742293751599
2020-06-12,validation,0.03547526622155079,0.05031140664526583,-0.6,-0.11293039967097351
2020-06-15,validation,0.036197345810767736,0.05103348623448277,-0.1,-0.06207664668759383
2020-06-16,validation,0.03610767579642053,0.05246820646403801,-0.1,-0.0476960581179563
2020-06-17,validation,0.03682975538563748,0.05319028605325496,-0.1,-0.04331392713438409
2020-06-18,validation,0.037551834974854426,0.0539123656424719,-0.6,-0.07507529034099025
2020-06-19,validation,0.035877994707039985,0.056303566025063964,-0.3,-0.023982748103585916
2020-06-22,validation,0.03407712191890033,0.058567733887330824,-0.3,-0.03586630491206777
2020-06-23,validation,0.03483931704085155,0.059329929009282044,-0.3,-0.04112092823333047
2020-06-24,validation,0.03214921661043549,0.06146706435122369,-0.3,-0.034035767577746734
2020-06-25,validation,0.029862631244581828,0.06222925947317491,-0.5,-0.03450641348189487
2020-06-26,validation,0.02727963666463603,0.06345724050298521,-0.6,-0.011888024337381342
2020-06-29,validation,0.025628213900408387,0.06424484212900147,-0.2,-0.0016136656569895047
2020-06-30,validation,0.023976791136180745,0.06564219985257871,-0.5,-0.005178983205774701
2020-07-01,validation,0.022325368371953102,0.06780175269810716,0.2,-0.001499845234547048
2020-07-02,validation,0.02013886923423445,0.06903666277448066,0.7,0.015845157644833185
2020-07-03,validation,0.018360413949681607,0.07091674407529366,0.8,0.04111993185623697
2020-07-06,validation,0.015804365661926,0.07269673914797166,0.5,0.04262212777652197
2020-07-07,validation,0.013231957125340634,0.07359231841626435,0.5,0.04191798624622989
2020-07-08,validation,0.010691306718836571,0.07379557044878468,0.3,0.04380907985241278
2020-07-09,validation,0.008701130567075051,0.07485417478482803,0.3,0.043182467952868175
2020-07-10,validation,0.007161342441921073,0.07551628367864424,0.1,0.04196656550133154
2020-07-13,validation,0.005833275183975767,0.07633622085528874,0.1,0.02731533725223162
2020-07-14,validation,0.0042257363813150125,0.07560636128396575,0.1,0.007199024010991761
2020-07-15,validation,0.002414945546133933,0.07416511959882163,0.3,0.03163452422439511
2020-07-16,validation,0.0007381162778412503,0.07172609520857773,0.6,0.02805708427249176
2020-07-17,validation,-0.0006569317635482545,0.06986911072964203,0.5,0.014639096369884697
2020-07-20,validation,-0.0012158748529791487,0.06829390747760951,0.1,0.02211608306666557
2020-07-21,validation,-0.0018111129482172438,0.06642834417911937,0.7,0.025607684389532537
2020-07-22,validation,-0.001048917826266024,0.06414175881326571,0.3,0.005242704650422092
2020-07-23,validation,1.8155344465683152e-05,0.063684441740095,0.1,0.021219419932670736
2020-07-24,validation,0.0001105426319749219,0.06155953412738249,-0.1,-0.006131717158561423
2020-07-27,validation,0.0020922499490480927,0.06003514388348005,-0.1,-0.02386365740299623
2020-07-28,validation,0.002196955541558563,0.05833829736956037,-0.4,-0.01694197938585662
2020-07-29,validation,0.0032025556325245078,0.05784082735989524,-0.4,0.005115673768590456
2020-07-30,validation,0.004141826388868435,0.058087193459919875,-0.4,-0.014898500474862575
2020-07-31,validation,0.004974851764576738,0.05864305697310046,-0.3,-0.019513631721441105
2020-08-03,validation,0.005198121042724064,0.05858916438872007,-0.3,-0.009697940530781768
2020-08-04,validation,0.005186572631785409,0.05809258271835792,-0.3,-0.018648100465030015
2020-08-05,validation,0.005759917268975097,0.05677198796160821,-0.3,-0.026056058671071525
2020-08-06,validation,0.006217234342145829,0.0557049147908765,-0.6,-0.04001898171072471
2020-08-07,validation,0.0063051799331402,0.05503066525991965,-0.2,-0.032085920224261544
2020-08-10,validation,0.006743442128262152,0.05394453721113916,-0.3,-0.015602224389493768
2020-08-11,validation,0.006937353907539786,0.0528516260572524,0.3,0.003961531518058559
2020-08-12,validation,0.007470019074351293,0.052097468290899514,0.8,0.012660173606940661
2020-08-13,validation,0.008420119109817183,0.05206684173588272,-0.1,0.002447572181828339
2020-08-14,validation,0.008482387464768466,0.05161742665232129,-0.1,0.002465750221032681
2020-08-17,validation,0.007774084927197635,0.050631962252222745,0.0,0.003986739118673588
2020-08-18,validation,0.008161534114189505,0.050523984609946324,-0.1,-0.0019271878115219576
2020-08-19,validation,0.00878707304003331,0.05011016655131118,0.2,0.008809224411363059
2020-08-20,validation,0.011187330999832159,0.04816822199817582,-0.1,-0.009282272232860211
2020-08-21,validation,0.011377879780319964,0.04645328297378557,-0.5,-0.013327803498947077
2020-08-24,validation,0.011695461081132973,0.04486537646972053,-0.3,-0.0010573800234419672
2020-08-25,validation,0.010529621500659244,0.044022892395529145,-0.5,-0.005822047505765371
2020-08-26,validation,0.009339145310183055,0.04181615604245132,-0.5,-0.03157870779244021
2020-08-27,validation,0.008388876067230884,0.04008059485567063,-0.5,-0.008982283550455328
2020-08-28,validation,0.008127338525384878,0.03829466706992218,-0.7,-0.006759444389605185
2020-08-31,validation,0.007230638381912854,0.03587357668254772,-0.4,-0.005244873737681843
2020-09-01,validation,0.005996608184468022,0.03489361152575329,0.0,-0.0008473541179258026
2020-09-02,validation,0.00552477310897441,0.03340551628765805,-0.1,0.0027006991689086934
2020-09-03,validation,0.005742543143817616,0.03101004590438279,0.9,0.018803985962732583
2020-09-04,validation,0.005437665095037128,0.029180777611699866,0.8,0.008265949360110159
2020-09-07,validation,0.005742543143817615,0.027199070294626693,0.7,0.007829752994790384
2020-09-08,validation,0.004720699134168728,0.02582544392100032,0.1,0.005947203195152573
2020-09-09,validation,0.004568260109778484,0.025520565872219833,0.4,-0.006904996227510396
2020-09-10,validation,0.003725657590346696,0.024111761262195712,0.3,-0.008150664146699904
2020-09-11,validation,0.0036780203952247446,0.02301610577439083,0.3,-0.00220890583379707
2020-09-14,validation,0.003058736858639378,0.02172990150609815,0.4,-0.011830099962392426
2020-09-15,validation,0.002201057952179984,0.02021891249510914,0.3,-0.015706259483754426
2020-09-16,validation,0.0015081532958606933,0.020018740038839123,0.4,-0.009996840774523896
2020-09-17,validation,0.00022023051403547195,0.019069570644547777,0.3,-0.004225736708687311
2020-09-18,validation,0.00015796215908418993,0.017548056927912108,0.1,-0.00305028500361032
2020-09-21,validation,0.0009117815104645165,0.01548761736747255,0.1,-0.001056034137883688
2020-09-22,validation,0.002594000037195239,0.012766041856262891,0.4,-0.008715877470609645
2020-09-23,validation,0.003174720130110454,0.010552046502023635,0.1,0.006671424910866586
2020-09-24,validation,0.004826142894338096,0.008011396095519568,0.6,0.016734074750885952
2020-09-25,validation,0.006802845900004517,0.00558430506324561,0.6,0.019601189138163555
2020-09-28,validation,0.007509223702418906,0.003665344112272463,-0.8,-0.016356691586362604
2020-09-29,validation,0.007042758476269318,0.0028601254985889998,-0.5,-0.015460994923978622
2020-09-30,validation,0.007930061383389298,0.0017995964273891964,-0.9,-0.05755364119750306
2020-10-01,validation,0.007758358086686002,0.0018624147066708904,-0.8,-0.06196738630748744
2020-10-02,validation,0.007201369343721649,0.0016572083276840234,-0.6,-0.04628652540484196
2020-10-05,validation,0.007668318553048908,0.0012447016270675667,-0.5,-0.051536645927547975
2020-10-06,validation,0.007032476633132382,0.0006088597071510414,-0.9,-0.043624866668426465
2020-10-07,validation,0.007508848584351895,0.0007041340973949438,-0.5,-0.040321522043276825
2020-10-08,validation,0.006959619746475281,0.00015490525951832986,-0.6,-0.04631673102569178
2020-10-09,validation,0.006194435624045821,-0.0007119048791712922,0.5,0.024314941701005233
2020-10-12,validation,0.004787717609497253,0.00011714946400371947,-0.2,-0.0023456496757845446
2020-10-13,validation,0.0033840791711989937,0.0009154080446756518,-0.3,-0.011669773903285663
2020-10-14,validation,0.0022982854185246244,0.0020653866497248605,0.4,0.019858988594640636
2020-10-15,validation,0.0009668317844394109,0.0031294033989149087,-0.1,0.002698560961832741
2020-10-16,validation,-0.0006298545843907324,0.0038779327899346725,-0.2,0.0030524515679618003
2020-10-19,validation,-0.002186337254480592,0.00491291353447896,-0.5,-0.027065293127326195
2020-10-20,validation,-0.00334219359326376,0.005633229803575717,-0.4,-0.025867576386172486
2020-10-21,validation,-0.005721437973942861,0.006353578918831576,-0.6,-0.025873581539910706
2020-10-22,validation,-0.007446000674115318,0.0068309132376293095,-0.8,-0.03527509083148478
2020-10-23,validation,-0.007931795367227084,0.007752248000427487,-0.2,-0.01269295276409843
2020-10-26,validation,-0.011767679314301848,0.009759859988312072,-0.2,-0.028450605536349816
2020-10-27,validation,-0.013954631330880839,0.0121460787034404,-0.5,-0.056254583413186565
2020-10-28,validation,-0.014442345471415102,0.012293527164532156,-0.9,-0.07644248033762208
2020-10-29,validation,-0.0141073146485794,0.011430822795730225,-1.0,-0.0768621240438428
2020-10-30,validation,-0.014170830908742002,0.011824623608738356,-0.5,-0.06492918902329509
2020-11-02,validation,-0.013821491477847692,0.009887377673779004,-0.8,-0.09763569548038614
2020-11-03,validation,-0.013821491477847692,0.009887377673779004,-0.7,-0.06854134868438244
2020-11-04,validation,-0.013044351353505273,0.0096482576355198,-0.7,-0.050967526362948545
2020-11-05,validation,-0.013193801377417276,0.010515067774209422,-0.5,-0.0475282276944658
2020-11-06,validation,-0.011482205314088223,0.010702273593636036,-0.7,-0.053293012308745225
2020-11-09,validation,-0.010569099378517589,0.010345054325954638,-0.8,-0.04417885666193477
2020-11-10,validation,-0.009336711489027835,0.009036791808940327,-0.8,-0.052258577180719745
2020-11-11,validation,-0.007530190025895332,0.008230072853954364,-0.7,-0.02003628869305424
2020-11-12,validation,-0.006108954009023885,0.007691378557236959,-0.8,-0.04458677903167785
2020-11-13,validation,-0.004302432545891383,0.006884659602250994,-0.7,-0.02464556540787205
2020-11-16,validation,-0.0030575285410387246,0.0055163231889851835,-0.4,-0.03219763749278448
2020-11-17,validation,-0.0005810629869094983,0.0037244960601875796,-0.6,-0.04140562778103357
2020-11-18,validation,0.0015458468270802834,0.0017863652237708552,-0.5,-0.04184061774013548
2020-11-19,validation,0.004797879347405488,-0.0004494071339527225,0.2,-0.0033504569089195524
2020-11-20,validation,0.006553237810081024,-0.002759089321683691,-0.1,-0.013522393295125612
2020-11-23,validation,0.007666747749008165,-0.004186229789260617,-0.1,-0.025504116332491167
2020-11-24,validation,0.009341901863186671,-0.006732464042811944,-0.5,-0.03818897066546256
2020-11-25,validation,0.010157989569518279,-0.00848012356486171,-0.9,-0.033151747727922065
2020-11-26,validation,0.012605285033200938,-0.011095981411283581,-0.2,0.0003858685394899086
2020-11-27,validation,0.014748958813688743,-0.013144380801527486,-0.4,-0.00888036385989982
2020-11-30,validation,0.01691147807796106,-0.0158272448125165,-0.8,-0.035967306447439173
2020-12-01,validation,0.019436730603213586,-0.018013743950235146,-0.1,-0.00018260986525797662
2020-12-02,validation,0.02218865614878483,-0.01983498913637122,-0.8,-0.03187480252112923
2020-12-03,validation,0.02415431725276429,-0.020918108520196637,0.1,0.007965404030169654
2020-12-04,validation,0.02552715992855947,-0.02259404633220634,-0.9,-0.04355409570019103
2020-12-07,validation,0.027216109429560622,-0.023082797179637245,-0.9,-0.04705999298480845
2020-12-08,validation,0.02911758568116524,-0.02438254044022774,-0.7,-0.046518799577527914
2020-12-09,validation,0.030383291520041815,-0.025555858991595074,-0.4,-0.035980669273008026
2020-12-10,validation,0.028513907694624606,-0.024528901353597636,0.1,0.014852425883682074
2020-12-11,validation,0.027142685848434853,-0.022851342711982508,-0.4,-0.016929208046114586
2020-12-14,validation,0.028249874551900835,-0.023878300349979942,-0.4,-0.03382851292195732
2020-12-15,validation,0.02844242910902535,-0.023990623841635913,-0.4,-0.030337939545234505
2020-12-16,validation,0.029864216163434355,-0.025617617275031784,-0.4,-0.02139163339188066
2020-12-17,validation,0.0316154501936318,-0.02742329381394003,0.0,-0.017031875127491825
2020-12-18,validation,0.033558300504487854,-0.029545484153490488,0.0,-0.027366062380223488
2020-12-21,validation,0.034484890652742274,-0.030651414330439313,0.1,0.015478587779258868
2020-12-22,validation,0.03485477946192449,-0.031043720643208324,0.0,-0.01135832442656276
2020-12-23,validation,0.03504532824241229,-0.03039585478954979,0.0,-0.008449931602012961
2020-12-24,validation,0.03621317342926752,-0.030244269765296185,0.0,-0.006096201600091222
2020-12-25,validation,0.03693053354404514,-0.031051299894421003,0.0,-0.0022985809681498326
2020-12-28,validation,0.03633325783444594,-0.030886380482068987,0.1,0.01941644715263785
2020-12-29,validation,0.03681149791096435,-0.030916270486851385,0.0,-0.02350534874324184
2020-12-30,validation,0.0345569226562377,-0.029262584298050162,0.3,0.023192585545530664
2020-12-31,validation,0.03557948981816616,-0.0282400171361217,0.4,0.022076625847885223
2021-01-04,holdout,0.0309732252984193,-0.02371386156454435,0.0,0.003355070246169767
2021-01-05,holdout,0.027293554279166448,-0.02008759651073784,0.0,0.012018051647982864
2021-01-06,holdout,0.027170339087458105,-0.020109340368098135,0.0,-0.010519451265248336
2021-01-07,holdout,0.02676445375006592,-0.020210811702446183,0.1,0.003296040884189222
2021-01-08,holdout,0.026748598854074036,-0.020226666598438067,-0.3,-0.017247437199435278
2021-01-11,holdout,0.027319375109781798,-0.02003640784653548,0.6,0.030179397241801853
2021-01-12,holdout,0.028028521366873265,-0.019200422421508958,0.9,0.04881547312674456
2021-01-13,holdout,0.029530380745444968,-0.018731396267551298,0.6,0.025271518874427024
2021-01-14,holdout,0.030147280334947298,-0.01849501418185414,0.6,0.04034491103464238
2021-01-15,holdout,0.03157380915873639,-0.01884423370915586,0.9,0.06309102468888289
2021-01-18,holdout,0.032835928571540746,-0.019267263241774434,0.1,0.0010500480113336264
2021-01-19,holdout,0.034684156447165874,-0.01970214038898035,1.0,0.06597312000640881
2021-01-20,holdout,0.03331622840719916,-0.01730113315316248,1.0,0.06520404747895359
2021-01-21,holdout,0.035275963243646326,-0.018168099773553756,0.2,-0.004202967004266034
2021-01-22,holdout,0.03571362806487279,-0.017512996378724336,0.2,0.024598370756533317
2021-01-25,holdout,0.03615129288609926,-0.016857892983894913,0.1,0.008136293466422306
2021-01-26,holdout,0.03681085655936156,-0.015741708306066398,0.1,0.0002218831979612923
2021-01-27,holdout,0.036709454916864025,-0.014674377615448037,0.5,0.0161656802602953
2021-01-28,holdout,0.03788271722026332,-0.012993758640308512,0.3,0.015219955661600837
2021-01-29,holdout,0.038745223562221716,-0.012080516631176094,0.0,0.013911720637628133
2021-02-01,holdout,0.039379419401897,-0.010177929112150218,0.1,0.028006635108208555
2021-02-02,holdout,0.04017581563208319,-0.009009471322687862,0.1,-0.002213562061302854
2021-02-03,holdout,0.04027803034617005,-0.007602625166983259,0.1,0.00960182511861668
2021-02-04,holdout,0.039760725504395696,-0.0055831466500564485,-0.4,-0.027958519216980837
2021-02-05,holdout,0.038999690496785346,-0.003300041627225397,-0.4,-0.02332009014055808
2021-02-08,holdout,0.04099240058250192,-0.0035904365643398745,-0.7,-0.045187688544339466
2021-02-09,holdout,0.042873848240205285,-0.003992093929467561,-0.5,-0.06329230059543806
2021-02-10,holdout,0.04468690222892406,-0.0029400749483591356,-0.5,-0.07154615778943646
2021-02-11,holdout,0.0468898983035856,-0.0022591488889182956,-0.5,-0.05781088184159694
2021-02-12,holdout,0.049400813147773705,-0.002411856571366425,-0.8,-0.0623642973885869
2021-02-15,holdout,0.05007728871009401,-0.0009743460014357637,-0.5,-0.07219188932379156
2021-02-16,holdout,0.05266831250245162,-0.0010469447357143828,-0.8,-0.07303215364820065
2021-02-17,holdout,0.05370134346663218,-0.0008579919075676058,-0.8,-0.07694038653163238
2021-02-18,holdout,0.05488313085268786,0.00015441878472113545,-0.8,-0.07176085764156742
2021-02-19,holdout,0.05418637672605569,0.0019521214208384062,-0.9,-0.10462250183943539
2021-02-22,holdout,0.05399005374009856,0.0026565744880963516,-0.7,-0.07057918332972302
2021-02-23,holdout,0.05298014520351319,0.003437824488096352,-0.7,-0.0709288778625487
2021-02-24,holdout,0.05255141044741563,0.0033901872929744015,0.1,0.024886258977551035
2021-02-25,holdout,0.052424377927090426,0.004025349894600417,-0.7,-0.0926676534166343
2021-02-26,holdout,0.05331360556936685,0.002882057211673588,-0.3,-0.015275839518191447
2021-03-01,holdout,0.055327317146621424,-0.0003809666707341205,-0.3,-0.03556024753329168
2021-03-02,holdout,0.05615093458609253,-0.0025474993250716536,-0.2,-0.013485837254455457
2021-03-03,holdout,0.05554117848853156,-0.0028523773738521416,-0.6,-0.07858470001446882
2021-03-04,holdout,0.05266177469449361,-0.002683000680085204,-0.6,-0.07760772665116222
2021-03-05,holdout,0.0507351148028947,-0.0027041727668060712,-0.3,-0.023011925612479167
2021-03-08,holdout,0.04799403367606261,-0.002748255769810767,-0.2,-0.019823059711905344
2021-03-09,holdout,0.04743865860399193,-0.0036505207314710087,0.9,0.025776716767773156
2021-03-10,holdout,0.0467466687853436,-0.0051851545552194355,0.8,0.02724008499765951
2021-03-11,holdout,0.043598028836848504,-0.0041289015373536676,0.6,0.024830430526270653
2021-03-12,holdout,0.04074111591233538,-0.004692236480215407,0.6,0.04489719493520122
2021-03-15,holdout,0.03931265945007882,-0.0030625889669367934,0.7,0.04557668083585742
2021-03-16,holdout,0.0371525701340262,-0.0029291003013380357,0.7,0.05597178090430227
2021-03-17,holdout,0.03429565720951308,-0.003492435244199775,0.7,0.04772515887726825
2021-03-18,holdout,0.03262333950629243,-0.0031652234249551197,-0.1,-0.02180068951848335
2021-03-19,holdout,0.03160430098050809,-0.003713784416041745,0.7,0.062284014796912035
2021-03-22,holdout,0.029823405135931725,-0.00335400747774349,0.7,0.0361676793099599
2021-03-23,holdout,0.028192416348979635,-0.002946260281005467,0.7,0.026144332277332705
2021-03-24,holdout,0.027776171963602887,-0.003563329592308692,0.8,0.0383193224933186
2021-03-25,holdout,0.025925738068758575,-0.0034995215269692337,0.8,0.023557638813969994
2021-03-26,holdout,0.0218890383562307,-0.0014106469669090513,0.5,0.03182213400907408
2021-03-29,holdout,0.017709253891123433,0.0003959252434674643,0.5,0.039708675281822536
2021-03-30,holdout,0.014679496812181595,0.002011395321238236,0.5,0.03529288557970878
2021-03-31,holdout,0.012498421124214636,0.0018412404803330126,0.5,0.023560868762409815
2021-04-01,holdout,0.01045656303335195,0.0015318680423235147,0.7,0.019886717776454343
2021-04-02,holdout,0.008523665235216787,0.001488351919174926,0.6,0.021041433013814836
2021-04-05,holdout,0.006773501157334484,0.002800974977586652,-0.1,-0.001978198273171805
2021-04-06,holdout,0.007276289521813831,0.002793298819350327,0.0,-0.0023609185026909896
2021-04-07,holdout,0.006337989936651552,0.002870618369102471,-0.4,-0.01551700076227519
2021-04-08,holdout,0.005396807710674644,0.0029481754597140684,-0.4,-0.011037560378824418
2021-04-09,holdout,0.0044527295393870375,0.0030259711875275483,-0.4,-0.020352380458385777
2021-04-12,holdout,0.004782399869057367,0.0028428210043773645,-0.9,-0.05268439001694919
2021-04-13,holdout,0.005112070198727697,0.002659670821227181,-0.6,-0.05419159852717054
2021-04-14,holdout,0.005441740528398027,0.0024765206380769973,-0.8,-0.07399416294581779
2021-04-15,holdout,0.004015986794951985,0.00361486946873352,-0.5,-0.059201685434661366
2021-04-16,holdout,0.004221115000080191,0.0030507669046309555,-0.9,-0.06310907504918889
2021-04-19,holdout,0.004073484852450043,0.0023436961975602483,-0.8,-0.06026612759490885
2021-04-20,holdout,0.003925854704819896,0.0016366254904895408,-0.8,-0.05939810500645565
2021-04-21,holdout,0.0024152016152194384,0.002643454918371601,-0.8,-0.061605418117233024
2021-04-22,holdout,0.0010662671488760656,0.0037121028696106458,-0.8,-0.0430206641641549
2021-04-23,holdout,-0.0005255822972243935,0.004537835841092606,-0.9,-0.05752332699481355
2021-04-26,holdout,-0.0021174317433248525,0.005363568812574566,-0.7,-0.02663357089699786
2021-04-27,holdout,-0.0035276881535812625,0.006261004710010463,-0.3,-0.03241423197496057
2021-04-28,holdout,-0.005052061216415863,0.007154214064758279,-0.6,-0.03161647487049124
2021-04-29,holdout,-0.0060636137664299514,0.007791013163095838,-0.6,-0.03934050136373535
2021-04-30,holdout,-0.007089254792070977,0.008303833675916352,-0.6,-0.03745035085108056
2021-05-03,holdout,-0.0094374329297228,0.009647963230572222,-0.5,-0.03409019388486506
2021-05-04,holdout,-0.011637014724446296,0.010745084732552024,-0.2,0.024577753871749042
2021-05-05,holdout,-0.012833595921027492,0.009548503535970827,-0.1,0.012601733626150635
2021-05-06,holdout,-0.014341891546970176,0.009065848935669168,0.3,0.00860561188907355
2021-05-07,holdout,-0.015850187172912863,0.008583194335367509,0.5,0.017406706912938108
2021-05-10,holdout,-0.018022132874270326,0.007949710172471581,0.9,0.03411551043708405
2021-05-11,holdout,-0.01975855821363684,0.006982515602335835,0.9,0.020692888282399124
2021-05-12,holdout,-0.02186382137153158,0.006415713982902636,0.6,0.0076519199257291115
2021-05-13,holdout,-0.021734230248073003,0.004965766649595566,0.7,0.028113320376010664
2021-05-14,holdout,-0.022133710923195344,0.003030187664181364,0.6,0.013446244720777045
2021-05-17,holdout,-0.024145381465775703,0.0025546154318928627,0.1,0.009615769151630649
2021-05-18,holdout,-0.026970280525569403,0.0028019129926828827,-0.2,-0.006691249508625929
2021-05-19,holdout,-0.0293603282254643,0.002716012758225772,-0.2,0.0002893050761825777
2021-05-20,holdout,-0.032185227285257995,0.002963310319015792,-0.2,0.013441028122066212
2021-05-21,holdout,-0.03204564330259385,0.0015152431703850386,0.3,0.030477104102951014
2021-05-24,holdout,-0.03190648683595624,7.16111431896018e-05,0.1,0.014264804927293373
2021-05-25,holdout,-0.03257725403543356,-0.0006480522305677489,0.3,0.02327280594038378
2021-05-26,holdout,-0.03243771085459814,-0.002083973479968768,0.1,-0.006523235484701073
2021-05-27,holdout,-0.03363356082978307,-0.0032798234551536997,0.1,-0.011527562179102113
2021-05-28,holdout,-0.035231178583192184,-0.003350723651310909,0.3,0.032053089480462926
2021-05-31,holdout,-0.03672274145984948,-0.004078927749342247,0.3,0.03768601735748622
2021-06-01,holdout,-0.03791297850283863,-0.005269164792331399,0.7,0.059254433581207244
2021-06-02,holdout,-0.03911828183751119,-0.006474468127003958,0.7,0.05894029437062581
2021-06-03,holdout,-0.04155449568392994,-0.007165861907991954,0.6,0.036563567647176
2021-06-04,holdout,-0.04420881203852753,-0.007639153180801107,0.6,0.018846272910384154
2021-06-07,holdout,-0.04718189359738651,-0.007558799625156269,0.7,0.048974830810329995
2021-06-08,holdout,-0.050154975156245486,-0.007478446069511433,0.6,0.018753417428866215
2021-06-09,holdout,-0.052670041447928896,-0.007856107781042168,0.6,0.01818229575914887
2021-06-10,holdout,-0.055024400628322624,-0.00807306238128323,0.1,-0.027903982677471795
2021-06-11,holdout,-0.05772160164613433,-0.00817484355176669,-0.3,0.00605599523204714
2021-06-14,holdout,-0.05968452421974392,-0.007738638535409001,0.0,0.006261935238180583
2021-06-15,holdout,-0.060866981935654714,-0.006810633745706861,-0.2,-0.011350865854662995
2021-06-16,holdout,-0.0620494396515655,-0.00588262895600472,-0.6,-0.038461680064341364
2021-06-17,holdout,-0.06352526662357569,-0.004915707836411844,-0.4,-0.011373917662385602
2021-06-18,holdout,-0.06577899254142373,-0.004443152402024349,-0.6,-0.023384405500076533
2021-06-21,holdout,-0.0675238126068545,-0.00346169111521955,-0.2,0.0006852462085973343
2021-06-22,holdout,-0.06987750217428451,-0.0031436249574587354,-0.3,-0.010564404249232662
2021-06-23,holdout,-0.07246220821419344,-0.003357901105844969,-0.6,-0.019712908233089632
2021-06-24,holdout,-0.07428355547547644,-0.004335536032857156,-0.7,-0.01426677293793338
2021-06-25,holdout,-0.07619943633163569,-0.0052186373649930635,-0.3,-0.015864142977552675
2021-06-28,holdout,-0.0778608642615863,-0.0066106445495462745,-0.1,-0.018352381500216952
2021-06-29,holdout,-0.07950449734605908,-0.007461558902369023,-0.2,-0.05188549008594645
2021-06-30,holdout,-0.08044754786725343,-0.00875692885985228,-0.4,-0.05894979219795832
2021-07-01,holdout,-0.08107211414067467,-0.009659080143682953,0.1,-0.008066395766529344
2021-07-02,holdout,-0.0816966804140959,-0.010561231427513626,-0.4,-0.022702258154537025
2021-07-05,holdout,-0.08266533644000383,-0.011946264969035718,0.1,-0.01102432586398544
2021-07-06,holdout,-0.08344893579230547,-0.013007449331746797,-0.3,-0.008072029976781303
2021-07-07,holdout,-0.08614613681011718,-0.011887856456428732,-0.8,-0.02206283674173931
2021-07-08,holdout,-0.08789375306155023,-0.010758197311502411,-0.1,-0.015792998134804892
2021-07-09,holdout,-0.08927227276068062,-0.010064743182933778,-0.8,-0.037295314030213245
2021-07-12,holdout,-0.09156234909655847,-0.008283572699473218,-0.8,-0.0444923092602838
2021-07-13,holdout,-0.0933602966960328,-0.006700931422175451,-0.8,-0.04358421159274145
2021-07-14,holdout,-0.09435252276981199,-0.006796124827340177,-0.6,-0.023058110906365614
2021-07-15,holdout,-0.09570600853854144,-0.006484133723263402,-0.6,-0.04630736950024689
2021-07-16,holdout,-0.09713151627689913,-0.00535731884804274,-0.9,-0.049239967405574236
2021-07-19,holdout,-0.09777631356875051,-0.006002116139894115,-0.1,0.01133930894121582
2021-07-20,holdout,-0.09969727216739106,-0.004860287602240639,-1.0,-0.059035602737810666
2021-07-21,holdout,-0.10062811923822552,-0.004259741104928085,-0.7,-0.029138176143180206
2021-07-22,holdout,-0.09603393853378447,-0.0073225282412221135,-0.9,-0.046334837688807806
2021-07-23,holdout,-0.09570047718922409,-0.007499531419377394,-0.9,-0.0513614253344033
2021-07-26,holdout,-0.0986560933470648,-0.0047671143241006225,-0.9,-0.01774256098269511
2021-07-27,holdout,-0.09681125665093447,-0.0052193679801908225,0.5,0.016291989686030073
2021-07-28,holdout,-0.09310367222278908,-0.007637357824633477,0.6,0.02381198355414993
2021-07-29,holdout,-0.09053396536849903,-0.009661831674784484,-0.1,-0.0069692585006043695
2021-07-30,holdout,-0.08793159721347796,-0.011143179701488785,-0.7,-0.02788246305660269
2021-08-02,holdout,-0.08742113269076228,-0.010632715178773115,-0.9,-0.05027458710284466
2021-08-03,holdout,-0.0852449418307639,-0.011519311455068754,-0.8,-0.04080720573736263
2021-08-04,holdout,-0.08409522989116539,-0.011246855831029405,-1.0,-0.043415953973635124
2021-08-05,holdout,-0.08357213315850805,-0.00995923310448828,-0.6,-0.03346030862924926
2021-08-06,holdout,-0.08236498685237574,-0.008752086798355976,0.1,-0.017026519047068756
2021-08-09,holdout,-0.08260641611360221,-0.00593541208404727,0.3,-0.0041923074219340495
2021-08-10,holdout,-0.08268689253401104,-0.002957784528920923,-0.3,-0.013929061929179476
2021-08-11,holdout,-0.08147974622787874,-0.00175063822278862,-0.3,-0.015725308114562353
2021-08-12,holdout,-0.08027259992174643,-0.0005434919166563172,-0.3,-0.004810935264690563
2021-08-13,holdout,-0.07825595550444304,-5.5899487120523966e-05,0.1,0.003954289237941833
2021-08-16,holdout,-0.07739282378665174,0.00021913531229863213,0.1,-0.0012041204049287324
2021-08-17,holdout,-0.0756223425376577,-0.0010684874142424898,0.2,0.0022163849563693327
2021-08-18,holdout,-0.07264471498253136,-0.004207067810186481,-0.6,-0.028769360071459082
2021-08-19,holdout,-0.07125649673047921,-0.005112427539785708,-0.6,-0.039629812353345506
2021-08-20,holdout,-0.06858065575188593,-0.005494690536727604,0.2,-0.005001966726626672
2021-08-23,holdout,-0.06600038052252813,-0.006737045276788767,0.5,0.012991024088106373
2021-08-24,holdout,-0.06590481477329266,-0.005876953533669501,0.6,0.012926210203940636
2021-08-25,holdout,-0.06570094117492364,-0.005825985134077248,-0.2,0.0021758514528630313
2021-08-26,holdout,-0.06447132853476055,-0.005207993289021182,0.1,-0.007877519031610603
2021-08-27,holdout,-0.062082184803873695,-0.006641479527553292,0.1,-0.007067051135613456
2021-08-30,holdout,-0.059629330573496536,-0.008011255266595088,0.2,0.00866866466720606
2021-08-31,holdout,-0.05639071351607214,-0.010888846160241028,0.5,0.027774605437877686
2021-09-01,holdout,-0.05361930678824339,-0.012704595395715033,0.5,0.01681756354325581
2021-09-02,holdout,-0.049971568386052746,-0.014408538950710937,0.8,0.03705570650450535
2021-09-03,holdout,-0.04715042275949911,-0.016939075281343842,0.8,0.02869180478631639
2021-09-06,holdout,-0.04483896112886799,-0.01921476961401548,0.8,0.03934603978252632
2021-09-07,holdout,-0.04254538314721661,-0.022425778788327407,1.0,0.02821180328197148
2021-09-08,holdout,-0.039436310772089186,-0.02604453515937736,0.8,0.024511248198661018
2021-09-09,holdout,-0.03764436914431946,-0.02700488710958928,0.4,0.008561849409548017
2021-09-10,holdout,-0.03566464920226248,-0.027777460745513956,0.0,0.006676247791406242
2021-09-13,holdout,-0.03541298710303164,-0.02659488411572148,0.7,0.01656415182025034
2021-09-14,holdout,-0.035993304665697876,-0.024724971969352496,0.4,0.013721738978531128
2021-09-15,holdout,-0.03487439171807344,-0.023606059021728052,0.7,0.03799881758557061
2021-09-16,holdout,-0.03445400916995465,-0.02165428290546225,0.7,0.03945756882686757
2021-09-17,holdout,-0.036791399352915886,-0.017866098815835424,0.7,0.013133545173069139
2021-09-20,holdout,-0.03864519156698858,-0.015125710325467081,-0.6,-0.020397414879777864
2021-09-21,holdout,-0.03852508226752607,-0.01500560102600457,-0.4,-0.020222495087335368
2021-09-22,holdout,-0.03699368869937906,-0.01500560102600457,-0.3,-0.003953038068708226
2021-09-23,holdout,-0.03814223387548932,-0.013091359065820802,0.5,0.006527218122728495
2021-09-24,holdout,-0.039888559874253465,-0.009733039837428226,0.9,0.025957706080121157
2021-09-27,holdout,-0.042576894416581725,-0.006487224303186799,0.6,0.010852574306427831
2021-09-28,holdout,-0.045451615676085765,-0.0055334616423233065,0.1,0.0010069644236436748
2021-09-29,holdout,-0.0476529939302971,-0.00467205276024061,-0.2,0.0013525312514455212
2021-09-30,holdout,-0.049082294593900976,-0.006356585685202325,0.1,-0.013198262726485832
2021-10-01,holdout,-0.049816087345304766,-0.008047499416697985,0.2,-0.01350894330592517
2021-10-04,holdout,-0.05141128897879123,-0.006962762305927183,0.3,0.01633548689569503
2021-10-05,holdout,-0.05210363758151944,-0.005439699057930139,0.1,-0.018220252550394167
2021-10-06,holdout,-0.053381756190926395,-0.00595094650169292,0.1,-0.026104186858968315
2021-10-07,holdout,-0.054698605667285065,-0.006082631449328788,-0.6,-0.06010850124821365
2021-10-08,holdout,-0.054596356178532514,-0.006747253126220404,0.2,-0.011790647404900878
2021-10-11,holdout,-0.05680817406681149,-0.005891586351922695,0.2,-0.014606332164382674
2021-10-12,holdout,-0.05981108010491288,-0.004293265396159051,0.1,-0.01536082680562556
2021-10-13,holdout,-0.06232964645944954,-0.0037443470881190102,-0.3,-0.017624017824830696
2021-10-14,holdout,-0.06484821281398619,-0.0031954287800789708,-0.6,-0.033395263358280414
2021-10-15,holdout,-0.06806907170969172,-0.001048189516275288,0.3,0.004661453060297971
2021-10-18,holdout,-0.0687202395064843,0.000345632461983243,0.7,0.012166436696538663
2021-10-19,holdout,-0.07163132281290989,0.003377800689300005,0.7,0.05817048141353687
2021-10-20,holdout,-0.07389661987458247,0.00552201283008141,0.9,0.0577048687617035
2021-10-21,holdout,-0.07683629267621846,0.007183567022310449,0.9,0.06484651174508599
2021-10-22,holdout,-0.0792135932897154,0.007260254138874866,0.6,0.05718126286952546
2021-10-25,holdout,-0.08012173019639927,0.006352117232190977,-0.1,-0.016245380621860872
2021-10-26,holdout,-0.0825114071620416,0.009192894883506341,-0.1,-0.017902215915544695
2021-10-27,holdout,-0.08418458061435616,0.01163293950146507,-0.6,-0.021232824404037065
2021-10-28,holdout,-0.08600273944938616,0.014306454636636646,-0.8,-0.023606254198618837
2021-10-29,holdout,-0.08849507073772972,0.01641535034215812,-0.6,-0.004969769906773391
2021-11-01,holdout,-0.08982673157859301,0.01700695369449767,-0.9,-0.00993808506022531
2021-11-02,holdout,-0.09064588941462202,0.016954667024112836,0.6,0.022154769593283774
2021-11-03,holdout,-0.09299878958193936,0.018436122685016352,0.9,0.05139061995486871
2021-11-04,holdout,-0.09219074138932545,0.017540012731754314,0.9,0.036768639543354575
2021-11-05,holdout,-0.09506867263246782,0.01943372429706458,0.9,0.07209685697742829
2021-11-08,holdout,-0.09697833220181702,0.020335925668410665,0.8,0.055528102575919336
2021-11-09,holdout,-0.0989594160463978,0.021422326486406577,0.2,0.002136090545305558
2021-11-10,holdout,-0.09938206663200852,0.021173964802078636,0.6,0.034564713913576184
2021-11-11,holdout,-0.09872894190720152,0.019875053832518648,0.5,0.045321294889385466
2021-11-12,holdout,-0.09945224084752499,0.01915175489219517,0.1,-0.0005209254759626636
2021-11-15,holdout,-0.10068900856074527,0.018554046483678387,0.1,0.016775188057349233
2021-11-16,holdout,-0.10076647029464869,0.017539297769543168,0.6,0.07097396007290102
2021-11-17,holdout,-0.10095818808605973,0.017731015560954213,0.5,0.03866933784037768
2021-11-18,holdout,-0.10114990587747079,0.017922733352365255,0.7,0.0739101353032594
2021-11-19,holdout,-0.10102209401653009,0.01881741637895012,0.4,0.03419401565732183
2021-11-22,holdout,-0.10070632353655896,0.020155681746446816,0.6,0.03786942279102734
2021-11-23,holdout,-0.10151297691612343,0.021716263682936957,0.3,0.009324950914689822
2021-11-24,holdout,-0.1014477025315602,0.0231221661399787,0.8,0.020425533381715988
2021-11-25,holdout,-0.10137317409860724,0.024533229124578167,0.6,0.019361777263236457
2021-11-26,holdout,-0.09950370279662765,0.023161989446034606,-0.7,-0.007966948100706528
2021-11-29,holdout,-0.09835339274670889,0.023745076220089346,-0.3,-0.0017925831916593138
2021-11-30,holdout,-0.09920125993098441,0.023851466681760945,0.3,-0.009298335071486141
2021-12-01,holdout,-0.10047333692653679,0.023910113925035965,-0.9,-0.040908980565696584
2021-12-02,holdout,-0.10102226321522027,0.024372821424921004,-0.9,-0.020162081811993193
2021-12-03,holdout,-0.10157118950390377,0.024835528924806047,-0.9,-0.0320881912118095
2021-12-06,holdout,-0.10245205812946132,0.026104382099956643,-0.6,-0.02681180789507187
2021-12-07,holdout,-0.10309582508582313,0.02798969961501619,-0.1,0.003247597620367748
2021-12-08,holdout,-0.10392927337754153,0.02968533579471914,0.5,0.014424160924776053
2021-12-09,holdout,-0.10633008849299605,0.03284850651639158,0.7,0.028356664829391365
2021-12-10,holdout,-0.10385210670459154,0.03097873540967357,0.6,0.008694702326168258
2021-12-13,holdout,-0.10313383354012733,0.031394873884306625,0.6,0.012773669835192958
2021-12-14,holdout,-0.10461523631081293,0.03353744734033697,0.7,0.0283515510623481
2021-12-15,holdout,-0.1078689542965665,0.037555841649526765,0.7,0.02024581663177827
2021-12-16,holdout,-0.10841809328245004,0.03797068033994966,0.1,-0.007790164920066789
2021-12-17,holdout,-0.10955013285627044,0.03874122828515514,0.1,-0.006586639215664547
2021-12-20,holdout,-0.11100544541468321,0.040330055757183764,-0.6,-0.030271510531799828
2021-12-21,holdout,-0.11099459286555508,0.04084826497805213,-0.5,-0.013769673156098727
2021-12-22,holdout,-0.11333110385383247,0.043077964035436844,-0.5,-0.042211957126605415
2021-12-23,holdout,-0.1151415660824634,0.044920469843335586,0.1,-0.003059300474071047
2021-12-24,holdout,-0.11476850970618384,0.04681559623483587,0.5,0.07166169072520617
2021-12-27,holdout,-0.1153875333965846,0.049240712574876506,0.5,0.0833616149996349
2021-12-28,holdout,-0.11655445374158713,0.051422346263359515,0.5,0.06614240501000818
2021-12-29,holdout,-0.11559047606528067,0.052995151945754236,0.6,0.08617772228639264
2021-12-30,holdout,-0.11401651729954108,0.05380807570388347,-0.1,-0.008928069254758475
2021-12-31,holdout,-0.11312864312399569,0.05545698488703923,-0.6,-0.03195705320638015
2022-01-03,holdout,-0.11373747113008398,0.05850112491748063,-0.6,-0.04686378850297107
2022-01-04,holdout,-0.11425676560586515,0.06011272846300843,0.2,0.02835725461513189
2022-01-05,holdout,-0.11494532108894119,0.06145359966689334,-0.2,0.0031764938241695684
2022-01-06,holdout,-0.11600615776621621,0.06292954634831947,-0.1,-0.011614423157324805
2022-01-07,holdout,-0.11695954228124457,0.0645854247165266,-0.7,-0.03823691348337371
2022-01-10,holdout,-0.11791292679627291,0.06624130308473374,-1.0,-0.03827604498177617
2022-01-11,holdout,-0.11908374988490422,0.06811462002654382,-0.1,-0.015804563659247373
2022-01-12,holdout,-0.12027966203972049,0.06996284790216896,-1.0,-0.03088824108835042
2022-01-13,holdout,-0.12060252537628245,0.0713004245822114,-0.9,-0.02570184830551764
2022-01-14,holdout,-0.12091962329612009,0.07275907501346457,-0.1,-0.007507095696835164
2022-01-17,holdout,-0.11971534811924218,0.07525125558783692,-0.1,-0.026427972477002903
2022-01-18,holdout,-0.11880935406256321,0.07564989297277568,-0.1,-0.013824996841693749
2022-01-19,holdout,-0.11816362738943925,0.07601887964313221,-0.2,-0.009622466836048726
2022-01-20,holdout,-0.11798456032882507,0.07619794670374641,-0.3,-0.024191850593860142
2022-01-21,holdout,-0.11664941119266656,0.07626470416055434,-0.3,-0.018693603887332044
2022-01-24,holdout,-0.11532963650110623,0.0757241710557338,-0.3,-0.019623256080788798
2022-01-25,holdout,-0.11443842445272043,0.07623486560031442,-0.4,-0.01483630701728339
2022-01-26,holdout,-0.111764788307563,0.07548384421122527,-0.8,-0.04899082797331411
2022-01-27,holdout,-0.11221245595909851,0.07351410654446906,-0.6,-0.0383158776489545
2022-01-28,holdout,-0.11182447732776774,0.0718726584888389,-0.9,-0.05242775041516795
2022-01-31,holdout,-0.11110349679424214,0.06954949899192309,-1.0,-0.08249208165846733
2022-02-01,holdout,-0.11247632786284699,0.06933459530778048,-0.7,-0.03224743438506045
2022-02-02,holdout,-0.11079991566753915,0.07217247054368629,-0.5,-0.017609064202635583
2022-02-03,holdout,-0.11160345122398752,0.07120822787594824,-0.2,-0.01868992947384779
2022-02-04,holdout,-0.11160345122398752,0.0719715866545742,-0.3,-0.0288983247732445
2022-02-07,holdout,-0.11140107726207157,0.07304637064920552,-0.4,0.039275151424407684
2022-02-08,holdout,-0.11156272970931001,0.07308828054293401,-0.9,-0.13128305135140045
2022-02-09,holdout,-0.11099021062534055,0.07366079962690347,-0.5,-0.004946471143107201
2022-02-10,holdout,-0.11118524459900048,0.07412007317778008,-0.5,-0.005076585112629706
2022-02-11,holdout,-0.1116342791746628,0.07367103860211775,-0.8,-0.07360673592698769
2022-02-14,holdout,-0.11223299194221258,0.07409013753940259,-0.2,-0.060714808006004706
2022-02-15,holdout,-0.11250016751473166,0.07641838181421175,-0.5,-0.07095723390880243
2022-02-16,holdout,-0.1129136535198207,0.07893110446052219,0.2,-0.009600293569440421
2022-02-17,holdout,-0.11262739397783597,0.08207995942235424,0.1,0.02649772325961708
2022-02-18,holdout,-0.11282871937000108,0.08293559233905587,0.8,0.10724384530766268
2022-02-21,holdout,-0.11301377604360735,0.08478615907511879,0.8,0.10264800170976357
2022-02-22,holdout,-0.11371352159068115,0.08523145169598392,0.7,0.07650365184172353
2022-02-23,holdout,-0.1139997811326659,0.0864719097112511,0.9,0.1391869800279394
2022-02-24,holdout,-0.11343998469500685,0.08652280029649284,-0.5,-0.04790573112060975
2022-02-25,holdout,-0.1118947614703943,0.08487579590139682,-0.5,-0.12136381555270931
2022-02-28,holdout,-0.11031715332790067,0.08263661015076071,-0.5,-0.05648567335326843
2022-03-01,holdout,-0.10836534970568842,0.07949935524879992,0.7,0.12988103884603336
2022-03-02,holdout,-0.10660923898011204,0.07702229456563237,-0.3,-0.0387030869311108
2022-03-03,holdout,-0.10577739108944063,0.07540214153102041,-0.3,-0.03258957273657054
2022-03-04,holdout,-0.10354255782306859,0.0717209442630413,-0.3,-0.005642489051057853
2022-03-07,holdout,-0.10281100566021874,0.06997158039535684,-0.1,-0.05849394685912873
2022-03-08,holdout,-0.1016572929607045,0.06826269767502371,0.2,-0.01808905587445997
2022-03-09,holdout,-0.1006840105179564,0.06667872820937486,0.2,-0.0052257891110437105
2022-03-10,holdout,-0.0985656899072694,0.06623979691166496,0.1,-0.03636521671017473
2022-03-11,holdout,-0.09589393418207855,0.06585811752235197,-0.1,-0.04481456889200042
2022-03-14,holdout,-0.09357205123042461,0.06591536943074891,-0.6,-0.04829141146201227
2022-03-15,holdout,-0.0915046212049793,0.06632885543583797,1.0,0.02093016016613225
2022-03-16,holdout,-0.08985067718462307,0.06706676892184306,-1.0,-0.02618432894285061
2022-03-17,holdout,-0.08876925224823631,0.06776651446891686,-0.5,-0.014775845633503815
2022-03-18,holdout,-0.08866747107775284,0.06741028037222474,-0.5,-0.024068815683125078
2022-03-21,holdout,-0.08856568990726939,0.06705404627553263,-0.7,-0.0314340595349763
2022-03-22,holdout,-0.08866747107775284,0.06695226510504916,-0.7,-0.03094378694453198
2022-03-23,holdout,-0.09014329804976302,0.06791918622464205,-0.2,-0.027359354625368815
2022-03-24,holdout,-0.0894656374453539,0.06669785980194783,-0.9,-0.05379064489145874
2022-03-25,holdout,-0.0866791413886985,0.06489719989530046,-0.1,-0.02320898085703449
2022-03-28,holdout,-0.08525046037530101,0.06298475228381382,-0.5,-0.03169316244044584
2022-03-29,holdout,-0.08601615715937452,0.06528184263603434,-0.6,-0.06584965451396835
2022-03-30,holdout,-0.08515657358682042,0.06456087378217315,-0.6,-0.061710801643727775
2022-03-31,holdout,-0.08365527800093228,0.0632199534654023,-0.9,-0.08180051811381855
2022-04-01,holdout,-0.08224551689016449,0.06331721493227215,-0.6,-0.047816842402092885
2022-04-04,holdout,-0.08054250535994903,0.06216285008625099,0.4,-0.006969735387297671
2022-04-05,holdout,-0.07883423762130697,0.06100492238576681,-0.6,-0.04907708812973727
2022-04-06,holdout,-0.07712068930232907,0.05984341531062889,-0.9,-0.0704575823875978
2022-04-07,holdout,-0.07588558201022741,0.05819456610832336,-0.6,-0.03700939172998691
2022-04-08,holdout,-0.07445421265622869,0.0554979684860579,-0.9,-0.06379426194404503
2022-04-11,holdout,-0.07320165648798026,0.053851225710340886,-0.7,-0.03020376944459713
2022-04-12,holdout,-0.07205367769370694,0.05209090152666129,-0.7,-0.032145025282311335
2022-04-13,holdout,-0.07058003202427685,0.05012879485687993,-0.1,4.8028634528962666e-05
2022-04-14,holdout,-0.06934613005229096,0.04895466281050832,-0.7,-0.020781161974156415
2022-04-15,holdout,-0.06934613005229096,0.04895466281050832,-0.6,-0.018825429006532002
2022-04-18,holdout,-0.06554447822251494,0.04600657424568413,-0.7,-0.021077409305778394
2022-04-19,holdout,-0.06367612655868604,0.04336876530493924,-0.1,-0.0029969182351718415
2022-04-20,holdout,-0.06096654449119281,0.042958222567440266,0.6,0.030170900638772757
2022-04-21,holdout,-0.06096654449119281,0.042958222567440266,0.5,0.048671549873021636
2022-04-22,holdout,-0.06096654449119281,0.042958222567440266,0.5,0.05708956634567075
2022-04-25,holdout,-0.05939592928006536,0.04280932879561034,0.5,0.10495281201995266
2022-04-26,holdout,-0.05939592928006536,0.04280932879561034,0.5,0.07774823456622199
2022-04-27,holdout,-0.057517985496201435,0.040166531952447244,0.5,0.05028902651039624
2022-04-28,holdout,-0.057517985496201435,0.040166531952447244,0.5,0.05639740768757229
2022-04-29,holdout,-0.057517985496201435,0.040166531952447244,0.3,0.0038645601609023084
2022-05-02,holdout,-0.05939592928006535,0.04280932879561034,-0.1,0.00870209066520422
2022-05-03,holdout,-0.05939592928006535,0.04280932879561034,0.6,0.03609756973940931
2022-05-04,holdout,-0.05939592928006535,0.04280932879561034,0.3,0.025708876845601913
2022-05-05,holdout,-0.05939592928006535,0.04280932879561034,0.8,0.02401449616150897
2022-05-06,holdout,-0.05939592928006535,0.04280932879561034,0.8,0.06608772679628377
2022-05-09,holdout,-0.05939592928006535,0.04280932879561034,0.9,0.07342741929522989
2022-05-10,holdout,-0.05939592928006535,0.04280932879561034,0.8,0.051272918957761204
2022-05-11,holdout,-0.05939592928006535,0.04280932879561034,0.9,0.04567423900808748
2022-05-12,holdout,-0.05939592928006535,0.04280932879561034,0.9,0.05392545876158106
2022-05-13,holdout,-0.05751798549620142,0.040166531952447244,0.5,0.07377022517746357
2022-05-16,holdout,-0.05751798549620142,0.040166531952447244,0.5,0.09816193101671894
2022-05-17,holdout,-0.05751798549620142,0.040166531952447244,0.3,0.03264444217851753
2022-05-18,holdout,-0.05751798549620142,0.040166531952447244,0.7,0.08796267013584841
2022-05-19,holdout,-0.05751798549620142,0.040166531952447244,0.6,0.08937820548464914
2022-05-20,holdout,-0.05751798549620142,0.040166531952447244,0.7,0.08181527282515055
2022-05-23,holdout,-0.059334831032749766,0.041627318474412416,0.7,0.09443674262788743
2022-05-24,holdout,-0.06214574955590455,0.043669235865979324,0.7,0.11008185518500074
2022-05-25,holdout,-0.06397554408168926,0.04514009178756435,0.7,0.09089234530462109
2022-05-26,holdout,-0.06581108364523154,0.04661556578111667,0.7,0.11881107546504482
2022-05-27,holdout,-0.06814891967545823,0.04759915530030247,0.9,0.0922383037252072
2022-05-30,holdout,-0.06948108770294364,0.048024070855456055,0.6,0.08695439499109708
2022-05-31,holdout,-0.06867751312767849,0.04585841066504045,0.7,0.11619972060069206
2022-06-01,holdout,-0.06895884210733055,0.043999794619142316,0.7,0.10139315366495838
2022-06-02,holdout,-0.06968214026056313,0.043454946128984734,0.6,0.12914785009926844
2022-06-03,holdout,-0.07058353605211466,0.04273256471463186,0.6,0.10329105837169689
2022-06-06,holdout,-0.07058353605211466,0.04273256471463186,-0.3,-0.035177388326226355
2022-06-07,holdout,-0.07069539585568378,0.04121550063335553,-0.8,-0.1318431444108859
2022-06-08,holdout,-0.0698886466928816,0.039025282965187924,-0.6,-0.09747913770553307
2022-06-09,holdout,-0.06999975741894342,0.03749750122109442,-0.5,-0.06757090500953389
2022-06-10,holdout,-0.07011122200082072,0.03596485393004521,-0.5,-0.0202915405915276
2022-06-13,holdout,-0.07011122200082072,0.03596485393004521,0.3,0.007780361296794158
2022-06-14,holdout,-0.06966505739384092,0.03465255100772316,0.5,0.01954081404501401
2022-06-15,holdout,-0.06966505739384092,0.03465255100772316,0.5,0.00865415634613348
2022-06-16,holdout,-0.06966505739384092,0.03465255100772316,0.7,0.04398939891287046
2022-06-17,holdout,-0.0697759890138948,0.03311537354117495,0.6,0.0841010561664724
2022-06-20,holdout,-0.06898037264712208,0.03141693041175692,0.6,0.06245643615578489
2022-06-21,holdout,-0.07068800902515263,0.03146711720155206,0.7,0.06908317072585873
2022-06-22,holdout,-0.07240110983959287,0.03151746458907455,0.9,0.1059092424539661
2022-06-23,holdout,-0.0716058753185339,0.029808295116162366,0.7,0.0932856987264184
2022-06-24,holdout,-0.07548576735632068,0.030736095386067898,0.7,0.05494026885367076
2022-06-27,holdout,-0.0775361067228365,0.02948703807083411,0.9,0.07387283762302643
2022-06-28,holdout,-0.08026046569719548,0.02836524319903924,0.9,0.08579758532019549
2022-06-29,holdout,-0.08360804404477383,0.028222793056589097,0.9,0.10931922915766618
2022-06-30,holdout,-0.08671890377328062,0.028317061533210515,1.0,0.1429577227638682
2022-07-01,holdout,-0.08929557546759938,0.02814423599273792,1.0,0.15535337949076222
2022-07-04,holdout,-0.08934413801616192,0.02541502076352269,1.0,0.1579690983157836
2022-07-05,holdout,-0.08637153872003321,0.023045739717771057,0.7,0.13011968550423758
2022-07-06,holdout,-0.08414623134766701,0.020317667136757298,0.7,0.14655238767278378
2022-07-07,holdout,-0.08229228464077913,0.017898109570140906,0.6,0.12419421358510235
2022-07-08,holdout,-0.08068972053821503,0.015975032647063982,0.6,0.10493370689723958
2022-07-11,holdout,-0.07982196712521275,0.014171845889126095,0.6,0.09969220105768617
2022-07-12,holdout,-0.07973978435072228,0.013719840629428525,0.6,0.09276860786415192
2022-07-13,holdout,-0.07913894183811507,0.011746868068220671,0.6,0.11034387102763615
2022-07-14,holdout,-0.07873830081247404,0.011346227042579645,0.6,0.09601149827940259
2022-07-15,holdout,-0.078070565769739,0.010411397982750587,0.6,0.08387892419542775
2022-07-18,holdout,-0.0789770666762399,0.01060564817700078,0.5,0.10474576009857739
2022-07-19,holdout,-0.07857237877155199,0.00984483491618752,0.5,0.08851776614916701
2022-07-20,holdout,-0.0785456693698426,0.00907026226661487,0.5,0.07758486017826488
2022-07-21,holdout,-0.07983781404434022,0.009817744631744294,0.5,0.060027839654676896
2022-07-22,holdout,-0.07982073710418634,0.00925954215046489,0.5,0.06557323039589003
2022-07-25,holdout,-0.0794747289456782,0.008512892966315706,0.6,0.048741228328409825
2022-07-26,holdout,-0.08044771429366354,0.009485878314301052,0.6,0.07088665694132507
2022-07-27,holdout,-0.08110330869925794,0.009340190668613408,0.5,0.06640591430096487
2022-07-28,holdout,-0.08110330869925794,0.008538908617331356,0.5,0.04900013353543525
2022-07-29,holdout,-0.08280014127844347,0.01004720424327404,0.8,0.010501951703320356
2022-08-01,holdout,-0.08449697385762898,0.011555499869216725,0.8,0.014745927516066237
2022-08-02,holdout,-0.08455981950870993,0.010157184132665694,0.2,-0.005407485587810623
2022-08-03,holdout,-0.08635092056451688,0.0087745798088849,0.6,0.0320186626238238
2022-08-04,holdout,-0.08837521206249258,0.005906833520085978,0.1,0.004097374929043829
2022-08-05,holdout,-0.09101275909161365,0.0038763299548748927,-0.1,-0.0025365248616744385
2022-08-08,holdout,-0.09364187945291004,0.0018523136215015425,-0.1,-0.004283376717720944
2022-08-09,holdout,-0.09726209330270083,-0.0010112161859149504,-0.5,-0.011228060694185082
2022-08-10,holdout,-0.10045698148161457,-0.0022891714574804455,0.7,0.026547611463810683
2022-08-11,holdout,-0.1036518696605283,-0.0035671267290459416,0.5,0.002949009364636712
2022-08-12,holdout,-0.10478339255722693,-0.006375965919674271,0.6,0.012249832219437262
2022-08-15,holdout,-0.1040607392786631,-0.00720511547086855,0.5,0.016224904474359925
2022-08-16,holdout,-0.10387056736325156,-0.008726490794160807,0.6,0.06087513115601684
2022-08-17,holdout,-0.10437955690155891,-0.008483741937429614,0.9,0.036365882961621854
2022-08-18,holdout,-0.10615318967735293,-0.007508831206364025,0.7,0.04025762261771354
2022-08-19,holdout,-0.10759402160117679,-0.006280991827801098,0.3,0.017716349537593545
2022-08-22,holdout,-0.10868560839563897,-0.004816668079132302,0.9,0.030440175922926416
2022-08-23,holdout,-0.10924471382694888,-0.004417307056768085,0.3,0.011243520672544804
2022-08-24,holdout,-0.10935434234289199,-0.0037751971776726757,0.9,0.03519974659551661
2022-08-25,holdout,-0.10958184212033786,-0.0014804168138708585,0.9,0.046838166581870455
2022-08-26,holdout,-0.10848121078597525,0.0006138400306802519,0.7,0.022445478907908933
2022-08-29,holdout,-0.10813089409969083,0.0031921708417334436,0.7,0.014875006964154447
2022-08-30,holdout,-0.10768168130802812,0.0038195005373024395,0.7,0.014112252309464057
2022-08-31,holdout,-0.1085739446002914,0.003986977504779407,0.1,-0.008562964301024656
2022-09-01,holdout,-0.10841978764613446,0.0029439316617335637,0.7,0.03135419808491191
2022-09-02,holdout,-0.10541542826282771,0.005450683389537921,0.9,0.033060147727904166
2022-09-05,holdout,-0.1029075335259856,0.008442788652695814,0.2,0.021284392506682903
2022-09-06,holdout,-0.10101263156520128,0.010921220025244833,-0.1,-0.003366434032923693
2022-09-07,holdout,-0.0992969484179392,0.008709630445234196,-0.2,0.011525712214878026
2022-09-08,holdout,-0.09945048377147454,0.00957427690988066,-0.2,0.02647038548988967
2022-09-09,holdout,-0.09822730461145328,0.007742910615356469,0.8,0.05844273932670374
2022-09-12,holdout,-0.09672937797668454,0.007059019068307026,0.6,0.05608505697093935
2022-09-13,holdout,-0.09550619881666328,0.005227652773782836,-0.4,0.02333547654833923
2022-09-14,holdout,-0.09607842103888549,0.005855430551560612,0.2,0.047821770562941845
2022-09-15,holdout,-0.09706765402811848,0.006653210549340611,-0.4,0.021534234882842618
2022-09-16,holdout,-0.09741137305419045,0.007694365472848475,0.5,0.042040729233250196
2022-09-19,holdout,-0.09773137305419045,0.010894365472848475,0.5,0.02544615080924456
2022-09-20,holdout,-0.09775042067323807,0.013846746425229426,0.1,0.0021647023090386464
2022-09-21,holdout,-0.09930597622879363,0.015491190869673871,-0.4,-0.015921438784897768
2022-09-22,holdout,-0.10144976707846684,0.01761406668666734,-0.7,-0.01589099054947296
2022-09-23,holdout,-0.10282027212897188,0.019589016181616833,-0.7,-0.048286540157857105
2022-09-26,holdout,-0.10436308487178463,0.021391657984258634,-0.7,-0.07951985928565891
2022-09-27,holdout,-0.10552068282938258,0.022650843243443894,-0.9,-0.11925028395337717
2022-09-28,holdout,-0.10543277074147049,0.025077216869817523,-0.8,-0.03898966159427736
2022-09-29,holdout,-0.10570751821621797,0.027129742122342777,-0.7,-0.07201880603441141
2022-09-30,holdout,-0.10629164520034494,0.02860275799535865,-0.7,-0.11027673456915138
2022-10-03,holdout,-0.10566063176933153,0.031062342854943505,-0.7,-0.09203277742923549
2022-10-04,holdout,-0.10669286620156594,0.032925346517947165,-0.4,-0.03659693488947863
2022-10-05,holdout,-0.1077309614396612,0.03482058461318526,-0.3,-0.01506016799062243
2022-10-06,holdout,-0.10885996576866552,0.036624913617514264,-0.5,-0.02242075780573438
2022-10-07,holdout,-0.11128420819290795,0.03766733785993851,-0.5,-0.024309353438514314
2022-10-10,holdout,-0.11364611295481271,0.03903876643136708,0.3,-0.013338844284677687
2022-10-11,holdout,-0.11437944628814604,0.04097209976470041,-0.9,-0.04126081475464327
2022-10-12,holdout,-0.1159413510500508,0.04287686166946232,-0.8,-0.04904638957686802
2022-10-13,holdout,-0.11584135105005079,0.044976861669462326,-0.7,-0.07664578725997989
2022-10-14,holdout,-0.11824919418730569,0.04710235186554075,-0.7,-0.08580782444025792
2022-10-17,holdout,-0.12025703732456061,0.04962784206161919,-0.9,-0.06175595016108648
2022-10-18,holdout,-0.12149239085991415,0.052174306708083824,-1.0,-0.03880967710940575
2022-10-19,holdout,-0.12307278301677689,0.05486058121788775,-1.0,-0.037570571098515804
2022-10-20,holdout,-0.12427278301677688,0.05766058121788775,-1.0,-0.047290613606696175
2022-10-21,holdout,-0.12497278301677689,0.05856058121788775,-0.7,-0.021000732979584935
2022-10-24,holdout,-0.12670611635011023,0.061627247884554426,0.5,0.00492901664924128
2022-10-25,holdout,-0.12577278301677688,0.06336058121788775,0.9,0.044575907273387505
2022-10-26,holdout,-0.127239524150154,0.06540206662975853,-0.6,-0.016100037958693747
2022-10-27,holdout,-0.127239524150154,0.06540206662975853,-0.9,-0.007369129821832576
2022-10-28,holdout,-0.1291380716296174,0.06782557627835276,0.9,0.054324100788187946
2022-10-31,holdout,-0.12968415585376383,0.06920387090936382,0.9,0.06341631093259331
2022-11-01,holdout,-0.13057101058392923,0.07024759271182826,0.8,0.05484479497108713
2022-11-02,holdout,-0.13205495364004935,0.07231335708037874,-0.7,-0.00835666898640286
2022-11-03,holdout,-0.13235331637443934,0.07396066205312997,-0.1,-0.004733797683656893
2022-11-04,holdout,-0.13235331637443934,0.07396066205312997,0.2,0.00030314727062830116
2022-11-07,holdout,-0.13283716747968385,0.07542877531427312,0.5,0.01710400118304045
2022-11-08,holdout,-0.13433199868177495,0.07751298129661306,-0.1,0.003565361567346159
2022-11-09,holdout,-0.13489183360786464,0.07892042718217661,0.3,0.01068583985245275
2022-11-10,holdout,-0.13656602657650388,0.0808459289465293,0.6,0.08575623273012273
2022-11-11,holdout,-0.13607590609861545,0.08006147606207739,0.6,0.0656575727299668
2022-11-14,holdout,-0.13607590609861545,0.08006147606207739,0.6,0.040374860421674374
2022-11-15,holdout,-0.13578273551527842,0.07907591480554606,0.6,0.014020537061564309
2022-11-16,holdout,-0.13578273551527842,0.07907591480554606,-0.3,-0.0050947347148663225
2022-11-17,holdout,-0.13578273551527842,0.07907591480554606,0.6,0.051550601811272245
2022-11-18,holdout,-0.13578273551527842,0.07907591480554606,0.6,0.05202479897764095
2022-11-21,holdout,-0.13870194217793835,0.081050672253816,0.6,0.04672365222722369
2022-11-22,holdout,-0.1400756864897783,0.08049258862713102,-0.1,0.02748507919646276
2022-11-23,holdout,-0.13921524371171148,0.07926245669133657,-0.1,0.0258377647445025
2022-11-24,holdout,-0.1367642633195546,0.07844546322728428,0.3,0.041640123138754814
2022-11-25,holdout,-0.1381402523116427,0.07788646769924851,0.3,0.03125198319945627
2022-11-28,holdout,-0.13951624130373075,0.07732747217121273,0.3,0.03913530959855421
2022-11-29,holdout,-0.13998923751976103,0.07685447595518245,0.3,0.02404507405070161
2022-11-30,holdout,-0.13915791083704115,0.07686880917385004,0.3,0.035026982171674326
2022-12-01,holdout,-0.14345787643731633,0.08073877821409772,-0.1,0.020458159263982978
2022-12-02,holdout,-0.14818783859761908,0.08417875069431789,0.3,0.029706204228660604
2022-12-05,holdout,-0.1487038344696521,0.08202876789418029,-0.7,-0.04715764868127964
2022-12-06,holdout,-0.1480470358024728,0.07914526155046633,-0.7,-0.04158464008670387
2022-12-07,holdout,-0.14701504405840676,0.07527529251021864,-0.7,-0.032727818234083106
2022-12-08,holdout,-0.1463081171772895,0.07307271094054806,-0.6,-0.020974300679721614
2022-12-09,holdout,-0.1455988725031194,0.07086290779196051,-0.7,-0.046830039065048734
2022-12-12,holdout,-0.14611162379896467,0.06988457649659975,-0.7,-0.061907025250891146
2022-12-13,holdout,-0.14539972290320466,0.06766226061653009,-0.3,-0.0022265077362258467
2022-12-14,holdout,-0.14133116334641796,0.06186239912068522,-0.3,-0.0035155581472058883
2022-12-15,holdout,-0.14061021407940869,0.05962320598648709,-0.7,-0.03125577876885155
2022-12-16,holdout,-0.1388446759577749,0.056768667243543125,-0.7,-0.023889006521318534
2022-12-19,holdout,-0.13707330134648285,0.05390469200888695,-0.6,-0.0156724018890384
2022-12-20,holdout,-0.13707330134648285,0.05390469200888695,0.2,0.03794241471231796
2022-12-21,holdout,-0.13599316826227084,0.05198975554567406,-0.6,-0.06073457924492037
2022-12-22,holdout,-0.13599316826227084,0.05198975554567406,0.2,0.03579365788962807
2022-12-23,holdout,-0.13599316826227084,0.05198975554567406,0.6,0.0446722092106121
2022-12-26,holdout,-0.13599316826227084,0.05198975554567406,0.6,0.03972207330566946
2022-12-27,holdout,-0.13599316826227084,0.05198975554567406,-0.2,-0.02238451774058159
2022-12-28,holdout,-0.13599316826227084,0.05198975554567406,0.5,0.023390244649600267
2022-12-29,holdout,-0.13599316826227084,0.05198975554567406,0.1,0.008718939899856948
2022-12-30,holdout,-0.1372660905104146,0.05434532902523833,0.1,-0.0029292992890674885
2023-01-03,holdout,-0.13659007601803302,0.05557413511518762,0.5,0.02924908846171481
2023-01-04,holdout,-0.1358045300635947,0.05635968106962595,0.7,0.03315743802727833
2023-01-05,holdout,-0.1351285155712131,0.05758848715957524,1.0,0.08188933783448471
2023-01-06,holdout,-0.13646000740684064,0.060126536506921756,0.7,0.059511259320801146
2023-01-09,holdout,-0.13799473144745628,0.06356693684441558,0.9,0.07466144188789159
2023-01-10,holdout,-0.13633138476183684,0.0629098171918034,0.9,0.0842972591784128
2023-01-11,holdout,-0.1365927998890589,0.06430403120365423,0.9,0.052509589966432735
2023-01-12,holdout,-0.13589569288313347,0.06500113820957965,0.8,0.0417026541627637
2023-01-13,holdout,-0.13734073761416637,0.0685229808957653,0.9,0.05369603567515824
2023-01-16,holdout,-0.13737320093061878,0.06970464561463299,0.6,0.060091802066509215
2023-01-17,holdout,-0.138819697967914,0.07057602937203976,0.6,0.05144061500867303
2023-01-18,holdout,-0.1376503638374209,0.06864443392566237,0.6,0.08530841542594908
2023-01-19,holdout,-0.1364331190126067,0.06688099426571903,0.7,0.08739843247418444
2023-01-20,holdout,-0.1372096672556663,0.06610444602265944,0.9,0.08100121216904688
2023-01-23,holdout,-0.13854274173958528,0.06510140454204079,0.2,0.0002812039767995933
2023-01-24,holdout,-0.14016055057929278,0.06458370571333438,-0.1,-0.01440974906812259
2023-01-25,holdout,-0.14156069059329418,0.06295854319708276,0.2,-0.011756281280869252
2023-01-26,holdout,-0.14403593811804666,0.06213346068883194,-0.1,-0.008726984065705101
2023-01-27,holdout,-0.14561734625886075,0.06096459380214326,-0.1,-0.002684254575109013
2023-01-30,holdout,-0.1467862131455494,0.05938318566132918,0.5,0.014822849374915903
2023-01-31,holdout,-0.14926146067030188,0.05855810315307835,0.3,0.014353676824094275
2023-02-01,holdout,-0.15132416694092893,0.05748549589235228,-0.6,-0.01728936813137716
2023-02-02,holdout,-0.1544869832225571,0.05762300964372742,-0.6,-0.015714814965043677
2023-02-03,holdout,-0.155403741565058,0.0560095149609258,0.1,-0.008189393246630206
2023-02-06,holdout,-0.15705390658155968,0.05501941595102481,-0.2,-0.010389733614663887
2023-02-07,holdout,-0.1581540165925608,0.053589272936723394,-0.3,-0.01559221122136134
2023-02-08,holdout,-0.15693810552777007,0.051504853968510775,0.1,-0.008162139667867108
2023-02-09,holdout,-0.15780583935997683,0.05008706513080347,0.1,0.00021489732237167658
2023-02-10,holdout,-0.15799997642074173,0.048242763053536926,-0.3,-0.011816328363927653
2023-02-13,holdout,-0.1584500214252422,0.045722511028334405,-0.6,-0.04050499452403267
2023-02-14,holdout,-0.1588403727796373,0.042539572722936486,-0.3,-0.014079833050614055
2023-02-15,holdout,-0.1596437076621497,0.041587524768939,-0.3,0.01767508545108759
2023-02-16,holdout,-0.15836310150857033,0.03792579154854802,0.3,0.006093044401572434
2023-02-17,holdout,-0.15951241031717933,0.03762845119590708,-0.3,-0.020631872729329703
2023-02-20,holdout,-0.16012955502167253,0.03650514561682571,0.3,0.011913043642996002
2023-02-21,holdout,-0.1609599437292873,0.035243115323464795,0.6,0.04278284314899028
2023-02-22,holdout,-0.16192400274118698,0.03395793837530855,0.4,0.04495137118081949
2023-02-23,holdout,-0.1627487456560979,0.032704194467287895,-0.1,-0.001154500243745915
2023-02-24,holdout,-0.1635707977295246,0.03145454107772734,-0.1,0.012600962100562774
2023-02-27,holdout,-0.16493306027393906,0.030751846385418335,-0.1,0.0070718415615659835
2023-02-28,holdout,-0.16629089269625785,0.02907582712300302,-0.1,-0.022701243628867385
2023-03-01,holdout,-0.16611643269092588,0.02750074222412114,0.6,0.062173702925569396
2023-03-02,holdout,-0.164567664268071,0.027797380106723012,0.5,0.04529818480497699
2023-03-03,holdout,-0.16373027132189194,0.02879942127730989,0.1,0.003031556270434055
2023-03-06,holdout,-0.1634974402585888,0.028246069239388417,0.2,-0.010900600869700516
2023-03-07,holdout,-0.16145105219705122,0.029643635002075314,0.7,0.052721827495322615
2023-03-08,holdout,-0.16239090241769313,0.028111892228398893,0.4,0.04785346727601281
2023-03-09,holdout,-0.16112106016237182,0.029737461029116112,0.3,-0.006863928000402697
2023-03-10,holdout,-0.15925730244140493,0.031294864783483506,-0.3,-0.006518263798258261
2023-03-13,holdout,-0.15689675309422949,0.032878699684691474,0.3,0.013275094327074632
2023-03-14,holdout,-0.1550457182892787,0.03442609376519597,-0.3,-0.00012489615784416763
2023-03-15,holdout,-0.15251940249980503,0.03838398850203807,0.5,0.008082315810917118
2023-03-16,holdout,-0.154112797752643,0.04093176971978833,-0.1,-0.0070147474472265214
2023-03-17,holdout,-0.15141806091053775,0.040426506561893595,0.9,0.02418056019248649
2023-03-20,holdout,-0.15031671932127047,0.040869024621749114,0.6,0.021357712079447255
2023-03-21,holdout,-0.14998262946706434,0.04230721543000229,0.2,0.008035433544541837
2023-03-22,holdout,-0.14781275874097735,0.04509376482199675,0.1,0.006426120903368693
2023-03-23,holdout,-0.14772881682878058,0.046688661153735184,0.1,0.008388747837654531
2023-03-24,holdout,-0.14669682508471454,0.0440617730779307,0.1,0.005215929616715798
2023-03-27,holdout,-0.14510192875297612,0.04387413821537323,0.3,0.01680250505458003
2023-03-28,holdout,-0.1430688740883425,0.04352711681572026,0.3,0.001538688462554838
2023-03-29,holdout,-0.14225578968392683,0.04250137956707279,0.0,-0.006272670119132073
2023-03-30,holdout,-0.14163240206363517,0.04228934529931097,-0.5,-0.01435891751954721
2023-03-31,holdout,-0.13936597043432264,0.040090067199755865,0.0,-0.001791763078409836
2023-04-03,holdout,-0.1379638637690581,0.039350455933828805,-0.2,-0.006782641971058823
2023-04-04,holdout,-0.13743223165847862,0.039616271989118546,-0.1,-0.004024743639231776
2023-04-05,holdout,-0.13646864845805332,0.039649498996029764,-0.9,-0.015473243588186913
2023-04-06,holdout,-0.13577088131291776,0.040347266141165336,-0.7,-0.01971993363842478
2023-04-07,holdout,-0.13240271208602275,0.038133298206975794,-0.6,-0.016240843036483543
2023-04-10,holdout,-0.13178247462368003,0.0379560875034493,-0.4,-0.011323662363995679
2023-04-11,holdout,-0.13097549616090345,0.03769660328767947,-0.9,-0.019166022936259963
2023-04-12,holdout,-0.1316615446566731,0.03833222077052895,-0.9,-0.038209079440754246
2023-04-13,holdout,-0.13261334785305834,0.03976515525299904,-0.9,-0.024338443503386875
2023-04-14,holdout,-0.1342080950314879,0.03976023319380635,-0.9,-0.048413684364340626
2023-04-17,holdout,-0.1345617142216123,0.03900915772387275,-0.6,-0.013243474079834117
2023-04-18,holdout,-0.1356520249094462,0.04003861386168803,-0.6,-0.020289774628349577
2023-04-19,holdout,-0.1367363135324345,0.0400142086515243,-0.9,-0.0467129996075244
2023-04-20,holdout,-0.13527968231801782,0.037809424439819675,-0.5,-0.03490064664771797
2023-04-21,holdout,-0.13366246270771864,0.03660028828258663,-0.9,-0.05251352844279272
2023-04-24,holdout,-0.1346500813423961,0.03773243647355835,-1.0,-0.05397859658737836
2023-04-25,holdout,-0.13330184729520012,0.037225874548311305,-0.7,-0.052742623710929304
2023-04-26,holdout,-0.13280502694543858,0.03792142303797744,-0.7,-0.05726399963205164
2023-04-27,holdout,-0.13053270114370102,0.03679730426679985,-0.5,-0.039866038087125855
2023-04-28,holdout,-0.1304569951856421,0.0375089402725535,-0.6,-0.050182616362967336
2023-05-01,holdout,-0.12958981784787654,0.03664176293478792,-0.7,-0.0852108194772801
2023-05-02,holdout,-0.1290977291204937,0.03607396824934619,-0.2,0.013499935616001546
2023-05-03,holdout,-0.1265415397130932,0.03576847244212027,-0.2,0.017229358801932992
2023-05-04,holdout,-0.1243082139503557,0.03630598474433845,-0.5,-0.05436344485400302
2023-05-05,holdout,-0.12192347627150037,0.034875142137025264,-0.5,-0.0406714138405635
2023-05-08,holdout,-0.11958241510690978,0.03462356541486031,-0.5,-0.05147277310426274
2023-05-09,holdout,-0.11682671823356586,0.03494153043870768,-0.5,-0.0516881326426209
2023-05-10,holdout,-0.11477761030210498,0.03449991235003077,-0.5,-0.03740006470260743
2023-05-11,holdout,-0.1127513626011168,0.035123373181104055,-0.7,-0.08921604335697603
2023-05-12,holdout,-0.11084413924060624,0.03586585835265497,-0.7,-0.07446852309099261
2023-05-15,holdout,-0.10986525590878174,0.035644034601419454,-0.7,-0.09235596431991844
2023-05-16,holdout,-0.10888637257695723,0.03542221085018394,-0.7,-0.09140760302283618
2023-05-17,holdout,-0.10736468281997334,0.03614898804754937,-0.7,-0.08158184223926607
2023-05-18,holdout,-0.10664504607092483,0.036091778431516224,-0.6,-0.0728765018427604
2023-05-19,holdout,-0.1060428395863654,0.036549455359781394,-0.6,-0.053994810856231035
2023-05-22,holdout,-0.10521007404771753,0.03764719175163543,-0.6,-0.06260255110099194
2023-05-23,holdout,-0.10441516148809908,0.03764719175163543,-0.6,-0.05444598428776637
2023-05-24,holdout,-0.1028253363688622,0.03748820923971174,-0.6,-0.0560202637022596
2023-05-25,holdout,-0.10144886440415493,0.037852974310359166,-0.8,-0.046393046355706735
2023-05-26,holdout,-0.10059160576142916,0.0368554369806419,-0.8,-0.033613533252440486
2023-05-29,holdout,-0.09879301572754501,0.036558348448259254,-0.6,-0.04562352192067487
2023-05-30,holdout,-0.09914334237872281,0.03627878974814308,-0.5,-0.03171825636601905
2023-05-31,holdout,-0.09817319843170995,0.03449849941605925,0.1,-0.025042812860145702
2023-06-01,holdout,-0.09533209886751283,0.030970172228664015,-0.1,-0.019592798940183065
2023-06-02,holdout,-0.09185405662815647,0.02807878771642801,-0.9,-0.07678693596069797
2023-06-05,holdout,-0.08796586190858395,0.025308036286608528,-0.6,-0.054979161871830495
2023-06-06,holdout,-0.08522394290589312,0.024189696651970655,-0.6,-0.039805199106835
2023-06-07,holdout,-0.08519880043187368,0.025807195813888184,-0.6,-0.05187012879342179
2023-06-08,holdout,-0.08423052468725516,0.025357618282981616,-0.6,-0.04354873202563786
2023-06-09,holdout,-0.08292737856055747,0.02523838125148478,-0.6,-0.04900264170852259
2023-06-12,holdout,-0.07971210831989628,0.02409698579362724,-0.6,-0.03383668024595049
2023-06-13,holdout,-0.07685182565466994,0.02260060276033484,-0.6,-0.02367908242203426
2023-06-14,holdout,-0.07489036018219052,0.020507017851885294,-0.9,-0.0348608831605956
2023-06-15,holdout,-0.07132590714741631,0.017927455157979232,-0.9,-0.028489867202346975
2023-06-16,holdout,-0.06984002859885217,0.017956139086232,-0.9,-0.041963412961750324
2023-06-19,holdout,-0.06979169531135034,0.016863120078357368,-0.9,-0.054484125274705086
2023-06-20,holdout,-0.06970307844989183,0.016288261523105935,-0.9,-0.05908707651668793
2023-06-21,holdout,-0.07148590604591176,0.01732321207280893,-0.9,-0.060681028446121166
2023-06-22,holdout,-0.06948683682946227,0.01650877646610729,-1.0,-0.04108188463466628
2023-06-23,holdout,-0.0674877676130128,0.015694340859405652,-0.9,-0.0518433638820352
2023-06-26,holdout,-0.06614195936248293,0.015968337748735083,-0.8,-0.044933401834512054
2023-06-27,holdout,-0.06617178691762535,0.016607501546965543,-0.5,-0.01741653798896503
2023-06-28,holdout,-0.06773698626628591,0.019336451419990436,-0.6,-0.01411831265280139
2023-06-29,holdout,-0.0713664065062863,0.023758560970650267,-0.1,-0.0043818617789775915
2023-06-30,holdout,-0.0721456502359454,0.024745647833695907,0.9,0.013005619501678778
2023-07-03,holdout,-0.07230066667220626,0.025285663112140987,0.3,0.0029824017246069534
2023-07-04,holdout,-0.07245618477978186,0.02582742601284641,0.1,0.0009041371894232819
2023-07-05,holdout,-0.07164104012202097,0.026642570670607314,0.9,0.014379409168023938
2023-07-06,holdout,-0.07143300290990105,0.027009900606864375,0.9,0.020850464678793146
2023-07-07,holdout,-0.07201305920948307,0.028860962621706992,0.8,0.02281847168286455
2023-07-10,holdout,-0.07104176600961264,0.028747261101772916,0.7,0.010406802998558229
2023-07-11,holdout,-0.07099467945027868,0.027493191607629457,0.7,0.0077301964170739534
2023-07-12,holdout,-0.06896643811523376,0.027570213430479263,0.7,0.021212032073312292
2023-07-13,holdout,-0.06932212917214432,0.029145416682511784,0.9,0.021961521751336033
2023-07-14,holdout,-0.06906806413149391,0.03092387196706463,0.5,0.009424265739181592
2023-07-17,holdout,-0.0687428608794614,0.03287509147925976,0.3,0.005817016759429194
2023-07-18,holdout,-0.06811873342606566,0.03423831723272941,0.4,0.016464636634055063
2023-07-19,holdout,-0.06761544267887246,0.03582561882003099,0.7,0.0241552938038464
2023-07-20,holdout,-0.06679350039351555,0.036397404757670594,0.7,0.024059593133963497
2023-07-21,holdout,-0.06759757436832121,0.03859520695547279,1.0,0.02054122045526202
2023-07-24,holdout,-0.06828345861572134,0.03952997689408681,0.7,0.012318807681611033
2023-07-25,holdout,-0.06457508344326252,0.03726658225112762,0.2,0.0157802337947876
2023-07-26,holdout,-0.06517154609827137,0.03952028246256827,-0.2,-0.010007543055345014
2023-07-27,holdout,-0.06555798772602903,0.04075469029231425,0.2,0.021302970658480413
2023-07-28,holdout,-0.06540102992555495,0.04144846982520755,-0.1,-0.009839658163120213
2023-07-31,holdout,-0.06484679199738007,0.041450179202328935,-0.2,-0.0131477571737591
2023-08-01,holdout,-0.06290298490239717,0.03975696138369118,-0.2,-0.017383269431274995
2023-08-02,holdout,-0.06385999154464803,0.03854816070895891,-0.6,-0.030051989244000543
2023-08-03,holdout,-0.06285281541472229,0.03590432336790389,-0.6,-0.03860575283591805
2023-08-04,holdout,-0.06355873797007203,0.03450596722323023,-0.1,-0.0007354481800591617
2023-08-07,holdout,-0.06394310537571603,0.03384882294906468,-0.6,-0.02043380300586406
2023-08-08,holdout,-0.0651365041754978,0.03361014318910832,-0.6,-0.02989643298971628
2023-08-09,holdout,-0.0656138636954105,0.032860006800674066,-0.6,-0.026311466313786336
2023-08-10,holdout,-0.06626852817986223,0.032860006800674066,-0.3,-0.027723233619114218
2023-08-11,holdout,-0.06736605393320776,0.033726474500683695,-0.6,-0.0233859216443571
2023-08-14,holdout,-0.06769669256171873,0.033759538363534784,-0.3,-0.011072820296656183
2023-08-15,holdout,-0.06834493876691111,0.032347516926482064,-0.6,-0.01403833242896918
2023-08-16,holdout,-0.06924120562062477,0.032152676306109525,-0.6,-0.021211109826013652
2023-08-17,holdout,-0.06985270541379396,0.03229655861038463,-0.6,-0.040700052867834735
2023-08-18,holdout,-0.07081424387533243,0.03346267972331426,-0.6,-0.01937341538453563
2023-08-21,holdout,-0.07284658142321825,0.03432597354896487,-0.1,-0.001489686398933987
2023-08-22,holdout,-0.07196687602223627,0.035696677313285664,-0.2,-0.004953507571503146
2023-08-23,holdout,-0.07175196091370413,0.036820848650222955,0.9,0.019985648941523604
2023-08-24,holdout,-0.07296934009753175,0.03736602769376533,0.6,0.012069588494935557
2023-08-25,holdout,-0.07096897639504039,0.0377297301851274,0.8,0.03412310035832855
2023-08-28,holdout,-0.06833213333266543,0.037093250825243784,0.8,0.020387855584536096
2023-08-29,holdout,-0.06673444024561062,0.03841816704377702,0.9,0.039499768414179126
2023-08-30,holdout,-0.06433228021251769,0.038832952749070095,0.8,0.034068104448021164
2023-08-31,holdout,-0.062115968155780105,0.0389216052313396,0.8,0.030042731939739387
2023-09-01,holdout,-0.060752083813172354,0.04028548957394734,0.5,0.021048457281169053
2023-09-04,holdout,-0.05786185243420506,0.0401751753991776,-0.1,0.005536729112953831
2023-09-05,holdout,-0.05580599735895073,0.04032159239478108,0.6,0.02846599288489915
2023-09-06,holdout,-0.05297994877257674,0.03960154169037493,0.1,0.003101121332415968
2023-09-07,holdout,-0.053065191543989726,0.03992546422174427,0.4,0.016329772684093358
2023-09-08,holdout,-0.05162824196874228,0.040271306322905515,-0.1,-0.0008778017727456011
2023-09-11,holdout,-0.05079023995439002,0.0415184736400401,-0.1,0.004105870145954482
2023-09-12,holdout,-0.05031250574097659,0.042346920970124095,-0.9,-0.011415707781473827
2023-09-13,holdout,-0.049421109902772244,0.04288760369165788,-0.9,-0.0058145598890747
2023-09-14,holdout,-0.04894337568935881,0.043716051021741864,0.3,0.01164093545903
2023-09-15,holdout,-0.048465641475945384,0.044544498351825855,-0.1,-0.0012097515069610654
2023-09-18,holdout,-0.04933170803350131,0.04662442197430267,-0.2,-0.006059873647973724
2023-09-19,holdout,-0.05084000365944399,0.04948055624470477,-0.9,-0.008014835371853102
2023-09-20,holdout,-0.05458727589075878,0.051216099070673135,-0.9,-0.021177957799301483
2023-09-21,holdout,-0.05636962474757571,0.05379818011020098,-0.9,-0.03869490015318372
2023-09-22,holdout,-0.05815197360439266,0.054743599938599535,0.6,0.03632922364764729
2023-09-25,holdout,-0.05984821108213586,0.055942993834392774,-0.7,-0.054115706101515615
2023-09-26,holdout,-0.06261679297305818,0.057972805039735904,-0.9,-0.0636931035330493
2023-09-27,holdout,-0.06550005946107099,0.05929809595176985,-0.2,-0.024526395701280956
2023-09-28,holdout,-0.06785275995206935,0.060218717883030085,-0.5,-0.051585422053636254
2023-09-29,holdout,-0.06976538292647629,0.0610533476558759,0.3,0.058205848051068654
2023-10-02,holdout,-0.07114683244622368,0.06063901612452309,0.9,0.06422321627326011
2023-10-03,holdout,-0.0738268651794479,0.06123230581355746,0.4,0.04892685719433687
2023-10-04,holdout,-0.0749179726535341,0.06095952894503591,0.9,0.07148445325620251
2023-10-05,holdout,-0.07673648511034444,0.06241433891048418,0.4,0.038288671984794354
2023-10-06,holdout,-0.07769349175259528,0.06215875850157446,-0.6,-0.0348264301305522
2023-10-09,holdout,-0.07808821592704411,0.06192770044823856,-0.6,-0.036923739049805004
2023-10-10,holdout,-0.07532390297236162,0.05978202976953316,-0.2,-0.030670434449447503
2023-10-11,holdout,-0.07245543884969816,0.05790417637992165,-0.6,-0.009480488436090895
2023-10-12,holdout,-0.07460110952840356,0.05903182812347485,0.1,0.018246148374152005
2023-10-13,holdout,-0.07505127528172881,0.05945647046466088,-0.7,-0.0296068673891266
2023-10-16,holdout,-0.07629372566999455,0.061820577453444304,0.0,-0.006423998029273126
2023-10-17,holdout,-0.0769242446081921,0.06305888331512105,0.1,-0.004803322196652637
2023-10-18,holdout,-0.07484597833495564,0.0624004227136996,0.0,-0.01857081301333724
2023-10-19,holdout,-0.0760010720170726,0.06421229131400916,0.0,-0.012086082970964973
2023-10-20,holdout,-0.07555763806454423,0.06630046210864281,0.0,-0.006892353795019457
2023-10-23,holdout,-0.07176914205672281,0.06515474759014843,0.0,0.009450695437699164
2023-10-24,holdout,-0.07023993141760704,0.06394412938189495,0.0,0.010894538611460391
2023-10-25,holdout,-0.06856018208789162,0.06342728343429022,0.0,-0.015398282954929898
2023-10-26,holdout,-0.06623437532367027,0.062458197282531325,0.0,-0.02238667323112703
2023-10-27,holdout,-0.06515534606463581,0.06106605685458061,0.0,-0.035904085206537706
2023-10-30,holdout,-0.06723484343195178,0.06283060122257492,-0.4,-0.04386566730276581
2023-10-31,holdout,-0.06693618354775473,0.06395298433576703,-0.7,-0.052278637950815
2023-11-01,holdout,-0.06826910204420908,0.06481666111663284,-0.7,-0.04829546972238996
2023-11-02,holdout,-0.06787891735679034,0.06520684580405155,-0.4,-0.029812079473806596
2023-11-03,holdout,-0.06678080775946933,0.06355427184223206,-0.7,-0.04486592978034892
2023-11-06,holdout,-0.06451110710519338,0.061863576456904046,0.1,-0.029440592701608703
2023-11-07,holdout,-0.06466164847511985,0.06204306809027792,0.1,-0.03749229002791393
2023-11-08,holdout,-0.06482018012549194,0.06085429630199738,-0.7,-0.04397578744753
2023-11-09,holdout,-0.06550483415239196,0.06113382960292105,0.1,-0.038990327463496344
2023-11-10,holdout,-0.06568227041202616,0.05992433815082876,-0.9,-0.06219382805058887
2023-11-13,holdout,-0.06575125495948753,0.060269260888135605,0.1,-0.026260357954018154
2023-11-14,holdout,-0.06677876164009633,0.06131129063136785,-0.7,-0.03475020366851278
2023-11-15,holdout,-0.06714077476307354,0.060608907224705966,-0.7,-0.05387981658007612
2023-11-16,holdout,-0.06745310017111704,0.060271486366713346,-0.7,-0.052672543158170326
2023-11-17,holdout,-0.06839728170218379,0.060371771701766115,-0.2,-0.03963581479560968
2023-11-20,holdout,-0.06871274237315263,0.06003283088170862,-0.6,-0.059032877856560306
2023-11-21,holdout,-0.06902925633517645,0.05969275837276946,0.5,0.06389358112837767
2023-11-22,holdout,-0.06934682887232411,0.059351548497579676,-1.0,-0.08985790694746615
2023-11-23,holdout,-0.06966546530406859,0.05900919554073096,-0.2,-0.051564929114985
2023-11-24,holdout,-0.07062127984316938,0.05910820425808118,0.5,0.05110842768854251
2023-11-27,holdout,-0.070943129256148,0.05876429155307583,0.5,0.0535380152338088
2023-11-28,holdout,-0.07221996954109101,0.05854756477117865,0.5,0.06753506049413904
2023-11-29,holdout,-0.07357840681406644,0.05875871861846,0.5,0.06835664555227328
2023-11-30,holdout,-0.07426575772647759,0.058294910147657863,0.6,0.05835034666498762
2023-12-01,holdout,-0.07472982838252915,0.058393547897484695,0.2,0.0050039157082866215
2023-12-04,holdout,-0.07589744002302351,0.06061003101164346,0.5,0.045373623509827876
2023-12-05,holdout,-0.07706505166351786,0.06282651412580224,0.6,0.026427729544656997
2023-12-06,holdout,-0.07381453959654842,0.061000884060791995,0.6,0.027568728307597268
2023-12-07,holdout,-0.07764390997681381,0.06563175056715945,0.6,0.0232902646230434
2023-12-08,holdout,-0.08050620662272553,0.06809703978657647,-0.9,-0.0631451176890161
2023-12-11,holdout,-0.08308268770579212,0.07060530446622175,-1.0,-0.06238623265852522
2023-12-12,holdout,-0.08227983311167972,0.06971324380609686,-0.9,-0.07296684733503672
2023-12-13,holdout,-0.08219062704566724,0.06980244987210935,-0.9,-0.03785240155230918
2023-12-14,holdout,-0.07987622522189877,0.06787956356028459,-0.9,-0.04256361292531502
2023-12-15,holdout,-0.08228478900423597,0.07055574554065926,-0.6,-0.03952987783674239
2023-12-18,holdout,-0.08045351186548091,0.07043636187646186,-0.8,-0.022320948067736768
2023-12-19,holdout,-0.08144053950225476,0.0711413816170146,-0.8,-0.032750355157507016
2023-12-20,holdout,-0.08207506464196924,0.06968688746841135,-0.9,-0.039253197114627714
2023-12-21,holdout,-0.08228050891521012,0.07102227524447709,-0.9,-0.05259873076987298
2023-12-22,holdout,-0.08217457671182028,0.07218752948176523,-0.9,-0.07588732487451005
2023-12-25,holdout,-0.083604661457583,0.07541846168515506,-0.9,-0.07374738821302268
2023-12-26,holdout,-0.08388714733328922,0.07683089106368614,-0.6,-0.04657444371570141
2023-12-27,holdout,-0.08501709083611408,0.07993823569645449,-0.6,-0.02897800873611267
2023-12-28,holdout,-0.08841741617588425,0.08501248662787077,-0.9,-0.052856625766931675
2023-12-29,holdout,-0.09146529009797762,0.0895917313498452,0.0,-0.015423737067003562
2024-01-02,holdout,-0.09231274772509626,0.09213410423120114,0.1,-0.014351230243381086
2024-01-03,holdout,-0.09090585728530452,0.09269353704387423,0.6,0.0594673783845151
2024-01-04,holdout,-0.08949896684551278,0.09325296985654732,0.6,0.06989298049109399
2024-01-05,holdout,-0.08817137068662104,0.09458056601543906,0.1,-0.028163689260619906
2024-01-08,holdout,-0.08817137068662104,0.09458056601543906,0.3,0.024655162145052145
2024-01-09,holdout,-0.08817137068662104,0.09458056601543906,0.3,0.007021606819852755
2024-01-10,holdout,-0.0854616267891182,0.09250720624011007,0.1,0.0008995969171975426
2024-01-11,holdout,-0.08327972300367183,0.09159041756472179,0.1,0.00044810814009532685
2024-01-12,holdout,-0.08055241328763757,0.089504899581554,0.1,-0.005599282027043351
2024-01-15,holdout,-0.07803534307898924,0.08804595837871629,0.0,-0.009901164543932806
2024-01-16,holdout,-0.07582955554129249,0.08711684215822108,0.0,-0.011476179234721107
2024-01-17,holdout,-0.07361621393668585,0.08618454403286115,0.0,-0.016049158378348694
2024-01-18,holdout,-0.07212811744157169,0.08623147544730557,0.0,-0.01403107186210667
2024-01-19,holdout,-0.07036538359579042,0.08540261638281572,-0.4,-0.0180975577667023
2024-01-22,holdout,-0.06876532401506029,0.08451690660034208,-0.6,-0.029099234181766742
2024-01-23,holdout,-0.06876532401506029,0.08451690660034208,-0.6,-0.02964872422062137
2024-01-24,holdout,-0.06744710330933912,0.08351320011746911,-0.7,-0.028027273893991178
2024-01-25,holdout,-0.06401846000081057,0.0802941064716398,-0.6,-0.019462092265545294
2024-01-26,holdout,-0.06057795287460545,0.077063874093472,-0.6,-0.018076047602279877
2024-01-29,holdout,-0.0587121546522023,0.07662286724090399,-0.6,-0.02722507120912271
2024-01-30,holdout,-0.057677998722870306,0.07727255565774079,-0.5,-0.03961168229790013
2024-01-31,holdout,-0.05665020346929651,0.07791588339881939,-0.5,-0.035308578625297904
2024-02-01,holdout,-0.05590278911894098,0.07841614006257086,-0.5,-0.04614266370201364
2024-02-02,holdout,-0.05509831508019054,0.07864391283257852,-0.5,-0.04509355374962021
2024-02-05,holdout,-0.05682841888641891,0.08037401663880689,-0.2,-0.032723335417231936
2024-02-06,holdout,-0.05682117045819948,0.08187141630100693,-0.5,-0.01922274195846685
2024-02-07,holdout,-0.0569954352278269,0.08318216431282914,-0.5,-0.007427439905377531
2024-02-08,holdout,-0.05716910011872927,0.08448840028330258,-0.1,0.0031737678152272686
2024-02-09,holdout,-0.058875172528669785,0.08622466866510045,-0.1,0.0023388452862400655
2024-02-12,holdout,-0.06067183285418236,0.08787034913132626,-0.1,-0.0032795319475630302
2024-02-13,holdout,-0.06246849317969494,0.08951602959755206,-0.3,0.001086266799590896
2024-02-14,holdout,-0.06230125395094652,0.08968326882630048,-0.1,0.005817543579445861
2024-02-15,holdout,-0.0640979142764591,0.09132894929252629,-0.1,0.0031325204793660744
2024-02-16,holdout,-0.06417340420610249,0.09125345936288291,-0.1,-0.0020041589544778082
2024-02-19,holdout,-0.06533594912261062,0.09009091444637476,-0.1,-0.00018765766299100317
2024-02-20,holdout,-0.06497359746032237,0.08701092531692463,-0.5,-0.0037491100395585786
2024-02-21,holdout,-0.06388654247345761,0.08293446911618182,0.5,0.004158483475100283
2024-02-22,holdout,-0.06279948748659286,0.08057918331130819,-0.1,0.0195475593671659
2024-02-23,holdout,-0.061712432499728104,0.07822389750643456,-0.3,-0.01613436937518886
2024-02-26,holdout,-0.061153807020367046,0.07534018219405722,0.5,0.02102540540778486
2024-02-27,holdout,-0.062316351936875194,0.07417763727754909,0.3,0.024984097899556246
2024-02-28,holdout,-0.06405262031867306,0.07330195409368581,-0.3,-0.026142667921336793
2024-02-29,holdout,-0.0660757504331158,0.07299999437511227,0.4,0.03935889036771828
2024-03-01,holdout,-0.06661927792654818,0.07245646688167989,0.1,-0.025299521807899406
2024-03-04,holdout,-0.06743456916669674,0.07164117564153133,-0.3,-0.026056650275122384
2024-03-05,holdout,-0.06772646356131783,0.07134928124691024,0.1,-0.02682742644993008
2024-03-06,holdout,-0.06766962408488045,0.07025867379276816,0.1,-0.028017846764484156
2024-03-07,holdout,-0.06734102086172689,0.06943983008534226,-0.1,-0.03286129921896297
2024-03-08,holdout,-0.06616870666020608,0.06889097389099388,0.1,-0.031905359415913104
2024-03-11,holdout,-0.06548363554869235,0.06871545980457301,0.3,-0.012314494152325939
2024-03-12,holdout,-0.06530245971754822,0.06889663563571714,0.1,-0.03900590008884197
2024-03-13,holdout,-0.0650476812050018,0.06915141414826356,0.3,-0.033918666669133346
2024-03-14,holdout,-0.06387536700348098,0.06860255795391518,0.3,-0.03443134005342352
2024-03-15,holdout,-0.06361426065859681,0.06886366429879937,0.3,-0.03287331486657963
2024-03-18,holdout,-0.06244194645707599,0.06831480810445098,0.4,-0.05835126339203972
2024-03-19,holdout,-0.06183236527520566,0.06806380408838673,-0.2,-0.067607815098926
2024-03-20,holdout,-0.06130926446861796,0.07030807529084362,-0.1,0.04692136615544845
2024-03-21,holdout,-0.061787015810118424,0.07198178694417964,0.7,0.07136162049483707
2024-03-22,holdout,-0.06043885447836949,0.07332994827592858,-0.1,-0.07762458063619893
2024-03-25,holdout,-0.06020261540442665,0.07528735774574061,-0.1,-0.054364087175897746
2024-03-26,holdout,-0.06003492784747617,0.07760650829752758,-0.1,-0.04519269891959776
2024-03-27,holdout,-0.05868676651572724,0.07895466962927652,-0.3,-0.03676907966043996
2024-03-28,holdout,-0.05885550871140068,0.08165454476005171,-0.3,-0.033611044684270674
2024-03-29,holdout,-0.05880455300889139,0.08428725605636479,-0.5,-0.03483172528491629
2024-04-01,holdout,-0.057462719509480224,0.08562908955577597,-0.7,-0.042947991689403664
2024-04-02,holdout,-0.05631527257890077,0.08763712168429003,-0.6,-0.03671676646802652
2024-04-03,holdout,-0.05405190198506545,0.08879402559506656,-0.6,-0.046065606171102
2024-04-04,holdout,-0.05404891557026637,0.08978053795036232,-0.6,-0.019802577504119845
2024-04-05,holdout,-0.05118029824381772,0.0900673996830072,-0.2,-0.006598111213396318
2024-04-08,holdout,-0.048532343788634344,0.09099418374232136,-0.4,-0.012859549606379694
2024-04-09,holdout,-0.046753801046236186,0.0924284924055457,-0.4,-0.009829128300860135
2024-04-10,holdout,-0.04554898176912775,0.09397754576182797,-0.4,-0.0033277004035574542
2024-04-11,holdout,-0.04451627953160624,0.09569871615769716,-0.3,-0.016962118408703653
2024-04-12,holdout,-0.044840969185039437,0.09697225615757107,-0.7,-0.03671607717345893
2024-04-15,holdout,-0.046631861630989084,0.09735090622742291,-0.2,-0.00010420523094478717
2024-04-16,holdout,-0.048303297484975576,0.09760313140411375,-0.6,-0.004731091743156335
2024-04-17,holdout,-0.04946713651456331,0.09655403706758398,0.5,0.04313329821462464
2024-04-18,holdout,-0.050453073057855326,0.0967975079499128,0.6,0.05234517577584341
2024-04-19,holdout,-0.051852872038956964,0.09662711639443201,0.6,0.0566409074295805
2024-04-22,holdout,-0.05256625187408696,0.09720461435620392,0.6,0.028583067284418506
2024-04-23,holdout,-0.05301919145194727,0.09838225725864073,0.2,0.01643253243101106
2024-04-24,holdout,-0.05347213102980758,0.09955990016107755,0.2,0.02283161262718203
2024-04-25,holdout,-0.053818496589347814,0.1006309690451943,0.5,0.030528934166240806
2024-04-26,holdout,-0.05425545006446012,0.10161145001373897,0.5,0.04841631928745338
2024-04-29,holdout,-0.05214549270493306,0.09981567455187057,0.9,0.04471617052995802
2024-04-30,holdout,-0.051314460570114344,0.098462144261163,0.8,0.06953108183370238
2024-05-01,holdout,-0.05064620312474846,0.09686158618470131,0.8,0.06585922308901171
2024-05-02,holdout,-0.05009024731922295,0.09502578572583717,0.8,0.04802326003066959
2024-05-03,holdout,-0.05061181410584998,0.09497362904717446,0.9,0.03876555621189104
2024-05-06,holdout,-0.05091171500816052,0.09412608301890554,0.8,0.0495016783537538
2024-05-07,holdout,-0.0511698905675409,0.09300732226159057,0.8,0.04367359453806774
2024-05-08,holdout,-0.052498596285231125,0.09187721312803909,0.8,0.06093929243591567
2024-05-09,holdout,-0.0541358359818512,0.09134644011447778,0.8,0.06784507457855643
2024-05-10,holdout,-0.05452672449666398,0.08841792858011427,0.8,0.06742822667470166
2024-05-13,holdout,-0.056343725625196954,0.08594524349125017,0.8,0.06752641880790639
2024-05-14,holdout,-0.057163295397891355,0.08430845326761113,0.8,0.07463939823185634
2024-05-15,holdout,-0.05878051101470458,0.08416384185548831,0.7,0.06371212121067793
2024-05-16,holdout,-0.061229389365358725,0.08378757642650368,0.7,0.07255085596107647
2024-05-17,holdout,-0.06455271698113917,0.08539563817607486,0.8,0.08401146694057149
2024-05-20,holdout,-0.06644665637507857,0.08500255641506857,0.8,0.0959453258376669
2024-05-21,holdout,-0.06873367753002425,0.08357316819322752,0.6,0.08247298060820873
2024-05-22,holdout,-0.07189337780988342,0.08298636671268225,0.8,0.09415492432528166
2024-05-23,holdout,-0.0734404803558761,0.082011019455426,0.6,0.060505402795260455
2024-05-24,holdout,-0.07471907597409434,0.0806507445102454,0.6,0.053818415968626854
2024-05-27,holdout,-0.07538612381095351,0.08084132960649086,0.5,0.0546169083608678
2024-05-28,holdout,-0.07698854323859637,0.08266944191126653,-0.2,-0.025547034347007613
2024-05-29,holdout,-0.07757375159295012,0.08379949942312204,-0.2,-0.023717753242395556
2024-05-30,holdout,-0.07984059314946981,0.08610670017649373,0.5,0.07985637553498626
2024-05-31,holdout,-0.08008835377458892,0.08757420541758387,0.5,0.06739112450000356
2024-06-03,holdout,-0.08023279721595392,0.08742976197621888,-0.1,-0.02233906302557015
2024-06-04,holdout,-0.08206241413991047,0.08817304385157623,0.6,0.07970219250050559
2024-06-05,holdout,-0.08189088755328953,0.08748693750509252,-0.1,-0.025039553089582445
2024-06-06,holdout,-0.08248671674892012,0.08689110830946194,0.3,0.029193824019006276
2024-06-07,holdout,-0.08317282309540382,0.08620500196297823,0.3,-0.011649128701155531
2024-06-10,holdout,-0.08385892944188754,0.08551889561649452,0.3,-0.012491802273443375
2024-06-11,holdout,-0.08454503578837123,0.08483278927001082,0.3,-0.009367548104874168
2024-06-12,holdout,-0.08523114213485494,0.08483278927001082,-0.3,-0.009801694737707922
2024-06-13,holdout,-0.08650306833867501,0.0854320621929645,-0.5,-0.005001960282001228
2024-06-14,holdout,-0.08788659047691412,0.08470825769557509,-0.6,-0.0034938570468984187
2024-06-17,holdout,-0.09028796268960708,0.08573741721530066,-0.2,-0.00127106332115412
2024-06-18,holdout,-0.09400061051844161,0.08931464931785552,-0.5,-0.003927991699949396
2024-06-19,holdout,-0.09597316626458227,0.08991499237102873,-0.1,-0.02453172027317818
2024-06-20,holdout,-0.09736051365636916,0.09110054377855574,-0.1,-0.010944720609579295
2024-06-21,holdout,-0.09874786104815608,0.09228609518608273,-0.3,-0.006211350240915403
2024-06-24,holdout,-0.09744879939948288,0.09272752390165129,-0.7,-0.00919993460068047
2024-06-25,holdout,-0.09515505171172854,0.09261989937671267,-0.2,-0.003253739403214162
2024-06-26,holdout,-0.09411916565919431,0.09262662590952134,0.3,0.005422714585071764
2024-06-27,holdout,-0.09551281917548933,0.09466350412564484,0.1,0.012555886832914864
2024-06-28,holdout,-0.09719235033615257,0.09641450469740012,-0.3,-0.008212727260546893
2024-07-01,holdout,-0.0989524597544196,0.09894255994465626,-0.3,-0.013183382312768666
2024-07-02,holdout,-0.10023890915407654,0.10022900934431321,-0.1,-0.0007080402900898064
2024-07-03,holdout,-0.1018084334760981,0.10294764968781481,-0.3,-0.014134619022824868
2024-07-04,holdout,-0.10327593871718825,0.10679746863197338,-0.5,-0.03508879281939392
2024-07-05,holdout,-0.10365710890967919,0.10984683017190094,-0.5,-0.03558669843650941
2024-07-08,holdout,-0.10537237477588846,0.1132773619043195,-0.6,-0.09439152719827926
2024-07-09,holdout,-0.10708764064209772,0.11670789363673802,-0.6,-0.0715314366211216
2024-07-10,holdout,-0.1081258278769086,0.11910023813434567,-0.5,-0.09146383021288373
2024-07-11,holdout,-0.10823115121957055,0.12071018065789296,-0.5,-0.04506294581584169
2024-07-12,holdout,-0.10633349513871512,0.1205034851430678,-0.1,-0.03319292686105696
2024-07-15,holdout,-0.10477137064940968,0.12035328086524996,-0.1,-0.04035581983439801
2024-07-16,holdout,-0.10469626851050076,0.12042838300415888,-0.1,-0.020474761926276563
2024-07-17,holdout,-0.10562753503297131,0.12120944524881161,0.2,-0.007766235730422788
2024-07-18,holdout,-0.10337447086570384,0.12003785188183251,0.1,-0.001780295709894797
2024-07-19,holdout,-0.1004454874482561,0.11782984899791038,0.1,-0.014577756056136704
2024-07-22,holdout,-0.09787699429757116,0.11782984899791038,0.3,-0.014963496200697979
2024-07-23,holdout,-0.0990185468089867,0.12011295402074143,0.3,-0.016830421491239422
2024-07-24,holdout,-0.0990185468089867,0.12011295402074143,0.1,-0.007967854810754516
2024-07-25,holdout,-0.0961346246748843,0.11614756108635066,0.1,-0.009849734967384671
2024-07-26,holdout,-0.09368148374040952,0.11381902480943817,0.1,-0.011054137958994348
2024-07-29,holdout,-0.09176250636575477,0.11265810615067343,0.1,-0.01903051482419088
2024-07-30,holdout,-0.09105986007722768,0.11285200994783466,0.3,0.00056921779095509
2024-07-31,holdout,-0.09006743454862519,0.1133339387006183,0.1,-0.00453504335442434
2024-08-01,holdout,-0.08855503285473529,0.11226013349795645,0.6,0.002102331951477465
2024-08-02,holdout,-0.08704263116084539,0.11118632829529462,0.4,0.013648429144620111
2024-08-05,holdout,-0.08704263116084539,0.11118632829529462,0.3,0.0008729954687625163
2024-08-06,holdout,-0.08719296385715082,0.11310547566713451,-0.3,-0.0059106620278150945
2024-08-07,holdout,-0.08734381673579641,0.11416621178420568,-0.3,-0.007532547607123907
2024-08-08,holdout,-0.08865059400339168,0.11580832538059656,-0.1,-5.546702405440085e-05
2024-08-09,holdout,-0.0885593780953373,0.11589954128865092,0.0,0.012337691098130377
2024-08-12,holdout,-0.08792086673895674,0.11480495039199853,-0.1,0.00020366920444936376
2024-08-13,holdout,-0.08782965083090238,0.11489616630005291,0.0,0.01273046488990126
2024-08-14,holdout,-0.08828573037117421,0.11617318901281402,0.0,0.00122525645522642
2024-08-15,holdout,-0.0859597247157879,0.11589954128865092,0.4,0.015182530605614808
2024-08-16,holdout,-0.0859597247157879,0.11589954128865092,0.4,0.007893768304818916
2024-08-19,holdout,-0.08522999745135297,0.11489616630005291,0.4,0.017742673454298086
2024-08-20,holdout,-0.08522999745135297,0.11489616630005288,0.4,0.012562300440114027
2024-08-21,holdout,-0.08348169254697764,0.11491136895139528,0.4,0.0145027236039596
2024-08-22,holdout,-0.08236885846871439,0.11671744393087169,0.4,0.0038879089300306036
2024-08-23,holdout,-0.08291615391704059,0.11963635298861137,0.4,0.01609490111447598
2024-08-26,holdout,-0.08142271699105245,0.11881898691055559,0.9,0.05408169436049726
2024-08-27,holdout,-0.07988218165502319,0.11775986886703546,0.3,0.010290387882925023
2024-08-28,holdout,-0.07764359124485565,0.11653225477113714,0.0,-0.002339834245398964
2024-08-29,holdout,-0.07612712677345183,0.11631561698950803,-0.7,-0.04351358236597502
2024-08-30,holdout,-0.07498124781128171,0.11634735878901413,-0.5,-0.038416013991194764
2024-09-02,holdout,-0.07332035815212515,0.11540859506862129,-0.5,-0.10095019168307384
2024-09-03,holdout,-0.07077771471510974,0.11361848287305437,-0.5,-0.09592547644309235
2024-09-04,holdout,-0.07068649880705538,0.11370969878110875,-0.5,-0.10176120033560077
2024-09-05,holdout,-0.06717558062057072,0.11144360945748365,-0.5,-0.10169239482782
2024-09-06,holdout,-0.0635734465260317,0.10926873604191291,-0.9,-0.11035781344316087
2024-09-09,holdout,-0.060848371272907535,0.10766105566245474,-0.8,-0.12136594690370095
2024-09-10,holdout,-0.05895279068365277,0.10652370730890187,-0.9,-0.16188280038126424
2024-09-11,holdout,-0.05858792705143531,0.10688857094111934,-0.9,-0.11106320427781002
2024-09-12,holdout,-0.05587995478107136,0.10613033870541742,-0.9,-0.12515246380468403
2024-09-13,holdout,-0.05224383828941405,0.10514484918898694,-1.0,-0.1846877737561865
2024-09-16,holdout,-0.04926780411753932,0.10484724577179946,-1.0,-0.20453799502094783
2024-09-17,holdout,-0.045873812205349834,0.10434175761466485,-0.9,-0.16712471187485478
2024-09-18,holdout,-0.04247982029316035,0.10383626945753026,-0.9,-0.14788649446893143
2024-09-19,holdout,-0.039446891350352724,0.10253644276775556,-0.6,-0.13370739131499232
2024-09-20,holdout,-0.036626352389534426,0.10073537572048605,-0.7,-0.170211040351393
2024-09-23,holdout,-0.03560061518814098,0.0991060696257742,-0.7,-0.17049950933438174
2024-09-24,holdout,-0.03556022751123033,0.09764159936323077,-0.7,-0.125598909569534
2024-09-25,holdout,-0.03553048648085378,0.09616123904669872,-0.7,-0.12566851358964315
2024-09-26,holdout,-0.03755584509600361,0.09785611031903153,-0.9,-0.0696224303023204
2024-09-27,holdout,-0.03842557504915876,0.0956774798423162,-0.9,-0.03117094090954009
2024-09-30,holdout,-0.03700472908608353,0.09404422458375093,0.6,0.045906881359809915
2024-10-01,holdout,-0.03509304542667322,0.09246550684700068,0.5,0.06589043467616762
2024-10-02,holdout,-0.03318136176726292,0.09088678911025043,0.6,0.07276205698283145
2024-10-03,holdout,-0.03126967810785261,0.08930807137350018,0.6,0.053525921129908505
2024-10-04,holdout,-0.02925178980069729,0.08652665776093474,0.6,0.051951680482380025
2024-10-07,holdout,-0.027414736434296996,0.08312810903309419,0.8,0.04177038907736874
2024-10-08,holdout,-0.02545138564895668,0.07985585772419365,0.8,0.07027685989999494
2024-10-09,holdout,-0.021685426247836075,0.07489581363491288,0.1,0.007207204719673621
2024-10-10,holdout,-0.021647646759599428,0.07302317284460814,-0.5,-0.004158678450970621
2024-10-11,holdout,-0.021609998678278387,0.07115704558748709,-0.9,-0.02944041568968725
2024-10-14,holdout,-0.019802667049974892,0.06832669605637029,-0.7,-0.02788102579169771
2024-10-15,holdout,-0.015958273457297546,0.06347543747513458,-0.7,-0.04729660050921447
2024-10-16,holdout,-0.01419581103525779,0.061179928882681596,-0.9,-0.06742444182678431
2024-10-17,holdout,-0.01323185222518914,0.059969974649271986,-1.0,-0.06715553725187112
2024-10-18,holdout,-0.011584254971184564,0.05813931103371134,-0.5,-0.029585715227642084
2024-10-21,holdout,-0.011480158412652685,0.057663697447315684,-0.2,-0.013032644715018749
2024-10-22,holdout,-0.008825696170089756,0.055100768385530796,-0.2,-0.01283039201876146
2024-10-23,holdout,-0.005930959327984492,0.052778113923288225,-0.2,0.0055849130426187665
2024-10-24,holdout,-0.005470084596010016,0.050726911360576714,-0.2,-0.0016930686410189244
2024-10-25,holdout,-0.0037614652214867515,0.04808770464814346,0.6,0.0446916484059256
2024-10-28,holdout,-0.0030078420330809544,0.04849350174959273,0.7,0.03751375133217122
2024-10-29,holdout,-0.005341175366414288,0.04937755972060723,-0.1,0.024115437631465342
2024-10-30,holdout,-0.007587552178008492,0.05147900899596954,-0.1,0.0002071065633026392
2024-10-31,holdout,-0.009181755076559215,0.05249350174959273,-0.2,0.027388573671519256
2024-11-01,holdout,-0.009471610149022983,0.05220364667712896,-0.2,0.01932621352091235
2024-11-04,holdout,-0.009863767011768082,0.05355062024916647,-0.2,0.03063739250856945
2024-11-05,holdout,-0.009772669703279469,0.054801137847510166,0.1,0.04572564671307766
2024-11-06,holdout,-0.010227215157824923,0.05536108514658789,0.5,0.04168157816375023
2024-11-07,holdout,-0.01058714508297224,0.05462848441398716,0.5,0.054771848854668015
2024-11-08,holdout,-0.010418515758332686,0.053554877713782,0.5,0.03658702629497329
2024-11-11,holdout,-0.010356085435032797,0.05257382977621232,0.6,0.05204481365661634
2024-11-12,holdout,-0.010264988126544184,0.051621448823831365,0.8,0.04007021866317356
2024-11-13,holdout,-0.011635212105463815,0.05183225251289592,0.8,0.06406354356077465
2024-11-14,holdout,-0.011292532451756725,0.05199514261599621,0.2,0.02920207246963885
2024-11-15,holdout,-0.012693058322019462,0.050973558855530864,0.5,0.03635845221256667
2024-11-18,holdout,-0.013755875024047633,0.052353049759290955,0.6,0.028681382065300853
2024-11-19,holdout,-0.014522947352009931,0.05377148900155899,0.5,0.027452535538489697
2024-11-20,holdout,-0.01665199511822675,0.05631261052897906,-0.5,-0.009673229906449865
2024-11-21,holdout,-0.0170505535584157,0.05779644613378521,-0.5,-0.009879952638237766
2024-11-22,holdout,-0.017450512907006017,0.059285497329469417,-0.7,-0.038741580490739225
2024-11-25,holdout,-0.01664886026926051,0.06096588458935904,-0.6,-0.022175699895970957
2024-11-26,holdout,-0.0177901064094677,0.06348241088728322,-0.6,-0.036049903465347366
2024-11-27,holdout,-0.019066424679927387,0.06587676725050387,-0.6,-0.017935068581576064
2024-11-28,holdout,-0.021317252216083292,0.06789851308053838,-0.6,-0.02460564388221148
2024-11-29,holdout,-0.02396327250412294,0.07072013131514762,-0.6,-0.024238406850812633
2024-12-02,holdout,-0.025860933181123206,0.07159982622621694,-0.9,-0.028953561006075768
2024-12-03,holdout,-0.027505505315430456,0.07198795116526537,-0.7,-0.011022539581396651
2024-12-04,holdout,-0.029901541702694913,0.0728987930848792,0.4,0.014784775095393499
2024-12-05,holdout,-0.03320842000957322,0.07400108585383865,0.9,0.038815346895035185
2024-12-06,holdout,-0.036267553394521146,0.07448254999445066,0.7,0.052643305988385014
2024-12-09,holdout,-0.039787609890153834,0.07520148604190408,0.9,0.04040203818320093
2024-12-10,holdout,-0.04366303920417964,0.07643141271042724,0.7,0.047588725912179
2024-12-11,holdout,-0.04665178906009741,0.07779216093834337,0.9,0.04296980135161854
2024-12-12,holdout,-0.04990787544526877,0.07868804398291925,0.6,0.05001042731026406
2024-12-13,holdout,-0.05266793008440837,0.08041064660421468,0.9,0.05385706315970529
2024-12-16,holdout,-0.05483944683925847,0.08020121097811238,0.3,0.02486815176174123
2024-12-17,holdout,-0.05737472020786517,0.078988688932257,0.9,0.04535206697684857
2024-12-18,holdout,-0.06071834160704213,0.07527763661009357,0.8,0.08007454649180817
2024-12-19,holdout,-0.06371916206818004,0.07223159388151115,0.9,0.07626646755499361
2024-12-20,holdout,-0.06615266820538988,0.06940616142644906,0.9,0.05455149029791706
2024-12-23,holdout,-0.06727333252049865,0.0677343507268606,0.5,0.009858429943144287
2024-12-24,holdout,-0.06910616441869002,0.06662773524116014,0.4,0.029501792472340027
2024-12-25,holdout,-0.07070384052617006,0.0645804965926143,0.1,0.007170623378700336
2024-12-26,holdout,-0.0721839387382944,0.06382661479298087,0.1,0.008888692607304016
2024-12-27,holdout,-0.07247788347668359,0.0645320821651149,0.2,0.037092086064483665
2024-12-30,holdout,-0.0744727034969594,0.06507446936040888,0.5,0.028148959397903295
2024-12-31,holdout,-0.07585347022860334,0.06513248476930147,0.5,0.02136735128024775
2025-01-02,holdout,-0.07724471998586616,0.06609279291915211,0.5,0.02458676225355333
2025-01-03,holdout,-0.08123839022849212,0.06940574903077154,0.7,0.03239752865511808
2025-01-06,holdout,-0.0835164619510083,0.07021409706134181,0.7,0.0487685738229357
2025-01-07,holdout,-0.08672313182434484,0.07053476404867545,0.7,0.03434788317539933
2025-01-08,holdout,-0.08961762295413009,0.07060738568992456,0.5,0.033339103046542584
2025-01-09,holdout,-0.09200959826277205,0.07150024283278168,0.6,0.023613309496251955
2025-01-10,holdout,-0.09518420143737523,0.07185297651884871,0.4,0.014601897248289641
2025-01-13,holdout,-0.09768273171368329,0.07270541626017735,0.7,0.029486954128757792
2025-01-14,holdout,-0.10025907089132965,0.07248063498964444,0.3,0.023679878730578974
2025-01-15,holdout,-0.10264521053237126,0.07350425431391736,0.7,0.03176333142434906
2025-01-16,holdout,-0.10440887896270636,0.07174058588358226,0.5,0.020848494432590625
2025-01-17,holdout,-0.10499676843948472,0.07027086219163635,0.7,0.017983574549914394
2025-01-20,holdout,-0.10484979607029013,0.06982994508405257,0.6,0.03605211188245849
2025-01-21,holdout,-0.10373280606441122,0.06953600034566339,0.5,0.027223802799987817
2025-01-22,holdout,-0.10196913763407613,0.06865416613049584,0.7,0.02815249398966091
2025-01-23,holdout,-0.10208304173448562,0.07000043226993745,0.8,0.05458092792787733
2025-01-24,holdout,-0.10404437111427312,0.07156022965071333,0.9,0.06438910229894668
2025-01-27,holdout,-0.10397135815976649,0.07308209216450821,1.0,0.058583197917120355
2025-01-28,holdout,-0.10133515429333416,0.07220335754236411,0.8,0.0627530950885904
2025-01-29,holdout,-0.10115737332088971,0.07383107095018453,0.8,0.06345725433724514
2025-01-30,holdout,-0.10098021504887414,0.0754530830851229,0.5,0.04834699847854551
2025-01-31,holdout,-0.10231882772652762,0.07625357303310928,0.5,0.01729354967869029
2025-02-03,holdout,-0.1036527681086221,0.0770512689498636,-0.2,0.01711599146737669
2025-02-04,holdout,-0.10440134052190557,0.07842690553125176,0.1,0.012130736726404912
2025-02-05,holdout,-0.10421977297317182,0.08002964134771914,0.5,0.04524215734822107
2025-02-06,holdout,-0.1054494261450934,0.08195233294260157,0.5,0.05867763661494657
2025-02-07,holdout,-0.1078717400999151,0.0841596486174095,-0.4,-0.043011863344454504
2025-02-10,holdout,-0.1091868092967379,0.08493811254239379,0.5,0.06088493965539493
2025-02-11,holdout,-0.10865188402113798,0.08617524383557303,0.5,0.06836164296294939
2025-02-12,holdout,-0.1099610632657762,0.08694753759981787,-0.4,-0.05572148709077407
2025-02-13,holdout,-0.11092090051301912,0.08737234069591014,-0.6,-0.07652315000720916
2025-02-14,holdout,-0.11222166775252627,0.0881399155541501,0.2,0.01546689739165652
2025-02-17,holdout,-0.11581498840355144,0.08971010609073253,-0.6,-0.05631748530951636
2025-02-18,holdout,-0.11676146895039526,0.090128702701115,0.3,0.017439889269527276
2025-02-19,holdout,-0.11825058693435861,0.08932686994051936,-0.6,-0.05873976715416512
2025-02-20,holdout,-0.1202002462377033,0.0910234471319576,0.2,0.016864797452176672
2025-02-21,holdout,-0.12192079376126887,0.09236587273618371,-0.6,-0.06413641814100007
2025-02-24,holdout,-0.12589325513226285,0.09410117392226737,-0.6,-0.041190329429485806
2025-02-25,holdout,-0.12782318454363387,0.09578378964641567,-0.5,-0.03960396194095478
2025-02-26,holdout,-0.129746527165205,0.09746066265478188,-0.5,-0.043613893181359
2025-02-27,holdout,-0.129746527165205,0.09746066265478188,-0.6,-0.02776041969343085
2025-02-28,holdout,-0.129746527165205,0.09746066265478188,-0.6,-0.08134587863985038
2025-03-03,holdout,-0.1278090718360227,0.09465830121442569,-0.6,-0.05636454896401444
2025-03-04,holdout,-0.1285789324103999,0.09521528812631054,-0.6,-0.037629825825533814
2025-03-05,holdout,-0.1285789324103999,0.09521528812631054,-0.6,-0.03846218762187137
2025-03-06,holdout,-0.1285789324103999,0.09521528812631054,-0.6,-0.09423003882306857
2025-03-07,holdout,-0.128001240335102,0.09370815188723586,-0.6,-0.14252699854946982
2025-03-10,holdout,-0.128001240335102,0.09370815188723586,-0.2,-0.06989533091654543
2025-03-11,holdout,-0.128001240335102,0.09370815188723586,-0.2,-0.07438929565442365
2025-03-12,holdout,-0.1274255131988357,0.09220614196189952,-0.2,-0.02005142129819093
2025-03-13,holdout,-0.1262262383573758,0.09133473487609163,-0.5,-0.05677866921638802
2025-03-14,holdout,-0.12591813362193013,0.09127409219927717,-0.2,-0.06695313691124177
2025-03-17,holdout,-0.12464522032244528,0.09097090069316657,-0.2,-0.059283102666036536
2025-03-18,holdout,-0.12499773402685554,0.09025417056812181,-0.2,-0.044123074654302485
2025-03-19,holdout,-0.12361161694254434,0.09015307252382991,-1.0,-0.09859688515225679
2025-03-20,holdout,-0.12330998870601556,0.09009482754576885,-1.0,-0.09863895450801885
2025-03-21,holdout,-0.12159013998550124,0.09011147489443143,-1.0,-0.11205958522991255
2025-03-24,holdout,-0.11987606256941817,0.09012806637950788,-1.0,-0.16869795553451383
2025-03-25,holdout,-0.11833523164384126,0.09031210646932444,-0.6,-0.06012246181574232
2025-03-26,holdout,-0.11680293226319974,0.09019486552238916,-1.0,-0.09058148389473752
2025-03-27,holdout,-0.1151239809758006,0.09022978412938201,-0.6,-0.06610913336265167
2025-03-28,holdout,-0.11345062619269276,0.09026458634101822,-0.1,-0.027510789039134453
2025-03-31,holdout,-0.11178283997791476,0.09029927273830624,-0.1,-0.025485739633663906
2025-04-01,holdout,-0.11012059458112605,0.09033384389839395,-0.1,-0.02501507542873055
2025-04-02,holdout,-0.10899374645305393,0.0918298319304897,-0.1,-0.020101558962024035
2025-04-03,holdout,-0.10756921287684654,0.0920921373501738,0.6,0.042935567205308056
2025-04-04,holdout,-0.10614939629923587,0.09235357420886556,0.6,0.11421962321635754
2025-04-07,holdout,-0.10597394275163383,0.09385381623496661,0.8,0.06944173379905971
2025-04-08,holdout,-0.10579906825864432,0.09534910696725214,0.3,0.03130136051279364
2025-04-09,holdout,-0.10579906825864432,0.09534910696725214,-0.6,-0.027731279760564997
2025-04-10,holdout,-0.10579906825864432,0.09534910696725214,0.9,0.03886321955322447
2025-04-11,holdout,-0.10579906825864432,0.09534910696725214,0.9,0.03133435586594424
2025-04-14,holdout,-0.10579906825864432,0.09534910696725214,1.0,0.07192974449855044
2025-04-15,holdout,-0.10632192013310404,0.09681162397746335,1.0,0.08316116578842936
2025-04-16,holdout,-0.10632192013310404,0.09681162397746335,1.0,0.14221427987234792
2025-04-17,holdout,-0.10632192013310404,0.09681162397746335,1.0,0.13869907291087447
2025-04-18,holdout,-0.10632192013310404,0.09681162397746335,1.0,0.15154409711232525
2025-04-21,holdout,-0.10632192013310404,0.09681162397746335,1.0,0.18992150816044634
2025-04-22,holdout,-0.10449630640351146,0.09665186882238502,1.0,0.14405564673117932
2025-04-23,holdout,-0.10449630640351146,0.09665186882238502,1.0,0.08089072684253629
2025-04-24,holdout,-0.10449630640351146,0.09665186882238502,0.6,0.06539827531016984
2025-04-25,holdout,-0.10232018024619668,0.09585468617842029,0.6,0.0354427557882081
2025-04-28,holdout,-0.10124786266382284,0.09642729327474217,0.6,0.041778310322828915
2025-04-29,holdout,-0.10025490721218738,0.09774806822212981,0.5,0.05389364570627975
2025-04-30,holdout,-0.09925865290523088,0.09907323112615328,0.6,0.04729671955852577
2025-05-01,holdout,-0.09785779131174835,0.0991402023436481,0.6,0.03289995188270123
2025-05-02,holdout,-0.09645226017962087,0.09920739679853458,0.6,0.02055545982789786
2025-05-05,holdout,-0.09757822571735111,0.10131375449312756,-0.9,-0.045315544669365826
2025-05-06,holdout,-0.09874279704576072,0.10215067228026133,-0.9,-0.08216764412268013
2025-05-07,holdout,-0.09757924162511014,0.10346599579925764,-0.9,-0.06811662031352517
2025-05-08,holdout,-0.0977424176144498,0.1053112566617982,-0.6,-0.043838194577778156
2025-05-09,holdout,-0.09790614025702006,0.10716269930277274,-0.9,-0.06527724529262474
2025-05-12,holdout,-0.09703788778197375,0.10837502701197976,-0.5,-0.01705810513090983
2025-05-13,holdout,-0.09616671681121301,0.10959142977231016,-0.1,0.010986716580023204
2025-05-14,holdout,-0.09534231972527467,0.11122135786718926,0.2,0.03412918520949998
2025-05-15,holdout,-0.09423834387320937,0.11183050012328907,0.1,0.005517593728004089
2025-05-16,holdout,-0.09341216990452673,0.1130047633554793,-0.3,0.03012267335435037
2025-05-19,holdout,-0.09242510474908992,0.11449491823032235,-0.4,0.01075930098510497
2025-05-20,holdout,-0.09131485111735152,0.1154936341506237,-0.3,0.00506101265221337
2025-05-21,holdout,-0.08994187123809405,0.11636883556683869,-0.6,-0.0116459006611776
2025-05-22,holdout,-0.09037060681114202,0.11717485844416886,-1.0,-0.03766634712348593
2025-05-23,holdout,-0.09059449158511168,0.11812636873353995,-0.1,-0.00022177541210077756
2025-05-26,holdout,-0.09074883639140896,0.11828071353983721,-0.7,-0.010168091942549418
2025-05-27,holdout,-0.09099137822987609,0.11852325537830434,-0.6,-0.009486468806307435
2025-05-28,holdout,-0.09114572303617335,0.11901715875845562,-0.2,-0.003955337688686389
2025-05-29,holdout,-0.09114572303617335,0.1193567173323096,-0.6,-0.018698629472362782
2025-05-30,holdout,-0.09100424029706752,0.11949820007141543,-0.6,-0.027075607529059353
2025-06-02,holdout,-0.0872512244807866,0.11646004441061655,-0.6,-0.019862735177277324
2025-06-03,holdout,-0.08478776031753214,0.11524495735711945,-0.6,-0.010031449745480647
2025-06-04,holdout,-0.0823908762667981,0.11381348493793106,-0.6,-0.021316190933700963
2025-06-05,holdout,-0.07957718370047775,0.11615527299860244,-0.7,-0.03669671724740031
2025-06-06,holdout,-0.07585639714023963,0.11623600704660761,-0.9,-0.0345361258630239
2025-06-09,holdout,-0.0713809227399532,0.11650453551062478,-0.7,-0.02787202989928511
2025-06-10,holdout,-0.06690544833966676,0.11677306397464197,-0.5,-0.020796574288342085
2025-06-11,holdout,-0.06422016369949492,0.11741753228828322,-0.7,-0.03945164242956073
2025-06-12,holdout,-0.06262599021346339,0.11898042416611675,-0.7,-0.03844612666584929
2025-06-13,holdout,-0.05928564214919509,0.11970862004412725,-0.7,-0.045119866680570886
2025-06-16,holdout,-0.05664915314132618,0.11905963813449798,-0.4,-0.030420869882542667
2025-06-17,holdout,-0.05379971694436017,0.11862360341396581,-0.9,-0.04425072545383124
2025-06-18,holdout,-0.05176210462515651,0.11702023634311702,-0.9,-0.04156290542028179
2025-06-19,holdout,-0.04952040070993822,0.1157832063456902,-1.0,-0.04319705411133129
2025-06-20,holdout,-0.04828271384823038,0.11451563215919681,-1.0,-0.04356160886367999
2025-06-23,holdout,-0.04629186640192648,0.11264503724320656,-0.7,-0.02621585198843246
2025-06-24,holdout,-0.045114849211280665,0.11109633041340944,-0.5,-0.0034024951125674052
2025-06-25,holdout,-0.04399638321657457,0.11019627179213627,-1.0,-0.021740661992223798
2025-06-26,holdout,-0.04420016043102156,0.10730263534698901,-0.2,-0.0030765802912013918
2025-06-27,holdout,-0.04413495172239852,0.10414001297877173,-0.2,0.003319468868629105
2025-06-30,holdout,-0.04406974301377548,0.10097739061055447,0.5,0.011581662488670319
2025-07-01,holdout,-0.04384018717377061,0.09925958737976966,0.1,0.010176856013671132
2025-07-02,holdout,-0.04256897161684077,0.09867551536712622,0.1,-0.010846539916609
2025-07-03,holdout,-0.04204568537926881,0.09815222912955428,0.3,0.007580662679092742
2025-07-04,holdout,-0.04455195104342921,0.09385577370527931,0.8,0.016842423513554916
2025-07-07,holdout,-0.04681526238300263,0.08980227260559132,0.0,0.005032285825420146
2025-07-08,holdout,-0.050310410442226325,0.08649469957637963,0.3,0.010300750935200997
2025-07-09,holdout,-0.04884777632653098,0.08532900963517949,0.8,0.015908243316475446
2025-07-10,holdout,-0.047780249748800324,0.08361360485855021,0.7,0.020967161870447892
2025-07-11,holdout,-0.04650903419187048,0.08302953284590676,-0.3,-0.00463475025809823
2025-07-14,holdout,-0.04573599770454828,0.08158653140290534,-0.1,0.0023163343403617143
2025-07-15,holdout,-0.044619389445082876,0.08084785209279745,-0.1,-0.004057927463043565
2025-07-16,holdout,-0.04310767364765279,0.07895820734600985,0.5,0.0077683168216868825
2025-07-17,holdout,-0.04188799385654443,0.07754956308022272,0.5,0.006726790938304306
2025-07-18,holdout,-0.04135444710451028,0.07588222948011601,0.7,0.010943150770686083
2025-07-21,holdout,-0.0422047872405647,0.07248086893589833,0.7,0.01508019657150983
2025-07-22,holdout,-0.04392065215796023,0.06909469303696732,0.7,0.014222234377508136
2025-07-23,holdout,-0.04240893636053015,0.06720504829017972,0.7,0.03529812420387202
2025-07-24,holdout,-0.04236447413119397,0.06564887026341346,0.7,0.03523373986241052
2025-07-25,holdout,-0.04316113117785102,0.06342209571521033,0.7,0.045917310523679755
2025-07-28,holdout,-0.04098159774831759,0.06417151164319769,0.8,0.0721815491965817
2025-07-29,holdout,-0.038828882266520474,0.06493424805644431,0.8,0.05685006397086079
2025-07-30,holdout,-0.03826198884248419,0.06380046120837174,0.9,0.03644298194635476
2025-07-31,holdout,-0.03533840779390315,0.0646561696533659,0.9,0.06788585362297361
2025-08-01,holdout,-0.03414556954749347,0.06563642286576198,0.6,0.0703586559513677
2025-08-04,holdout,-0.032893679902746685,0.06476246217037271,0.8,0.08272452312648793
2025-08-05,holdout,-0.03342631053741813,0.06313653707505985,0.8,0.05605617969661658
2025-08-06,holdout,-0.033002331421962426,0.06307698944648461,0.9,0.056587325729973825
2025-08-07,holdout,-0.0329451656985302,0.062250468361860295,0.8,0.02644198433798417
2025-08-08,holdout,-0.03039414529036693,0.06140012822580587,0.9,0.061158203942836775
2025-08-11,holdout,-0.027316723845598547,0.061359635838374706,0.9,0.05497150765844694
2025-08-12,holdout,-0.025389286203875195,0.06045260635991666,0.8,0.05407291982909418
2025-08-13,holdout,-0.02287875818314309,0.06097900739652178,0.5,0.047878419329634214
2025-08-14,holdout,-0.021178077911034248,0.06097900739652178,0.6,0.06304332406705704
2025-08-15,holdout,-0.01779672537001784,0.060958999393320494,0.6,0.04719692877346848
2025-08-18,holdout,-0.014415372829001431,0.06093899139011922,0.6,0.031075133729922766
2025-08-19,holdout,-0.011786404575033178,0.06073349252390606,0.3,0.02365864085922642
2025-08-20,holdout,-0.010326654008139754,0.06105945624272693,0.3,0.0160984768282183
2025-08-21,holdout,-0.009504658543287145,0.06159800499556139,-0.3,-0.009839782800898256
2025-08-22,holdout,-0.008682663078434537,0.06213655374839586,-0.3,-0.019083959936514072
2025-08-25,holdout,-0.008654318407232724,0.06244834513161581,-0.6,-0.045573935084451955
2025-08-26,holdout,-0.009476313872085331,0.06361047665089019,-0.6,-0.030514632735486102
2025-08-27,holdout,-0.009799783627820332,0.0648607135326374,-0.1,-0.0005688966691039798
2025-08-28,holdout,-0.010122156875908771,0.06610671232326004,-0.3,-0.00672268400165732
2025-08-29,holdout,-0.009202604439006501,0.06746129769439949,-0.6,-0.03675777850886358
2025-09-01,holdout,-0.009862735174751421,0.06836085631315894,-0.6,-0.03133105653324114
2025-09-02,holdout,-0.01047848098390024,0.06972112468362579,-0.6,-0.030143367622398998
2025-09-03,holdout,-0.011565638423321282,0.07028767161176784,-0.3,-0.01646286998948876
2025-09-04,holdout,-0.012176452476391332,0.07164012930653797,0.3,0.007596670159397467
2025-09-05,holdout,-0.012785216817873897,0.07298804855266795,-0.3,-0.010898185856874076
2025-09-08,holdout,-0.013880495628340886,0.07426165874493038,-0.1,0.004748539035554167
2025-09-09,holdout,-0.015111464699196503,0.07539165597110942,0.0,0.023758559514756028
2025-09-10,holdout,-0.016519602251594937,0.07595718144384782,-0.1,0.017780834944426616
2025-09-11,holdout,-0.017825402914508945,0.07616391947477474,-0.3,-0.007821571417299333
2025-09-12,holdout,-0.019043663475383308,0.07728511095651389,0.7,0.053415593588365284
2025-09-15,holdout,-0.020257876658979015,0.07840257754960937,0.3,0.047896090091599564
2025-09-16,holdout,-0.021986304724221174,0.07982728305947735,0.4,0.05389778299765413
2025-09-17,holdout,-0.02370900951772412,0.08124727100143186,0.4,0.06516650257093337
2025-09-18,holdout,-0.025529325204471685,0.08173281270225595,0.1,0.07043686022120554
2025-09-19,holdout,-0.027343633248688732,0.08221675195522252,0.5,0.07193808540594071
2025-09-22,holdout,-0.02699623008731996,0.08091399010008964,0.9,0.07803040821129348
2025-09-23,holdout,-0.027256782458346535,0.08065343772906307,0.2,0.03281461134406782
2025-09-24,holdout,-0.02885932482661944,0.08134428873774666,0.6,0.03943920818907509
2025-09-25,holdout,-0.032360148549848436,0.08196208115949294,0.9,0.0491769180808439
2025-09-26,holdout,-0.03262027167479425,0.08170195803454713,0.3,0.025258903606538263
2025-09-29,holdout,-0.032550905508142026,0.08111234561800329,0.5,0.0052512057015260405
2025-09-30,holdout,-0.032897736341403104,0.08076551478474223,0.4,0.014057650637117725
2025-10-01,holdout,-0.03346133644545235,0.07937819145169792,-0.3,-0.012040314646467154
2025-10-02,holdout,-0.03259787218347947,0.0773586244121881,0.7,0.0062909550205819675
2025-10-03,holdout,-0.030378154850608567,0.07397702378789259,0.9,0.02448357201659851
2025-10-06,holdout,-0.03271306956738403,0.07658444844508748,0.4,0.013530163414687935
2025-10-07,holdout,-0.03519433390178336,0.07746672062908463,0.4,0.00290335034923328
2025-10-08,holdout,-0.037122305298440524,0.07757383015112115,0.0,-0.0073438084822604055
2025-10-09,holdout,-0.038669837654893714,0.07647024392816437,0.1,-0.008905116605490537
2025-10-10,holdout,-0.03983786747812049,0.07675518605636114,-0.1,-0.006622643714687848
2025-10-13,holdout,-0.04033608408881209,0.07678304640708843,0.3,-0.011970271815240685
2025-10-14,holdout,-0.038280401014182605,0.07591927645853859,0.3,-0.015358445665249243
2025-10-15,holdout,-0.04008325164122136,0.07939011195624979,-0.1,-0.005439672911816185
2025-10-16,holdout,-0.04216436641010185,0.0809264154385717,-0.7,-0.03170408227991711
2025-10-17,holdout,-0.04338346807046143,0.0827691558959141,-0.8,-0.05280163737532456
2025-10-20,holdout,-0.04385569912137816,0.08453446128804888,-0.8,-0.06639001273174311
2025-10-21,holdout,-0.04541040530166861,0.08602302313961303,-0.8,-0.01992799478035051
2025-10-22,holdout,-0.045057925468845815,0.08704761517537944,-0.6,-0.014164495463454552
2025-10-23,holdout,-0.04498489803696762,0.0885272786840093,-0.9,-0.031686075190635876
2025-10-24,holdout,-0.04316707235640777,0.08797156794053304,0.6,0.011603188980718437
2025-10-27,holdout,-0.04279442765147012,0.08894011144951441,0.7,0.0443337746320438
2025-10-28,holdout,-0.04408363867648048,0.09066423181305085,0.7,0.042163870745741405
2025-10-29,holdout,-0.04410737441035372,0.0904235107804827,0.9,0.05688685669425814
2025-10-30,holdout,-0.04363453297239495,0.09148392314257196,0.7,0.03013244509840962
2025-10-31,holdout,-0.04387023386726461,0.09290399786656539,0.7,0.03696874317551074
2025-11-03,holdout,-0.04673430084236926,0.09539038568011778,0.4,0.0287279897561456
2025-11-04,holdout,-0.049743119344978416,0.09719697648729994,0.8,0.04558046613714123
2025-11-05,holdout,-0.052335371771996216,0.09781499693347637,0.8,0.04240754392802076
2025-11-06,holdout,-0.05460538089924261,0.09862149930970777,0.8,0.06666175396231133
2025-11-07,holdout,-0.057933678510421915,0.0995735655294541,0.7,0.03577212981943162
2025-11-10,holdout,-0.06039488771320416,0.1006436564871855,-0.1,-0.004582303891992878
2025-11-11,holdout,-0.06307011510753267,0.10278383840264832,0.2,-0.003119293490632724
2025-11-12,holdout,-0.0665321740884284,0.10520727968927533,-0.1,-0.002037228062894303
2025-11-13,holdout,-0.06743703041298069,0.10430242336472302,-0.1,0.0005014143437117036
2025-11-14,holdout,-0.0685071213707121,0.10387438698163046,0.0,0.006835563609068007
2025-11-17,holdout,-0.06893515775380467,0.10408840517317676,-0.7,-0.027927086217705066
2025-11-18,holdout,-0.06924595623049871,0.10444641354506483,0.1,-0.005882185471797752
2025-11-19,holdout,-0.06933958918930021,0.10491457833907232,0.1,0.02165871947813125
2025-11-20,holdout,-0.06904846150227034,0.10547322876553504,0.1,-0.005999178448787779
2025-11-21,holdout,-0.06874159718350913,0.10818779773919192,-0.3,-0.010594353260802936
2025-11-24,holdout,-0.07044115341049431,0.10969851438540097,0.5,0.011277820562925811
2025-11-25,holdout,-0.07243029377929168,0.11008251831760123,-0.1,0.006970473018387491
2025-11-26,holdout,-0.07309910062787381,0.1110188479056162,0.5,0.014822976403808696
2025-11-27,holdout,-0.07463735637961272,0.11228958091792225,0.5,0.016966218371818442
2025-11-28,holdout,-0.0756405666524859,0.114095359409094,0.3,0.02244017258066744
2025-12-01,holdout,-0.07460391603718361,0.11573393618812024,0.8,0.01166144124077284
2025-12-02,holdout,-0.07486261934564614,0.11747547982372487,0.8,0.02537582737401467
2025-12-03,holdout,-0.07405123169637727,0.11803992340582495,0.9,0.036302770528910955
2025-12-04,holdout,-0.07389517676504144,0.11895395943222052,1.0,0.037773977508377854
2025-12-05,holdout,-0.0730358612989844,0.11952143190980535,0.9,0.047925768865337226
2025-12-08,holdout,-0.07123669738104038,0.11994476459638041,0.7,0.043314367511621266
2025-12-09,holdout,-0.06966683866832453,0.12059740248818362,1.0,0.04913411416441704
2025-12-10,holdout,-0.06733209476054691,0.12132700995936416,1.0,0.05686405075037876
2025-12-11,holdout,-0.06479766880802516,0.12065116303869167,1.0,0.059041507905837065
2025-12-12,holdout,-0.0633915654791089,0.12147847904669504,0.7,0.037939617179940766
2025-12-15,holdout,-0.06065609087868254,0.12211155443861287,0.8,0.0449694172673214
2025-12-16,holdout,-0.059712759871297726,0.12317027438996898,1.0,0.06177205161143107
2025-12-17,holdout,-0.058940584421958625,0.12423742247521334,0.8,0.030288116491528294
2025-12-18,holdout,-0.05765108155811227,0.1246689161187228,1.0,0.03801900778802825
2025-12-19,holdout,-0.05570920724143989,0.1259825369800012,0.9,0.045654993219852
2025-12-22,holdout,-0.05490145279879046,0.12851350090030275,0.9,0.07844194710421731
2025-12-23,holdout,-0.053151318173050015,0.13026363552604317,0.9,0.07445839778630337
2025-12-24,holdout,-0.052343563730400576,0.13279459944634475,0.9,0.07791396130553169
2025-12-25,holdout,-0.051535809287751144,0.1353255633666463,0.9,0.07001484797154428
2025-12-26,holdout,-0.05012223901311463,0.13657758275275295,0.9,0.06863148513391004
2025-12-29,holdout,-0.04985298753223149,0.13927009756158437,0.8,0.0816692995260242
2025-12-30,holdout,-0.051104215002217866,0.1418675824359865,0.8,0.12013189250342526
2025-12-31,holdout,-0.053591248417743764,0.1427391069662135,0.9,0.1341729719721214
2026-01-02,holdout,-0.05525475221942108,0.14293396632671004,0.9,0.06622227993982244
2026-01-05,holdout,-0.055223075574611306,0.14505630152896543,0.2,0.013312839556503697
2026-01-06,holdout,-0.05700863802678375,0.14522635509583898,0.7,0.05406732406949871
2026-01-07,holdout,-0.05645112907813158,0.1481691153986677,0.9,0.08017556582564217
2026-01-08,holdout,-0.05811098526616414,0.14794421122051826,1.0,0.06472572904319768
2026-01-09,holdout,-0.06080350007499559,0.1476749597396351,0.7,0.06398832701920254
2026-01-12,holdout,-0.06394615667849236,0.14823847057888279,0.7,0.05891188266525382
2026-01-13,holdout,-0.06658198696503262,0.1488336580629403,0.7,0.05299036766640314
2026-01-14,holdout,-0.07036922161061265,0.14723586309085743,1.0,0.06326489125421819
2026-01-15,holdout,-0.07108591779381403,0.14591944164970105,0.9,0.06947327403782955
2026-01-16,holdout,-0.07317599330621964,0.1458520198589783,0.9,0.0744210007468773
2026-01-19,holdout,-0.07377882343503493,0.14591547566201146,1.0,0.064420517394086
2026-01-20,holdout,-0.07387400713958471,0.14601065936656127,0.3,0.012151931575742125
2026-01-21,holdout,-0.07583278758584598,0.14473319385812997,0.3,0.01838205694020273
2026-01-22,holdout,-0.0766844312581335,0.14558483753041748,0.7,0.013694470773177758
2026-01-23,holdout,-0.07611332903083481,0.14824998125781136,0.1,0.009325178405936718
2026-01-26,holdout,-0.0762085127353846,0.14996328793970742,0.5,0.021877081753045147
2026-01-27,holdout,-0.07674823571942511,0.15054380393998357,0.5,0.011208460208852244
2026-01-28,holdout,-0.07605022188606006,0.15181292000064733,-0.5,-0.02493687316101273
2026-01-29,holdout,-0.07508627355369067,0.15254570790768152,-0.1,0.008626182882017663
2026-01-30,holdout,-0.07576758849152068,0.15510063892454407,0.6,0.040048379616973495
2026-02-02,holdout,-0.07384599336604207,0.15498802230707306,0.6,0.06731148429808143
2026-02-03,holdout,-0.07302273781616414,0.15608096501984206,0.8,0.05156087676017923
2026-02-04,holdout,-0.07279469352401362,0.1577922887078933,0.6,0.019903117039788365
2026-02-05,holdout,-0.07188449934925634,0.1587024828826506,0.5,0.0316198168936469
2026-02-06,holdout,-0.07254032949537775,0.16003253093599962,0.7,0.04166713283185913
2026-02-09,holdout,-0.07333352703329259,0.1622058921898863,0.8,0.02869813875836602
2026-02-10,holdout,-0.07356950330082225,0.16379030427187122,0.8,0.03677410689980054
2026-02-11,holdout,-0.07265930912606497,0.16470049844662848,0.8,0.030936170793221196
2026-02-12,holdout,-0.07164798226522355,0.16490276381879676,0.8,0.034905526556809785
2026-02-13,holdout,-0.07079132892427552,0.16737754013709105,0.9,0.023842819387812242
2026-02-16,holdout,-0.0704502289711544,0.1685098376089502,0.6,0.014536872470078788
2026-02-17,holdout,-0.06720615296413375,0.16635142847280499,0.3,0.019373288045697268
2026-02-18,holdout,-0.06396821614477581,0.16526737717763026,0.3,-0.000809357756610285
2026-02-19,holdout,-0.062052789594017006,0.166593441712771,0.2,-0.013314896668223719
2026-02-20,holdout,-0.059106841156300244,0.164857236359744,0.2,-0.016249021897715987
2026-02-23,holdout,-0.05737494400514181,0.16442813945363607,-0.8,-0.0752137270374647
2026-02-24,holdout,-0.05543431447345197,0.1639376506709013,-0.8,-0.04482722905464093
2026-02-25,holdout,-0.05444800550817004,0.16147987535741498,-0.6,-0.038064416786868505
2026-02-26,holdout,-0.05446609995601796,0.16087241889394896,-0.6,-0.049709769015860494
2026-02-27,holdout,-0.052939415538328684,0.16037317138295104,0.1,-0.03256334706253483
2026-03-02,holdout,-0.05259562102921813,0.1614045549102827,0.2,-0.026912833264774616
2026-03-03,holdout,-0.05093628630667433,0.16090289557556015,0.2,0.013847471093466124
2026-03-04,holdout,-0.05109685552455171,0.1607423263576828,-0.1,-0.007862892292458734
2026-03-05,holdout,-0.05047333562269008,0.15920485220227806,-0.7,-0.005840140551948092
2026-03-06,holdout,-0.050878522008427525,0.16123078413096525,-0.6,-0.041430976518257945
2026-03-09,holdout,-0.050108925657495335,0.16075365314116688,-0.6,-0.040156910119813205
2026-03-10,holdout,-0.050302277757356004,0.1601281022298529,-0.8,-0.03526463584420947
2026-03-11,holdout,-0.04995538134290009,0.16058304834717216,-0.7,-0.021748820006393
2026-03-12,holdout,-0.05156436162200908,0.16074824237141794,-0.6,-0.050400321974484574
2026-03-13,holdout,-0.05385618744324666,0.16222837988096722,-0.6,-0.03858324558736437
2026-03-16,holdout,-0.05243749335537964,0.1617739470957074,-0.6,-0.0369740366414093
2026-03-17,holdout,-0.054232325507354656,0.16378780625242367,-0.2,0.010229108538706955
2026-03-18,holdout,-0.05472191528265871,0.1641099047888079,0.1,-0.02045847765726644
2026-03-19,holdout,-0.056386232325265226,0.1658952630708767,-0.3,-0.01540774769658515
2026-03-20,holdout,-0.05849636302391267,0.16717946531201677,-0.6,-0.041271242316958334
2026-03-23,holdout,-0.061657675395751364,0.16726490618693132,0.5,0.014801099524116013
2026-03-24,holdout,-0.06481898776759006,0.16816203537353422,0.7,0.029671076396893703
2026-03-25,holdout,-0.06561358790429546,0.16752977289916646,1.0,0.05015896724123703
2026-03-26,holdout,-0.06643137913562051,0.1667119816678414,0.3,0.01987916635887199
2026-03-27,holdout,-0.06717856796330471,0.1670470439224083,0.6,0.03473030224422047
2026-03-30,holdout,-0.06891381766731007,0.16813167326211953,-0.2,-0.017307005547068877
2026-03-31,holdout,-0.07042532121005794,0.1678587322340966,0.1,0.02991814281257732
2026-04-01,holdout,-0.0714733959423432,0.16810935880051264,0.1,0.03799508315632366
2026-04-02,holdout,-0.07453217926428442,0.16894667937467533,0.1,0.030094184540706725
2026-04-03,holdout,-0.07879417114237537,0.17117819399009088,0.1,0.039742370285959006
2026-04-06,holdout,-0.08264435056821269,0.17300983274607173,0.9,0.09257278871266306
2026-04-07,holdout,-0.08555101562658053,0.17389104647558268,0.7,0.07955321783479569
2026-04-08,holdout,-0.08552253533494235,0.17148446183215593,0.6,0.05459090991466886
2026-04-09,holdout,-0.08760178738890773,0.1722301579189246,0.7,0.07265353835369426
2026-04-10,holdout,-0.08934784706411446,0.1724908426687861,1.0,0.09409492017238347
2026-04-13,holdout,-0.09336476638507056,0.17413735376854195,0.9,0.07156980292466536
2026-04-14,holdout,-0.09711199854313564,0.17524449054251573,0.2,0.03631154451421975
2026-04-15,holdout,-0.10133514922394961,0.17749383177108688,0.1,0.046699217320515185
2026-04-16,holdout,-0.1056481161071771,0.17965335679724448,0.3,0.05367517563653895
2026-04-17,holdout,-0.1064594166259941,0.17891965217572783,0.2,0.06169966996797965
2026-04-20,holdout,-0.10584460260768559,0.17957045528902116,0.3,0.04569181594411953
2026-04-21,holdout,-0.10796248993292114,0.17834900951815147,-0.1,0.027532871825251715
2026-04-22,holdout,-0.10796248993292114,0.17834900951815147,-0.1,0.017596256635933893
2026-04-23,holdout,-0.11197766071010565,0.1787621801258301,-0.7,-0.058868232926036934
2026-04-24,holdout,-0.11579154324252364,0.17977921546780823,0.2,0.038285617422300855
2026-04-27,holdout,-0.11867314337812836,0.1801182272484676,0.6,0.02951368099860513
2026-04-28,holdout,-0.12009006758491593,0.1798286481049813,0.0,0.03286649299045763
2026-04-29,holdout,-0.1200585437213512,0.17771654924614516,-0.5,-0.050975867230628025
2026-04-30,holdout,-0.11870467673878225,0.17424726510331223,-0.6,-0.04818673801481843
2026-05-01,holdout,-0.11995876232989175,0.1741280881127772,-0.8,-0.06735669449179243
2026-05-04,holdout,-0.12094936565643877,0.17449769358817643,-0.8,-0.07103273449500075
2026-05-05,holdout,-0.12235584667138846,0.17421849727843536,-0.6,-0.04191877331097915
2026-05-06,holdout,-0.12512488691906648,0.1744612217366397,-0.8,-0.06309663776510188
2026-05-07,holdout,-0.1271950590351366,0.17325769363734625,-0.5,-0.0466361960457245
2026-05-08,holdout,-0.127688304929425,0.17297744028831874,-0.5,-0.007405503372865774
2026-05-11,holdout,-0.1285187089859198,0.1735077705358565,-0.4,0.009101363740724788
2026-05-12,holdout,-0.12738518662553883,0.17416035901164867,-0.7,-0.023112850344725933
2026-05-13,holdout,-0.12815063527901965,0.17530573838364555,-0.6,-0.0490006994377335
2026-05-14,holdout,-0.12588781261726975,0.1727914909817012,-0.4,0.010210670737451855
2026-05-15,holdout,-0.12429545592937165,0.17119913429380312,0.3,0.005324635601152039
2026-05-18,holdout,-0.12203263326762173,0.16868488689185876,-0.7,-0.01967754513060732
2026-05-19,holdout,-0.1210022848225112,0.1665305219611731,-0.7,-0.023506549628783402
2026-05-20,holdout,-0.11997193637740068,0.16437615703048744,-0.5,-0.009984708997652247
2026-05-21,holdout,-0.11986577926487414,0.16384537146785474,0.4,0.033452984314641554
2026-05-22,holdout,-0.11827342257697605,0.16225301477995666,0.5,0.026537211170887698
2026-05-25,holdout,-0.1191731636004082,0.16408693601827823,-0.3,0.018406903250786533
2026-05-26,holdout,-0.12101401373847194,0.1670155612379251,0.7,0.033140901416690904
2026-05-27,holdout,-0.1191731636004082,0.16567676113751512,0.7,0.03454714379380097
2026-05-28,holdout,-0.11739669826135993,0.16541378215158253,0.5,0.03947264749264884
2026-05-29,holdout,-0.11573791913686818,0.16468740643830063,0.7,0.05805375754780995
2026-06-01,holdout,-0.11397251103696807,0.16442682509899953,0.5,0.045804063849487375
2026-06-02,holdout,-0.1138059554073878,0.16617565920959249,0.5,0.040031704846717475
2026-06-03,holdout,-0.1107246762601526,0.16609238139480234,0.5,0.02333057883776024
2026-06-04,holdout,-0.10914239777913995,0.16767465987581498,0.1,0.04476243054242757
2026-06-05,holdout,-0.10690083659770536,0.16780651641589936,0.7,0.06675381110194983
2026-06-06,holdout,-0.10420139995839531,0.16790649555068865,0.3,0.010516511559622688
2026-06-07,holdout,-0.10157625611489704,0.16736708243216158,0.3,0.010516465443346001
2026-06-08,holdout,-0.09917240996105088,0.16739751086448876,0.2,0.03776423513509469
2026-06-09,holdout,-0.09600785299902556,0.16660637162398242,0.7,0.043783784795808356
2026-06-10,holdout,-0.09447211212039562,0.16629612094143092,0.2,-0.0004894460412782076
2026-06-11,holdout,-0.09250625097731928,0.1656248512828195,0.7,0.05472862644202764
2026-06-12,holdout,-0.09023013915169145,0.16631868462743468,-0.3,0.015398443439885001
2026-06-13,holdout,-0.08754506051724573,0.16636663246019262,-0.3,-0.008662212537363045
2026-06-14,holdout,-0.08568355642193672,0.166645858074489,-0.3,-0.011233781006201704
2026-06-15,holdout,-0.08327717456539664,0.16652059436140884,-0.1,0.005602045183295046
2026-06-16,holdout,-0.08011261760337132,0.16462186018419364,-0.6,-0.013210885624486024
2026-06-17,holdout,-0.08057217642690073,0.1641623013606642,-0.6,-0.03522794887148084
2026-06-18,holdout,-0.08109960258723829,0.16395133089652922,-1.0,-0.02421635265656913
2026-06-19,holdout,-0.08241643303360738,0.16421677893117276,-0.9,-0.01413572835805732
2026-06-20,holdout,-0.08288180905743463,0.16401511598751428,-0.9,-0.029104099148661133
2026-06-21,holdout,-0.084297531908867,0.16418167161709457,-1.0,-0.029104126572355726
2026-06-22,holdout,-0.08571325476029938,0.16434822724667486,-0.7,-0.04088508164721477
2026-06-23,holdout,-0.08755057154910685,0.1648843281793864,-0.9,-0.06075648331191935
2026-06-24,holdout,-0.0885453128000376,0.16468072616896196,-0.8,-0.052629803572341705
2026-06-25,holdout,-0.08916064332043142,0.16529605668935576,-1.0,-0.07215509343811288
2026-06-26,holdout,-0.08998474669595884,0.16605423179484102,-0.8,-0.05448165866072363
2026-06-27,holdout,-0.09080885007148626,0.16681240690032623,-0.9,-0.07586725983419362
2026-06-28,holdout,-0.09192769159543762,0.16701213077721874,-0.9,-0.07586733239679933
2026-06-29,holdout,-0.0921968986981099,0.16757801509508094,-0.7,-0.07132608867296386
2026-06-30,holdout,-0.09150465186266687,0.16866583155077713,-0.6,-0.054781971304917965
2026-07-01,holdout,-0.09177385896533917,0.1692317158686393,-0.8,-0.045986861967649784
2026-07-02,holdout,-0.09143762478812398,0.16909326650155068,-0.1,-0.008830575426040987
2026-07-03,holdout,-0.09075701235327663,0.17019271735784258,0.3,0.0041964788227698
2026-07-04,holdout,-0.09007639991842926,0.17129216821413445,-0.1,0.003363313388355771
2026-07-05,holdout,-0.08994707908103881,0.1713606321868706,-0.1,0.003363246185850821
2026-07-06,holdout,-0.08826590819496287,0.16987724611092123,0.8,0.02122358906706534
2026-07-07,holdout,-0.08700008541015274,0.16797851193370603,0.6,0.016226087591630467
2026-07-08,holdout,-0.08451528886878974,0.16568051215746257,-0.3,-0.0023208223152739738
2026-07-09,holdout,-0.08257040490254501,0.16248299106041617,-0.3,0.005261584782685069
2026-07-10,holdout,-0.08062552093630028,0.16086774844438242,-0.1,-0.0009614647037455848
2026-07-11,holdout,-0.07848684781265881,0.15941033411117692,0.4,-0.002708813457627024
2026-07-12,holdout,-0.07665733831898791,0.156888577782063,0.4,0.004911803660795633
2026-07-13,holdout,-0.07395927381317025,0.15571885044540532,0.0,0.005904006165389053
2026-07-14,holdout,-0.071157322336377,0.1545651057196669,0.5,0.019842699798061858
2026-07-15,holdout,-0.06926188457266391,0.15369155614160784,0.7,0.033527640709794526
2026-07-16,holdout,-0.06794232025863757,0.1539322942185801,0.5,0.009859111753957706
2026-07-17,holdout,-0.06561185580396425,0.15281051471468032,0.4,0.015512915798170712
2026-07-18,holdout,-0.06450106434507154,0.15284247993651898,0.1,0.0015536633289483515
2026-07-19,holdout,-0.06219357489359474,0.15158984280571727,0.1,0.01411103759779031
2026-07-20,holdout,-0.06214499616830049,0.15163842153101154,0.8,0.0281568386436577
2026-07-21,holdout,-0.06091950597222206,0.15207277248658363,0.6,0.02516927182543155
