date,value
2002-02-04,100000.0000000000
2002-02-05,100003.9285714286
2002-02-06,100007.8572971939
2002-02-07,100011.7861773020
2002-02-08,100015.7152117589
2002-02-11,100019.6444005708
2002-02-12,100023.5737437437
2002-02-13,100027.5032412836
2002-02-14,100031.4328931967
2002-02-15,100035.3626994889
2002-02-19,100039.2926601664
2002-02-20,100043.2227752352
2002-02-21,100047.1530447014
2002-02-22,100051.0834685710
2002-02-25,100053.9420709558
2002-02-26,100056.8007550150
2002-02-27,100059.6595207508
2002-02-28,100062.5183681657
2002-03-01,100065.3772972619
2002-03-04,100068.2363080419
2002-03-05,100071.0954005078
2002-03-06,100073.9545746621
2002-03-07,100076.8138305071
2002-03-08,100079.6731680451
2002-03-11,100082.5325872785
2002-03-12,100085.3920882096
2002-03-13,100088.2516708406
2002-03-14,100091.1113351741
2002-03-15,100093.9710812122
2002-03-18,100096.8309089574
2002-03-19,100099.6908184120
2002-03-20,100102.5508095782
2002-03-21,100105.4108824585
2002-03-22,100108.2710370551
2002-03-25,100111.1312733705
2002-03-26,100113.9915914068
2002-03-27,100116.8519911666
2002-03-28,100119.7124726521
2002-03-29,100122.5730358656
2002-04-01,100125.4336808094
2002-04-02,100128.2944074860
2002-04-03,100131.1552158977
2002-04-04,100134.0161060467
2002-04-05,100136.8770779354
2002-04-08,100139.7381315662
2002-04-09,100142.5992669414
2002-04-10,100145.4604840633
2002-04-11,100148.3217829343
2002-04-12,100151.1831635567
2002-04-15,100154.0446259328
2002-04-16,100156.9061700650
2002-04-17,100159.7677959555
2002-04-18,100162.6295036068
2002-04-19,100165.4912930212
2002-04-22,100168.3531642010
2002-04-23,100171.2151171486
2002-04-24,100174.0771518662
2002-04-25,100176.9392683563
2002-04-26,100179.8014666211
2002-04-29,100182.6637466630
2002-04-30,100185.5261084843
2002-05-01,100188.3885520874
2002-05-02,100191.2510774746
2002-05-03,100194.1136846483
2002-05-06,100196.9763736107
2002-05-07,100199.8391443642
2002-05-08,100202.7019969112
2002-05-09,100205.5649312540
2002-05-10,100208.4279473949
2002-05-13,100211.2910453362
2002-05-14,100214.1542250804
2002-05-15,100217.0174866296
2002-05-16,100219.8808299864
2002-05-17,100222.7442551530
2002-05-20,100225.6077621317
2002-05-21,100228.4713509249
2002-05-22,100231.3350215349
2002-05-23,100234.1987739641
2002-05-24,100237.0626082148
2002-05-27,100239.9265242893
2002-05-28,100242.7905221900
2002-05-29,100245.6546019192
2002-05-30,100248.5187634793
2002-05-31,100251.3830068725
2002-06-03,100254.2473321013
2002-06-04,100257.1117391679
2002-06-05,100259.9762280747
2002-06-06,100262.8407988241
2002-06-07,100265.7054514184
2002-06-10,100268.5701858598
2002-06-11,100271.4350021508
2002-06-12,100274.2999002938
2002-06-13,100277.1648802909
2002-06-14,100280.0299421446
2002-06-17,100282.8950858573
2002-06-18,100285.7603114311
2002-06-19,100288.6256188686
2002-06-20,100291.4910081720
2002-06-21,100294.3564793437
2002-06-24,100297.2220323860
2002-06-25,100300.0876673012
2002-06-26,100302.9533840917
2002-06-27,100305.8191827598
2002-06-28,100308.6850633079
2002-07-01,100311.5510257382
2002-07-02,100314.4170700533
2002-07-03,100317.2831962553
2002-07-04,100320.1494043466
2002-07-05,100323.0156943296
2002-07-08,100325.8820662065
2002-07-09,100328.7485199799
2002-07-10,100331.6150556519
2002-07-11,100334.4816732249
2002-07-12,100337.3483727012
2002-07-15,100340.2151540833
2002-07-16,100343.0820173734
2002-07-17,100345.9489625739
2002-07-18,100348.8159896872
2002-07-19,100351.6830987154
2002-07-22,100354.5502896611
2002-07-23,100357.4175625265
2002-07-24,100360.2849173140
2002-07-25,100363.1523540260
2002-07-26,100366.0198726646
2002-07-29,100368.8874732324
2002-07-30,100371.7551557316
2002-07-31,100374.6229201647
2002-08-01,100377.4907665338
2002-08-02,100380.3586948414
2002-08-05,100383.2267050899
2002-08-06,100386.0947972814
2002-08-07,100388.9629714185
2002-08-08,100391.8312275034
2002-08-09,100394.6995655385
2002-08-12,100397.5679855261
2002-08-13,100400.4364874685
2002-08-14,100403.3050713681
2002-08-15,100406.1737372273
2002-08-16,100409.0424850484
2002-08-19,100411.9113148337
2002-08-20,100414.7802265855
2002-08-21,100417.6492203063
2002-08-22,100420.5182959983
2002-08-23,100423.3874536639
2002-08-26,100426.2566933054
2002-08-27,100429.1260149252
2002-08-28,100431.9954185257
2002-08-29,100434.8649041091
2002-08-30,100437.7344716777
2002-09-02,100440.6041212341
2002-09-03,100443.4738527804
2002-09-04,100446.3436663191
2002-09-05,100449.2135618524
2002-09-06,100100.6435666635
2002-09-09,100250.6069677301
2002-09-10,99924.8289839569
2002-09-11,99791.8440802402
2002-09-12,99994.2579626504
2002-09-13,99775.5438081541
2002-09-16,99814.9471532654
2002-09-17,99755.1282457416
2002-09-18,100110.7611437692
2002-09-19,100282.9545844386
2002-09-20,100218.7004679568
2002-09-23,100300.4310147123
2002-09-24,100590.2397424492
2002-09-25,100255.4702077889
2002-09-26,100066.6704738128
2002-09-27,99989.7635489156
2002-09-30,100389.2948815138
2002-10-01,100125.8506322860
2002-10-02,100165.7068538847
2002-10-03,100109.3998759321
2002-10-04,100189.9110790634
2002-10-07,100154.6521875670
2002-10-08,99833.8040201572
2002-10-09,99962.9693506452
2002-10-10,99695.1250222567
2002-10-11,99716.4194464839
2002-10-14,99876.2699059989
2002-10-15,99409.0147161822
2002-10-16,99509.7106208934
2002-10-17,99304.1597537620
2002-10-18,99429.3135856779
2002-10-21,99270.2688955761
2002-10-22,99468.0929643216
2002-10-23,99393.1491887649
2002-10-24,99247.5532028939
2002-10-25,99547.1279763980
2002-10-28,99716.9746684340
2002-10-29,99956.2004984924
2002-10-30,99859.4127065498
2002-10-31,100013.7644880819
2002-11-01,100122.1199645114
2002-11-04,100104.7022446834
2002-11-05,100099.3227312208
2002-11-06,100046.3965728669
2002-11-07,100313.5100518502
2002-11-08,100381.3819291002
2002-11-11,100338.9556530835
2002-11-12,100697.3126482570
2002-11-13,100129.1205206959
2002-11-14,100092.1017344525
2002-11-15,100374.6381200452
2002-11-18,100211.6558414565
2002-11-19,100137.0145013724
2002-11-20,100055.4563973667
2002-11-21,100097.7107060224
2002-11-22,100432.4236528284
2002-11-25,100154.7805378264
2002-11-26,100114.1710100832
2002-11-27,100062.7027801267
2002-11-28,100064.6192354262
2002-11-29,100058.8698275492
2002-12-02,100146.3494215525
2002-12-03,100378.4088437902
2002-12-04,100565.5314007952
2002-12-05,100456.8402124254
2002-12-06,100459.7104078601
2002-12-09,99733.4514403574
2002-12-10,99275.2348339324
2002-12-11,99552.3700199006
2002-12-12,100923.3648124857
2002-12-13,101261.7566260554
2002-12-16,102086.0828420780
2002-12-17,102163.1556508346
2002-12-18,103110.0490011526
2002-12-19,103891.5003410750
2002-12-20,102783.4500422757
2002-12-23,103754.3472736379
2002-12-24,104099.0723776515
2002-12-25,104099.9579982210
2002-12-26,104531.7780899950
2002-12-27,104574.3936464224
2002-12-30,103367.3507010819
2002-12-31,104231.2961105429
2003-01-02,103966.2849918899
2003-01-03,105024.0545909914
2003-01-06,105159.6648102405
2003-01-07,104257.4300646957
2003-01-08,105597.0261229271
2003-01-09,105507.6107057378
2003-01-10,105765.5286276771
2003-01-13,105808.0973873864
2003-01-14,105263.2087539706
2003-01-15,104976.3453287308
2003-01-16,106413.7986732267
2003-01-17,106143.5334359440
2003-01-20,106144.4194867703
2003-01-21,106279.4691638889
2003-01-22,106773.2555529294
2003-01-23,107794.7816738079
2003-01-24,108518.4353263369
2003-01-27,108752.5890487428
2003-01-28,108892.2280638336
2003-01-29,108141.0190746147
2003-01-30,108585.0022075985
2003-01-31,108525.1994119921
2003-02-03,109046.6415747350
2003-02-04,110730.3418287637
2003-02-05,110188.3385760929
2003-02-06,108884.2238212083
2003-02-07,108826.1540985319
2003-02-10,107559.1077666505
2003-02-11,107312.0772128670
2003-02-12,105246.7629734078
2003-02-13,106238.9899644899
2003-02-14,105129.2334173528
2003-02-17,105130.1199746314
2003-02-18,103568.7610152464
2003-02-19,104742.9917510436
2003-02-20,105403.2097379782
2003-02-21,105150.9189221530
2003-02-24,106060.8394526948
2003-02-25,105239.8335732098
2003-02-26,105570.8227620539
2003-02-27,103949.8037505290
2003-02-28,104813.3942802239
2003-03-03,104589.6675899378
2003-03-04,104934.8594151148
2003-03-05,104934.9300672981
2003-03-06,105225.8829540104
2003-03-07,104746.7143460079
2003-03-10,105040.8772761781
2003-03-11,104701.3284209827
2003-03-12,104385.8511737841
2003-03-13,103566.6568714882
2003-03-14,103617.1569405538
2003-03-17,103693.4347579731
2003-03-18,103740.2467691760
2003-03-19,103620.1097693720
2003-03-20,103367.5734533756
2003-03-21,102825.5719033635
2003-03-24,103082.8230213266
2003-03-25,103006.5104380353
2003-03-26,103160.5906746165
2003-03-27,103031.9159400036
2003-03-28,103026.4659705473
2003-03-31,103594.1864993467
2003-04-01,103469.9960160868
2003-04-02,103118.5098993245
2003-04-03,102742.8257280727
2003-04-04,102770.6337982669
2003-04-07,102470.9758319005
2003-04-08,102526.7667524908
2003-04-09,102788.8667507961
2003-04-10,102883.5591934759
2003-04-11,102978.8182578239
2003-04-14,102696.5816941186
2003-04-15,102758.0368270063
2003-04-16,102834.0824199180
2003-04-17,102964.1238266726
2003-04-18,102966.2939245740
2003-04-21,103473.9734483886
2003-04-22,103562.5787931213
2003-04-23,103339.0183144108
2003-04-24,103601.3505587922
2003-04-25,103479.6844783303
2003-04-28,103584.0744112351
2003-04-29,103526.4574095480
2003-04-30,103690.0974168665
2003-05-01,104110.6682146353
2003-05-02,104333.5250252195
2003-05-05,104489.4161487721
2003-05-06,104733.8813390920
2003-05-07,104479.3812554074
2003-05-08,104995.8376216749
2003-05-09,105361.6776743292
2003-05-12,105928.4876088107
2003-05-13,105736.5342193445
2003-05-14,105934.3860735289
2003-05-15,106153.8413182910
2003-05-16,106239.1592431865
2003-05-19,106759.2052621416
2003-05-20,106970.1717071215
2003-05-21,107577.9090119118
2003-05-22,107354.0070750417
2003-05-23,107460.1595000605
2003-05-26,107461.5982617387
2003-05-27,107878.4674295309
2003-05-28,107670.7747339076
2003-05-29,108282.5500212800
2003-05-30,107965.0150366383
2003-06-02,108071.5722926935
2003-06-03,108130.0933360530
2003-06-04,108198.4501768222
2003-06-05,108980.3293240586
2003-06-06,108239.6519345293
2003-06-09,107241.9782021683
2003-06-10,105953.7727729948
2003-06-11,107019.3671438201
2003-06-12,106775.1250979142
2003-06-13,106771.7748595562
2003-06-16,108175.3528259753
2003-06-17,109026.3689783220
2003-06-18,108077.5696019425
2003-06-19,108195.7797879270
2003-06-20,107142.5850308512
2003-06-23,105709.8632525547
2003-06-24,104301.2220333570
2003-06-25,104808.5220289175
2003-06-26,104507.4205022887
2003-06-27,104551.6384303712
2003-06-30,104647.5863063731
2003-07-01,106092.8556903893
2003-07-02,106980.8777820376
2003-07-03,106564.3127065541
2003-07-04,106564.3127065541
2003-07-07,107352.4844445408
2003-07-08,107188.8524832851
2003-07-09,107116.2507567723
2003-07-10,106508.0787591015
2003-07-11,107028.8959394571
2003-07-14,108077.3109395283
2003-07-15,106963.0775136773
2003-07-16,107032.1260057017
2003-07-17,106069.5510830591
2003-07-18,106892.5151878713
2003-07-21,106966.9817351526
2003-07-22,107489.6259377721
2003-07-23,109334.7574734283
2003-07-24,109609.2998139994
2003-07-25,110393.5943578192
2003-07-28,110906.7648450932
2003-07-29,110217.1255859824
2003-07-30,108914.1062325274
2003-07-31,108822.8733236541
2003-08-01,106848.4231888072
2003-08-04,107407.6163357562
2003-08-05,106531.1880909397
2003-08-06,106272.4983741269
2003-08-07,106587.5083654322
2003-08-08,107126.3643275786
2003-08-11,108575.1584141334
2003-08-12,108559.4246098763
2003-08-13,109241.9905988516
2003-08-14,110314.3218249561
2003-08-15,109815.3831387379
2003-08-18,109773.6713574154
2003-08-19,110143.7248961464
2003-08-20,110395.6845048428
2003-08-21,110477.1596104393
2003-08-22,110072.6425166879
2003-08-25,109921.1508305891
2003-08-26,110537.4790808375
2003-08-27,111444.9005167575
2003-08-28,111813.5030012738
2003-08-29,112648.1145599604
2003-09-01,112648.3185729399
2003-09-02,113614.6005983471
2003-09-03,114076.6395361463
2003-09-04,114425.8956721264
2003-09-05,114223.4626620322
2003-09-08,115138.4764181986
2003-09-09,114842.1035265828
2003-09-10,113203.5233191013
2003-09-11,113887.1245169023
2003-09-12,113973.7031848527
2003-09-15,113569.1828733270
2003-09-16,114956.4202781284
2003-09-17,114887.6626715551
2003-09-18,115961.1613323626
2003-09-19,116026.1228441447
2003-09-22,115137.7518578681
2003-09-23,115907.3639541033
2003-09-24,114001.0864311886
2003-09-25,113061.6309234380
2003-09-26,112058.0445536228
2003-09-29,113210.2668985465
2003-09-30,112139.6750639150
2003-10-01,113855.6238209413
2003-10-02,113953.7743226186
2003-10-03,114619.3178474066
2003-10-06,115229.7329246049
2003-10-07,115947.8156095983
2003-10-08,115354.6998579572
2003-10-09,115629.3947496875
2003-10-10,115907.8911868392
2003-10-13,116647.3832819621
2003-10-14,117030.7701831243
2003-10-15,116694.6672504707
2003-10-16,117064.5898909666
2003-10-17,115791.6563939598
2003-10-20,116371.9855927716
2003-10-21,117169.0491560804
2003-10-22,115905.2323870913
2003-10-23,115629.0558798526
2003-10-24,115216.4551028180
2003-10-27,115644.6743081374
2003-10-28,117067.5056748460
2003-10-29,117390.1683133368
2003-10-30,117138.2330274396
2003-10-31,117256.9493943657
2003-11-03,117981.6810919198
2003-11-04,117714.7936472023
2003-11-05,117837.2548681621
2003-11-06,118335.5846591785
2003-11-07,118184.8174675973
2003-11-10,117472.3529392244
2003-11-11,117274.5069232322
2003-11-12,118800.9649692023
2003-11-13,118585.0934935502
2003-11-14,117808.3966071752
2003-11-17,116513.3567638360
2003-11-18,116135.9236177501
2003-11-19,116563.6813319194
2003-11-20,115754.7433613539
2003-11-21,116305.4105132263
2003-11-24,117663.4773393981
2003-11-25,117586.6338142483
2003-11-26,118512.4951593036
2003-11-27,118512.5371648411
2003-11-28,118668.0059878505
2003-12-01,120254.3124010908
2003-12-02,120008.8729516623
2003-12-03,119501.6210176352
2003-12-04,119803.5490536924
2003-12-05,119107.7335095114
2003-12-08,119634.0934097735
2003-12-09,118543.8502830335
2003-12-10,118232.1395358141
2003-12-11,119352.3763683845
2003-12-12,120056.0868613880
2003-12-15,119121.8454273157
2003-12-16,119345.9434762678
2003-12-17,119725.0710930456
2003-12-18,120795.3640184546
2003-12-19,120544.5911101229
2003-12-22,120924.6116934282
2003-12-23,121505.7424528878
2003-12-24,121435.5670771288
2003-12-25,121435.6091066760
2003-12-26,121586.1852083969
2003-12-29,123037.5538688675
2003-12-30,123320.2969975445
2003-12-31,123126.0720203099
2004-01-02,123094.8822043207
2004-01-05,125311.0413291753
2004-01-06,125441.4232847928
2004-01-07,125918.4750111040
2004-01-08,126824.8470814149
2004-01-09,126418.8164769952
2004-01-12,127163.8981117744
2004-01-13,126365.9644631632
2004-01-14,126816.8233508525
2004-01-15,125558.4684694406
2004-01-16,126381.8134003856
2004-01-20,127094.0470171352
2004-01-21,127093.7076425448
2004-01-22,126322.1191873046
2004-01-23,126161.9613710173
2004-01-26,127181.2033647050
2004-01-27,126255.9258708844
2004-01-28,125279.3327700066
2004-01-29,123728.8114305675
2004-01-30,123934.6401399937
2004-02-02,123664.8665689364
2004-02-03,123809.4562295603
2004-02-04,122454.5435438016
2004-02-05,121904.2720138772
2004-02-06,123147.5292262359
2004-02-09,123233.8941089804
2004-02-10,123554.2850676251
2004-02-11,124277.8173339436
2004-02-12,124042.8115871100
2004-02-13,123416.0020190214
2004-02-16,123512.3292932622
2004-02-17,124499.9690558348
2004-02-18,124139.9361307137
2004-02-19,122577.3167142405
2004-02-20,122580.8189232895
2004-02-23,122584.3212324016
2004-02-24,122587.8236415797
2004-02-25,122591.3261508266
2004-02-26,122594.8287601452
2004-02-27,122598.3314695383
2004-03-01,122601.8342790089
2004-03-02,122605.3371885597
2004-03-03,122608.8401981936
2004-03-04,122612.3433079136
2004-03-05,122615.8465177224
2004-03-08,122619.3498276229
2004-03-09,122622.8532376180
2004-03-10,122626.3567477105
2004-03-11,122629.8603579033
2004-03-12,122633.3640681992
2004-03-15,122636.8678786012
2004-03-16,122640.3717891120
2004-03-17,122643.8757997345
2004-03-18,122647.3799104717
2004-03-19,122650.8841213263
2004-03-22,122654.3884323012
2004-03-23,122657.8928433992
2004-03-24,122661.3973546233
2004-03-25,122664.9019659763
2004-03-26,122668.4066774610
2004-03-29,122671.9114890804
2004-03-30,122675.4164008372
2004-03-31,122678.9214127344
2004-04-01,122682.4265247748
2004-04-02,122685.9317369612
2004-04-05,122689.4370492965
2004-04-06,122692.9424617836
2004-04-07,122696.4479744254
2004-04-08,122699.9535872247
2004-04-09,122703.4593001843
2004-04-12,122706.9651133072
2004-04-13,122710.4710265961
2004-04-14,122713.9770400540
2004-04-15,122717.4831536838
2004-04-16,122720.9893674881
2004-04-19,122724.4956814701
2004-04-20,122728.0020956324
2004-04-21,122731.5086099780
2004-04-22,122735.0152245097
2004-04-23,122738.5219392304
2004-04-26,122742.0287541429
2004-04-27,122745.5356692502
2004-04-28,122749.0426845550
2004-04-29,122089.5140842011
2004-04-30,120954.3549238697
2004-05-03,121707.5121974621
2004-05-04,121773.4428537254
2004-05-05,122353.6385476126
2004-05-06,121722.6206914115
2004-05-07,120692.2758061027
2004-05-10,120248.4413481965
2004-05-11,120785.9989810643
2004-05-12,120688.7897681614
2004-05-13,120511.7634503668
2004-05-14,120490.3359221231
2004-05-17,119533.5837581706
2004-05-18,120209.0664898245
2004-05-19,120564.1322315081
2004-05-20,120322.4839670034
2004-05-21,120566.8058674482
2004-05-24,121335.6274792358
2004-05-25,122001.0617974529
2004-05-26,122125.9337207284
2004-05-27,122513.6619493816
2004-05-28,122671.3221608474
2004-05-31,122673.0253172206
2004-06-01,122749.7839203019
2004-06-02,122440.4357809045
2004-06-03,122004.5051656231
2004-06-04,122534.9972901495
2004-06-07,123377.3514406998
2004-06-08,123177.3364474706
2004-06-09,122891.8387503717
2004-06-10,122477.7966113348
2004-06-11,122512.4539345068
2004-06-14,121771.6506046942
2004-06-15,122373.0866484580
2004-06-16,122301.3605431000
2004-06-17,122367.2578508311
2004-06-18,122670.8028785284
2004-06-21,122354.1767925444
2004-06-22,122803.2587180281
2004-06-23,123279.1104209104
2004-06-24,123424.8850778081
2004-06-25,123260.0055177189
2004-06-28,123018.4758249864
2004-06-29,123049.7514518256
2004-06-30,123371.2140588193
2004-07-01,122687.5711674010
2004-07-02,122551.8654160999
2004-07-05,122281.7169265561
2004-07-06,121527.1783798196
2004-07-07,121922.3426540809
2004-07-08,121691.3141232928
2004-07-09,121849.3257568251
2004-07-12,121816.8492886821
2004-07-13,121580.6685512713
2004-07-14,121495.5631391380
2004-07-15,121344.7444523437
2004-07-16,121081.2751089549
2004-07-19,121024.6367268178
2004-07-20,121412.8680181631
2004-07-21,120787.8924886039
2004-07-22,120457.6035947700
2004-07-23,119741.5740085604
2004-07-26,119438.3717089790
2004-07-27,119573.3226898653
2004-07-28,119662.6156214190
2004-07-29,119744.4738207327
2004-07-30,120124.2849817949
2004-08-02,120237.5249239290
2004-08-03,120173.9274498786
2004-08-04,120002.0391605199
2004-08-05,119284.4675191068
2004-08-06,119442.6912264753
2004-08-09,119534.3319268602
2004-08-10,119898.0736596874
2004-08-11,119300.1855143994
2004-08-12,118800.0799000900
2004-08-13,119210.5642759711
2004-08-16,119917.7591986082
2004-08-17,120163.0935854211
2004-08-18,120621.0531853721
2004-08-19,120722.5617613892
2004-08-20,121433.1494518383
2004-08-23,121282.3596859970
2004-08-24,120589.4158864640
2004-08-25,121416.0801835004
2004-08-26,121133.7796659658
2004-08-27,121002.9989978172
2004-08-30,121001.6636102271
2004-08-31,121280.8541730381
2004-09-01,121281.9108640768
2004-09-02,121413.0021948779
2004-09-03,120667.5823003258
2004-09-06,120669.3198200184
2004-09-07,120647.3809688016
2004-09-08,120594.0199965703
2004-09-09,120793.4403454226
2004-09-10,120794.4925907263
2004-09-13,121307.5806941953
2004-09-14,121636.2197904101
2004-09-15,121358.6516583165
2004-09-16,121373.8156066563
2004-09-17,121615.9017357212
2004-09-20,121507.8234184474
2004-09-21,122143.9203019263
2004-09-22,121668.7599358320
2004-09-23,122326.0522380192
2004-09-24,121778.8149051077
2004-09-27,121802.8393902483
2004-09-28,122487.1366996886
2004-09-29,122763.6481542511
2004-09-30,123798.1264978829
2004-10-01,124297.6777443444
2004-10-04,123407.4377634243
2004-10-05,124183.4945345395
2004-10-06,124343.7948070613
2004-10-07,124082.2880627729
2004-10-08,124769.7966661257
2004-10-11,124641.4222009110
2004-10-12,123395.8997721775
2004-10-13,123022.8618548256
2004-10-14,123749.3465846813
2004-10-15,123925.1150563701
2004-10-18,123681.2461694228
2004-10-19,124296.0410620117
2004-10-20,124948.2133594104
2004-10-21,125274.4323071249
2004-10-22,125027.9003391807
2004-10-25,125766.8946152845
2004-10-26,125502.3656100999
2004-10-27,125564.6372139209
2004-10-28,125675.1742278558
2004-10-29,126175.9348483323
2004-11-01,126003.5375297988
2004-11-02,124750.6758018386
2004-11-03,125722.0774041993
2004-11-04,126839.5137872512
2004-11-05,127594.3112480302
2004-11-08,127433.5039934558
2004-11-09,128000.1178998742
2004-11-10,127624.3209125231
2004-11-11,128006.3705638347
2004-11-12,128723.6376063857
2004-11-15,128632.6575470325
2004-11-16,129084.9031804040
2004-11-17,130064.9137031178
2004-11-18,129710.9391826190
2004-11-19,130186.1433555235
2004-11-22,130659.5913869974
2004-11-23,130467.5395849199
2004-11-24,130889.6889958669
2004-11-25,130890.6792447780
2004-11-26,130887.1206143406
2004-11-29,131696.3852891540
2004-11-30,131204.0870307842
2004-12-01,132004.2343456550
2004-12-02,131417.5909275684
2004-12-03,132442.6089243158
2004-12-06,132159.2311324678
2004-12-07,131305.0824784503
2004-12-08,129326.8528744476
2004-12-09,129125.0603423264
2004-12-10,128865.8453216418
2004-12-13,129735.2004880493
2004-12-14,129402.2966446378
2004-12-15,130028.6098432238
2004-12-16,129444.3339520269
2004-12-17,130014.8009935479
2004-12-20,130064.9620487197
2004-12-21,130165.9703464822
2004-12-22,130005.1772362179
2004-12-23,130260.4241000911
2004-12-24,130261.8766306212
2004-12-27,130676.6351329838
2004-12-28,130734.7068215477
2004-12-29,129566.6958196820
2004-12-30,129789.9151028210
2004-12-31,129768.2296393222
2005-01-03,128345.5455785621
2005-01-04,127965.4792119402
2005-01-05,127566.9656327848
2005-01-06,126770.5045684865
2005-01-07,126465.3635246570
2005-01-10,126562.2198693048
2005-01-11,126818.6919285454
2005-01-12,127514.1613448189
2005-01-13,127115.1759916641
2005-01-14,127001.7703084201
2005-01-17,127003.2235031064
2005-01-18,127219.6873611049
2005-01-19,126934.0891429745
2005-01-20,126630.0202531094
2005-01-21,127143.9287413964
2005-01-24,126969.5095053848
2005-01-25,126371.2075543738
2005-01-26,127270.7396606858
2005-01-27,127196.2178951571
2005-01-28,127036.9914862600
2005-01-31,126687.6539310702
2005-02-01,126598.5753707606
2005-02-02,126692.9922679390
2005-02-03,125922.2264995468
2005-02-04,125789.3570504360
2005-02-07,125697.5840634190
2005-02-08,125595.4201294159
2005-02-09,125366.7758328739
2005-02-10,125977.7052458372
2005-02-11,126631.5019528123
2005-02-14,127428.6202140691
2005-02-15,127494.4157644271
2005-02-16,127425.3823352342
2005-02-17,127471.9615693462
2005-02-18,127423.5712537282
2005-02-21,127425.0254867666
2005-02-22,128241.9875676000
2005-02-23,128307.1480641305
2005-02-24,128415.4806376478
2005-02-25,128582.5290909835
2005-02-28,128699.9859270783
2005-03-01,128350.6807118417
2005-03-02,128308.1441773792
2005-03-03,127828.9133488115
2005-03-04,128532.8749541681
2005-03-07,128803.2833980115
2005-03-08,129417.6100024404
2005-03-09,129574.5398687737
2005-03-10,129661.9680663966
2005-03-11,129997.2937684253
2005-03-14,129356.4088014982
2005-03-15,129201.5787001020
2005-03-16,129443.6154767177
2005-03-17,128746.8290211771
2005-03-18,128763.8564158513
2005-03-21,127609.1970050237
2005-03-22,127493.8217799332
2005-03-23,126643.9255786241
2005-03-24,126581.7216629827
2005-03-25,126583.1768935373
2005-03-28,126765.1422256645
2005-03-29,126631.9462539021
2005-03-30,126887.0441702694
2005-03-31,126495.7354046602
2005-04-01,126207.6857108993
2005-04-04,126228.5969282682
2005-04-05,126376.7093167644
2005-04-06,126503.0143058107
2005-04-07,126704.1840407227
2005-04-08,126459.4607370154
2005-04-11,126476.0703566288
2005-04-12,126619.9550078469
2005-04-13,126290.9378264114
2005-04-14,125786.3033610362
2005-04-15,125306.3068211165
2005-04-18,125471.1234378194
2005-04-19,125862.7424166364
2005-04-20,125608.0548456783
2005-04-21,126150.1341112565
2005-04-22,125904.6940359164
2005-04-25,126172.7516659951
2005-04-26,125994.0060130605
2005-04-27,125923.1957218126
2005-04-28,125578.2187616326
2005-04-29,125949.9981699686
2005-05-02,125892.6017844578
2005-05-03,125814.1205872200
2005-05-04,126292.2311543168
2005-05-05,126256.0784740656
2005-05-06,126150.3649256093
2005-05-09,126338.7193087086
2005-05-10,126087.9482700704
2005-05-11,126213.8319597109
2005-05-12,125813.6452624328
2005-05-13,125764.6276431700
2005-05-16,125999.9912671185
2005-05-17,126195.8025725443
2005-05-18,126594.4977123740
2005-05-19,126715.2282675154
2005-05-20,126611.5085727722
2005-05-23,126714.9531697664
2005-05-24,126203.6398300142
2005-05-25,125966.9458385316
2005-05-26,126509.7343690319
2005-05-27,126738.4416461902
2005-05-30,126739.2623092792
2005-05-31,126174.6040201011
2005-06-01,126768.9352626726
2005-06-02,127476.6088514237
2005-06-03,126836.1216450305
2005-06-06,127135.2987999580
2005-06-07,126867.7474773892
2005-06-08,126664.0368062198
2005-06-09,126560.7922608525
2005-06-10,126465.0010386605
2005-06-13,126603.2962841531
2005-06-14,126614.0553011343
2005-06-15,126744.4984695024
2005-06-16,127095.5480997122
2005-06-17,127243.2386124310
2005-06-20,127216.8787259321
2005-06-21,127218.6588267657
2005-06-22,127216.2710251445
2005-06-23,126905.3866375148
2005-06-24,126586.3709302350
2005-06-27,126498.4935529631
2005-06-28,126802.8040666650
2005-06-29,126770.0143021197
2005-06-30,126524.9734363745
2005-07-01,126401.9247536287
2005-07-04,126404.2244038981
2005-07-05,126652.0449400134
2005-07-06,126424.1457403182
2005-07-07,126529.5190048150
2005-07-08,127069.7078383812
2005-07-11,127446.1348681634
2005-07-12,127577.2125902446
2005-07-13,127552.3082618457
2005-07-14,127587.9901283914
2005-07-15,127671.3393921240
2005-07-18,127459.2680911658
2005-07-19,127823.4729431992
2005-07-20,128095.9732793405
2005-07-21,127011.7786285915
2005-07-22,127113.1263747393
2005-07-25,126945.4653368791
2005-07-26,127015.9443489574
2005-07-27,127227.7935675229
2005-07-28,127471.0843305734
2005-07-29,127256.2285893669
2005-08-01,127403.7056008719
2005-08-02,127732.2857350372
2005-08-03,127849.1823388399
2005-08-04,127502.0347060813
2005-08-05,127236.0918281895
2005-08-08,127045.2772078687
2005-08-09,127235.8218561146
2005-08-10,127099.0885345627
2005-08-11,127538.7666347754
2005-08-12,127274.2818103359
2005-08-15,127336.9213848667
2005-08-16,126956.5616717475
2005-08-17,126910.3795030355
2005-08-18,126815.4414967770
2005-08-19,126792.6605364199
2005-08-22,126895.7670084229
2005-08-23,126806.4873136246
2005-08-24,126568.5838425433
2005-08-25,126678.1360437967
2005-08-26,126414.7590656961
2005-08-29,126659.3091061385
2005-08-30,126422.8334267830
2005-08-31,126859.5017269722
2005-09-01,127000.4740339409
2005-09-02,126923.9436930967
2005-09-05,126926.2463019186
2005-09-06,127367.3300765043
2005-09-07,127399.0149337024
2005-09-08,127347.6084115061
2005-09-09,127599.6739455681
2005-09-12,127629.9057442168
2005-09-13,127360.5296894878
2005-09-14,127251.0661110411
2005-09-15,126903.4080022062
2005-09-16,127279.3166994990
2005-09-19,127754.7747917162
2005-09-20,127714.1628129664
2005-09-21,127718.8885632376
2005-09-22,127553.8712540179
2005-09-23,127360.4008447818
2005-09-26,127590.7959753062
2005-09-27,127313.4721636246
2005-09-28,127853.6179763632
2005-09-29,128176.7166366226
2005-09-30,127993.8426482586
2005-10-03,127798.7620445885
2005-10-04,127714.8856335796
2005-10-05,127522.2818064544
2005-10-06,127857.9396236104
2005-10-07,128103.8624429444
2005-10-10,128038.0904950945
2005-10-11,128110.4800642114
2005-10-12,127744.0325023874
2005-10-13,127606.2653837331
2005-10-14,127561.9678036944
2005-10-17,127935.9990813156
2005-10-18,127730.7938573355
2005-10-19,127285.3137034719
2005-10-20,126965.3725045035
2005-10-21,127490.3929394303
2005-10-24,127532.1106350422
2005-10-25,128076.3274626946
2005-10-26,127888.6952751678
2005-10-27,127888.7416154778
2005-10-28,127967.7869772607
2005-10-31,127555.7711652372
2005-11-01,127059.9397945351
2005-11-02,127499.0523667106
2005-11-03,127378.6065510875
2005-11-04,127212.6287964481
2005-11-07,127417.9567988584
2005-11-08,127587.2318938187
2005-11-09,128009.2147900425
2005-11-10,128135.8256203705
2005-11-11,128264.9403496038
2005-11-14,128274.0798891716
2005-11-15,128191.8058030432
2005-11-16,128961.9494250033
2005-11-17,129746.2693519300
2005-11-18,129667.1780506074
2005-11-21,130067.3968486142
2005-11-22,130407.1598181605
2005-11-23,130375.9909831923
2005-11-24,130378.3158763154
2005-11-25,130396.7747790935
2005-11-28,130750.3554562726
2005-11-29,130759.2143022047
2005-11-30,130425.9883217676
2005-12-01,131204.6694614061
2005-12-02,131301.3632862816
2005-12-05,131644.3340267781
2005-12-06,130889.1957261534
2005-12-07,131611.2413451951
2005-12-08,132610.7137507822
2005-12-09,134275.7176865177
2005-12-12,134593.2750221900
2005-12-13,133087.0964885325
2005-12-14,130103.6599573571
2005-12-15,129534.0587783674
2005-12-16,129253.0479107505
2005-12-19,129038.8178008650
2005-12-20,127194.4958340971
2005-12-21,127004.5055291879
2005-12-22,129182.8274110355
2005-12-23,129275.5463545956
2005-12-26,129275.5463545956
2005-12-27,130009.0072009163
2005-12-28,131239.5506821376
2005-12-29,131401.9446340761
2005-12-30,131551.5175176148
2006-01-03,134755.5243518153
2006-01-04,135651.2892906794
2006-01-05,134201.9035734163
2006-01-06,137266.7442476405
2006-01-09,139325.0971636309
2006-01-10,138370.2823222659
2006-01-11,139479.5299502358
2006-01-12,139169.7768812399
2006-01-13,140825.3014415791
2006-01-16,140825.3014415791
2006-01-17,140089.1187447913
2006-01-18,137876.9395712901
2006-01-19,141100.7780478071
2006-01-20,139332.7365294549
2006-01-23,140361.0356422809
2006-01-24,140410.9400494218
2006-01-25,141321.0849995309
2006-01-26,141029.4896119683
2006-01-27,140960.2114654256
2006-01-30,142578.4141866785
2006-01-31,143589.0759742452
2006-02-01,143358.3213670989
2006-02-02,143653.2701569479
2006-02-03,142389.1610569820
2006-02-06,142827.8078694583
2006-02-07,138720.1037636074
2006-02-08,138751.6927766172
2006-02-09,141594.4159173037
2006-02-10,138643.0481886987
2006-02-13,136030.1650824068
2006-02-14,137712.1052010745
2006-02-15,136745.1893750459
2006-02-16,138158.5752181682
2006-02-17,139177.1462629323
2006-02-20,139177.1462629323
2006-02-21,139418.6204493886
2006-02-22,139603.6025141576
2006-02-23,138433.1774702861
2006-02-24,140554.2169255691
2006-02-27,139924.0458309929
2006-02-28,141016.5135756294
2006-03-01,141734.0834821688
2006-03-02,142645.9970172564
2006-03-03,142102.6846351762
2006-03-06,139646.6311488366
2006-03-07,137699.3446554705
2006-03-08,136538.0565889125
2006-03-09,136263.4764618491
2006-03-10,136073.7722636850
2006-03-13,137203.1323708075
2006-03-14,138203.0249755419
2006-03-15,139102.5589881349
2006-03-16,138923.2951665271
2006-03-17,138742.7749388421
2006-03-20,139702.2071317320
2006-03-21,139140.2246685525
2006-03-22,139450.1778085891
2006-03-23,139480.0272873057
2006-03-24,140304.5068375947
2006-03-27,140881.3353418088
2006-03-28,140739.8533997867
2006-03-29,142221.7298558732
2006-03-30,142969.1693691352
2006-03-31,142615.0331789257
2006-04-03,143982.4821744057
2006-04-04,144204.8691048007
2006-04-05,144965.9805151483
2006-04-06,145597.3327178669
2006-04-07,144728.7599560421
2006-04-10,145910.1436237420
2006-04-11,145415.9764149877
2006-04-12,145659.4886684151
2006-04-13,144861.7850579351
2006-04-14,145859.8918275851
2006-04-17,147864.8217618759
2006-04-18,149253.1796340220
2006-04-19,151010.7385114705
2006-04-20,149407.8698826338
2006-04-21,151226.1346054444
2006-04-24,149770.3824586102
2006-04-25,150230.5406555170
2006-04-26,151621.9258176678
2006-04-27,151333.5636118531
2006-04-28,153260.0302452591
2006-05-01,153378.0055132356
2006-05-02,154076.0775053104
2006-05-03,154058.4647244739
2006-05-04,155144.7756631223
2006-05-05,156181.0524407832
2006-05-08,157834.4120170793
2006-05-09,160723.9844134179
2006-05-10,161258.0744112888
2006-05-11,161356.3466563082
2006-05-12,162404.8004893053
2006-05-15,162253.7155174324
2006-05-16,160935.1439115560
2006-05-17,160641.7271091051
2006-05-18,159273.6098904611
2006-05-19,159177.1146539720
2006-05-22,158755.5170126779
2006-05-23,157825.9153539595
2006-05-24,154574.3033340804
2006-05-25,156174.1695920271
2006-05-26,157420.1719659086
2006-05-29,157032.7152621532
2006-05-30,156332.5023825368
2006-05-31,156405.3627748341
2006-06-01,156923.9862719453
2006-06-02,157080.0458738806
2006-06-05,156253.7329898123
2006-06-06,155977.8902427246
2006-06-07,155567.9274258945
2006-06-08,155266.7243732062
2006-06-09,154996.5889756909
2006-06-12,154288.1978048493
2006-06-13,153096.1369099802
2006-06-14,153300.1206309940
2006-06-15,154371.0482043839
2006-06-16,154388.1866200966
2006-06-19,153899.9432792142
2006-06-20,154017.0072701225
2006-06-21,154690.3594962212
2006-06-22,154312.2765238936
2006-06-23,154363.0306497811
2006-06-26,154642.0684096482
2006-06-27,154056.6915126640
2006-06-28,154243.7624311102
2006-06-29,155513.2417301991
2006-06-30,155840.9075025190
2006-07-03,156231.8901766572
2006-07-04,156215.6425713785
2006-07-05,155944.1325186850
2006-07-06,156173.8735391095
2006-07-07,155739.6612464585
2006-07-10,155530.9220933118
2006-07-11,156039.6900579642
2006-07-12,155548.8637613237
2006-07-13,154855.2257128082
2006-07-14,154830.2287951102
2006-07-17,154587.0924568392
2006-07-18,154366.5145557756
2006-07-19,155297.0419655403
2006-07-20,154522.4721072038
2006-07-21,153998.9292588642
2006-07-24,154648.2565115071
2006-07-25,155034.1748183459
2006-07-26,155050.5829428289
2006-07-27,154914.1728139562
2006-07-28,155524.0203618751
2006-07-31,155374.5035995998
2006-08-01,155194.4426986366
2006-08-02,155566.8253701040
2006-08-03,155642.0185013944
2006-08-04,155508.3251220506
2006-08-07,155300.2708522382
2006-08-08,155163.9730900098
2006-08-09,155134.0683736657
2006-08-10,155121.3066389224
2006-08-11,154912.7495838741
2006-08-14,154953.2263802502
2006-08-15,155750.5165962407
2006-08-16,155309.6789532207
2006-08-17,154543.2945556376
2006-08-18,154861.1660253561
2006-08-21,154883.1507858395
2006-08-22,155018.0049918772
2006-08-23,154473.2577261184
2006-08-24,154606.7371655264
2006-08-25,154742.8556899735
2006-08-28,155070.9994847281
2006-08-29,155008.5727582460
2006-08-30,155406.5916180228
2006-08-31,155672.5712453928
2006-09-01,156130.5926877866
2006-09-04,156164.9222125086
2006-09-05,157075.8713958702
2006-09-06,155516.0940027809
2006-09-07,154082.6198020154
2006-09-08,154304.8384974666
2006-09-11,153582.9271420555
2006-09-12,154735.0400638938
2006-09-13,155295.5856877504
2006-09-14,154661.7569021604
2006-09-15,154909.9822143516
2006-09-18,155553.1806832787
2006-09-19,154606.9107405120
2006-09-20,155361.7488995080
2006-09-21,154778.8466067240
2006-09-22,154616.4727383131
2006-09-25,155731.4401730165
2006-09-26,156398.2808148078
2006-09-27,156617.8288212118
2006-09-28,157244.7704365523
2006-09-29,156779.2558004349
2006-10-02,156233.0953025102
2006-10-03,155470.4379634614
2006-10-04,156361.4578397865
2006-10-05,157135.9986175052
2006-10-06,156883.4959454118
2006-10-09,157402.0352539488
2006-10-10,157540.7145296419
2006-10-11,157300.2182115375
2006-10-12,158660.3891337323
2006-10-13,159371.3365991946
2006-10-16,160053.0879225337
2006-10-17,159247.2524408551
2006-10-18,159373.4997401126
2006-10-19,159995.5973786526
2006-10-20,159724.5378055666
2006-10-23,159633.6001301974
2006-10-24,159996.5995631840
2006-10-25,160584.4620852779
2006-10-26,161626.2013869219
2006-10-27,160457.0203191681
2006-10-30,160652.6137207117
2006-10-31,160824.0915854060
2006-11-01,160351.3805041555
2006-11-02,160745.0902032763
2006-11-03,160575.6504485708
2006-11-06,162190.6860541983
2006-11-07,162404.0135040052
2006-11-08,161387.3623418332
2006-11-09,162294.1392081833
2006-11-10,161368.3059549408
2006-11-13,160424.3753716992
2006-11-14,161631.1747323027
2006-11-15,162882.0550547364
2006-11-16,163493.5061882905
2006-11-17,164526.4756857900
2006-11-20,166097.5890707064
2006-11-21,167315.1977606786
2006-11-22,167591.7637274134
2006-11-23,168276.5716619822
2006-11-24,167638.5942201760
2006-11-27,166537.5372949399
2006-11-28,166980.0928885762
2006-11-29,167637.8191836363
2006-11-30,170001.6846964107
2006-12-01,169625.4767401839
2006-12-04,172139.6181985081
2006-12-05,172002.9174117451
2006-12-06,170410.8445778706
2006-12-07,170206.0041091156
2006-12-08,167851.9910741973
2006-12-11,171200.8742456270
2006-12-12,171965.3364960430
2006-12-13,172137.1431767796
2006-12-14,173233.0901483783
2006-12-15,173312.2436322955
2006-12-18,174597.3922648543
2006-12-19,176111.6017621709
2006-12-20,176213.3599895264
2006-12-21,174812.0284374016
2006-12-22,174599.9569958939
2006-12-25,177601.5300379409
2006-12-26,179649.9568496384
2006-12-27,182196.2373865093
2006-12-28,183543.2214002244
2006-12-29,186836.1906949005
2007-01-02,186890.2220338376
2007-01-03,186420.6314114708
2007-01-04,188069.7323201376
2007-01-05,183758.5306442656
2007-01-08,186292.3403152988
2007-01-09,190010.0166006954
2007-01-10,190806.4630739898
2007-01-11,189438.2584250605
2007-01-12,187545.4884732728
2007-01-15,191671.4047432336
2007-01-16,192253.5535367184
2007-01-17,190884.0982926227
2007-01-18,188985.7337558329
2007-01-19,192314.0414703098
2007-01-22,195002.6857250104
2007-01-23,196495.6429965786
2007-01-24,198186.0663797032
2007-01-25,193661.8306802272
2007-01-26,194343.6816355370
2007-01-29,196366.3008307577
2007-01-30,196144.9592975731
2007-01-31,192350.8299632928
2007-02-01,192626.7880724348
2007-02-02,188220.9937999649
2007-02-05,185739.2671848175
2007-02-06,187562.5263606822
2007-02-07,189098.6102999059
2007-02-08,190358.7567510965
2007-02-09,190139.0117881926
2007-02-12,192036.8792890226
2007-02-13,193393.5973778443
2007-02-14,196333.1900129389
2007-02-15,198980.4421406873
2007-02-16,199122.5934590172
2007-02-20,198592.6282794854
2007-02-21,200476.5656225282
2007-02-22,200538.9488705660
2007-02-23,200582.7656117269
2007-02-26,201799.0750624988
2007-02-27,191364.8205125996
2007-02-28,193408.4465824663
2007-03-01,190321.0195740557
2007-03-02,188896.4472906931
2007-03-05,186712.2612859583
2007-03-06,189721.9892501665
2007-03-07,191796.0542653912
2007-03-08,193364.7773193937
2007-03-09,193152.2553949346
2007-03-12,193799.0192245640
2007-03-13,192834.1243996120
2007-03-14,191207.1270550108
2007-03-15,193196.3623570004
2007-03-16,192588.3296997040
2007-03-19,195332.9587450132
2007-03-20,196548.3473016289
2007-03-21,198556.9069865580
2007-03-22,199034.9340995249
2007-03-23,198638.0611289500
2007-03-26,200814.2744310627
2007-03-27,200722.2761437952
2007-03-28,201279.6945164968
2007-03-29,201223.5911268255
2007-03-30,201169.7659912436
2007-04-02,203474.3306320347
2007-04-03,205156.1497401581
2007-04-04,206203.2256088809
2007-04-05,207472.9129515779
2007-04-06,207867.6016819323
2007-04-09,209815.9288897248
2007-04-10,211723.6610997602
2007-04-11,212584.2673222574
2007-04-12,214214.4507222705
2007-04-13,214941.0643873093
2007-04-16,218545.2399308268
2007-04-17,218884.5865698139
2007-04-18,218982.1586076005
2007-04-19,213748.9834211284
2007-04-20,218921.7429261382
2007-04-23,222756.6523650219
2007-04-24,222575.7421571930
2007-04-25,223584.9713568763
2007-04-26,224277.1080764643
2007-04-27,223836.7449035058
2007-04-30,225518.5341527924
2007-05-01,223643.1874291656
2007-05-02,224794.5240202303
2007-05-03,225910.4741371486
2007-05-04,226661.0713762818
2007-05-07,226602.1267978099
2007-05-08,227706.4621636166
2007-05-09,227984.1767090560
2007-05-10,224929.8505546316
2007-05-11,226191.9471928029
2007-05-14,225703.1561826227
2007-05-15,223425.4857746552
2007-05-16,224581.5825739209
2007-05-17,224462.0050219910
2007-05-18,225631.4278979231
2007-05-21,227260.0061266674
2007-05-22,227669.0400668001
2007-05-23,228107.2912592021
2007-05-24,225218.6441898624
2007-05-25,226936.9083942747
2007-05-28,228022.4881880041
2007-05-29,229795.6490225576
2007-05-30,227059.6257110590
2007-05-31,228822.0648257351
2007-06-01,228662.4016133576
2007-06-04,225123.8897031700
2007-06-05,225808.3342689226
2007-06-06,224916.9075574363
2007-06-07,223652.3309321468
2007-06-08,224596.5620154973
2007-06-11,226340.9578704638
2007-06-12,225487.1571413718
2007-06-13,228037.6290491413
2007-06-14,228638.5236753914
2007-06-15,230162.8411699373
2007-06-18,231818.1795955043
2007-06-19,232222.5338636331
2007-06-20,229439.1545955339
2007-06-21,230452.0328586414
2007-06-22,227579.5113319047
2007-06-25,224768.1912756960
2007-06-26,224385.2495551856
2007-06-27,227247.9077116844
2007-06-28,225655.4376782558
2007-06-29,224274.4276738995
2007-07-02,226125.0098849084
2007-07-03,227147.3278124978
2007-07-04,226100.8244842833
2007-07-05,223971.1415430570
2007-07-06,226884.7705994335
2007-07-09,228822.2071635581
2007-07-10,226503.9275456737
2007-07-11,226837.5482680775
2007-07-12,230338.3920766009
2007-07-13,230583.0220137950
2007-07-16,228650.5559643952
2007-07-17,230310.2034499995
2007-07-18,230587.8306059088
2007-07-19,231875.2274359895
2007-07-20,232866.6162236731
2007-07-23,234596.0400314198
2007-07-24,232339.6863764913
2007-07-25,233159.7163870843
2007-07-26,230459.4055823619
2007-07-27,228374.3815948141
2007-07-30,231097.5973506657
2007-07-31,230053.3785638745
2007-08-01,228100.3351584109
2007-08-02,230820.4169904848
2007-08-03,230079.7549331315
2007-08-06,232781.1353986888
2007-08-07,233880.3865252608
2007-08-08,236392.5878712654
2007-08-09,233715.5072951125
2007-08-10,233625.3538594109
2007-08-13,233949.8254228209
2007-08-14,232486.2340265628
2007-08-15,230809.5821483698
2007-08-16,228022.3040442611
2007-08-17,229971.9755334502
2007-08-20,233046.5369085856
2007-08-21,234655.6716889951
2007-08-22,237084.4462750761
2007-08-23,237048.4561776786
2007-08-24,240072.1237351427
2007-08-27,239435.4874349647
2007-08-28,236472.4255551585
2007-08-29,238525.6782708429
2007-08-30,239180.2051368616
2007-08-31,242021.5391745146
2007-09-03,243392.5291545028
2007-09-04,245355.5073625665
2007-09-05,244126.2514684259
2007-09-06,246172.5199681371
2007-09-07,242782.4326922782
2007-09-10,243220.2861241536
2007-09-11,242775.2040177430
2007-09-12,243247.5222853453
2007-09-13,244876.1222816539
2007-09-14,245556.5082509602
2007-09-17,246460.3839499750
2007-09-18,249698.5767072771
2007-09-19,250192.7106824906
2007-09-20,251212.7484456982
2007-09-21,251512.5324647695
2007-09-24,252072.9553267040
2007-09-25,252092.9175824425
2007-09-26,251565.1100754949
2007-09-27,253178.3522011151
2007-09-28,255187.6016459538
2007-10-01,257444.1782465347
2007-10-02,256433.6852053912
2007-10-03,255535.8592023945
2007-10-04,256376.6489692043
2007-10-05,258909.9277157056
2007-10-08,259938.3327032123
2007-10-09,261522.1089966070
2007-10-10,262358.8031468435
2007-10-11,262474.5105962991
2007-10-12,263821.7699614337
2007-10-15,264801.9166292351
2007-10-16,262437.5013324086
2007-10-17,261468.4290645342
2007-10-18,263357.2857843656
2007-10-19,262508.7426067825
2007-10-22,260201.7814307299
2007-10-23,261320.4049140601
2007-10-24,261458.9628622623
2007-10-25,262949.8622055998
2007-10-26,268608.9059205558
2007-10-29,269867.6072656703
2007-10-30,268333.4480795824
2007-10-31,271100.0276988944
2007-11-01,269617.8819122244
2007-11-02,274081.2441957780
2007-11-05,274537.5868177534
2007-11-06,278704.3858474564
2007-11-07,280484.8099431544
2007-11-08,280268.9118548530
2007-11-09,278360.4866380063
2007-11-12,269925.6594713745
2007-11-13,269077.8835326472
2007-11-14,273326.4698889788
2007-11-15,264755.7230132598
2007-11-16,264934.9750423823
2007-11-19,261834.9895177335
2007-11-20,265925.5590085724
2007-11-21,267211.2534438426
2007-11-22,267135.8615397396
2007-11-23,274999.7550118223
2007-11-26,275348.4153297435
2007-11-27,271232.1073542579
2007-11-28,268329.9439103993
2007-11-29,266557.3663690384
2007-11-30,263121.3494714481
2007-12-03,264842.3113002506
2007-12-04,268389.7927439591
2007-12-05,267606.3447394247
2007-12-06,269899.9523838638
2007-12-07,267497.7879065477
2007-12-10,271368.8774223857
2007-12-11,271202.2058075382
2007-12-12,271756.5561131208
2007-12-13,267160.8243408930
2007-12-14,265280.2156160833
2007-12-17,265335.5091043109
2007-12-18,268627.7675388677
2007-12-19,267392.0818146735
2007-12-20,266973.4014917865
2007-12-21,271110.1715585287
2007-12-24,271648.1834662827
2007-12-25,271643.9684900222
2007-12-26,275488.0289271713
2007-12-27,274213.3327209763
2007-12-28,276979.7941781745
2007-12-31,275363.3642271428
2008-01-02,281076.3837157241
2008-01-03,282921.8250891070
2008-01-04,280949.9507392248
2008-01-07,279693.4908981120
2008-01-08,284286.8152073348
2008-01-09,284116.5494741272
2008-01-10,286236.1874633471
2008-01-11,286149.9250534030
2008-01-14,287083.8899060569
2008-01-15,286171.8965892059
2008-01-16,283033.9936739248
2008-01-17,282713.6356082548
2008-01-18,282694.8113174953
2008-01-21,282698.8477805497
2008-01-22,283318.0666953596
2008-01-23,282488.2421088496
2008-01-24,285847.0268473616
2008-01-25,285916.7400373913
2008-01-28,288050.2599582828
2008-01-29,287835.0840914130
2008-01-30,287075.4442333111
2008-01-31,287608.6396923211
2008-02-01,286033.2002842327
2008-02-04,285367.6099389301
2008-02-05,281978.9339687510
2008-02-06,283695.9340113724
2008-02-07,284581.6076003122
2008-02-08,286309.3441140675
2008-02-11,287104.7924198012
2008-02-12,285028.4340052292
2008-02-13,285651.3601849037
2008-02-14,285169.9738703008
2008-02-15,284263.8307332852
2008-02-18,284267.8695035160
2008-02-19,286673.2961547772
2008-02-20,287790.9949044533
2008-02-21,288963.8052120320
2008-02-22,288857.2551793231
2008-02-25,288367.0729093436
2008-02-26,289747.1664055187
2008-02-27,291148.0942642562
2008-02-28,291114.1234816894
2008-02-29,291490.2948518486
2008-03-03,292423.8700803959
2008-03-04,290191.0373716113
2008-03-05,293311.5005408220
2008-03-06,291241.8101316033
2008-03-07,290275.7531902049
2008-03-10,289942.4154989396
2008-03-11,290456.1530576635
2008-03-12,290798.9217879192
2008-03-13,291877.8161256912
2008-03-14,292311.7807745954
2008-03-17,292441.7455479009
2008-03-18,292720.4461438771
2008-03-19,287365.2105169726
2008-03-20,285104.7224558723
2008-03-21,285110.4774167388
2008-03-24,285121.7486664009
2008-03-25,286544.1031306496
2008-03-26,287483.4397144178
2008-03-27,287227.4044728351
2008-03-28,285615.0240884523
2008-03-31,284548.0716625935
2008-04-01,281775.6818333581
2008-04-02,282805.6960462910
2008-04-03,283665.9224126463
2008-04-04,284030.1840951319
2008-04-07,285017.9847309224
2008-04-08,284252.0896625773
2008-04-09,285774.6579427972
2008-04-10,285546.6508807487
2008-04-11,285050.5792973212
2008-04-14,285027.5750257954
2008-04-15,285323.0974859413
2008-04-16,286755.5438634437
2008-04-17,286399.4881899761
2008-04-18,284140.5436443312
2008-04-21,284334.4663876100
2008-04-22,284859.6160068166
2008-04-23,283567.5932702229
2008-04-24,282200.4411861213
2008-04-25,282238.1519395587
2008-04-28,282456.7657914897
2008-04-29,280887.5651754066
2008-04-30,280035.4587518503
2008-05-01,278818.6336007359
2008-05-02,279437.0634628991
2008-05-05,280805.3023399775
2008-05-06,281175.5897205417
2008-05-07,280720.4556456628
2008-05-08,281525.5690057983
2008-05-09,281848.7874240931
2008-05-12,281875.5504668116
2008-05-13,280726.1965086896
2008-05-14,280390.9037546022
2008-05-15,281602.4192091472
2008-05-16,283316.8751304913
2008-05-19,283596.7223813669
2008-05-20,284641.6041868935
2008-05-21,285124.9347325392
2008-05-22,284252.6903836051
2008-05-23,284881.4500077278
2008-05-26,284887.2125371216
2008-05-27,283461.5404515172
2008-05-28,282797.1295093113
2008-05-29,280886.7249440423
2008-05-30,281781.8483243397
2008-06-02,282017.2957781443
2008-06-03,281172.5432625365
2008-06-04,281171.1894298610
2008-06-05,280322.8720083777
2008-06-06,281352.1529755702
2008-06-09,281360.1916085124
2008-06-10,281368.2304711298
2008-06-11,281376.2695634289
2008-06-12,281384.3088854165
2008-06-13,281392.3484370989
2008-06-16,281400.3882184828
2008-06-17,281408.4282295748
2008-06-18,281416.4684703814
2008-06-19,281424.5089409091
2008-06-20,281432.5496411645
2008-06-23,281440.5905711543
2008-06-24,281448.6317308849
2008-06-25,281456.6731203629
2008-06-26,281464.7147395949
2008-06-27,281472.7565885875
2008-06-30,281480.7986673472
2008-07-01,281488.8409758805
2008-07-02,281496.8835141941
2008-07-03,281504.9262822945
2008-07-04,281512.9692801883
2008-07-07,281521.0125078820
2008-07-08,281529.0559653822
2008-07-09,281537.0996526955
2008-07-10,281545.1435698284
2008-07-11,281553.1877167876
2008-07-14,281561.2320935795
2008-07-15,281569.2767002108
2008-07-16,281577.3215366879
2008-07-17,281585.3666030175
2008-07-18,281593.4118992062
2008-07-21,281601.4574252605
2008-07-22,281609.5031811869
2008-07-23,281617.5491669921
2008-07-24,281625.5953826826
2008-07-25,281633.6418282649
2008-07-28,281641.6885037457
2008-07-29,281649.7354091315
2008-07-30,281657.7825444289
2008-07-31,281665.8299096444
2008-08-01,281673.8775047847
2008-08-04,281681.9253298563
2008-08-05,281689.9733848657
2008-08-06,281698.0216698196
2008-08-07,281706.0701847245
2008-08-08,281714.1189295869
2008-08-11,281722.1679044135
2008-08-12,281730.2171092107
2008-08-13,281738.2665439853
2008-08-14,281746.3162087437
2008-08-15,281754.3661034925
2008-08-18,281762.4162282383
2008-08-19,281770.4665829877
2008-08-20,281778.5171677472
2008-08-21,281786.5679825234
2008-08-22,281794.6190273229
2008-08-25,281802.6703021523
2008-08-26,281810.7218070180
2008-08-27,281818.7735419268
2008-08-28,281826.8255068851
2008-08-29,281834.8777018996
2008-09-01,281842.9301269768
2008-09-02,281850.9827821233
2008-09-03,281859.0356673456
2008-09-04,281867.0887826504
2008-09-05,281875.1421280442
2008-09-08,281883.1957035336
2008-09-09,281891.2495091251
2008-09-10,281899.3035448254
2008-09-11,281907.3578106410
2008-09-12,281915.4123065784
2008-09-15,281923.4670326443
2008-09-16,281931.5219888453
2008-09-17,281939.5771751878
2008-09-18,281947.6325916785
2008-09-19,281955.6882383240
2008-09-22,281963.7441151308
2008-09-23,281971.8002221055
2008-09-24,281979.8565592548
2008-09-25,281987.9131265850
2008-09-26,281995.9699241029
2008-09-29,282004.0269518151
2008-09-30,282012.0842097280
2008-10-01,282020.1416978483
2008-10-02,282028.1994161825
2008-10-03,282036.2573647372
2008-10-06,282044.3155435190
2008-10-07,282052.3739525346
2008-10-08,282060.4325917903
2008-10-09,282068.4914612930
2008-10-10,282076.5505610490
2008-10-13,282084.6098910650
2008-10-14,282092.6694513477
2008-10-15,282100.7292419034
2008-10-16,282108.7892627389
2008-10-17,282116.8495138607
2008-10-20,282124.9099952754
2008-10-21,282132.9707069895
2008-10-22,282141.0316490097
2008-10-23,282149.0928213426
2008-10-24,282157.1542239946
2008-10-27,282165.2158569725
2008-10-28,282173.2777202827
2008-10-29,282181.3398139319
2008-10-30,282189.4021379266
2008-10-31,282197.4646922734
2008-11-03,282205.5274769789
2008-11-04,282213.5904920496
2008-11-05,282221.6537374923
2008-11-06,282229.7172133133
2008-11-07,282237.7809195194
2008-11-10,282245.8448561172
2008-11-11,282253.9090231130
2008-11-12,282261.9734205137
2008-11-13,282270.0380483257
2008-11-14,282278.1029065556
2008-11-17,282286.1679952101
2008-11-18,282294.2333142956
2008-11-19,282302.2988638189
2008-11-20,282310.3646437865
2008-11-21,282318.4306542049
2008-11-24,282326.4968950807
2008-11-25,282334.5633664205
2008-11-26,282342.6300682310
2008-11-27,282350.6970005186
2008-11-28,282358.7641632900
2008-12-01,282362.7978599209
2008-12-02,282366.8316141761
2008-12-03,282370.8654260563
2008-12-04,282374.8992955624
2008-12-05,282378.9332226952
2008-12-08,282382.9672074555
2008-12-09,282387.0012498442
2008-12-10,282391.0353498621
2008-12-11,282395.0695075099
2008-12-12,282399.1037227886
2008-12-15,282403.1379956990
2008-12-16,282407.1723262417
2008-12-17,282411.2067144178
2008-12-18,282415.2411602280
2008-12-19,282419.2756636732
2008-12-22,282423.3102247541
2008-12-23,282427.3448434716
2008-12-24,282431.3795198265
2008-12-25,282435.4142538196
2008-12-26,282439.4490454518
2008-12-29,282443.4838947239
2008-12-30,282447.5188016366
2008-12-31,282451.5537661909
2009-01-02,282455.5887883876
2009-01-05,282459.6238682274
2009-01-06,282463.6590057113
2009-01-07,282467.6942008399
2009-01-08,282471.7294536142
2009-01-09,282475.7647640350
2009-01-12,282479.8001321031
2009-01-13,282483.8355578193
2009-01-14,282487.8710411844
2009-01-15,282491.9065821993
2009-01-16,282495.9421808647
2009-01-19,282499.9778371816
2009-01-20,282504.0135511507
2009-01-21,282508.0493227728
2009-01-22,282512.0851520489
2009-01-23,282516.1210389796
2009-01-26,282520.1569835659
2009-01-27,282524.1929858085
2009-01-28,282528.2290457083
2009-01-29,282532.2651632661
2009-01-30,282536.3013384827
2009-02-02,282540.3375713589
2009-02-03,282544.3738618957
2009-02-04,282548.4102100937
2009-02-05,282552.4466159539
2009-02-06,282556.4830794770
2009-02-09,282560.5196006639
2009-02-10,282564.5561795153
2009-02-11,282568.5928160322
2009-02-12,282572.6295102153
2009-02-13,282576.6662620654
2009-02-16,282580.7030715834
2009-02-17,282584.7399387701
2009-02-18,282588.7768636264
2009-02-19,282592.8138461530
2009-02-20,282596.8508863508
2009-02-23,282600.8879842206
2009-02-24,282604.9251397632
2009-02-25,282608.9623529795
2009-02-26,282612.9996238703
2009-02-27,282617.0369524364
2009-03-02,282621.0743386786
2009-03-03,282625.1117825977
2009-03-04,282629.1492841946
2009-03-05,282633.1868434701
2009-03-06,282637.2244604250
2009-03-09,279675.0120077056
2009-03-10,281080.9100036876
2009-03-11,280945.0763576340
2009-03-12,282055.2974463577
2009-03-13,281989.2650220998
2009-03-16,283696.8646955124
2009-03-17,289631.8242120054
2009-03-18,287629.3705188250
2009-03-19,298370.6814491577
2009-03-20,298435.8512738376
2009-03-23,303037.9153505877
2009-03-24,301002.7629430927
2009-03-25,298158.3365773241
2009-03-26,305052.0770534590
2009-03-27,304688.1676390494
2009-03-30,302584.6740368129
2009-03-31,304994.6507510243
2009-04-01,308648.8936922973
2009-04-02,308976.9340677968
2009-04-03,307389.0991467520
2009-04-06,304909.4699168153
2009-04-07,306819.2150402595
2009-04-08,299178.0475055222
2009-04-09,302184.6402411527
2009-04-10,308256.6709556964
2009-04-13,314883.1640143218
2009-04-14,315885.8617076292
2009-04-15,316894.7708998040
2009-04-16,315650.5400310051
2009-04-17,311625.3283221367
2009-04-20,317927.3768399010
2009-04-21,315279.7652555142
2009-04-22,308790.4664558584
2009-04-23,311124.2544082681
2009-04-24,310512.2425245152
2009-04-27,305408.6330144213
2009-04-28,304002.5163133407
2009-04-29,311375.6762725703
2009-04-30,311669.8182399561
2009-05-01,311367.4842509940
2009-05-04,320306.7469875795
2009-05-05,321377.5318561386
2009-05-06,324838.1871190645
2009-05-07,325382.7363564289
2009-05-08,327496.4209729867
2009-05-11,322610.9035593639
2009-05-12,328022.9653649973
2009-05-13,330907.1983672127
2009-05-14,329383.3238078763
2009-05-15,330000.6114725322
2009-05-18,330226.0532437172
2009-05-19,333014.0423684265
2009-05-20,331836.1720636105
2009-05-21,328576.5684084202
2009-05-22,328414.3881053600
2009-05-25,329441.4408534220
2009-05-26,326854.3000823344
2009-05-27,330288.6667129571
2009-05-28,331203.4908967661
2009-05-29,333026.8968665817
2009-06-01,339993.1872628381
2009-06-02,340837.8598741238
2009-06-03,342206.3700596413
2009-06-04,344369.1240397086
2009-06-05,341687.9745440054
2009-06-08,340079.0281505412
2009-06-09,341487.1037239699
2009-06-10,342253.7332059105
2009-06-11,342341.0356489109
2009-06-12,338561.8516830691
2009-06-15,337727.5242598566
2009-06-16,336993.4632223160
2009-06-17,339260.6411752942
2009-06-18,340738.3833866421
2009-06-19,342550.8135427632
2009-06-22,339217.7746176759
2009-06-23,339340.9004256167
2009-06-24,342436.1132880547
2009-06-25,344340.6824918013
2009-06-26,345054.9137430588
2009-06-29,346984.1913174244
2009-06-30,345029.3933803448
2009-07-01,348741.0108179234
2009-07-02,347639.5645088720
2009-07-03,348944.7460580149
2009-07-06,349590.2061401379
2009-07-07,347062.6203552887
2009-07-08,345590.2990541452
2009-07-09,347874.1179560405
2009-07-10,347610.0350946040
2009-07-13,348643.6306977595
2009-07-14,351758.3951024652
2009-07-15,357051.7157482726
2009-07-16,357679.7492856903
2009-07-17,358358.5272563383
2009-07-20,362808.7412761453
2009-07-21,361062.8001026246
2009-07-22,364654.6705549915
2009-07-23,368061.2639895849
2009-07-24,368671.3806037845
2009-07-27,371245.8096576751
2009-07-28,370707.3440910631
2009-07-29,362884.1730968264
2009-07-30,366515.7246692642
2009-07-31,371168.3420228674
2009-08-03,374408.1901434002
2009-08-04,375540.0983677885
2009-08-05,372970.2561336706
2009-08-06,369231.2313359007
2009-08-07,366428.2320852305
2009-08-10,364811.9452763964
2009-08-11,364455.5692582882
2009-08-12,360458.4864969645
2009-08-13,362462.4535482264
2009-08-14,357516.8735819049
2009-08-17,347562.6014892781
2009-08-18,350112.1430849718
2009-08-19,346001.8098737464
2009-08-20,351092.4516744023
2009-08-21,355320.1278165184
2009-08-24,351066.5456824461
2009-08-25,351766.7917004850
2009-08-26,351787.3141053102
2009-08-27,352198.8021391649
2009-08-28,355944.5486017591
2009-08-31,353589.4732097428
2009-09-01,354020.6998719577
2009-09-02,361393.2002297515
2009-09-03,368257.8379350849
2009-09-04,368492.4774969982
2009-09-07,368520.5846237706
2009-09-08,369758.1620184489
2009-09-09,369297.8741405180
2009-09-10,369549.2050984352
2009-09-11,372779.3157677605
2009-09-14,371405.8834094852
2009-09-15,373204.9392906706
2009-09-16,378236.3984649215
2009-09-17,376074.3832297025
2009-09-18,374997.6112342622
2009-09-21,373158.3598040077
2009-09-22,376680.0332480744
2009-09-23,375994.3467582279
2009-09-24,370562.8924986278
2009-09-25,367848.8625621161
2009-09-28,369049.4665382928
2009-09-29,369092.3345450319
2009-09-30,374095.8770799343
2009-10-01,370287.2962115627
2009-10-02,371390.4385758977
2009-10-05,376245.2794226530
2009-10-06,384127.1398675080
2009-10-07,385805.9321139095
2009-10-08,390023.9303850065
2009-10-09,387866.2633482413
2009-10-12,390872.5761240071
2009-10-13,393400.5540995917
2009-10-14,393887.1679758224
2009-10-15,389267.3803613529
2009-10-16,389309.8649364562
2009-10-19,391865.5915864686
2009-10-20,391947.7176007742
2009-10-21,393726.3323983297
2009-10-22,392005.5287440289
2009-10-23,391140.8631051793
2009-10-26,386369.4260648646
2009-10-27,383547.1679021199
2009-10-28,381059.5896233374
2009-10-29,387142.6381351500
2009-10-30,384019.3991289992
2009-11-02,388896.4597162752
2009-11-03,399401.2478274881
2009-11-04,400236.9599751132
2009-11-05,401608.1038370878
2009-11-06,403866.7097545431
2009-11-09,406382.6499215064
2009-11-10,406791.2802755305
2009-11-11,410997.7292632995
2009-11-12,404893.9697564195
2009-11-13,408464.8603717275
2009-11-16,415624.3650637657
2009-11-17,416181.6710244956
2009-11-18,415712.3599940066
2009-11-19,412935.0830451453
2009-11-20,413008.2048745679
2009-11-23,419328.0359454667
2009-11-24,418736.1959408427
2009-11-25,423629.1949082459
2009-11-26,423443.7363426310
2009-11-27,417676.0987862212
2009-11-30,419655.8189197796
2009-12-01,425909.6044944618
2009-12-02,429223.4960186436
2009-12-03,429289.6354655604
2009-12-04,421396.3297300278
2009-12-07,420078.6619276833
2009-12-08,414427.0479887488
2009-12-09,410771.5805490243
2009-12-10,412385.7110390264
2009-12-11,411175.9410988025
2009-12-14,413882.9058650170
2009-12-15,412705.2741931246
2009-12-16,415770.3827870487
2009-12-17,407735.3941489473
2009-12-18,410942.9320458635
2009-12-21,410032.6732351800
2009-12-22,409288.7941351446
2009-12-23,412131.3323907805
2009-12-24,416210.4451660187
2009-12-25,416192.0763513334
2009-12-28,416954.0819189296
2009-12-29,414668.7050351000
2009-12-30,413715.7329013812
2009-12-31,413102.1139525604
2010-01-01,413100.1645437359
2010-01-04,420376.5709465346
2010-01-05,420556.1221411251
2010-01-06,423519.4505071976
2010-01-07,422812.6260829528
2010-01-08,425211.4673033967
2010-01-11,422809.5070990251
2010-01-12,422815.5472348407
2010-01-13,422821.5874569441
2010-01-14,422827.6277653364
2010-01-15,422833.6681600187
2010-01-18,422839.7086409925
2010-01-19,422845.7492082588
2010-01-20,422851.7898618189
2010-01-21,422857.8306016740
2010-01-22,422863.8714278255
2010-01-25,422869.9123402744
2010-01-26,422875.9533390222
2010-01-27,422881.9944240699
2010-01-28,422888.0355954188
2010-01-29,422894.0768530701
2010-02-01,422900.1181970251
2010-02-02,422906.1596272851
2010-02-03,422912.2011438512
2010-02-04,422918.2427467247
2010-02-05,420455.3863627987
2010-02-08,420315.7533786285
2010-02-09,422924.7699415893
2010-02-10,422750.9735191246
2010-02-11,426408.3935231128
2010-02-12,426473.6672116074
2010-02-16,430885.1038419229
2010-02-17,431785.5265105166
2010-02-18,432804.3654774505
2010-02-19,433153.7320300824
2010-02-22,432216.6092273472
2010-02-23,429423.6733525178
2010-02-24,430606.3501786781
2010-02-25,431302.6411163560
2010-02-26,432343.2006092893
2010-03-01,434888.4165459230
2010-03-02,436826.2047230787
2010-03-03,437206.6862339795
2010-03-04,437345.2760693372
2010-03-05,439991.4187462288
2010-03-08,439622.3263656870
2010-03-09,440115.8140141733
2010-03-10,440390.6519316430
2010-03-11,441120.1589610797
2010-03-12,440554.7160159283
2010-03-15,440442.1512091706
2010-03-16,442838.3672943207
2010-03-17,443794.3725490610
2010-03-18,444212.7305239271
2010-03-19,441527.6354333211
2010-03-22,442477.0099183352
2010-03-23,444222.6973557812
2010-03-24,441954.1077573078
2010-03-25,442171.1527733899
2010-03-26,442837.9402738298
2010-03-29,443931.6980279824
2010-03-30,443955.6926707490
2010-03-31,443679.2536714360
2010-04-01,444888.7525111387
2010-04-02,444891.4350179231
2010-04-05,447422.3597983390
2010-04-06,448095.4456749195
2010-04-07,448934.7768049064
2010-04-08,449287.1687123656
2010-04-09,451178.5053441570
2010-04-12,451577.2241109257
2010-04-13,451526.2995603832
2010-04-14,454815.6709481127
2010-04-15,455670.1721069187
2010-04-16,451446.3127824211
2010-04-19,451315.9526764735
2010-04-20,453016.4870127215
2010-04-21,454080.5204118963
2010-04-22,454695.0998226418
2010-04-23,456325.0288316210
2010-04-26,455789.3725582226
2010-04-27,452594.4194742366
2010-04-28,453311.4142330026
2010-04-29,456051.8223228336
2010-04-30,452423.1090097394
2010-05-03,452872.1208803003
2010-05-04,452878.5904820272
2010-05-05,452885.0601761769
2010-05-06,452891.5299627509
2010-05-07,452897.9998417503
2010-05-10,452904.4698131766
2010-05-11,452910.9398770311
2010-05-12,452917.4100333150
2010-05-13,452923.8802820298
2010-05-14,452930.3506231767
2010-05-17,452936.8210567570
2010-05-18,452943.2915827721
2010-05-19,452949.7622012233
2010-05-20,452956.2329121119
2010-05-21,452962.7037154392
2010-05-24,452969.1746112066
2010-05-25,452975.6455994153
2010-05-26,452982.1166800667
2010-05-27,452988.5878531621
2010-05-28,452995.0591187029
2010-05-31,453001.5304766903
2010-06-01,453008.0019271257
2010-06-02,453014.4734700104
2010-06-03,453020.9451053457
2010-06-04,453027.4168331329
2010-06-07,453033.8886533734
2010-06-08,453040.3605660684
2010-06-09,453046.8325712194
2010-06-10,453053.3046688275
2010-06-11,453059.7768588942
2010-06-14,453066.2491414208
2010-06-15,453072.7215164085
2010-06-16,453079.1939838587
2010-06-17,453085.6665437728
2010-06-18,453092.1391961520
2010-06-21,453098.6119409977
2010-06-22,453105.0847783111
2010-06-23,453111.5577080936
2010-06-24,453118.0307303466
2010-06-25,453124.5038450713
2010-06-28,453130.9770522691
2010-06-29,453137.4503519413
2010-06-30,453143.9237440891
2010-07-01,453150.3972287141
2010-07-02,453156.8708058174
2010-07-05,453163.3444754003
2010-07-06,453169.8182374642
2010-07-07,453176.2920920105
2010-07-08,453182.7660390404
2010-07-09,453189.2400785552
2010-07-12,453195.7142105564
2010-07-13,453202.1884350451
2010-07-14,453208.6627520227
2010-07-15,453215.1371614906
2010-07-16,453221.6116634501
2010-07-19,453228.0862579024
2010-07-20,453234.5609448490
2010-07-21,453241.0357242911
2010-07-22,453247.5105962300
2010-07-23,450615.2575950953
2010-07-26,450355.1823293185
2010-07-27,445998.9878356372
2010-07-28,445846.6048459255
2010-07-29,446845.0684388849
2010-07-30,449136.5270009568
2010-08-02,450260.0020211030
2010-08-03,450298.1034029316
2010-08-04,452136.0166439161
2010-08-05,452450.3616460192
2010-08-06,453365.9897334734
2010-08-09,453103.5117130165
2010-08-10,451990.6208259300
2010-08-11,450761.6404051021
2010-08-12,453670.7387683234
2010-08-13,453398.2858529686
2010-08-16,455870.3602969561
2010-08-17,456357.2434601166
2010-08-18,456944.7635921848
2010-08-19,456824.1100376056
2010-08-20,455735.5057620514
2010-08-23,455622.9325549151
2010-08-24,455550.6885693573
2010-08-25,457327.1071847712
2010-08-26,456170.1006921252
2010-08-27,457026.5550226158
2010-08-30,456606.6273908396
2010-08-31,458566.2038515624
2010-09-01,459699.9463112687
2010-09-02,460913.2424601588
2010-09-03,461233.8172621486
2010-09-06,461236.7016538507
2010-09-07,461508.1910275333
2010-09-08,461856.6320657197
2010-09-09,460381.8982817206
2010-09-10,459682.1849416529
2010-09-13,459959.0126109684
2010-09-14,463621.5155002023
2010-09-15,463139.1539554184
2010-09-16,463449.8621782868
2010-09-17,464326.0978204409
2010-09-20,465355.2642375160
2010-09-21,463849.1093979896
2010-09-22,466401.6431647785
2010-09-23,466923.8735473617
2010-09-24,468376.1352268114
2010-09-27,467753.7057386072
2010-09-28,469549.5738714241
2010-09-29,469691.8327449765
2010-09-30,469593.9271913182
2010-10-01,471017.7976397502
2010-10-04,470239.3888275829
2010-10-05,475323.7815728810
2010-10-06,476216.4561045169
2010-10-07,474056.6615291740
2010-10-08,476095.6638109166
2010-10-11,476888.4051331219
2010-10-12,476197.8668337622
2010-10-13,480271.6014255584
2010-10-14,480803.1027158034
2010-10-15,479834.3712003124
2010-10-18,479423.7534066288
2010-10-19,473804.8444893465
2010-10-20,476127.0041413208
2010-10-21,472611.0928992445
2010-10-22,473036.9648749785
2010-10-25,477753.0159043278
2010-10-26,477725.3609512754
2010-10-27,474855.6869272278
2010-10-28,478415.1062790654
2010-10-29,480438.3484861007
2010-11-01,480710.8978465725
2010-11-02,482716.8344852400
2010-11-03,478531.6148420873
2010-11-04,487835.8914908657
2010-11-05,490617.1647204108
2010-11-08,492082.9189488168
2010-11-09,492979.3440959326
2010-11-10,489692.4784702650
2010-11-11,489866.3028569682
2010-11-12,478658.7437652894
2010-11-15,480076.9554906742
2010-11-16,471555.9503154992
2010-11-17,470105.1237238195
2010-11-18,474386.5819637742
2010-11-19,474635.0454125649
2010-11-22,475889.8205174938
2010-11-23,477279.6632937081
2010-11-24,478819.1972161377
2010-11-25,479700.7520735245
2010-11-26,477494.2853711380
2010-11-29,478373.3661437242
2010-11-30,479703.9285536121
2010-12-01,481393.2939592261
2010-12-02,482478.1796298393
2010-12-03,485506.9115742486
2010-12-06,487369.3314801221
2010-12-07,486307.1197782041
2010-12-08,481786.9421485323
2010-12-09,483111.2544911320
2010-12-10,482780.0149798996
2010-12-13,486706.6902980080
2010-12-14,488160.5958797967
2010-12-15,484167.4862575128
2010-12-16,481862.2648243938
2010-12-17,483549.0786762654
2010-12-20,483742.8924232876
2010-12-21,486375.3471606770
2010-12-22,484928.3215314748
2010-12-23,482717.8617855094
2010-12-24,482242.6054581717
2010-12-27,481410.9795882833
2010-12-28,483431.0306262487
2010-12-29,484917.1826300272
2010-12-30,483395.9662162943
2010-12-31,486917.8198583756
2011-01-03,487143.2431923138
2011-01-04,480604.8751155660
2011-01-05,480602.3725367073
2011-01-06,479530.6042923643
2011-01-07,478088.4086097413
2011-01-10,478773.8152043171
2011-01-11,480147.9285297444
2011-01-12,480840.0585919563
2011-01-13,480532.2445920219
2011-01-14,478489.2723676118
2011-01-17,477990.1730777022
2011-01-18,478872.5933586304
2011-01-19,477097.5475198132
2011-01-20,473344.5271765430
2011-01-21,472375.6815122569
2011-01-24,473914.0820169238
2011-01-25,472730.2347312148
2011-01-26,474013.4968896265
2011-01-27,473543.0560502301
2011-01-28,472543.6386904013
2011-01-31,472804.3041152714
2011-02-01,476368.0233697585
2011-02-02,475223.8809682477
2011-02-03,476763.6554535146
2011-02-04,477151.0020518150
2011-02-07,477890.4614586816
2011-02-08,480214.8854579491
2011-02-09,479716.3493976461
2011-02-10,480440.2731956798
2011-02-11,481334.9513688919
2011-02-14,482672.1259381659
2011-02-15,482834.1345566623
2011-02-16,483881.9363702193
2011-02-17,485036.3427378022
2011-02-18,485199.4775681461
2011-02-21,485202.6056503074
2011-02-22,482332.6059391379
2011-02-23,481650.2744417017
2011-02-24,482430.8356525156
2011-02-25,484184.4074330963
2011-02-28,484248.7497199184
2011-03-01,483354.8676235417
2011-03-02,484479.7782458009
2011-03-03,485547.1163704153
2011-03-04,485626.6051488846
2011-03-07,483776.3062531868
2011-03-08,484413.4745607671
2011-03-09,484173.2569452628
2011-03-10,480108.3033235770
2011-03-11,481826.2115213476
2011-03-14,481147.8652870426
2011-03-15,476990.1388784993
2011-03-16,474532.6186450216
2011-03-17,476346.5117129956
2011-03-18,477688.6945198246
2011-03-21,480745.4939824890
2011-03-22,479930.6046760117
2011-03-23,481369.0385717715
2011-03-24,483265.4586878676
2011-03-25,483095.5047462094
2011-03-28,482123.3136567239
2011-03-29,483119.1469791860
2011-03-30,484603.8436286378
2011-03-31,485512.8783681255
2011-04-01,483638.7882861078
2011-04-04,482638.2625251969
2011-04-05,487650.7482314149
2011-04-06,489693.9001565415
2011-04-07,489046.9247061046
2011-04-08,492585.1531942866
2011-04-11,490368.2401773360
2011-04-12,485823.2229251476
2011-04-13,486517.5994811555
2011-04-14,490577.3603934131
2011-04-15,494123.9437418620
2011-04-18,494152.3633636665
2011-04-19,495363.9675552353
2011-04-20,498469.4814890945
2011-04-21,499863.5840600932
2011-04-22,499863.5840600932
2011-04-25,499679.2201123553
2011-04-26,501918.2483552471
2011-04-27,505065.4853791522
2011-04-28,508370.8524866202
2011-04-29,514416.4406151494
2011-05-02,513500.0675362466
2011-05-03,509218.4179050359
2011-05-04,501805.1343330324
2011-05-05,492385.2583958922
2011-05-06,495488.5548722667
2011-05-09,499598.9244854548
2011-05-10,504158.5155899026
2011-05-11,499219.2624790370
2011-05-12,501827.7625167358
2011-05-13,496980.6843364415
2011-05-16,494836.4943899270
2011-05-17,491566.1464584688
2011-05-18,497394.8577880771
2011-05-19,496880.6873318809
2011-05-20,499788.8003359200
2011-05-23,499564.2518052476
2011-05-24,500414.0018856828
2011-05-25,501613.1268384896
2011-05-26,501464.3723737900
2011-05-27,505443.0123565355
2011-05-30,505443.0123565355
2011-05-31,506200.1876202261
2011-06-01,504669.0929333514
2011-06-02,502686.7027291505
2011-06-03,503128.1146697280
2011-06-06,502020.1987427610
2011-06-07,502007.3829727501
2011-06-08,499075.7536136406
2011-06-09,500551.6845795805
2011-06-10,495438.6650342770
2011-06-13,492379.3647966456
2011-06-14,495492.8347145304
2011-06-15,493958.1068666470
2011-06-16,494463.0800023719
2011-06-17,496366.8968562555
2011-06-20,498019.9963489530
2011-06-21,500829.0327193773
2011-06-22,501464.4468388172
2011-06-23,494590.7785625781
2011-06-24,488364.9423283625
2011-06-27,489817.5857267241
2011-06-28,491729.3967765572
2011-06-29,494260.1272973900
2011-06-30,493953.2612687419
2011-07-01,491059.1597637583
2011-07-04,491059.1597637583
2011-07-05,499021.2599801383
2011-07-06,503444.3394325428
2011-07-07,505451.7248500630
2011-07-08,507524.1578540131
2011-07-11,506913.9705470445
2011-07-12,508756.3687322892
2011-07-13,517210.0219061221
2011-07-14,512813.5436706207
2011-07-15,514254.9405261973
2011-07-18,518334.4043828719
2011-07-19,520458.2680667243
2011-07-20,517748.7214732155
2011-07-21,516496.7408975243
2011-07-22,520963.0223058442
2011-07-25,522338.1892066995
2011-07-26,522889.8637783554
2011-07-27,519391.1975937058
2011-07-28,518727.8894408193
2011-07-29,521880.8818245844
2011-08-01,518159.5132332332
2011-08-02,521420.1795881258
2011-08-03,527256.2557015006
2011-08-04,520958.4630257573
2011-08-05,518363.3209044436
2011-08-08,527068.3154597889
2011-08-09,538206.6237024588
2011-08-10,543647.0344756760
2011-08-11,537648.3456691026
2011-08-12,536103.8291877641
2011-08-15,541203.7852318645
2011-08-16,546052.1481901554
2011-08-17,548105.1866090094
2011-08-18,551002.7851494778
2011-08-19,557030.0016669226
2011-08-22,567675.6128990782
2011-08-23,563375.1120432204
2011-08-24,538387.8889329103
2011-08-25,538284.4616495540
2011-08-26,548562.7945492527
2011-08-29,548274.0013837689
2011-08-30,558928.8172409912
2011-08-31,559256.3348227176
2011-09-01,557784.6715264849
2011-09-02,567074.3831367072
2011-09-05,567075.0147311876
2011-09-06,566685.7983844070
2011-09-07,556000.1281621077
2011-09-08,564011.3176456235
2011-09-09,562502.9788258260
2011-09-12,553929.7717806122
2011-09-13,558975.2517413369
2011-09-14,559344.1388505334
2011-09-15,549013.9366397206
2011-09-16,554771.0912271929
2011-09-19,549372.8835994409
2011-09-20,551139.3149301840
2011-09-21,550235.6097112051
2011-09-22,544671.3315276883
2011-09-23,538173.9145681022
2011-09-26,536049.7805336369
2011-09-27,540335.0589122203
2011-09-28,537130.4383061822
2011-09-29,536854.6843877265
2011-09-30,536170.9337773132
2011-10-03,537514.5146573893
2011-10-04,535143.0198125506
2011-10-05,537754.5647812900
2011-10-06,539302.3412845581
2011-10-07,537620.6254332031
2011-10-10,540648.6235701061
2011-10-11,540872.3557084466
2011-10-12,542428.8241738628
2011-10-13,542252.6164069157
2011-10-14,543966.2800392128
2011-10-17,542468.5443741904
2011-10-18,541783.8742457414
2011-10-19,540586.8574542312
2011-10-20,538109.2920918106
2011-10-21,540254.9335202416
2011-10-24,542292.9291922847
2011-10-25,544352.1826586407
2011-10-26,545831.4750440128
2011-10-27,548886.5844815981
2011-10-28,548838.1386293530
2011-10-31,546364.0022395531
2011-11-01,544299.4142053917
2011-11-02,545996.8934706167
2011-11-03,549230.6509311879
2011-11-04,548237.0142620899
2011-11-07,550607.2656896582
2011-11-08,551968.0707693193
2011-11-09,549804.1707461476
2011-11-10,547736.6793867811
2011-11-11,550475.1562392167
2011-11-14,549337.3981768544
2011-11-15,550189.4862973118
2011-11-16,548877.4367553249
2011-11-17,544528.5831857396
2011-11-18,544736.3234604928
2011-11-21,541081.0929712169
2011-11-22,542693.1842824903
2011-11-23,541409.2689679731
2011-11-24,541417.0492172339
2011-11-25,540566.6091000010
2011-11-28,543934.1461551825
2011-11-29,543867.3428802486
2011-11-30,547460.0389334788
2011-12-01,547037.7270660209
2011-12-02,547560.1233039300
2011-12-05,546587.0158251696
2011-12-06,546018.3328014676
2011-12-07,546856.0799259606
2011-12-08,544722.9547860998
2011-12-09,545279.2449495818
2011-12-12,541655.5565932512
2011-12-13,541108.2475035553
2011-12-14,535378.6612511392
2011-12-15,532728.9732637313
2011-12-16,534975.5873360420
2011-12-19,532510.0768166765
2011-12-20,537719.3123049501
2011-12-21,538589.3074152372
2011-12-22,539053.5804461213
2011-12-23,539595.9934770423
2011-12-26,539600.9420354008
2011-12-27,538454.3607565431
2011-12-28,533482.8134734553
2011-12-29,532676.5175751140
2011-12-30,534086.8021749303
2012-01-03,538626.1576956760
2012-01-04,540138.4613130181
2012-01-05,541593.0554236973
2012-01-06,541384.5685259317
2012-01-09,540617.0508988257
2012-01-10,544402.4780471595
2012-01-11,545260.1413113500
2012-01-12,546576.7902894674
2012-01-13,544245.4825758402
2012-01-16,544250.4325089755
2012-01-17,546936.1811331093
2012-01-18,549058.9782847001
2012-01-19,549201.0416145104
2012-01-20,550535.6222234264
2012-01-23,551920.7740991476
2012-01-24,550156.5751024360
2012-01-25,555092.9227272863
2012-01-26,556454.8776080435
2012-01-27,557501.9790672575
2012-01-30,556927.9302939740
2012-01-31,557029.4657037789
2012-02-01,559034.1809397737
2012-02-02,560095.0097769563
2012-02-03,560414.1398303772
2012-02-06,558972.2074416500
2012-02-07,561670.4106288970
2012-02-08,560006.3970403260
2012-02-09,560936.1622961857
2012-02-10,558212.2257387970
2012-02-13,559077.8570860059
2012-02-14,558411.4399988631
2012-02-15,558676.2471753826
2012-02-16,560556.7225853696
2012-02-17,560557.0525363835
2012-02-20,560562.0049254275
2012-02-21,563754.1516220041
2012-02-22,564434.3238697209
2012-02-23,566545.6338861833
2012-02-24,565896.4309562922
2012-02-27,565998.0011010920
2012-02-28,567908.5722043945
2012-02-29,559585.6203556014
2012-03-01,561602.9624007677
2012-03-02,560029.4619053788
2012-03-05,557885.1191404333
2012-03-06,552951.7400736491
2012-03-07,554333.1488729857
2012-03-08,556384.9230967110
2012-03-09,557544.7502870823
2012-03-12,555008.1258978441
2012-03-13,555019.1379638341
2012-03-14,555030.1502483175
2012-03-15,555041.1627512986
2012-03-16,555052.1754727818
2012-03-19,555063.1884127713
2012-03-20,555074.2015712716
2012-03-21,555085.2149482869
2012-03-22,555096.2285438216
2012-03-23,555107.2423578800
2012-03-26,555118.2563904665
2012-03-27,555129.2706415853
2012-03-28,555140.2851112409
2012-03-29,555151.2997994376
2012-03-30,555162.3147061797
2012-04-02,555173.3298314714
2012-04-03,555184.3451753173
2012-04-04,555195.3607377216
2012-04-05,555206.3765186885
2012-04-06,555217.3925182226
2012-04-09,555228.4087363281
2012-04-10,555239.4251730094
2012-04-11,555250.4418282708
2012-04-12,555261.4587021166
2012-04-13,555272.4757945512
2012-04-16,555283.4931055788
2012-04-17,555294.5106352039
2012-04-18,555305.5283834308
2012-04-19,555316.5463502638
2012-04-20,555327.5645357072
2012-04-23,555338.5829397655
2012-04-24,555349.6015624430
2012-04-25,555360.6204037438
2012-04-26,555371.6394636724
2012-04-27,555382.6587422332
2012-04-30,555393.6782394304
2012-05-01,555404.6979552686
2012-05-02,555415.7178897518
2012-05-03,555426.7380428845
2012-05-04,555437.7584146711
2012-05-07,555448.7790051157
2012-05-08,555459.7998142230
2012-05-09,555470.8208419970
2012-05-10,555481.8420884423
2012-05-11,555492.8635535631
2012-05-14,555503.8852373637
2012-05-15,555514.9071398486
2012-05-16,555525.9292610220
2012-05-17,555536.9516008883
2012-05-18,555547.9741594518
2012-05-21,555558.9969367168
2012-05-22,555570.0199326877
2012-05-23,555581.0431473689
2012-05-24,555592.0665807647
2012-05-25,555603.0902328794
2012-05-28,552577.2073244746
2012-05-29,553395.5722237941
2012-05-30,552513.6365119789
2012-05-31,552851.2160112115
2012-06-01,551584.1241825171
2012-06-04,551390.6288100242
2012-06-05,552912.3109874893
2012-06-06,558183.1832061075
2012-06-07,554665.5193662944
2012-06-08,556941.4805095766
2012-06-11,553569.8201733811
2012-06-12,557577.5806453946
2012-06-13,555500.1857510901
2012-06-14,556611.9527671782
2012-06-15,560737.2150117951
2012-06-18,561098.8844852995
2012-06-19,562881.7229588784
2012-06-20,562417.2899179128
2012-06-21,554987.2161676909
2012-06-22,557011.1413864514
2012-06-25,554849.0908843289
2012-06-26,555068.9552971306
2012-06-27,556522.3247253823
2012-06-28,553473.5201431875
2012-06-29,562162.2774895584
2012-07-02,562297.8742265857
2012-07-03,565530.6037433499
2012-07-04,565534.8316917728
2012-07-05,564645.8745948675
2012-07-06,560627.0880493664
2012-07-09,561392.9236713191
2012-07-10,558720.1767427092
2012-07-11,557353.8974610681
2012-07-12,556250.1172030797
2012-07-13,561325.9188337908
2012-07-16,560409.3742006896
2012-07-17,561061.6789569148
2012-07-18,561556.2124453867
2012-07-19,563567.2851968822
2012-07-20,561307.6753619827
2012-07-23,559373.1085944059
2012-07-24,557554.1287984266
2012-07-25,559307.8910672169
2012-07-26,562346.2603435188
2012-07-27,566487.2454886800
2012-07-30,565916.0083301982
2012-07-31,563939.1823817344
2012-08-01,562785.0187441759
2012-08-02,560746.8422680069
2012-08-03,565884.3205421849
2012-08-06,567618.6973776210
2012-08-07,568552.1558193911
2012-08-08,568342.5056630378
2012-08-09,568927.2237561878
2012-08-10,569363.4199879667
2012-08-13,568795.2439220883
2012-08-14,567706.6642725617
2012-08-15,568846.1337605998
2012-08-16,571700.1366383660
2012-08-17,572225.6405573611
2012-08-20,571509.9606399746
2012-08-21,571953.0687982149
2012-08-22,571868.1435804383
2012-08-23,572560.8426588010
2012-08-24,573397.0091575118
2012-08-27,573700.6146108228
2012-08-28,573382.2929288303
2012-08-29,573178.9070973096
2012-08-30,571405.8176562561
2012-08-31,573709.8411532689
2012-09-03,573714.7186173319
2012-09-04,574284.3315697352
2012-09-05,573323.6489068130
2012-09-06,578068.4197360273
2012-09-07,579961.5338543996
2012-09-10,577254.6156603552
2012-09-11,577463.4551329114
2012-09-12,577626.9976126493
2012-09-13,582575.5055444838
2012-09-14,583764.5305217542
2012-09-17,583220.7117417651
2012-09-18,583191.1019073752
2012-09-19,583085.8322517815
2012-09-20,582371.2120214954
2012-09-21,582998.4886916360
2012-09-24,581441.4197137065
2012-09-25,578666.4257544309
2012-09-26,576302.5231337422
2012-09-27,580339.8774300253
2012-09-28,578132.9452106880
2012-10-01,578303.2565128931
2012-10-02,580181.5135410517
2012-10-03,581593.4251605028
2012-10-04,583687.9688822869
2012-10-05,581723.1514467222
2012-10-08,578421.7909594177
2012-10-09,574986.7449340214
2012-10-10,574554.5740686707
2012-10-11,573654.1410465625
2012-10-12,572372.7394357377
2012-10-15,572706.1067155260
2012-10-16,575289.6289132163
2012-10-17,575483.6626352493
2012-10-18,573177.6998778164
2012-10-19,568000.4370036875
2012-10-22,568819.8050795519
2012-10-23,565906.9896704437
2012-10-24,564761.5570579655
2012-10-25,565471.0346290644
2012-10-26,565711.5639056431
2012-10-29,565683.2413025204
2012-10-30,565665.8672628866
2012-10-31,565044.7212157409
2012-11-01,567638.0902502103
2012-11-02,563395.1827813950
2012-11-05,565049.3506512059
2012-11-06,568000.2283233985
2012-11-07,562952.9438182542
2012-11-08,560798.0731168276
2012-11-09,561534.0551312711
2012-11-12,560138.9843593098
2012-11-13,556302.5088061788
2012-11-14,556262.0633389029
2012-11-15,555005.0114501569
2012-11-16,555474.5515089892
2012-11-19,557949.7988586263
2012-11-20,557201.7198361802
2012-11-21,557569.4356209611
2012-11-22,557574.8624181156
2012-11-23,559914.6533766129
2012-11-26,559823.3041208494
2012-11-27,559048.0191436431
2012-11-28,557694.6091902707
2012-11-29,558874.4322346193
2012-11-30,557839.2634618956
2012-12-03,558198.5330867936
2012-12-04,556417.4237972837
2012-12-05,555874.7786163016
2012-12-06,556681.4610087690
2012-12-07,556772.2369260371
2012-12-10,557571.8557746846
2012-12-11,557821.2074273254
2012-12-12,558741.4905943329
2012-12-13,557196.7727267843
2012-12-14,556621.1379239630
2012-12-17,557295.2630988727
2012-12-18,556026.8131904287
2012-12-19,555596.8340466324
2012-12-20,554189.2234420301
2012-12-21,554671.9738099063
2012-12-24,554515.6931677369
2012-12-25,554521.1216987164
2012-12-26,554219.8240476388
2012-12-27,554394.7243473015
2012-12-28,553486.6613792870
2012-12-31,555737.4151663317
2013-01-02,558282.8750847916
2013-01-03,555303.0978516521
2013-01-04,552760.7034648655
2013-01-07,552110.2559429780
2013-01-08,553295.7606314296
2013-01-09,552992.6719719239
2013-01-10,556382.2058795899
2013-01-11,554396.8885298171
2013-01-14,554922.0634026820
2013-01-15,556457.2876661702
2013-01-16,556365.5557650095
2013-01-17,558346.8056448119
2013-01-18,558091.5037078308
2013-01-21,558094.5937629460
2013-01-22,559383.1791609856
2013-01-23,559069.2132382176
2013-01-24,556731.0842067902
2013-01-25,556106.3522949441
2013-01-28,555822.8608999057
2013-01-29,557207.8379281061
2013-01-30,558597.5274385767
2013-01-31,556095.3416803139
2013-02-01,558901.4522430868
2013-02-04,557970.7268479029
2013-02-05,557637.1726025849
2013-02-06,557847.8277445305
2013-02-07,557426.4970595547
2013-02-08,558091.7192342957
2013-02-11,557512.4903247867
2013-02-12,557419.2064047885
2013-02-13,557386.8477124150
2013-02-14,557111.6267403080
2013-02-15,555990.5897523456
2013-02-18,555995.9714651956
2013-02-19,556893.8226619076
2013-02-20,554360.5915490424
2013-02-21,553566.9639217001
2013-02-22,554328.2186793886
2013-02-25,552795.4607661193
2013-02-26,554460.7430656191
2013-02-27,554895.3582738173
2013-02-28,554084.4666772161
2013-03-01,554099.7641475501
2013-03-04,554602.1450851131
2013-03-05,555774.8024658335
2013-03-06,555831.5269234038
2013-03-07,556073.8900352827
2013-03-08,556606.3653328039
2013-03-11,556392.1668662416
2013-03-12,555885.3202686869
2013-03-13,555977.0992428677
2013-03-14,556899.0479462629
2013-03-15,556583.5510029532
2013-03-18,556115.9890716744
2013-03-19,555518.7553995327
2013-03-20,556697.8790844919
2013-03-21,555296.2533398035
2013-03-22,556265.6722478289
2013-03-25,555655.8625728551
2013-03-26,556792.4339674758
2013-03-27,556958.6217866205
2013-03-28,557269.6103424554
2013-03-29,557274.4051476792
2013-04-01,555998.8310038345
2013-04-02,555687.9556862491
2013-04-03,554187.9449565936
2013-04-04,554558.1228828536
2013-04-05,553741.8039814052
2013-04-08,554943.3896967273
2013-04-09,555866.1836698181
2013-04-10,558294.7541210379
2013-04-11,558880.8393301336
2013-04-12,557738.1944833960
2013-04-15,551648.7676204783
2013-04-16,554599.4544693768
2013-04-17,551015.4238576856
2013-04-18,549668.1345379663
2013-04-19,551629.3844504819
2013-04-22,553205.4373127540
2013-04-23,555095.7009357809
2013-04-24,555213.6485325505
2013-04-25,556156.2785940279
2013-04-26,555559.6501623290
2013-04-29,557211.3580912640
2013-04-30,557869.0214983320
2013-05-01,556104.6319810981
2013-05-02,557819.0764933452
2013-05-03,559701.6414868487
2013-05-06,560574.5788019585
2013-05-07,560698.6147503476
2013-05-08,561244.1433636686
2013-05-09,560448.3438813058
2013-05-10,561641.6654485334
2013-05-13,561814.1473850075
2013-05-14,563220.3691966665
2013-05-15,563862.7827411992
2013-05-16,563259.0683613265
2013-05-17,564736.1353751242
2013-05-20,564627.0533426726
2013-05-21,564829.9197646338
2013-05-22,562873.0063731465
2013-05-23,562723.2196134290
2013-05-24,562569.1841614936
2013-05-27,562443.9288573568
2013-05-28,563519.7470491894
2013-05-29,562620.0848773933
2013-05-30,563870.4134880377
2013-05-31,561424.9014929298
2013-06-03,562286.7293659858
2013-06-04,561093.4895010586
2013-06-05,558686.5405966241
2013-06-06,560420.9185286204
2013-06-07,562457.1373627956
2013-06-10,562548.5928571119
2013-06-11,560628.2416244752
2013-06-12,559057.9692986442
2013-06-13,561508.1192657315
2013-06-14,560377.6716158831
2013-06-17,561576.9434051695
2013-06-18,563061.4899810936
2013-06-19,560750.4644646283
2013-06-20,555932.9802789572
2013-06-21,556222.7719173960
2013-06-24,554469.3458026196
2013-06-25,554200.2857606661
2013-06-26,556777.1409799879
2013-06-27,558865.7268917906
2013-06-28,557656.7146503228
2013-07-01,559880.2761114953
2013-07-02,559522.2807706010
2013-07-03,560110.5993625345
2013-07-04,560113.3930087117
2013-07-05,562932.7950968670
2013-07-08,564723.1493297333
2013-07-09,566940.2970559890
2013-07-10,567916.2726439971
2013-07-11,573396.5632734624
2013-07-12,575214.3627996518
2013-07-15,575888.1476989256
2013-07-16,574714.4062805760
2013-07-17,575532.6221745600
2013-07-18,577144.2168303651
2013-07-19,576556.4486548551
2013-07-22,576906.7185615110
2013-07-23,574897.5853001040
2013-07-24,573226.1785032863
2013-07-25,575476.9847539897
2013-07-26,575746.5606946975
2013-07-29,571838.7029214200
2013-07-30,572688.5643186289
2013-07-31,571468.4598742183
2013-08-01,577507.4023795769
2013-08-02,577584.6322129741
2013-08-05,577574.0423910967
2013-08-06,574847.1942361963
2013-08-07,573687.4862389863
2013-08-08,575281.6856399877
2013-08-09,574570.6739070215
2013-08-12,575603.8751068425
2013-08-13,576753.1432565363
2013-08-14,575402.6792308149
2013-08-15,569594.9676372636
2013-08-16,569473.5332234697
2013-08-19,568647.5907636983
2013-08-20,570978.3601490094
2013-08-21,569666.3070665724
2013-08-22,573021.9099055304
2013-08-23,573004.9269719985
2013-08-26,572997.7651452924
2013-08-27,562095.2714666675
2013-08-28,564028.4915574886
2013-08-29,567893.8883730776
2013-08-30,563251.7414167747
2013-09-02,563252.4868964950
2013-09-03,566700.8322278293
2013-09-04,569584.5185881387
2013-09-05,570245.9445294752
2013-09-06,570492.6782484495
2013-09-09,574592.8338228511
2013-09-10,576376.9391003144
2013-09-11,575976.4182966638
2013-09-12,574916.5835060758
2013-09-13,575355.1233087330
2013-09-16,575123.6586123771
2013-09-17,577563.1131933818
2013-09-18,580839.4394185843
2013-09-19,581655.4506759531
2013-09-20,580199.3118806427
2013-09-23,579241.7507839035
2013-09-24,579760.9749574190
2013-09-25,579038.6841132501
2013-09-26,581262.6161565296
2013-09-27,580749.8409629175
2013-09-30,579849.1561364017
2013-10-01,583734.9298900028
2013-10-02,583688.7923326161
2013-10-03,580105.7089389017
2013-10-04,582937.7925280526
2013-10-07,579759.0414870959
2013-10-08,573391.5858454045
2013-10-09,571602.0082217446
2013-10-10,578585.7436944762
2013-10-11,581195.0420402115
2013-10-14,582634.7365418817
2013-10-15,580513.1516866824
2013-10-16,584413.7145124049
2013-10-17,586571.7930205180
2013-10-18,590944.5639268084
2013-10-21,591369.8407341127
2013-10-22,592247.0874484548
2013-10-23,589821.8239778125
2013-10-24,591751.8524182759
2013-10-25,592959.0354207348
2013-10-28,592811.9815780979
2013-10-29,594093.0981571290
2013-10-30,592470.2809771799
2013-10-31,591253.8903077776
2013-11-01,591804.7570709873
2013-11-04,593139.7894891653
2013-11-05,593431.9763781796
2013-11-06,592103.4283190810
2013-11-07,585734.4099181970
2013-11-08,590936.3027977820
2013-11-11,590925.2812919507
2013-11-12,590904.3815073805
2013-11-13,594899.7193803571
2013-11-14,595575.9077043870
2013-11-15,596781.4585539354
2013-11-18,593387.5911090745
2013-11-19,592039.7998794289
2013-11-20,591216.9060407759
2013-11-21,595066.7469552602
2013-11-22,597117.9594047430
2013-11-25,597282.3348109913
2013-11-26,599229.9914165501
2013-11-27,601594.3405941227
2013-11-28,601597.7174991760
2013-11-29,603105.8314532030
2013-12-02,601567.9340533824
2013-12-03,600794.5244120292
2013-12-04,600984.4658014521
2013-12-05,600509.6646898608
2013-12-06,602544.5074872210
2013-12-09,602500.1693078964
2013-12-10,601897.2571661772
2013-12-11,596881.3362833150
2013-12-12,596459.9670554637
2013-12-13,596680.6412902817
2013-12-16,599154.8577946071
2013-12-17,598520.0249557999
2013-12-18,602580.8321875287
2013-12-19,601393.5652807386
2013-12-20,605277.0012522063
2013-12-23,608946.1295969659
2013-12-24,609724.2375465422
2013-12-25,609727.6153428347
2013-12-26,610806.8887791755
2013-12-27,609785.5927422032
2013-12-30,609074.0410610555
2013-12-31,610503.7361318469
2014-01-02,607577.2211060540
2014-01-03,607014.5313258893
2014-01-06,605242.3659065347
2014-01-07,608548.8554207805
2014-01-08,609503.4922264065
2014-01-09,608922.3456624332
2014-01-10,610535.2663914539
2014-01-13,604839.7993737173
2014-01-14,610682.2470385773
2014-01-15,613569.3251041041
2014-01-16,614584.3877407364
2014-01-17,612419.1646656620
2014-01-20,612422.5432595783
2014-01-21,614837.8841685932
2014-01-22,616400.7076875154
2014-01-23,614395.5451874009
2014-01-24,606576.9091391137
2014-01-27,602558.1966536574
2014-01-28,603926.1466667801
2014-01-29,600265.0841031356
2014-01-30,606772.0905225135
2014-01-31,604992.2156681536
2014-02-03,595850.0338060893
2014-02-04,598934.7012814671
2014-02-05,597105.5103336843
2014-02-06,601036.2680310160
2014-02-07,607208.5116105077
2014-02-10,609012.2441213663
2014-02-11,612793.3255431610
2014-02-12,613863.8199679310
2014-02-13,617369.6826659533
2014-02-14,617980.0631633503
2014-02-17,617983.4426958889
2014-02-18,620569.0314550750
2014-02-19,618028.1779339567
2014-02-20,621082.2153404856
2014-02-21,621200.3377779773
2014-02-24,624248.2235635862
2014-02-25,625392.0973795219
2014-02-26,625833.9021222531
2014-02-27,628397.4616808911
2014-02-28,628424.9439986730
2014-03-03,625879.0215367257
2014-03-04,632210.0582694587
2014-03-05,631914.6359920525
2014-03-06,630981.4131437428
2014-03-07,629261.0237567131
2014-03-10,630226.3981681770
2014-03-11,628189.3494151239
2014-03-12,631005.9934042927
2014-03-13,625143.8315389894
2014-03-14,624809.2316208942
2014-03-17,629337.8963713527
2014-03-18,634625.2660788597
2014-03-19,631987.4863913945
2014-03-20,634617.0207658461
2014-03-21,631160.4984703637
2014-03-24,623676.1829109465
2014-03-25,624593.4226657527
2014-03-26,619348.3981088386
2014-03-27,617144.2741109323
2014-03-28,617632.6615733984
2014-03-31,621462.7637906913
2014-04-01,626533.6625026673
2014-04-02,625841.5930612514
2014-04-03,623523.6232255842
2014-04-04,618208.8079167813
2014-04-07,614978.1203029526
2014-04-08,616842.3265378505
2014-04-09,621118.5288198931
2014-04-10,614973.2947413812
2014-04-11,611441.0604211311
2014-04-14,613920.0532483186
2014-04-15,612841.2381779817
2014-04-16,616313.8780705044
2014-04-17,615969.9562249271
2014-04-18,615973.7570842705
2014-04-21,617183.0471642776
2014-04-22,620136.7529002238
2014-04-23,618270.8044011674
2014-04-24,620765.3019138495
2014-04-25,617253.7463366179
2014-04-28,617084.2741341628
2014-04-29,618891.2813930518
2014-04-30,619703.9276223939
2014-05-01,619603.7048876670
2014-05-02,620706.1816259120
2014-05-05,621227.5371727400
2014-05-06,616632.1118447073
2014-05-07,614956.6102835359
2014-05-08,613500.7019750422
2014-05-09,614736.6229456009
2014-05-12,620233.8333715302
2014-05-13,618954.8177962485
2014-05-14,617867.2158066779
2014-05-15,615133.1050529710
2014-05-16,616599.7262428326
2014-05-19,619012.7621770129
2014-05-20,617322.8385398701
2014-05-21,618775.5286365908
2014-05-22,620733.0200107483
2014-05-23,622524.0647961240
2014-05-26,622527.8670282383
2014-05-27,624495.3336416685
2014-05-28,623659.1629903689
2014-05-29,623951.8218483726
2014-05-30,623292.2677381821
2014-06-02,622956.8102761047
2014-06-03,623158.3049037822
2014-06-04,624014.4339757210
2014-06-05,627580.7274558767
2014-06-06,625225.7817422698
2014-06-09,625234.4654336829
2014-06-10,625243.1492457028
2014-06-11,625251.8331783311
2014-06-12,625260.5172315697
2014-06-13,625269.2014054202
2014-06-16,625277.8856998842
2014-06-17,625286.5701149633
2014-06-18,625295.2546506594
2014-06-19,625303.9393069739
2014-06-20,625312.6240839087
2014-06-23,625321.3089814654
2014-06-24,625329.9939996457
2014-06-25,620348.1275044851
2014-06-26,619138.4809512483
2014-06-27,619990.3432199307
2014-06-30,619224.9667364602
2014-07-01,622976.5540914458
2014-07-02,623951.4080459212
2014-07-03,626385.2120356055
2014-07-04,626387.2929090312
2014-07-07,623251.3222228639
2014-07-08,618797.7903215501
2014-07-09,621173.6236651953
2014-07-10,619793.9749173097
2014-07-11,620971.0190279883
2014-07-14,622637.6244472864
2014-07-15,620783.6067970074
2014-07-16,622471.2147861930
2014-07-17,617146.6281982940
2014-07-18,622711.7341079678
2014-07-21,622083.8095463878
2014-07-22,624090.1562075934
2014-07-23,624787.0203245030
2014-07-24,624226.1384389319
2014-07-25,622351.0514023894
2014-07-28,621581.2741299055
2014-07-29,619693.9655480889
2014-07-30,619806.6064732162
2014-07-31,610790.9419957732
2014-08-01,609939.1098240954
2014-08-04,612904.3789346510
2014-08-05,608458.8351638136
2014-08-06,608494.5226104156
2014-08-07,606226.3340758202
2014-08-08,610342.7021027753
2014-08-11,611982.5796055128
2014-08-12,611262.1801178518
2014-08-13,614640.6533455042
2014-08-14,616487.4116320759
2014-08-15,616708.1473153868
2014-08-18,620049.9296062263
2014-08-19,621692.0499447155
2014-08-20,622091.5299568971
2014-08-21,623704.1845042312
2014-08-22,623451.8026885292
2014-08-25,625614.3813743917
2014-08-26,626970.0343614666
2014-08-27,625634.8642700827
2014-08-28,624733.5794752099
2014-08-29,626573.3920876962
2014-09-01,626575.4741463929
2014-09-02,627018.9340885022
2014-09-03,625426.8397291669
2014-09-04,624288.7966381881
2014-09-05,626622.6794802707
2014-09-08,625953.0314208383
2014-09-09,622116.4592960560
2014-09-10,623833.3244788648
2014-09-11,624134.6021600391
2014-09-12,621709.2054645384
2014-09-15,620411.2150384081
2014-09-16,623931.7037648674
2014-09-17,623098.1494200740
2014-09-18,626131.2679749886
2014-09-19,619909.2517606660
2014-09-22,609969.8336644752
2014-09-23,612286.6420762120
2014-09-24,619438.1356093811
2014-09-25,616027.2036460012
2014-09-26,617796.9935036378
2014-09-29,620054.8970298299
2014-09-30,619894.5868343130
2014-10-01,617017.9166054396
2014-10-02,617343.2132267229
2014-10-03,618697.5266206396
2014-10-06,618222.1138518576
2014-10-07,615426.2073699775
2014-10-08,621716.7431135451
2014-10-09,619169.8334139914
2014-10-10,612532.8178444038
2014-10-13,608614.4250166604
2014-10-14,608200.1324947799
2014-10-15,610177.3197711675
2014-10-16,607389.4603761276
2014-10-17,606785.1046623185
2014-10-20,611644.0982325879
2014-10-21,613400.4495987270
2014-10-22,609550.1162231140
2014-10-23,608354.2105263728
2014-10-24,609528.7031348972
2014-10-27,607651.9698389197
2014-10-28,618208.8116413344
2014-10-29,622895.6807476386
2014-10-30,625923.9869367843
2014-10-31,632543.8918593406
2014-11-03,634535.4745553710
2014-11-04,633888.1938537370
2014-11-05,631466.7258320287
2014-11-06,633105.9454376110
2014-11-07,632582.4092121096
2014-11-10,641817.1508130479
2014-11-11,641712.2368028486
2014-11-12,646259.7429945829
2014-11-13,645123.9019591517
2014-11-14,645066.7427324881
2014-11-17,643352.6146526061
2014-11-18,642074.5767965291
2014-11-19,640011.5025136925
2014-11-20,641486.6449449047
2014-11-21,647543.7046461761
2014-11-24,656955.6462847973
2014-11-25,662500.4449100153
2014-11-26,669442.4017697935
2014-11-27,673550.8053344480
2014-11-28,681540.3577069689
2014-12-01,679932.7126271656
2014-12-02,693724.0606427852
2014-12-03,697095.6261877596
2014-12-04,716066.9996555889
2014-12-05,721948.0601721408
2014-12-08,734139.6615695008
2014-12-09,711119.7884513722
2014-12-10,713754.5090801818
2014-12-11,713522.7842580713
2014-12-12,713727.9863531268
2014-12-15,713984.5204565658
2014-12-16,715085.4264026528
2014-12-17,715732.2771565893
2014-12-18,715679.2778646681
2014-12-19,716490.8054954098
2014-12-22,716794.6775905348
2014-12-23,715314.0974815504
2014-12-24,714349.0847862313
2014-12-25,715948.5195538416
2014-12-26,717323.1371208561
2014-12-29,717497.1836193658
2014-12-30,717474.1072655303
2014-12-31,718039.9856194984
2015-01-02,718049.9583970765
2015-01-05,718059.9313131653
2015-01-06,718069.9043677669
2015-01-07,718079.8775608832
2015-01-08,718089.8508925160
2015-01-09,718099.8243626673
2015-01-12,718109.7979713390
2015-01-13,718119.7717185330
2015-01-14,718129.7456042513
2015-01-15,718139.7196284957
2015-01-16,718149.6937912684
2015-01-19,718159.6680925711
2015-01-20,718169.6425324057
2015-01-21,718179.6171107742
2015-01-22,718189.5918276785
2015-01-23,718199.5666831206
2015-01-26,718209.5416771022
2015-01-27,718219.5168096256
2015-01-28,718229.4920806923
2015-01-29,718239.4674903045
2015-01-30,718249.4430384641
2015-02-02,718259.4187251729
2015-02-03,718269.3945504329
2015-02-04,718279.3705142462
2015-02-05,718289.3466166144
2015-02-06,718299.3228575396
2015-02-09,718309.2992370238
2015-02-10,718319.2757550688
2015-02-11,718329.2524116765
2015-02-12,718339.2292068489
2015-02-13,718349.2061405879
2015-02-16,718359.1832128954
2015-02-17,718369.1604237733
2015-02-18,718379.1377732237
2015-02-19,718389.1152612483
2015-02-20,718399.0928878492
2015-02-23,718409.0706530282
2015-02-24,718419.0485567873
2015-02-25,718429.0265991284
2015-02-26,718439.0047800534
2015-02-27,718448.9830995642
2015-03-02,718458.9615576628
2015-03-03,718468.9401543511
2015-03-04,718478.9188896309
2015-03-05,713155.1865166331
2015-03-06,707975.8235634661
2015-03-09,711866.9174094314
2015-03-10,705357.8928058608
2015-03-11,704793.1374949544
2015-03-12,710605.3435110594
2015-03-13,710092.2165702441
2015-03-16,717842.1490201792
2015-03-17,719873.4966609267
2015-03-18,725564.2872202967
2015-03-19,724382.8203562009
2015-03-20,729358.9956768646
2015-03-23,732336.6795306804
2015-03-24,731067.1323449394
2015-03-25,722368.5662448721
2015-03-26,722373.6114421658
2015-03-27,724881.8090911164
2015-03-30,732699.6534820223
2015-03-31,727511.2066125672
2015-04-01,729493.3538114555
2015-04-02,730133.8362411025
2015-04-03,732023.3809212728
2015-04-06,734324.3991509869
2015-04-07,738064.1277135547
2015-04-08,742252.4978696508
2015-04-09,742229.4740387871
2015-04-10,747562.9754022686
2015-04-13,750800.2503853281
2015-04-14,750789.8219070530
2015-04-15,750224.1280916603
2015-04-16,754986.4193082210
2015-04-17,754092.8051512237
2015-04-20,755214.7511091518
2015-04-21,760223.2361555485
2015-04-22,766015.6201621937
2015-04-23,768064.1750841676
2015-04-24,768499.9192925773
2015-04-27,773690.7957837812
2015-04-28,770203.4374603526
2015-04-29,768540.0899016376
2015-04-30,761678.6520091561
2015-05-01,765713.0013504932
2015-05-04,768765.1948253154
2015-05-05,753211.5796404032
2015-05-06,748448.6124447047
2015-05-07,746695.4156340455
2015-05-08,757068.6290311235
2015-05-11,762057.4087010734
2015-05-12,763434.8708668695
2015-05-13,762501.1114973488
2015-05-14,768946.7388309977
2015-05-15,765509.8389873321
2015-05-18,767065.9182226401
2015-05-19,772573.5146170601
2015-05-20,773724.4216409331
2015-05-21,778686.4845596602
2015-05-22,784014.3923280225
2015-05-25,790852.6819124521
2015-05-26,789769.3213114656
2015-05-27,796975.1258981432
2015-05-28,779384.9015639552
2015-05-29,776435.9959607938
2015-06-01,780255.7423770224
2015-06-02,780973.7222992643
2015-06-03,782978.0744453130
2015-06-04,779434.4288931561
2015-06-05,781191.5694839929
2015-06-08,778412.5845931917
2015-06-09,777373.0615616511
2015-06-10,783688.6615189075
2015-06-11,784142.9359698786
2015-06-12,781669.4615077422
2015-06-15,778500.4741809231
2015-06-16,778953.7390999394
2015-06-17,780463.2779564123
2015-06-18,785262.2365372757
2015-06-19,780174.6558685089
2015-06-22,783378.7661259446
2015-06-23,785076.0610907828
2015-06-24,782784.8077711680
2015-06-25,779734.0317249172
2015-06-26,772333.9077171229
2015-06-29,758785.5820410235
2015-06-30,763738.8330260890
2015-07-01,763673.7929020973
2015-07-02,761638.0702433931
2015-07-03,758873.6384205087
2015-07-06,758942.6180549988
2015-07-07,758660.9689715635
2015-07-08,747105.7112816381
2015-07-09,750904.5264916285
2015-07-10,760584.4034962559
2015-07-13,768858.3591327320
2015-07-14,771137.4377512417
2015-07-15,768912.2865061864
2015-07-16,775538.9597713714
2015-07-17,781464.0517227993
2015-07-20,781958.0809323298
2015-07-21,781081.9971574778
2015-07-22,774159.8759316595
2015-07-23,773502.8446941487
2015-07-24,770250.9291217010
2015-07-27,764898.6298041955
2015-07-28,765915.7634992159
2015-07-29,767104.1953733654
2015-07-30,766953.5648438564
2015-07-31,766903.5858986482
2015-08-03,766449.9789436985
2015-08-04,766930.0606676759
2015-08-05,767324.2292843055
2015-08-06,765161.8059597485
2015-08-07,765328.7385615879
2015-08-10,767870.3508893310
2015-08-11,768805.5036953145
2015-08-12,770271.1420294890
2015-08-13,770540.2466227121
2015-08-14,770774.9006816669
2015-08-17,772099.2146392210
2015-08-18,769904.3101301307
2015-08-19,769343.0870869352
2015-08-20,764008.4513198495
2015-08-21,756389.5841319117
2015-08-24,748797.8974943088
2015-08-25,747922.5115317204
2015-08-26,756234.4369150093
2015-08-27,761266.4821729636
2015-08-28,761532.2748292231
2015-08-31,758916.3621467259
2015-09-01,752102.7753870487
2015-09-02,756765.5392136693
2015-09-03,755977.5591627568
2015-09-04,753608.2251459613
2015-09-07,753615.5035265775
2015-09-08,759747.0096123327
2015-09-09,757308.5591453521
2015-09-10,756695.5507410957
2015-09-11,756706.0604015227
2015-09-14,756716.5702079171
2015-09-15,756727.0801602812
2015-09-16,756737.5902586167
2015-09-17,756748.1005029259
2015-09-18,756758.6108932107
2015-09-21,756769.1214294732
2015-09-22,756779.6321117153
2015-09-23,756790.1429399390
2015-09-24,756800.6539141466
2015-09-25,756811.1650343399
2015-09-28,756821.6763005209
2015-09-29,756832.1877126917
2015-09-30,756842.6992708544
2015-10-01,756853.2109750109
2015-10-02,756863.7228251633
2015-10-05,756874.2348213136
2015-10-06,756884.7469634640
2015-10-07,756895.2592516162
2015-10-08,756905.7716857725
2015-10-09,756916.2842659347
2015-10-12,756926.7969921051
2015-10-13,756937.3098642855
2015-10-14,756947.8228824781
2015-10-15,756958.3360466849
2015-10-16,756968.8493569078
2015-10-19,752433.0660707175
2015-10-20,750430.5454594737
2015-10-21,747205.2673114168
2015-10-22,753906.1584856444
2015-10-23,760383.0017488836
2015-10-26,760466.6792311647
2015-10-27,759960.0926640948
2015-10-28,765637.4331375491
2015-10-29,762191.6686742455
2015-10-30,759151.7693079468
2015-11-02,764031.6713353822
2015-11-03,764646.3594864022
2015-11-04,764071.2067727807
2015-11-05,763697.3747853085
2015-11-06,764735.4427553082
2015-11-09,761834.2718805771
2015-11-10,760367.6790413540
2015-11-11,759695.3384004527
2015-11-12,753131.3531482549
2015-11-13,753141.8133059376
2015-11-16,753152.2736089001
2015-11-17,753162.7340571447
2015-11-18,753173.1946506733
2015-11-19,753183.6553894879
2015-11-20,753194.1162735905
2015-11-23,753204.5773029831
2015-11-24,753215.0384776680
2015-11-25,753225.4997976468
2015-11-26,753235.9612629217
2015-11-27,753246.4228734948
2015-11-30,753256.8846293681
2015-12-01,753267.3465305435
2015-12-02,753277.8085770231
2015-12-03,753288.2707688089
2015-12-04,753298.7331059029
2015-12-07,753309.1955883071
2015-12-08,753319.6582160236
2015-12-09,753330.1209890543
2015-12-10,753340.5839074014
2015-12-11,753351.0469710669
2015-12-14,753361.5101800526
2015-12-15,753371.9735343606
2015-12-16,753382.4370339931
2015-12-17,753392.9006789519
2015-12-18,753403.3644692391
2015-12-21,753413.8284048567
2015-12-22,753424.2924858067
2015-12-23,753434.7567120913
2015-12-24,753445.2210837123
2015-12-25,753455.6856006718
2015-12-28,753466.1502629718
2015-12-29,753476.6150706143
2015-12-30,753487.0800236013
2015-12-31,753497.5451219350
2016-01-04,753508.0103656172
2016-01-05,753518.4757546501
2016-01-06,753528.9412890356
2016-01-07,753539.4069687757
2016-01-08,753549.8727938725
2016-01-11,753560.3387643279
2016-01-12,753570.8048801441
2016-01-13,753581.2711413229
2016-01-14,753591.7375478665
2016-01-15,753602.2040997769
2016-01-18,753612.6707970561
2016-01-19,753623.1376397060
2016-01-20,753633.6046277288
2016-01-21,753644.0717611264
2016-01-22,753654.5390399009
2016-01-25,753665.0064640542
2016-01-26,753675.4740335884
2016-01-27,753685.9417485056
2016-01-28,753696.4096088076
2016-01-29,753706.8776144966
2016-02-01,753717.3457655746
2016-02-02,753727.8140620436
2016-02-03,753738.2825039056
2016-02-04,753748.7510911626
2016-02-05,753759.2198238166
2016-02-08,753769.6887018697
2016-02-09,749801.7178894277
2016-02-10,749598.3674061697
2016-02-11,757928.5256898515
2016-02-12,759275.8498088717
2016-02-15,759281.0540767688
2016-02-16,753942.0065211819
2016-02-17,759390.7752058086
2016-02-18,760162.4143728083
2016-02-19,761406.6441849266
2016-02-22,760624.8763116223
2016-02-23,760241.1577289186
2016-02-24,765027.3594104772
2016-02-25,766507.1720991640
2016-02-26,763967.1647143036
2016-02-29,765697.7487075089
2016-03-01,770767.8884509528
2016-03-02,773091.2424322047
2016-03-03,775650.5591621553
2016-03-04,776805.1757847923
2016-03-07,774597.4473840728
2016-03-08,770166.1012045338
2016-03-09,768923.0493962148
2016-03-10,771769.8827511619
2016-03-11,769560.1308862406
2016-03-14,766734.2977507205
2016-03-15,764525.1063090713
2016-03-16,764903.3403530656
2016-03-17,771024.4802516532
2016-03-18,767745.8341558537
2016-03-21,766009.2742109267
2016-03-22,767217.3933398481
2016-03-23,763208.4769267675
2016-03-24,763369.4621269477
2016-03-25,763377.0777368620
2016-03-28,763266.7736098687
2016-03-29,766197.3760437481
2016-03-30,763165.1667762303
2016-03-31,763842.8773276070
2016-04-01,761962.4378611959
2016-04-04,762172.5392250670
2016-04-05,763771.6539649909
2016-04-06,763093.1807298276
2016-04-07,764636.6447834044
2016-04-08,765704.4720310838
2016-04-11,767922.5086646911
2016-04-12,768643.8569794458
2016-04-13,767148.1237936112
2016-04-14,763658.8107288177
2016-04-15,764988.4344035697
2016-04-18,764894.1397650976
2016-04-19,767529.2308802949
2016-04-20,767993.6387479316
2016-04-21,767668.4903901985
2016-04-22,764232.9303180987
2016-04-25,766274.7113252542
2016-04-26,766841.9088037820
2016-04-27,768010.5180147900
2016-04-28,769971.2063403904
2016-04-29,771738.0727965190
2016-05-02,772806.3685232304
2016-05-03,772026.0208153287
2016-05-04,770296.3547763887
2016-05-05,770318.4125559758
2016-05-06,772380.7563609385
2016-05-09,770592.8312027499
2016-05-10,771795.1396177002
2016-05-11,771109.1795184173
2016-05-12,771324.7127644664
2016-05-13,770689.7173081568
2016-05-16,772070.6157773065
2016-05-17,771358.9043834393
2016-05-18,771516.9302126497
2016-05-19,769842.3259726289
2016-05-20,770333.5584026196
2016-05-23,770276.8325273239
2016-05-24,769906.1849697202
2016-05-25,770193.5369127153
2016-05-26,769895.7122293680
2016-05-27,769891.5711236730
2016-05-30,769899.4405651029
2016-05-31,770562.4573837850
2016-06-01,770325.9590258129
2016-06-02,770669.5576917029
2016-06-03,772963.7093420599
2016-06-06,773204.8573208327
2016-06-07,771244.8958656506
2016-06-08,773649.5850134062
2016-06-09,774071.4866644124
2016-06-10,771680.9806089061
2016-06-13,772566.6148093673
2016-06-14,772935.7325462461
2016-06-15,771637.6179381649
2016-06-16,774130.9862641793
2016-06-17,772340.8456856735
2016-06-20,772888.2327380868
2016-06-21,771276.4199860835
2016-06-22,770030.8942950586
2016-06-23,772838.4680969268
2016-06-24,772408.8027662472
2016-06-27,770412.9402867319
2016-06-28,774080.4078690442
2016-06-29,779216.4142074739
2016-06-30,782181.1984444875
2016-07-01,785840.7922656271
2016-07-04,788528.6063488536
2016-07-05,788437.2209528676
2016-07-06,792040.8879194770
2016-07-07,791346.3358378208
2016-07-08,796530.2645003599
2016-07-11,796481.8139131941
2016-07-12,795087.0767436615
2016-07-13,796164.8838067178
2016-07-14,796192.7084445278
2016-07-15,796161.5780764014
2016-07-18,797303.5384240986
2016-07-19,796607.8133686701
2016-07-20,794996.2500435141
2016-07-21,796094.9624572785
2016-07-22,796505.0927999360
2016-07-25,791738.4702006376
2016-07-26,792703.2452686543
2016-07-27,798570.0495689129
2016-07-28,795964.9755477188
2016-07-29,799559.7205096555
2016-08-01,802803.7292617469
2016-08-02,803316.7416460259
2016-08-03,802785.1777557128
2016-08-04,804245.0310260400
2016-08-05,799509.3496142094
2016-08-08,800054.0833672632
2016-08-09,801529.8678497351
2016-08-10,800882.5350586436
2016-08-11,799701.5345612140
2016-08-12,799099.1969677059
2016-08-15,800835.0439792254
2016-08-16,800749.5734134605
2016-08-17,802237.5987726968
2016-08-18,803246.7543273254
2016-08-19,801651.6416332873
2016-08-22,800795.6255786412
2016-08-23,800012.0719828863
2016-08-24,796351.7282700129
2016-08-25,795582.1298487048
2016-08-26,796458.0127917480
2016-08-29,798363.0702339718
2016-08-30,794493.6118896152
2016-08-31,793665.1527378131
2016-09-01,795142.2884521710
2016-09-02,799294.2457554589
2016-09-05,799824.4425134640
2016-09-06,806524.9437994217
2016-09-07,804417.9202236150
2016-09-08,802053.1542383432
2016-09-09,796103.5638746871
2016-09-12,798842.9399533955
2016-09-13,794792.1660221475
2016-09-14,795898.9367571245
2016-09-15,795385.9418186210
2016-09-16,793968.3466579851
2016-09-19,794314.3819787484
2016-09-20,795268.8195574412
2016-09-21,802235.4334498788
2016-09-22,803584.5929686460
2016-09-23,803027.7821181596
2016-09-26,801818.1825492659
2016-09-27,800071.8599319716
2016-09-28,799199.9888865503
2016-09-29,797143.9030584111
2016-09-30,797169.7076169767
2016-10-03,795574.8234859213
2016-10-04,783584.1159134251
2016-10-05,783925.4657203216
2016-10-06,780155.8829295456
2016-10-07,780446.9385063741
2016-10-10,784836.4196368272
2016-10-11,782436.6596913468
2016-10-12,782228.1034059094
2016-10-13,782951.1645118212
2016-10-14,775528.4989513400
2016-10-17,775878.1668101619
2016-10-18,780635.4750584121
2016-10-19,781654.1085746193
2016-10-20,780995.8364452746
2016-10-21,784507.2155442903
2016-10-24,789597.8920095493
2016-10-25,789103.7258252086
2016-10-26,784722.2228447965
2016-10-27,783058.8232422620
2016-10-28,781732.9027330143
2016-10-31,781473.5107960473
2016-11-01,779668.6430809926
2016-11-02,775916.8499069646
2016-11-03,773582.8379040000
2016-11-04,772186.7660511265
2016-11-07,780365.2390641628
2016-11-08,782906.8822258366
2016-11-09,787344.2692128852
2016-11-10,783345.8978882658
2016-11-11,781969.0349675328
2016-11-14,782992.0681892744
2016-11-15,789720.0378129948
2016-11-16,792714.7529988406
2016-11-17,787445.2470175844
2016-11-18,787456.1837571263
2016-11-21,787467.1206485674
2016-11-22,787478.0576919098
2016-11-23,787488.9948871556
2016-11-24,787499.9322343068
2016-11-25,787510.8697333656
2016-11-28,787521.8073843342
2016-11-29,787532.7451872145
2016-11-30,781844.4464070614
2016-12-01,776465.5595175365
2016-12-02,777273.2612262288
2016-12-05,780139.9754865915
2016-12-06,781332.6145301936
2016-12-07,786396.0257318621
2016-12-08,787976.0492599948
2016-12-09,791543.7764738146
2016-12-12,789092.4637076003
2016-12-13,792357.3967463860
2016-12-14,789576.7122502257
2016-12-15,792538.9034133151
2016-12-16,792862.1644069864
2016-12-19,794233.2523477282
2016-12-20,796192.0190776511
2016-12-21,794427.1528998476
2016-12-22,792619.6135825550
2016-12-23,793846.5143894481
2016-12-26,793941.3922691650
2016-12-27,796534.8174206975
2016-12-28,793243.2712367866
2016-12-29,793303.3333663726
2016-12-30,788337.9116318014
2017-01-02,788341.9578632014
2017-01-03,793597.1186048082
2017-01-04,795939.3519022288
2017-01-05,794211.0691416861
2017-01-06,797821.9297643570
2017-01-09,801090.9679219688
2017-01-10,802161.5511834587
2017-01-11,804348.3035231339
2017-01-12,799927.5775626345
2017-01-13,802839.2829866766
2017-01-16,803349.9242108290
2017-01-17,798133.7388588788
2017-01-18,796935.3739342676
2017-01-19,797978.3345703904
2017-01-20,800767.9149358212
2017-01-23,799362.6516210227
2017-01-24,802755.4322618808
2017-01-25,808425.6921297758
2017-01-26,807037.1131246352
2017-01-27,808693.0359428434
2017-01-30,803972.7377811397
2017-01-31,805579.5981845014
2017-02-01,808374.1404346272
2017-02-02,807823.4081886978
2017-02-03,810123.1390541136
2017-02-06,810859.7416344152
2017-02-07,813407.7825947083
2017-02-08,813875.4077879584
2017-02-09,814732.9062352428
2017-02-10,817927.9990811185
2017-02-13,819197.8208178373
2017-02-14,820049.0000544307
2017-02-15,824151.0203434071
2017-02-16,823038.6764448287
2017-02-17,825434.7956774798
2017-02-20,826021.9829099565
2017-02-21,829442.3336140068
2017-02-22,828645.6121205466
2017-02-23,827423.4472232983
2017-02-24,828544.5213975038
2017-02-27,829610.8104566074
2017-02-28,825988.0358521101
2017-03-01,833630.0284172081
2017-03-02,828966.7064311942
2017-03-03,830552.1144652634
2017-03-06,828116.9259266484
2017-03-07,826193.3879105684
2017-03-08,826408.5339528807
2017-03-09,825930.7296307387
2017-03-10,828422.5190161639
2017-03-13,829496.3723752692
2017-03-14,827554.5048067441
2017-03-15,833158.7306580641
2017-03-16,832588.5526923295
2017-03-17,833165.7590401301
2017-03-20,834039.1918668057
2017-03-21,825206.8774094911
2017-03-22,827174.2410475528
2017-03-23,826489.0333309197
2017-03-24,827297.5451708647
2017-03-27,828392.9026878687
2017-03-28,831442.4134926883
2017-03-29,834144.3484871536
2017-03-30,834121.9574610031
2017-03-31,832439.5916155879
2017-04-03,830704.7721315108
2017-04-04,831577.8142198846
2017-04-05,828608.7923732318
2017-04-06,830225.0061423172
2017-04-07,830281.0260323652
2017-04-10,831251.9190305301
2017-04-11,831424.6565900090
2017-04-12,827942.5118895463
2017-04-13,823956.9340355073
2017-04-14,823815.3807783697
2017-04-17,829432.1491166969
2017-04-18,828373.9291617072
2017-04-19,829363.6854815125
2017-04-20,835569.4468197755
2017-04-21,835318.7123843483
2017-04-24,842952.7609730560
2017-04-25,846532.7451940518
2017-04-26,847886.0886610379
2017-04-27,850623.8822580616
2017-04-28,850789.0434999620
2017-05-01,854715.6255412402
2017-05-02,855263.7370667490
2017-05-03,851499.4093596347
2017-05-04,850036.1898483101
2017-05-05,853760.7429669851
2017-05-08,853886.2343459370
2017-05-09,855811.4475892170
2017-05-10,856029.7713655009
2017-05-11,855038.9218115982
2017-05-12,855685.2901345307
2017-05-15,858450.6638388745
2017-05-16,860959.5826554253
2017-05-17,844233.1197110023
2017-05-18,848712.6917464139
2017-05-19,852667.1305486416
2017-05-22,858983.3605836271
2017-05-23,858885.6988595701
2017-05-24,862414.3177364639
2017-05-25,864513.8059777359
2017-05-26,864843.8161466270
2017-05-29,864824.2078309715
2017-05-30,863263.0349098545
2017-05-31,858503.0530306248
2017-06-01,863143.4512854402
2017-06-02,872598.9424050304
2017-06-05,869663.1180107235
2017-06-06,867407.4785853986
2017-06-07,869793.5406100731
2017-06-08,871821.1612505005
2017-06-09,857572.6513373434
2017-06-12,853886.0855325985
2017-06-13,859083.8326604710
2017-06-14,855278.5892171146
2017-06-15,852362.8651495280
2017-06-16,851725.8250981999
2017-06-19,861435.1895064849
2017-06-20,856606.8012922498
2017-06-21,862173.6995382040
2017-06-22,863755.2959340516
2017-06-23,868354.4403936907
2017-06-26,865538.3978730188
2017-06-27,850682.0650946442
2017-06-28,859211.9834833773
2017-06-29,846435.5060413468
2017-06-30,845327.0636623080
2017-07-03,841584.5436690010
2017-07-04,841867.3500858258
2017-07-05,847754.6188477933
2017-07-06,840452.2044680762
2017-07-07,846282.5284068864
2017-07-10,849709.2219842456
2017-07-11,851652.4282525569
2017-07-12,857975.1618347967
2017-07-13,858717.8770358785
2017-07-14,863981.8510386554
2017-07-17,863101.4726370049
2017-07-18,864883.4227464704
2017-07-19,870166.7986963977
2017-07-20,872961.8281904282
2017-07-21,873664.2821816875
2017-07-24,874013.9577537843
2017-07-25,873759.1271805951
2017-07-26,876372.1374092142
2017-07-27,869778.2553236346
2017-07-28,870237.0530150742
2017-07-31,865978.0863589236
2017-08-01,866711.7902845701
2017-08-02,867174.7326695481
2017-08-03,864258.4635349063
2017-08-04,864545.7296697845
2017-08-07,868065.1619013727
2017-08-08,864404.9756574041
2017-08-09,860642.9181367649
2017-08-10,843238.1345156712
2017-08-11,849288.5463032749
2017-08-14,859113.7365999483
2017-08-15,858751.9277381818
2017-08-16,862590.4394712292
2017-08-17,846965.4418932865
2017-08-18,845322.0645505631
2017-08-21,845473.2979083740
2017-08-22,853464.3025830714
2017-08-23,851483.4926461111
2017-08-24,850381.7826921523
2017-08-25,849567.3401026475
2017-08-28,849137.0021587684
2017-08-29,847959.5628806012
2017-08-30,854916.2083708568
2017-08-31,863740.9570844832
2017-09-01,859564.2637892034
2017-09-04,859952.7800936768
2017-09-05,852807.4356115382
2017-09-06,851408.4311056889
2017-09-07,848694.6200390039
2017-09-08,841004.8894401804
2017-09-11,855588.6148061136
2017-09-12,859375.3372501943
2017-09-13,858962.1960320171
2017-09-14,858979.8157472662
2017-09-15,852775.4632079513
2017-09-18,854629.1662878783
2017-09-19,855571.3005491277
2017-09-20,854231.6442293654
2017-09-21,852287.2744866532
2017-09-22,852935.7134037070
2017-09-25,852300.9857200717
2017-09-26,852309.0438425315
2017-09-27,856096.3731808244
2017-09-28,857854.4629030280
2017-09-29,859953.1139886512
2017-10-02,860395.1719727641
2017-10-03,860722.0450077574
2017-10-04,860556.6505534532
2017-10-05,864062.9075951931
2017-10-06,865219.1242481563
2017-10-09,865720.8557556163
2017-10-10,863523.2447022295
2017-10-11,866645.3812989667
2017-10-12,866429.3210231697
2017-10-13,868683.9819078173
2017-10-16,868590.5836157789
2017-10-17,869890.2578265902
2017-10-18,871858.5042123728
2017-10-19,869946.1087379010
2017-10-20,870375.4836844699
2017-10-23,869944.8124950989
2017-10-24,871278.2891245666
2017-10-25,871073.7590082651
2017-10-26,870199.5687293517
2017-10-27,882195.7187542540
2017-10-30,880808.3069904951
2017-10-31,880789.8480652205
2017-11-01,878188.6021381331
2017-11-02,878398.8286853048
2017-11-03,881380.1690967708
2017-11-06,886203.0716114114
2017-11-07,886798.9608094072
2017-11-08,887568.5446369670
2017-11-09,887973.0519299287
2017-11-10,889465.1604728455
2017-11-13,891041.2476845528
2017-11-14,888004.1462234862
2017-11-15,883137.0710127394
2017-11-16,890744.1757064125
2017-11-17,888864.0386609046
2017-11-20,887598.0919084447
2017-11-21,891112.8017752246
2017-11-22,891446.8361239524
2017-11-23,890854.2707549103
2017-11-24,891278.6946408595
2017-11-27,891182.6829887915
2017-11-28,892627.5213453362
2017-11-29,888023.7264833692
2017-11-30,890260.8990015497
2017-12-01,889430.9295313498
2017-12-04,886283.6461912061
2017-12-05,884483.1277065752
2017-12-06,884846.2673853838
2017-12-07,885192.9080108452
2017-12-08,886636.1813296902
2017-12-11,887460.1672241688
2017-12-12,884248.1117703838
2017-12-13,885467.9499819730
2017-12-14,883704.2637612615
2017-12-15,886525.4680074620
2017-12-18,889512.0565674882
2017-12-19,888019.9753850389
2017-12-20,886746.2455440382
2017-12-21,887735.1425267207
2017-12-22,887429.6420256090
2017-12-25,886978.5991887103
2017-12-26,886728.9804629050
2017-12-27,885833.1945175553
2017-12-28,885775.9233421048
2017-12-29,883021.5985528161
2018-01-01,883028.6039930495
2018-01-02,887219.8327785848
2018-01-03,889714.9297144158
2018-01-04,890719.6202705915
2018-01-05,892474.5656123746
2018-01-08,894029.1372680522
2018-01-09,895660.7681340594
2018-01-10,894464.5511119456
2018-01-11,896766.6124112821
2018-01-12,897498.7378095677
2018-01-15,897381.1768463436
2018-01-16,895386.7410427341
2018-01-17,897276.9484054362
2018-01-18,896550.7287733571
2018-01-19,897400.8950209970
2018-01-22,900629.1822644542
2018-01-23,903124.0820539799
2018-01-24,900831.8752704929
2018-01-25,897633.6630872963
2018-01-26,901355.1250376813
2018-01-29,898852.6086046974
2018-01-30,895266.7177923121
2018-01-31,894225.7525939129
2018-02-01,893875.0732643388
2018-02-02,887141.4492315572
2018-02-05,876585.4716742940
2018-02-06,879838.1894013959
2018-02-07,876047.4862579003
2018-02-08,868084.9651923529
2018-02-09,868952.2216566131
2018-02-12,875150.4441095745
2018-02-13,877788.7923998917
2018-02-14,883861.8244756893
2018-02-15,888106.8431683204
2018-02-16,887336.3375702838
2018-02-19,887367.6782186716
2018-02-20,885852.0101132838
2018-02-21,884730.1346353590
2018-02-22,886448.5737701216
2018-02-23,889979.6752802939
2018-02-26,892485.9336573998
2018-02-27,887932.1890804570
2018-02-28,885884.8487942972
2018-03-01,883695.6993973025
2018-03-02,885878.6784931095
2018-03-05,888524.3954867448
2018-03-06,890070.7869490245
2018-03-07,889806.2518448287
2018-03-08,892056.9201648651
2018-03-09,894893.6227557401
2018-03-12,895660.3209623867
2018-03-13,892287.5806711691
2018-03-14,891249.5624559852
2018-03-15,890737.5890805402
2018-03-16,891116.5332688572
2018-03-19,886091.9869671627
2018-03-20,886828.9642182800
2018-03-21,886289.8380318619
2018-03-22,879503.8683474804
2018-03-23,872126.5512537493
2018-03-26,879322.4559503216
2018-03-27,871092.2162583016
2018-03-28,868838.0785045354
2018-03-29,873210.6434040428
2018-03-30,873244.5353541761
2018-04-02,866044.1213985137
2018-04-03,868573.1191402661
2018-04-04,873478.7452585318
2018-04-05,874684.0358733370
2018-04-06,868529.1218008816
2018-04-09,870318.5897032938
2018-04-10,874836.6277196235
2018-04-11,873794.4305924447
2018-04-12,876395.5383416249
2018-04-13,875045.9557425764
2018-04-16,877099.9072428626
2018-04-17,881991.2056885508
2018-04-18,882523.7622067956
2018-04-19,879985.3850360897
2018-04-20,876999.1188598031
2018-04-23,876949.4625597028
2018-04-24,872146.6622059133
2018-04-25,872711.3887191282
2018-04-26,877209.4000235472
2018-04-27,877999.0883123868
2018-04-30,875770.5441943235
2018-05-01,878101.3966744854
2018-05-02,877926.8989513461
2018-05-03,877083.1338661490
2018-05-04,882409.1232597878
2018-05-07,884921.9804590543
2018-05-08,885072.2374240658
2018-05-09,887810.9406597691
2018-05-10,889714.7957316479
2018-05-11,888747.2303600467
2018-05-14,889237.2475744234
2018-05-15,887791.9933302964
2018-05-16,890235.7605160290
2018-05-17,889222.5328163549
2018-05-18,888694.7075835360
2018-05-21,890632.7348467510
2018-05-22,889134.6842562440
2018-05-23,892044.7915140346
2018-05-24,891920.3311912406
2018-05-25,892624.6068441251
2018-05-28,892594.9075817445
2018-05-29,892434.9715665991
2018-05-30,895203.8046124689
2018-05-31,893809.4975562968
2018-06-01,898703.1930540276
2018-06-04,900080.0140294498
2018-06-05,901419.8024800232
2018-06-06,902921.3891944268
2018-06-07,900720.4159773039
2018-06-08,902017.4049561196
2018-06-11,902426.9635797687
2018-06-12,904039.4448102349
2018-06-13,903573.3756018857
2018-06-14,905952.5973537659
2018-06-15,906384.4436711185
2018-06-18,907249.6297299422
2018-06-19,908531.9784267737
2018-06-20,910219.5838853391
2018-06-21,908705.7714124625
2018-06-22,907971.7154020683
2018-06-25,903335.9616615092
2018-06-26,906415.2357806384
2018-06-27,902725.6952250984
2018-06-28,906294.3019197071
2018-06-29,906415.1913693880
2018-07-02,910894.8504441158
2018-07-03,907246.8139713876
2018-07-04,907291.4323870656
2018-07-05,910360.5208124425
2018-07-06,915183.6175474855
2018-07-09,916290.9786458256
2018-07-10,917684.8190459895
2018-07-11,917667.4511896661
2018-07-12,921897.7697301729
2018-07-13,923343.0578743006
2018-07-16,921448.8191518917
2018-07-17,923868.6635461785
2018-07-18,925392.3146544991
2018-07-19,927066.5063123937
2018-07-20,927438.5709057986
2018-07-23,928256.7003240101
2018-07-24,928699.4849814198
2018-07-25,930906.3881132002
2018-07-26,928465.2696676038
2018-07-27,926235.0362268351
2018-07-30,918471.6181959750
2018-07-31,922754.8490192331
2018-08-01,918866.5226232046
2018-08-02,930909.3593100823
2018-08-03,931493.9816757012
2018-08-06,937008.6907056170
2018-08-07,936381.9970791882
2018-08-08,938307.1844974984
2018-08-09,936060.4808099943
2018-08-10,934619.2538310729
2018-08-13,935771.4516004716
2018-08-14,939845.8566456488
2018-08-15,934581.2438093087
2018-08-16,935395.6417718366
2018-08-17,936263.5526972854
2018-08-20,934689.3946374391
2018-08-21,936452.6231639476
2018-08-22,937833.0064157723
2018-08-23,940408.4262262059
2018-08-24,943386.5653801180
2018-08-27,948044.9720779567
2018-08-28,945402.1703826541
2018-08-29,955710.1312125463
2018-08-30,953578.1624483037
2018-08-31,955531.3841578759
2018-09-03,955429.2081021207
2018-09-04,953634.2543481557
2018-09-05,945788.2557287546
2018-09-06,940053.1567536888
2018-09-07,939525.2250840602
2018-09-10,943698.6352999912
2018-09-11,948806.5300359967
2018-09-12,948026.7729110008
2018-09-13,950033.6964878839
2018-09-14,950516.3571419389
2018-09-17,943241.9612750495
2018-09-18,948297.2660838601
2018-09-19,947172.7313607309
2018-09-20,953175.7748007175
2018-09-21,949859.0311077347
2018-09-24,950838.8349824313
2018-09-25,953751.8829442688
2018-09-26,951568.9623001118
2018-09-27,955640.0430741857
2018-09-28,956518.6100689666
2018-10-01,954915.7613127847
2018-10-02,953260.3451560535
2018-10-03,954732.5861876296
2018-10-04,943197.5191461925
2018-10-05,936004.9834730473
2018-10-08,937168.2566582637
2018-10-09,937027.0695861911
2018-10-10,911574.9153951791
2018-10-11,903434.1880692885
2018-10-12,913388.7459302295
2018-10-15,911814.2900950022
2018-10-16,918854.8767060632
2018-10-17,919414.4574355776
2018-10-18,914693.4276515555
2018-10-19,913124.6260874614
2018-10-22,914031.3522028853
2018-10-23,913113.8237976388
2018-10-24,902195.6622248627
2018-10-25,909466.4194725732
2018-10-26,904146.3010893784
2018-10-29,900551.2500007988
2018-10-30,904395.7958672391
2018-10-31,909263.2055041387
2018-11-01,913090.0811134211
2018-11-02,908264.0491915622
2018-11-05,909133.0727154227
2018-11-06,909862.3649311751
2018-11-07,914164.8408806898
2018-11-08,913781.9909741986
2018-11-09,910529.2014106871
2018-11-12,906168.5607204142
2018-11-13,906166.0253437590
2018-11-14,906188.1498526670
2018-11-15,908011.8665491934
2018-11-16,909263.3960315348
2018-11-19,906177.4004433310
2018-11-20,903827.5899794998
2018-11-21,904915.6232429428
2018-11-22,905239.3340142430
2018-11-23,904639.5194647338
2018-11-26,906499.9752322984
2018-11-27,905780.6601068219
2018-11-28,910369.3830854488
2018-11-29,910042.1794273451
2018-11-30,912099.3695010229
2018-12-03,912066.5747385795
2018-12-04,906433.4554635491
2018-12-05,906811.8772853161
2018-12-06,909015.0300788068
2018-12-07,906685.2733047674
2018-12-10,908394.0251319392
2018-12-11,907814.5708514511
2018-12-12,908480.2472979247
2018-12-13,907356.9408805964
2018-12-14,905199.5161809145
2018-12-17,903394.9631846319
2018-12-18,904327.5115537988
2018-12-19,900904.7116992405
2018-12-20,901279.0318481605
2018-12-21,898374.1554961563
2018-12-24,897755.6462710688
2018-12-25,897430.9978294137
2018-12-26,902900.4427553231
2018-12-27,903518.6508126147
2018-12-28,904921.3903074042
2018-12-31,905971.2297985000
2019-01-01,905978.7143787215
2019-01-02,905957.6161463413
2019-01-03,904684.6803419210
2019-01-04,907416.2998212926
2019-01-07,908656.3356186878
2019-01-08,909322.9344520918
2019-01-09,910099.4549615107
2019-01-10,907861.9943764250
2019-01-11,906660.1439241616
2019-01-14,906538.1626395714
2019-01-15,907734.8565888868
2019-01-16,908449.3735475780
2019-01-17,909694.3318625476
2019-01-18,909541.5808269705
2019-01-21,909876.5208097906
2019-01-22,909240.4828397979
2019-01-23,908131.3575801104
2019-01-24,908588.4218772694
2019-01-25,911663.8434991192
2019-01-28,910055.2000932165
2019-01-29,909936.4418534369
2019-01-30,912864.3177358534
2019-01-31,914609.0524353355
2019-02-01,914072.7610511262
2019-02-04,915256.2706246184
2019-02-05,916937.4209173467
2019-02-06,914702.1399787888
2019-02-07,913224.3669124823
2019-02-08,914393.3906121161
2019-02-11,916415.7876029781
2019-02-12,918408.8842370508
2019-02-13,916858.7110463763
2019-02-14,919102.4024880738
2019-02-15,922214.6103046850
2019-02-18,922939.7379789725
2019-02-19,925878.2631779702
2019-02-20,922551.3389925279
2019-02-21,918573.5970392615
2019-02-22,920952.3155334292
2019-02-25,919479.2908458845
2019-02-26,920293.5870242072
2019-02-27,917514.3067988628
2019-02-28,915882.0256731723
2019-03-01,914365.7727425605
2019-03-04,912425.2166540395
2019-03-05,912603.3157294274
2019-03-06,910890.7442184858
2019-03-07,908718.9152544702
2019-03-08,911643.9067575161
2019-03-11,914520.0256542168
2019-03-12,915942.1638956247
2019-03-13,918793.4784475155
2019-03-14,916845.0288218455
2019-03-15,918874.3304045041
2019-03-18,919738.8936170302
2019-03-19,920480.5152129264
2019-03-20,920628.7037046604
2019-03-21,922746.0441456700
2019-03-22,920168.9285992074
2019-03-25,921369.7200522488
2019-03-26,921758.2378833924
2019-03-27,919923.1909398283
2019-03-28,917522.7684131296
2019-03-29,918699.2681035325
2019-04-01,920235.3739280946
2019-04-02,922349.9142138521
2019-04-03,922155.4434260335
2019-04-04,923017.2785213210
2019-04-05,923751.1741937096
2019-04-08,925704.2579629156
2019-04-09,925542.0705617805
2019-04-10,927999.1469477884
2019-04-11,924411.0413728205
2019-04-12,923970.8248190375
2019-04-15,923367.1153251242
2019-04-16,921821.0385397606
2019-04-17,919442.8768046948
2019-04-18,921221.4841316331
2019-04-19,921037.4003290763
2019-04-22,921616.1583114022
2019-04-23,924587.6231308852
2019-04-24,924678.4404044061
2019-04-25,927040.0640679586
2019-04-26,926383.6457447130
2019-04-29,925808.3122382660
2019-04-30,925711.3904523209
2019-05-01,924231.7102139596
2019-05-02,923278.3308345983
2019-05-03,925776.5425478925
2019-05-06,926729.4354226924
2019-05-07,925543.6290862266
2019-05-08,925130.4295204609
2019-05-09,926805.9086608891
2019-05-10,927101.1844560605
2019-05-13,927770.1908962710
2019-05-14,928372.3262314086
2019-05-15,929311.2235577015
2019-05-16,929173.6930591960
2019-05-17,928353.2654735988
2019-05-20,927001.1014842584
2019-05-21,927271.4380013919
2019-05-22,926720.1704039688
2019-05-23,926837.6085474787
2019-05-24,926622.9933992643
2019-05-27,926624.8371134028
2019-05-28,925849.2258445215
2019-05-29,925236.6071691386
2019-05-30,926291.5070816397
2019-05-31,927763.4679289680
2019-06-03,928969.3493522885
2019-06-04,931344.7033140719
2019-06-05,932561.6139044012
2019-06-06,934375.7199316006
2019-06-07,936009.6797649156
2019-06-10,936334.3549816587
2019-06-11,935167.2426346421
2019-06-12,936273.0931210401
2019-06-13,935186.7032449449
2019-06-14,934809.3797700935
2019-06-17,934665.2384238150
2019-06-18,936730.4037006039
2019-06-19,941155.2477048512
2019-06-20,946463.6757352158
2019-06-21,950939.3316604591
2019-06-24,957310.4025752000
2019-06-25,957301.0083922941
2019-06-26,953106.9160326655
2019-06-27,953693.1107100684
2019-06-28,953347.2757876273
2019-07-01,945313.9132216105
2019-07-02,957693.6840182298
2019-07-03,959078.4377211398
2019-07-04,957453.3418382588
2019-07-05,953517.7608417731
2019-07-08,951073.7721716615
2019-07-09,952602.2205360333
2019-07-10,958795.9720655307
2019-07-11,953639.4516491941
2019-07-12,958751.4223577254
2019-07-15,958089.5769576888
2019-07-16,955161.9622259827
2019-07-17,960715.9688350587
2019-07-18,967269.0639051663
2019-07-19,959820.4202659546
2019-07-22,960500.8741132116
2019-07-23,958948.7537497075
2019-07-24,961958.0402951685
2019-07-25,957110.9273477634
2019-07-26,960346.4490838514
2019-07-29,963423.7540915159
2019-07-30,967361.8715789036
2019-07-31,960471.0099514525
2019-08-01,970111.7308424334
2019-08-02,970438.2810125190
2019-08-05,981920.1915609102
2019-08-06,984729.0627407399
2019-08-07,996715.5946710338
2019-08-08,998457.1342108273
2019-08-09,997123.9361705871
2019-08-12,999601.0729863378
2019-08-13,998306.1061073706
2019-08-14,996436.3073350491
2019-08-15,999452.9150193308
2019-08-16,999219.1644312530
2019-08-19,996224.6477481019
2019-08-20,999647.3546788692
2019-08-21,999687.6452549223
2019-08-22,999720.4377423845
2019-08-23,1005317.8747110988
2019-08-26,1012031.4320495427
2019-08-27,1017477.2896039411
2019-08-28,1017051.8776694486
2019-08-29,1013534.1061359079
2019-08-30,1012021.6920765224
2019-09-02,1015950.1042947455
2019-09-03,1021193.0746697185
2019-09-04,1021909.2561929458
2019-09-05,1013467.3665806127
2019-09-06,1006614.0053653715
2019-09-09,1004567.0405499031
2019-09-10,999290.6073385774
2019-09-11,1004805.1599022713
2019-09-12,1002758.1800396495
2019-09-13,998876.0988966469
2019-09-16,1000551.6452479251
2019-09-17,1004348.6015882890
2019-09-18,1001246.7334101493
2019-09-19,1003752.8061780999
2019-09-20,1007686.7441718134
2019-09-23,1011903.0653747971
2019-09-24,1012504.2417364626
2019-09-25,1006398.3638469060
2019-09-26,1005996.5639178532
2019-09-27,1001285.4863160521
2019-09-30,996377.8671777316
2019-10-01,997001.7087807297
2019-10-02,1001204.0169884551
2019-10-03,1004669.1045236262
2019-10-04,1006148.0297901981
2019-10-07,1002018.1334738922
2019-10-08,1003184.8949568074
2019-10-09,1003435.7134206614
2019-10-10,999270.6234110328
2019-10-11,996577.5042922446
2019-10-14,995591.6275663459
2019-10-15,994579.7718455815
2019-10-16,998242.7240395122
2019-10-17,997727.2563097219
2019-10-18,996477.8212486496
2019-10-21,995348.9555527009
2019-10-22,995594.2933888892
2019-10-23,996385.0275034684
2019-10-24,1001187.1868190898
2019-10-25,1001924.2939768239
2019-10-28,999553.1258728323
2019-10-29,997142.8207413654
2019-10-30,999286.0435525891
2019-10-31,1002953.0138812598
2019-11-01,1004910.6761210825
2019-11-04,1003485.5954898046
2019-11-05,993032.9271280898
2019-11-06,994229.3515936719
2019-11-07,985874.5672067322
2019-11-08,984997.3547484621
2019-11-11,985183.4368648857
2019-11-12,985432.1884684497
2019-11-13,988939.8927286319
2019-11-14,991216.3485475619
2019-11-15,990312.4452754240
2019-11-18,992769.8826437116
2019-11-19,993517.7938064879
2019-11-20,993184.8206924775
2019-11-21,990019.2086030636
2019-11-22,990282.6554961163
2019-11-25,989884.9600636463
2019-11-26,991954.1830330678
2019-11-27,992216.5887905289
2019-11-28,992999.5573172234
2019-11-29,994653.9975101473
2019-12-02,993171.0234119839
2019-12-03,998720.4928425250
2019-12-04,997730.9531768084
2019-12-05,997613.1446077490
2019-12-06,993127.8803347475
2019-12-09,993458.4254740574
2019-12-10,993859.7320079966
2019-12-11,998016.9573981846
2019-12-12,995397.6208897433
2019-12-13,994507.6189562026
2019-12-16,997384.1503570888
2019-12-17,997641.2801282189
2019-12-18,997813.5359018926
2019-12-19,1000523.0357230115
2019-12-20,1000631.3808357024
2019-12-23,1003850.5532505729
2019-12-24,1007971.8324470073
2019-12-25,1007977.1065784297
2019-12-26,1012099.4620514251
2019-12-27,1011408.2994598100
2019-12-30,1010379.6579922604
2019-12-31,1009256.3251263332
2020-01-02,1014869.4346958292
2020-01-03,1021199.5162639930
2020-01-06,1025874.4320732933
2020-01-07,1025815.1576266199
2020-01-08,1020868.1051105908
2020-01-09,1019463.2999109477
2020-01-10,1021113.2542228958
2020-01-13,1015599.5349219254
2020-01-14,1014065.0822335384
2020-01-15,1017578.7831514715
2020-01-16,1016742.0796656711
2020-01-17,1016760.4322427351
2020-01-20,1018286.5563655272
2020-01-21,1020589.0600654215
2020-01-22,1020945.7476219875
2020-01-23,1025205.3528484801
2020-01-24,1024694.1823356597
2020-01-27,1025755.4308134126
2020-01-28,1022750.6105380808
2020-01-29,1025984.8329095140
2020-01-30,1026949.0027501674
2020-01-31,1029646.3573232321
2020-02-03,1036017.4936848728
2020-02-04,1028931.4439097268
2020-02-05,1028248.0120545911
2020-02-06,1032144.1748984323
2020-02-07,1035238.2112503378
2020-02-10,1035659.2701491805
2020-02-11,1033042.7214102997
2020-02-12,1033822.5616314053
2020-02-13,1037269.3353095641
2020-02-14,1040701.9481427734
2020-02-17,1039537.9234080212
2020-02-18,1047124.6639231554
2020-02-19,1051264.4674922698
2020-02-20,1055194.8327167467
2020-02-21,1060862.9041691786
2020-02-24,1061585.0487403269
2020-02-25,1049403.2876976973
2020-02-26,1052052.8795687286
2020-02-27,1046588.7413505969
2020-02-28,1026830.9522714070
2020-03-02,1030225.4123999993
2020-03-03,1043126.1100987897
2020-03-04,1042387.8155670485
2020-03-05,1050879.1878256004
2020-03-06,1048790.2926941551
2020-03-09,1044557.5833822968
2020-03-10,1040702.0585358673
2020-03-11,1031617.4258298676
2020-03-12,1009913.0898765982
2020-03-13,1001856.6402361910
2020-03-16,984743.0828331215
2020-03-17,995253.0002382176
2020-03-18,981065.2857650635
2020-03-19,983559.7019624123
2020-03-20,987957.2996725191
2020-03-23,1005627.6240666455
2020-03-24,1044230.4838904790
2020-03-25,1039794.1662452895
2020-03-26,1040583.2889024471
2020-03-27,1042842.2767542533
2020-03-30,1041024.2465955797
2020-03-31,1031375.8175972351
2020-04-01,1029919.7695845469
2020-04-02,1035856.0114119095
2020-04-03,1036741.4531091908
2020-04-06,1052399.5627967934
2020-04-07,1045486.7111071679
2020-04-08,1045714.9386847976
2020-04-09,1060333.4830049446
2020-04-10,1060338.9877746301
2020-04-13,1067264.2153353435
2020-04-14,1078151.8221932088
2020-04-15,1070119.3703450309
2020-04-16,1073629.1152862529
2020-04-17,1067784.7052115507
2020-04-20,1069156.3502763524
2020-04-21,1059059.4529031063
2020-04-22,1072563.4960723075
2020-04-23,1074929.7503721346
2020-04-24,1077099.1616749836
2020-04-27,1074326.4909763709
2020-04-28,1071361.1248548534
2020-04-29,1078238.9258403145
2020-04-30,1067890.0319462584
2020-05-01,1066469.4344149414
2020-05-04,1068940.0012255255
2020-05-05,1071709.4110549435
2020-05-06,1069242.1089079662
2020-05-07,1079717.7990752263
2020-05-08,1076421.4879764025
2020-05-11,1078523.4339879618
2020-05-12,1075078.4627860833
2020-05-13,1077195.8677418896
2020-05-14,1082756.4028411098
2020-05-15,1088071.1497879196
2020-05-18,1088379.7280088852
2020-05-19,1089922.6413703649
2020-05-20,1094644.4852689046
2020-05-21,1087707.6612592856
2020-05-22,1091854.7826005712
2020-05-25,1090767.6045251333
2020-05-26,1085066.1410888259
2020-05-27,1093627.2195414151
2020-05-28,1093364.4638771748
2020-05-29,1097449.7201906210
2020-06-01,1099934.0456870289
2020-06-02,1094896.7400817312
2020-06-03,1089860.7346028630
2020-06-04,1092674.6259374458
2020-06-05,1086752.0845711106
2020-06-08,1091662.3457221640
2020-06-09,1096251.3638903245
2020-06-10,1102429.1129433680
2020-06-11,1089673.0578913398
2020-06-12,1093555.9608593048
2020-06-15,1095761.2198020320
2020-06-16,1099025.1491578482
2020-06-17,1099620.1615901717
2020-06-18,1099182.8723609324
2020-06-19,1104035.3027972598
2020-06-22,1105167.5008304957
2020-06-23,1108033.7714153903
2020-06-24,1104761.9969791251
2020-06-25,1106222.7480549875
2020-06-26,1104709.7115529582
2020-06-29,1106163.3210482101
2020-06-30,1109504.0634806943
2020-07-01,1108199.4297889455
2020-07-02,1109698.5366579622
2020-07-03,1109754.6632518116
2020-07-06,1110797.9927255232
2020-07-07,1111462.3358337409
2020-07-08,1114020.1349580274
2020-07-09,1112509.7083148372
2020-07-10,1112949.8463501416
2020-07-13,1110739.3617263953
2020-07-14,1113436.0925165100
2020-07-15,1113127.0582313021
2020-07-16,1110359.3021488572
2020-07-17,1112773.4380307316
2020-07-20,1116149.4042684240
2020-07-21,1114207.8223371715
2020-07-22,1120645.0633567115
2020-07-23,1118387.8934882635
2020-07-24,1105664.8685852080
2020-07-27,1114048.5249626483
2020-07-28,1116086.1812554614
2020-07-29,1127618.4263310262
2020-07-30,1128452.5277036126
2020-07-31,1134556.3748425622
2020-08-03,1142779.7257884960
2020-08-04,1149137.7608445857
2020-08-05,1149661.8625899234
2020-08-06,1154541.2026841347
2020-08-07,1146225.8974321894
2020-08-10,1145525.7487523498
2020-08-11,1123246.7542722593
2020-08-12,1125363.7487673941
2020-08-13,1130100.0990314202
2020-08-14,1133314.5473816523
2020-08-17,1146857.0659458227
2020-08-18,1149329.4029493579
2020-08-19,1133360.1950464307
2020-08-20,1134146.2664082656
2020-08-21,1136871.9641696978
2020-08-24,1138722.3674121529
2020-08-25,1140298.0488562423
2020-08-26,1142167.2918403698
2020-08-27,1139920.8297885456
2020-08-28,1151337.2562570937
2020-08-31,1149965.2316900778
2020-09-01,1153431.9405304692
2020-09-02,1152740.1138938167
2020-09-03,1139740.6072130015
2020-09-04,1134298.1124827983
2020-09-07,1126443.7881042501
2020-09-08,1121054.4145796215
2020-09-09,1120664.2357507846
2020-09-10,1116382.5857142108
2020-09-11,1117348.9729348365
2020-09-14,1117761.5250670970
2020-09-15,1117089.5524966891
2020-09-16,1112096.8741592315
2020-09-17,1106330.2371559262
2020-09-18,1103419.7334555178
2020-09-21,1097077.9002245627
2020-09-22,1099241.4437428070
2020-09-23,1085038.1386673725
2020-09-24,1089381.0979818059
2020-09-25,1096470.4304292067
2020-09-28,1105521.1361390699
2020-09-29,1106385.1707729271
2020-09-30,1106928.2999131414
2020-10-01,1112489.1863082421
2020-10-02,1104673.9010160998
2020-10-05,1116786.9769278972
2020-10-06,1104274.2762594658
2020-10-07,1113481.7483899603
2020-10-08,1117475.1946683226
2020-10-09,1118525.8169981940
2020-10-12,1132826.5039631673
2020-10-13,1126324.3916270533
2020-10-14,1122668.5084753372
2020-10-15,1122608.3435181137
2020-10-16,1117215.3436910156
2020-10-19,1108351.1477558559
2020-10-20,1110510.8621287593
2020-10-21,1108954.5431244071
2020-10-22,1110865.9867705740
2020-10-23,1111403.7218316642
2020-10-26,1106562.4000738068
2020-10-27,1107126.6053938216
2020-10-28,1088992.9309015516
2020-10-29,1092775.7080419408
2020-10-30,1083080.1121851450
2020-11-02,1089894.3499845047
2020-11-03,1098996.4778184318
2020-11-04,1108847.1723415437
2020-11-05,1112394.1141747474
2020-11-06,1112409.5640929998
2020-11-09,1112425.0142258345
2020-11-10,1112440.4645732543
2020-11-11,1112455.9151352623
2020-11-12,1112471.3659118614
2020-11-13,1112486.8169030547
2020-11-16,1112502.2681088450
2020-11-17,1112517.7195292355
2020-11-18,1112533.1711642290
2020-11-19,1112548.6230138286
2020-11-20,1100887.9903320908
2020-11-23,1097400.7967944751
2020-11-24,1102992.3655808687
2020-11-25,1102380.1264106771
2020-11-26,1103916.9272371519
2020-11-27,1103079.9936769756
2020-11-30,1099047.7536462808
2020-12-01,1115103.6574216022
2020-12-02,1117642.4348868479
2020-12-03,1117549.5225209903
2020-12-04,1120076.9420356664
2020-12-07,1119788.5412923333
2020-12-08,1121131.7606532366
2020-12-09,1113709.9023619485
2020-12-10,1113987.9084032383
2020-12-11,1113036.8777623088
2020-12-14,1112246.0467203746
2020-12-15,1119174.9942210503
2020-12-16,1120424.5022563548
2020-12-17,1125821.5410374142
2020-12-18,1124594.0063339667
2020-12-21,1125105.0920502141
2020-12-22,1121423.7204858309
2020-12-23,1122828.9571653246
2020-12-24,1123659.1329202149
2020-12-25,1124442.1291182879
2020-12-28,1128285.0241993472
2020-12-29,1126661.9383702616
2020-12-30,1129207.4764588987
2020-12-31,1133930.7319254088
2021-01-04,1126993.1502363042
2021-01-05,1132149.8570063631
2021-01-06,1131036.5257854080
2021-01-07,1140285.6039577532
2021-01-08,1137329.1024783868
2021-01-11,1133748.8210528297
2021-01-12,1136469.6623397591
2021-01-13,1137131.6147813553
2021-01-14,1127488.9403043636
2021-01-15,1127504.5998729789
2021-01-18,1127520.2596590882
2021-01-19,1127535.9196626947
2021-01-20,1127551.5798838011
2021-01-21,1127567.2403224106
2021-01-22,1127582.9009785261
2021-01-25,1127598.5618521508
2021-01-26,1127614.2229432876
2021-01-27,1127629.8842519396
2021-01-28,1127645.5457781097
2021-01-29,1127661.2075218011
2021-02-01,1127676.8694830167
2021-02-02,1127692.5316617596
2021-02-03,1127708.1940580327
2021-02-04,1127723.8566718390
2021-02-05,1127739.5195031818
2021-02-08,1127755.1825520638
2021-02-09,1127770.8458184882
2021-02-10,1127786.5093024578
2021-02-11,1127802.1730039760
2021-02-12,1127817.8369230456
2021-02-15,1127833.5010596695
2021-02-16,1127849.1654138509
2021-02-17,1127864.8299855927
2021-02-18,1127880.4947748980
2021-02-19,1127896.1597817698
2021-02-22,1127911.8250062112
2021-02-23,1127927.4904482251
2021-02-24,1127943.1561078145
2021-02-25,1127958.8219849826
2021-02-26,1127974.4880797323
2021-03-01,1127990.1543920666
2021-03-02,1128005.8209219887
2021-03-03,1124074.8471017564
2021-03-04,1118293.0496676324
2021-03-05,1123669.7541982043
2021-03-08,1118958.5323321582
2021-03-09,1128765.2230631446
2021-03-10,1129613.3674219311
2021-03-11,1133692.4887249055
2021-03-12,1133963.5625796670
2021-03-15,1136461.0524637324
2021-03-16,1136648.5223189751
2021-03-17,1138798.5684599967
2021-03-18,1131146.5529355586
2021-03-19,1133723.8363053557
2021-03-22,1135880.6704203151
2021-03-23,1132623.0785965975
2021-03-24,1129390.7243542024
2021-03-25,1130372.3701353329
2021-03-26,1133770.3328505505
2021-03-29,1132445.0237833052
2021-03-30,1130362.1070672928
2021-03-31,1134426.5021758969
2021-04-01,1141384.7715348168
2021-04-02,1141395.2185122496
2021-04-05,1145489.9488701352
2021-04-06,1145208.9506925405
2021-04-07,1144356.3958582045
2021-04-08,1148595.7000522364
2021-04-09,1149366.1512245878
2021-04-12,1147110.1628450409
2021-04-13,1150754.9186916398
2021-04-14,1145341.5267336578
2021-04-15,1148677.8810620529
2021-04-16,1148884.7026144417
2021-04-19,1145967.7041494229
2021-04-20,1143429.1158001963
2021-04-21,1146428.9502030811
2021-04-22,1143722.5364546319
2021-04-23,1147132.0113957678
2021-04-26,1148959.4752361460
2021-04-27,1148032.8870252664
2021-04-28,1147487.2162355396
2021-04-29,1147412.4921235659
2021-04-30,1145235.4180945135
2021-05-03,1144776.9661333323
2021-05-04,1141239.3381094080
2021-05-05,1139319.7842374409
2021-05-06,1140827.2546055145
2021-05-07,1142276.7337873839
2021-05-10,1135011.4494014732
2021-05-11,1135078.6374837640
2021-05-12,1129349.0229657486
2021-05-13,1131704.1512300121
2021-05-14,1136423.4461589011
2021-05-17,1136092.8616245915
2021-05-18,1133994.0466688229
2021-05-19,1134391.7635366970
2021-05-20,1138569.3633276867
2021-05-21,1137359.7230847122
2021-05-24,1140382.1226285570
2021-05-25,1138177.6947048923
2021-05-26,1138726.0773757882
2021-05-27,1138157.3183778143
2021-05-28,1138403.8913386082
2021-05-31,1138509.3396674702
2021-06-01,1138576.8994366080
2021-06-02,1139404.5432663267
2021-06-03,1136257.0204182542
2021-06-04,1142088.4935771087
2021-06-07,1142552.5924807903
2021-06-08,1143185.9166140915
2021-06-09,1141857.8969113280
2021-06-10,1144953.1969170936
2021-06-11,1145483.6974013536
2021-06-14,1147424.5324418126
2021-06-15,1145531.6108771046
2021-06-16,1142849.2813324286
2021-06-17,1146427.8505430918
2021-06-18,1142266.7809990391
2021-06-21,1148221.0857536336
2021-06-22,1151105.7841291558
2021-06-23,1151252.6505109938
2021-06-24,1153053.0824905981
2021-06-25,1152736.3332358007
2021-06-28,1155465.4361986690
2021-06-29,1155726.4017573278
2021-06-30,1155497.5413818278
2021-07-01,1157299.6995961049
2021-07-02,1161282.3457729619
2021-07-05,1161347.5777424467
2021-07-06,1160973.6351721126
2021-07-07,1161520.1976205381
2021-07-08,1160233.5916859573
2021-07-09,1163578.8816880912
2021-07-12,1164303.3682199619
2021-07-13,1162375.6291945232
2021-07-14,1161967.3378462926
2021-07-15,1160132.8640954634
2021-07-16,1157423.5720092645
2021-07-19,1153802.5505736594
2021-07-20,1158974.3559826356
2021-07-21,1161585.7606109655
2021-07-22,1162507.0720813447
2021-07-23,1166996.9251002404
2021-07-26,1167669.2689914904
2021-07-27,1165449.4982063745
2021-07-28,1166840.3379844241
2021-07-29,1165859.3144992325
2021-07-30,1163168.8290929203
2021-08-02,1163052.8684443044
2021-08-03,1165597.2450537882
2021-08-04,1165095.0160436465
2021-08-05,1167533.9490122963
2021-08-06,1166382.3212548378
2021-08-09,1166371.5910955549
2021-08-10,1165511.5005814962
2021-08-11,1166323.4763392957
2021-08-12,1167130.2550083185
2021-08-13,1168359.9156542337
2021-08-16,1168264.6819486669
2021-08-17,1161958.5205798189
2021-08-18,1152253.0306473363
2021-08-19,1154611.2394703887
2021-08-20,1166538.9750193681
2021-08-23,1177578.6024076843
2021-08-24,1180076.1919409505
2021-08-25,1181816.2052423086
2021-08-26,1176323.8809621013
2021-08-27,1187217.4142357614
2021-08-30,1193000.5201389599
2021-08-31,1190972.7323496670
2021-09-01,1194079.4480257144
2021-09-02,1194555.0573850647
2021-09-03,1194614.5196095153
2021-09-06,1194539.3166053521
2021-09-07,1195720.1942217194
2021-09-08,1190302.0054634926
2021-09-09,1186410.2652116125
2021-09-10,1175103.2682242894
2021-09-13,1178701.3151416832
2021-09-14,1172385.5838931096
2021-09-15,1178309.1383367169
2021-09-16,1180190.7383814226
2021-09-17,1172129.7651436478
2021-09-20,1153777.4244609370
2021-09-21,1155640.5934371245
2021-09-22,1164858.9377552802
2021-09-23,1173813.5332066996
2021-09-24,1176161.6968525958
2021-09-27,1171003.7963889278
2021-09-28,1144591.7115141908
2021-09-29,1144525.3487830905
2021-09-30,1137755.6419680880
2021-10-01,1144347.0306298628
2021-10-04,1126685.7692507743
2021-10-05,1137957.0290927975
2021-10-06,1142226.2985758313
2021-10-07,1151516.2850251568
2021-10-08,1147834.7423963435
2021-10-11,1141614.4355140114
2021-10-12,1139995.9262434170
2021-10-13,1145022.2041482730
2021-10-14,1161247.6020239640
2021-10-15,1166248.2734256012
2021-10-18,1171843.9492231347
2021-10-19,1172446.7901100386
2021-10-20,1174442.1540242475
2021-10-21,1180477.8443770609
2021-10-22,1173882.0732165077
2021-10-25,1181399.9647741718
2021-10-26,1180597.1919413321
2021-10-27,1180762.9916440360
2021-10-28,1194259.4565838599
2021-10-29,1196681.2756554834
2021-11-01,1201846.7921468229
2021-11-02,1205431.5880339558
2021-11-03,1214382.6344959261
2021-11-04,1221207.3806854247
2021-11-05,1225876.5112692558
2021-11-08,1225440.4121025312
2021-11-09,1208124.5474924815
2021-11-10,1208141.3270000855
2021-11-11,1208158.1067407383
2021-11-12,1208174.8867144431
2021-11-15,1208191.6669212030
2021-11-16,1208208.4473610213
2021-11-17,1208225.2280339014
2021-11-18,1208242.0089398464
2021-11-19,1208258.7900788595
2021-11-22,1208275.5714509441
2021-11-23,1208292.3530561030
2021-11-24,1208309.1348943398
2021-11-25,1208325.9169656578
2021-11-26,1208342.6992700601
2021-11-29,1208359.4818075499
2021-11-30,1208376.2645781306
2021-12-01,1208393.0475818051
2021-12-02,1208409.8308185772
2021-12-03,1208426.6142884498
2021-12-06,1208443.3979914261
2021-12-07,1208460.1819275094
2021-12-08,1208476.9660967027
2021-12-09,1208493.7504990096
2021-12-10,1208510.5351344333
2021-12-13,1208527.3200029768
2021-12-14,1208544.1051046436
2021-12-15,1208560.8904394368
2021-12-16,1208577.6760073595
2021-12-17,1208594.4618084151
2021-12-20,1208611.2478426069
2021-12-21,1208628.0341099380
2021-12-22,1208644.8206104117
2021-12-23,1208661.6073440313
2021-12-24,1208678.3943107999
2021-12-27,1208695.1815107209
2021-12-28,1208711.9689437975
2021-12-29,1208728.7566100329
2021-12-30,1208745.5445094302
2021-12-31,1208762.3326419927
2022-01-03,1208779.1210077240
2022-01-04,1208795.9096066270
2022-01-05,1208812.6984387047
2022-01-06,1208829.4875039607
2022-01-07,1208846.2768023983
2022-01-10,1208863.0663340206
2022-01-11,1208879.8560988307
2022-01-12,1208896.6460968321
2022-01-13,1208913.4363280279
2022-01-14,1208930.2267924212
2022-01-17,1208947.0174900156
2022-01-18,1208963.8084208141
2022-01-19,1208980.5995848200
2022-01-20,1208997.3909820365
2022-01-21,1209014.1826124669
2022-01-24,1209030.9744761141
2022-01-25,1209047.7665729818
2022-01-26,1209064.5589030732
2022-01-27,1209081.3514663912
2022-01-28,1209098.1442629395
2022-01-31,1209114.9372927209
2022-02-01,1209131.7305557388
2022-02-02,1209148.5240519964
2022-02-03,1209165.3177814970
2022-02-04,1209182.1117442439
2022-02-07,1209198.9059402402
2022-02-08,1209215.7003694894
2022-02-09,1209232.4950319945
2022-02-10,1209249.2899277590
2022-02-11,1209266.0850567857
2022-02-14,1209282.8804190783
2022-02-15,1209299.6760146397
2022-02-16,1209316.4718434731
2022-02-17,1209333.2679055820
2022-02-18,1209350.0642009696
2022-02-21,1209366.8607296392
2022-02-22,1209383.6574915939
2022-02-23,1209400.4544868367
2022-02-24,1209417.2517153712
2022-02-25,1209434.0491772005
2022-02-28,1209450.8468723281
2022-03-01,1209467.6448007568
2022-03-02,1209484.4429624903
2022-03-03,1209501.2413575314
2022-03-04,1209518.0399858835
2022-03-07,1209534.8388475501
2022-03-08,1209551.6379425342
2022-03-09,1209568.4372708390
2022-03-10,1209585.2368324678
2022-03-11,1209602.0366274239
2022-03-14,1209618.8366557104
2022-03-15,1209635.6369173306
2022-03-16,1209652.4374122878
2022-03-17,1209669.2381405851
2022-03-18,1209686.0391022260
2022-03-21,1209702.8402972135
2022-03-22,1209719.6417255509
2022-03-23,1209736.4433872416
2022-03-24,1209753.2452822886
2022-03-25,1209770.0474106953
2022-03-28,1209786.8497724649
2022-03-29,1209803.6523676007
2022-03-30,1209820.4551961059
2022-03-31,1209837.2582579835
2022-04-01,1209854.0615532370
2022-04-04,1209870.8650818698
2022-04-05,1209887.6688438847
2022-04-06,1209904.4728392854
2022-04-07,1209921.2770680748
2022-04-08,1209938.0815302562
2022-04-11,1209954.8862258331
2022-04-12,1209971.6911548085
2022-04-13,1209988.4963171857
2022-04-14,1210005.3017129679
2022-04-15,1210022.1073421584
2022-04-18,1210038.9132047605
2022-04-19,1210055.7193007772
2022-04-20,1210072.5256302119
2022-04-21,1210089.3321930680
2022-04-22,1210106.1389893484
2022-04-25,1210122.9460190567
2022-04-26,1210139.7532821959
2022-04-27,1210156.5607787692
2022-04-28,1210173.3685087799
2022-04-29,1210190.1764722315
2022-05-02,1210206.9846691270
2022-05-03,1210223.7930994697
2022-05-04,1210240.6017632629
2022-05-05,1210257.4106605095
2022-05-06,1210274.2197912131
2022-05-09,1210291.0291553768
2022-05-10,1210307.8387530041
2022-05-11,1210324.6485840979
2022-05-12,1210341.4586486616
2022-05-13,1210358.2689466984
2022-05-16,1210375.0794782115
2022-05-17,1210391.8902432043
2022-05-18,1210408.7012416800
2022-05-19,1210425.5124736417
2022-05-20,1210442.3239390927
2022-05-23,1210459.1356380363
2022-05-24,1210475.9475704757
2022-05-25,1210492.7597364143
2022-05-26,1210509.5721358550
2022-05-27,1210526.3847688013
2022-05-30,1210543.1976352565
2022-05-31,1210560.0107352235
2022-06-01,1210576.8240687060
2022-06-02,1210593.6376357069
2022-06-03,1210610.4514362297
2022-06-06,1210627.2654702775
2022-06-07,1210644.0797378535
2022-06-08,1210660.8942389609
2022-06-09,1210677.7089736031
2022-06-10,1210694.5239417832
2022-06-13,1210711.3391435046
2022-06-14,1210728.1545787705
2022-06-15,1210744.9702475842
2022-06-16,1210761.7861499486
2022-06-17,1210778.6022858673
2022-06-20,1210795.4186553436
2022-06-21,1210812.2352583804
2022-06-22,1210829.0520949813
2022-06-23,1210845.8691651493
2022-06-24,1210862.6864688876
2022-06-27,1210879.5040061998
2022-06-28,1210896.3217770888
2022-06-29,1210913.1397815580
2022-06-30,1210929.9580196105
2022-07-01,1210946.7764912497
2022-07-04,1210963.5951964788
2022-07-05,1210980.4141353010
2022-07-06,1210997.2333077195
2022-07-07,1211014.0527137376
2022-07-08,1211030.8723533587
2022-07-11,1211047.6922265857
2022-07-12,1211064.5123334222
2022-07-13,1211081.3326738712
2022-07-14,1211098.1532479362
2022-07-15,1211114.9740556201
2022-07-18,1211131.7950969264
2022-07-19,1211148.6163718584
2022-07-20,1207936.0477322547
2022-07-21,1212676.8282186759
2022-07-22,1213305.0125413826
2022-07-25,1212014.5634729140
2022-07-26,1212035.7499535398
2022-07-27,1214957.2177430035
2022-07-28,1221694.9019635567
2022-07-29,1223387.0993151041
2022-08-01,1225670.1206337921
2022-08-02,1222654.3867084733
2022-08-03,1224010.4649129363
2022-08-04,1228235.7883217153
2022-08-05,1225895.7555718857
2022-08-08,1227890.7361561952
2022-08-09,1228838.3579895082
2022-08-10,1227174.6114417934
2022-08-11,1227685.1552699348
2022-08-12,1230001.2748537497
2022-08-15,1227400.6460114196
2022-08-16,1227242.6583369859
2022-08-17,1224330.0352811378
2022-08-18,1223886.8561535808
2022-08-19,1223144.8636793662
2022-08-22,1222559.7048379737
2022-08-23,1224003.4092120253
2022-08-24,1225780.6557074664
2022-08-25,1226686.3059959437
2022-08-26,1223661.1677060220
2022-08-29,1225253.5833807252
2022-08-30,1222823.7881311192
2022-08-31,1219463.1091459673
2022-09-01,1217757.9091495154
2022-09-02,1219949.0939218304
2022-09-05,1221210.7902947858
2022-09-06,1220617.3150427067
2022-09-07,1224330.5741279661
2022-09-08,1222097.8853993334
2022-09-09,1222238.6244902329
2022-09-12,1223749.9465271712
2022-09-13,1219258.7400608440
2022-09-14,1220045.0564605221
2022-09-15,1215370.1314194938
2022-09-16,1216642.2015431868
2022-09-19,1217922.6887969966
2022-09-20,1216345.5151668328
2022-09-21,1219317.7144920118
2022-09-22,1219609.6634321001
2022-09-23,1216966.1381204000
2022-09-26,1213083.3571014446
2022-09-27,1216248.9592673851
2022-09-28,1223453.8661490013
2022-09-29,1219879.3165537871
2022-09-30,1219420.4160983516
2022-10-03,1227062.6736068148
2022-10-04,1232086.4436668984
2022-10-05,1230278.9775379300
2022-10-06,1229478.2644312289
2022-10-07,1225779.8206487405
2022-10-10,1222720.3326493823
2022-10-11,1222715.9074133921
2022-10-12,1224285.5439229084
2022-10-13,1222937.4254304329
2022-10-14,1219475.0100554370
2022-10-17,1220781.4228152260
2022-10-18,1221448.1830480834
2022-10-19,1218256.6431015446
2022-10-20,1217252.1789073539
2022-10-21,1223473.6122588036
2022-10-24,1223669.3188191538
2022-10-25,1224698.3844932176
2022-10-26,1222428.8266471396
2022-10-27,1224470.8846617304
2022-10-28,1222069.5539921774
2022-10-31,1222074.9961200147
2022-11-01,1223580.8932421044
2022-11-02,1221612.1770249219
2022-11-03,1220973.5926968670
2022-11-04,1228724.5736501089
2022-11-07,1226662.7991549908
2022-11-08,1234764.3289948225
2022-11-09,1233134.8785311941
2022-11-10,1240225.9251254257
2022-11-11,1239439.1117429726
2022-11-14,1237932.3732121030
2022-11-15,1238102.0564102102
2022-11-16,1238994.0282196375
2022-11-17,1239622.6799176631
2022-11-18,1235978.4666466559
2022-11-21,1235639.9597224602
2022-11-22,1234808.8221343828
2022-11-23,1237582.9573766482
2022-11-24,1238086.4315528427
2022-11-25,1238715.0646897852
2022-11-28,1237867.6781610223
2022-11-29,1239897.1520391789
2022-11-30,1240443.3401875054
2022-12-01,1244726.6846260158
2022-12-02,1242439.5090670558
2022-12-05,1234105.5749925459
2022-12-06,1235920.8288600859
2022-12-07,1237708.0994900083
2022-12-08,1237915.8083258949
2022-12-09,1238869.9691323123
2022-12-12,1237035.0211230414
2022-12-13,1240890.8467808666
2022-12-14,1240463.3643279516
2022-12-15,1235628.6935871022
2022-12-16,1238379.5712635517
2022-12-19,1237572.0226331777
2022-12-20,1242394.4428749164
2022-12-21,1242857.5780647867
2022-12-22,1238496.2616266876
2022-12-23,1239707.8227752624
2022-12-26,1239720.3902355749
2022-12-27,1241313.2713977557
2022-12-28,1240297.7881122436
2022-12-29,1241505.5464547141
2022-12-30,1239839.8252077270
2023-01-03,1243063.6745002451
2023-01-04,1244854.1829141304
2023-01-05,1236177.9466839246
2023-01-06,1244318.7860108956
2023-01-09,1239790.8343490998
2023-01-10,1242611.5397875318
2023-01-11,1240675.3565329697
2023-01-12,1244394.7415696851
2023-01-13,1250279.2517495626
2023-01-16,1252594.3825272734
2023-01-17,1253289.7441346236
2023-01-18,1250539.8314148546
2023-01-19,1262993.0351097593
2023-01-20,1262536.2735783067
2023-01-23,1263191.8489260585
2023-01-24,1265681.6703968523
2023-01-25,1268801.5122607714
2023-01-26,1262112.7568943584
2023-01-27,1261448.2016787571
2023-01-30,1261967.1287457251
2023-01-31,1264407.1751721762
2023-02-01,1272217.3394822525
2023-02-02,1256351.3009479328
2023-02-03,1244353.4878967828
2023-02-06,1245153.5572794643
2023-02-07,1245912.0713288039
2023-02-08,1247674.1367574190
2023-02-09,1240233.8252161848
2023-02-10,1245425.0397794226
2023-02-13,1241162.3840529430
2023-02-14,1242724.2367145291
2023-02-15,1237891.0698954486
2023-02-16,1237692.9737803289
2023-02-17,1241140.4889010158
2023-02-20,1239731.1624358448
2023-02-21,1240340.1023575121
2023-02-22,1236815.0222698695
2023-02-23,1237103.2789744753
2023-02-24,1237890.5527181032
2023-02-27,1238512.7808530144
2023-02-28,1241258.1137185323
2023-03-01,1238640.3631675544
2023-03-02,1243031.2969770879
2023-03-03,1249490.1631385058
2023-03-06,1248749.8997249601
2023-03-07,1239035.8505443595
2023-03-08,1237543.0724177761
2023-03-09,1244808.2789654736
2023-03-10,1254834.9131422527
2023-03-13,1265189.3455354434
2023-03-14,1264723.2505225553
2023-03-15,1273500.9529766012
2023-03-16,1273133.1693397940
2023-03-17,1298799.7645607269
2023-03-20,1293825.0896226396
2023-03-21,1278640.4199523423
2023-03-22,1287805.1821621240
2023-03-23,1293362.0571251316
2023-03-24,1292033.6008903012
2023-03-27,1283403.2903010477
2023-03-28,1289464.6053997334
2023-03-29,1290554.6939329407
2023-03-30,1297418.2285314642
2023-03-31,1292402.2303634784
2023-04-03,1302013.7909512429
2023-04-04,1324377.3988156384
2023-04-05,1322404.5678906008
2023-04-06,1313389.7324103997
2023-04-07,1313389.7324103997
2023-04-10,1305389.5382127068
2023-04-11,1313116.0368750612
2023-04-12,1316422.9711166245
2023-04-13,1332419.0671383070
2023-04-14,1310004.8247302389
2023-04-17,1306066.2233763416
2023-04-18,1311421.4898132074
2023-04-19,1306931.7456961556
2023-04-20,1309538.9147884047
2023-04-21,1298927.0024431252
2023-04-24,1302903.2091245377
2023-04-25,1313422.8958744262
2023-04-26,1307394.7545461361
2023-04-27,1306967.6203886671
2023-04-28,1308152.8125906487
2023-05-01,1302237.4843466871
2023-05-02,1322484.0279437923
2023-05-03,1336158.8736066972
2023-05-04,1340929.3959001005
2023-05-05,1322044.7133419523
2023-05-08,1326070.1816549243
2023-05-09,1334701.5818195941
2023-05-10,1334035.2939408943
2023-05-11,1327781.1044357810
2023-05-12,1326563.3007840505
2023-05-15,1329403.7008024268
2023-05-16,1316661.8362745834
2023-05-17,1316340.6507153166
2023-05-18,1309631.2011555873
2023-05-19,1317414.3399743687
2023-05-22,1317088.2632277296
2023-05-23,1323006.3752289182
2023-05-24,1311888.8687233152
2023-05-25,1305634.5597692754
2023-05-26,1307550.3809672890
2023-05-29,1318358.6898020932
2023-05-30,1330624.2446191278
2023-05-31,1337937.0354100040
2023-06-01,1346241.2093816146
2023-06-02,1324327.6475840912
2023-06-05,1336673.9318840818
2023-06-06,1341167.4850834466
2023-06-07,1327308.6697857699
2023-06-08,1340244.1077500265
2023-06-09,1340491.0878197965
2023-06-12,1342933.9299815984
2023-06-13,1337407.2418506248
2023-06-14,1334524.9919088399
2023-06-15,1340141.5317204294
2023-06-16,1339275.7838313715
2023-06-19,1340596.4283177061
2023-06-20,1335739.8005531228
2023-06-21,1330425.2699170224
2023-06-22,1319663.9588997210
2023-06-23,1322730.5793516594
2023-06-26,1334849.5108350264
2023-06-27,1327209.8635903087
2023-06-28,1325671.5252784709
2023-06-29,1326859.9288265379
2023-06-30,1336581.5356682693
2023-07-03,1336457.9217867781
2023-07-04,1334482.7239135143
2023-07-05,1333156.2543368125
2023-07-06,1327900.4529269226
2023-07-07,1332784.8282370064
2023-07-10,1332924.8384802751
2023-07-11,1334613.3277164677
2023-07-12,1344140.8297980272
2023-07-13,1343722.4799253249
2023-07-14,1338354.5987626989
2023-07-17,1344974.1940836878
2023-07-18,1363269.5372734054
2023-07-19,1369043.3520170860
2023-07-20,1352793.7754661005
2023-07-21,1349245.4489225172
2023-07-24,1344553.7693154621
2023-07-25,1342641.1624676287
2023-07-26,1346717.2109534671
2023-07-27,1333983.8103082736
2023-07-28,1365944.9033424330
2023-07-31,1368555.4422709409
2023-08-01,1360186.6456199409
2023-08-02,1354043.7424186023
2023-08-03,1349298.8911576741
2023-08-04,1355171.6744099418
2023-08-07,1355272.0415009351
2023-08-08,1351574.5870281253
2023-08-09,1341243.7933466020
2023-08-10,1340501.9510927792
2023-08-11,1344574.7237055723
2023-08-14,1344882.4254967617
2023-08-15,1345852.8105214548
2023-08-16,1339124.0854919860
2023-08-17,1334116.2217564774
2023-08-18,1333171.0055194192
2023-08-21,1337682.9270708517
2023-08-22,1341357.1628012564
2023-08-23,1352323.1847654113
2023-08-24,1350120.4502072001
2023-08-25,1351367.6808566106
2023-08-28,1356054.9627718346
2023-08-29,1367254.2318315762
2023-08-30,1372454.6524434302
2023-08-31,1364936.0244822213
2023-09-01,1365496.4609666003
2023-09-04,1365858.9427227087
2023-09-05,1362729.8558787790
2023-09-06,1358318.3064374865
2023-09-07,1361027.3895431648
2023-09-08,1362928.3749389281
2023-09-11,1355617.4897608955
2023-09-12,1349075.5839047073
2023-09-13,1342553.3298655269
2023-09-14,1345070.6556571245
2023-09-15,1351709.1212616917
2023-09-18,1361199.2929029102
2023-09-19,1360031.2957037860
2023-09-20,1356308.3249646155
2023-09-21,1343454.3108278734
2023-09-22,1344104.2083354648
2023-09-25,1334467.0457731709
2023-09-26,1329199.9585530115
2023-09-27,1318011.6723196821
2023-09-28,1313850.1809439491
2023-09-29,1306135.2770206211
2023-10-02,1298615.4547840634
2023-10-03,1288517.4214717108
2023-10-04,1292897.2870087523
2023-10-05,1291071.1785339972
2023-10-06,1303692.3027432365
2023-10-09,1316942.5896479718
2023-10-10,1319594.5702973171
2023-10-11,1329911.8244876377
2023-10-12,1324933.7235517830
2023-10-13,1350859.9060135074
2023-10-16,1350909.7378547785
2023-10-17,1351996.4362581000
2023-10-18,1356786.8261291059
2023-10-19,1364695.6607006495
2023-10-20,1361825.0674391305
2023-10-23,1357662.4179623351
2023-10-24,1360372.0038904776
2023-10-25,1356391.4356709495
2023-10-26,1351449.7222576085
2023-10-27,1362598.4853577430
2023-10-30,1361581.4424953233
2023-10-31,1358126.1880658700
2023-11-01,1364011.8717893886
2023-11-02,1371867.1131819068
2023-11-03,1375590.0484183202
2023-11-06,1366162.3974017766
2023-11-07,1367329.3390466610
2023-11-08,1357820.4836038644
2023-11-09,1358845.4290978594
2023-11-10,1357633.2687622926
2023-11-13,1360935.1450247434
2023-11-14,1374139.9408912475
2023-11-15,1369088.4693357672
2023-11-16,1379313.2990281312
2023-11-17,1373245.6684590573
2023-11-20,1367882.0041841099
2023-11-21,1369332.3872860866
2023-11-22,1370070.4697086278
2023-11-23,1370065.4482102704
2023-11-24,1374667.2735511661
2023-11-27,1379788.3088983991
2023-11-28,1400942.2654811013
2023-11-29,1398518.5954517052
2023-11-30,1395637.3839421279
2023-12-01,1414064.5395902502
2023-12-04,1392082.1667930661
2023-12-05,1389312.9670499938
2023-12-06,1391744.1791689938
2023-12-07,1396984.7900384953
2023-12-08,1390666.6733695443
2023-12-11,1382588.0662045046
2023-12-12,1383948.6753222100
2023-12-13,1412385.4078891850
2023-12-14,1406082.3058486101
2023-12-15,1399627.9547076505
2023-12-18,1408651.4478772127
2023-12-19,1415990.4540373178
2023-12-20,1407168.6895280506
2023-12-21,1419526.4001905133
2023-12-22,1422350.1866173414
2023-12-25,1422350.1866173414
2023-12-26,1432540.3105966281
2023-12-27,1439088.6298258768
2023-12-28,1425565.8719353972
2023-12-29,1419519.6285696311
2024-01-02,1419417.3684454192
2024-01-03,1406996.9472676208
2024-01-04,1407162.5395998487
2024-01-05,1406536.7411617080
2024-01-08,1408796.5704590364
2024-01-09,1412127.9366940283
2024-01-10,1413344.4019249873
2024-01-11,1413453.8192752115
2024-01-12,1424066.9411374440
2024-01-15,1427070.4263549477
2024-01-16,1416637.5321024994
2024-01-17,1404776.7651979013
2024-01-18,1418134.3960090016
2024-01-19,1428371.6705235650
2024-01-22,1425671.5029490602
2024-01-23,1426835.2415232994
2024-01-24,1417921.5190625454
2024-01-25,1425469.5179404861
2024-01-26,1423558.6290185200
2024-01-29,1444829.1327571180
2024-01-30,1443195.3496098602
2024-01-31,1432699.4525985545
2024-02-01,1447275.5348556105
2024-02-02,1449580.6541907755
2024-02-05,1443270.0828536325
2024-02-06,1446883.0438141422
2024-02-07,1452040.4486192851
2024-02-08,1452798.2617024735
2024-02-09,1452535.4776418991
2024-02-12,1449056.6682956254
2024-02-13,1427360.8837791316
2024-02-14,1432975.3139242833
2024-02-15,1439852.1947602730
2024-02-16,1440427.4751387856
2024-02-19,1443010.8021103973
2024-02-20,1441026.3953995702
2024-02-21,1439791.4503709089
2024-02-22,1452821.0543444254
2024-02-23,1457624.7602536804
2024-02-26,1454863.2485311965
2024-02-27,1455940.3818442926
2024-02-28,1455441.2694917710
2024-02-29,1462272.7127674744
2024-03-01,1487301.3256999427
2024-03-04,1500462.0906943062
2024-03-05,1498620.0512437006
2024-03-06,1510831.4248138303
2024-03-07,1522420.3664956056
2024-03-08,1524392.4699965536
2024-03-11,1522466.3419815251
2024-03-12,1518051.7330021588
2024-03-13,1524517.2192919834
2024-03-14,1517918.7157741881
2024-03-15,1510644.1283555871
2024-03-18,1517072.5392300268
2024-03-19,1518039.1494804658
2024-03-20,1536973.4138967630
2024-03-21,1535647.9836652421
2024-03-22,1534777.4850637624
2024-03-25,1532691.6411178829
2024-03-26,1534631.8833339689
2024-03-27,1556739.9710165542
2024-03-28,1574583.9666548721
2024-03-29,1574583.9666548721
2024-04-01,1583961.1334889771
2024-04-02,1593356.7705674986
2024-04-03,1603691.8738059616
2024-04-04,1591659.5809535910
2024-04-05,1616076.3404562627
2024-04-08,1620154.3170598343
2024-04-09,1628164.1567659583
2024-04-10,1614963.7777527191
2024-04-11,1641119.7102276846
2024-04-12,1618757.7550127187
2024-04-15,1628720.0548617591
2024-04-16,1628133.9694888638
2024-04-17,1611872.2994152887
2024-04-18,1612231.2891478534
2024-04-19,1615092.3256726435
2024-04-22,1586035.8708671669
2024-04-23,1595725.7575839863
2024-04-24,1593107.0006805046
2024-04-25,1596435.3554579865
2024-04-26,1609042.0291151549
2024-04-29,1605964.2671802605
2024-04-30,1575139.0086852671
2024-05-01,1588555.6364131402
2024-05-02,1587718.9815602680
2024-05-03,1595880.8275363240
2024-05-06,1604795.3821273067
2024-05-07,1602012.0981394290
2024-05-08,1599750.4125566811
2024-05-09,1618278.3163774475
2024-05-10,1625528.3886501873
2024-05-13,1616793.0139292036
2024-05-14,1630448.0122764481
2024-05-15,1647274.8457949790
2024-05-16,1641096.3387443088
2024-05-17,1660614.7124645244
2024-05-20,1670304.7038368285
2024-05-21,1669866.8534803148
2024-05-22,1649520.9701608508
2024-05-23,1623023.8457028251
2024-05-24,1631113.0114759996
2024-05-27,1639372.7773240751
2024-05-28,1646709.3522800310
2024-05-29,1632625.1783311686
2024-05-30,1626714.9009391465
2024-05-31,1631227.0587358081
2024-06-03,1645127.0302717485
2024-06-04,1633478.3333247339
2024-06-05,1658718.9703099264
2024-06-06,1666951.6158117733
2024-06-07,1626623.5592482449
2024-06-10,1636753.1279930340
2024-06-11,1645253.4951058123
2024-06-12,1653680.9539714865
2024-06-13,1647610.0330316268
2024-06-14,1662351.2268361796
2024-06-17,1660716.7806840620
2024-06-18,1665603.4577800771
2024-06-19,1665461.4340765357
2024-06-20,1676910.8644411988
2024-06-21,1657697.3133238642
2024-06-24,1658006.9799598437
2024-06-25,1657509.7772545414
2024-06-26,1650522.1134396647
2024-06-27,1666104.2029130764
2024-06-28,1660960.5283221947
2024-07-01,1667910.8052846072
2024-07-02,1671708.9024657700
2024-07-03,1688879.2905139085
2024-07-04,1688754.3479714461
2024-07-05,1709234.8501004861
2024-07-08,1689671.0180762280
2024-07-09,1698846.8468411837
2024-07-10,1709621.4512469666
2024-07-11,1715717.9557178349
2024-07-12,1714948.3128715076
2024-07-15,1724521.3731111870
2024-07-16,1749864.5512310166
2024-07-17,1728620.8119966607
2024-07-18,1717084.1893916628
2024-07-19,1693554.7759558337
2024-07-22,1700574.0840927584
2024-07-23,1706385.4497313658
2024-07-24,1679224.4657142928
2024-07-25,1651181.6501725335
2024-07-26,1670555.6202262929
2024-07-29,1668860.3778191751
2024-07-30,1696867.3926844886
2024-07-31,1722431.0407500542
2024-08-01,1714552.4863151019
2024-08-02,1684401.3244397300
2024-08-05,1639548.5668862951
2024-08-06,1640983.2298446542
2024-08-07,1636374.7652096516
2024-08-08,1670465.8824525066
2024-08-09,1673509.4200829542
2024-08-12,1695821.6233554215
2024-08-13,1699444.3625622839
2024-08-14,1686844.9453063172
2024-08-15,1700328.7773692980
2024-08-16,1713188.6299349102
2024-08-19,1718447.0095922668
2024-08-20,1717833.9145295713
2024-08-21,1720586.6405336328
2024-08-22,1704402.1246332785
2024-08-23,1719785.3756313319
2024-08-26,1713985.5468466156
2024-08-27,1717440.0415436719
2024-08-28,1705819.1405968703
2024-08-29,1701464.2217836038
2024-08-30,1705395.4825388493
2024-09-02,1706470.4252261450
2024-09-03,1685807.4502391107
2024-09-04,1682811.5398058603
2024-09-05,1682713.9532285067
2024-09-06,1659401.5797309771
2024-09-09,1676004.5973712562
2024-09-10,1684531.6799265621
2024-09-11,1696282.5610822497
2024-09-12,1715259.7384178462
2024-09-13,1720008.6558768495
2024-09-16,1718843.3256200475
2024-09-17,1717002.0462357933
2024-09-18,1708788.9671681628
2024-09-19,1729825.2952135447
2024-09-20,1732511.6885667008
2024-09-23,1736033.2751354063
2024-09-24,1741449.0433487995
2024-09-25,1740602.4943580446
2024-09-26,1743833.6026599393
2024-09-27,1738353.0103688638
2024-09-30,1737592.3217562791
2024-10-01,1733181.1762954979
2024-10-02,1732607.0787788234
2024-10-03,1730956.6415826960
2024-10-04,1739682.5450553959
2024-10-07,1727683.7714006703
2024-10-08,1741805.3902327563
2024-10-09,1747535.9869345319
2024-10-10,1752151.3131339673
2024-10-11,1759900.1407015750
2024-10-14,1769881.6894359335
2024-10-15,1771061.0000736415
2024-10-16,1776710.6951746035
2024-10-17,1782259.1967797691
2024-10-18,1789346.9827166314
2024-10-21,1791954.4507154590
2024-10-22,1800226.8592319579
2024-10-23,1782778.4963270607
2024-10-24,1788851.8736377915
2024-10-25,1795384.1552133788
2024-10-28,1794002.0142233013
2024-10-29,1810345.8485953021
2024-10-30,1806067.6423012107
2024-10-31,1773843.6823892402
2024-11-01,1777955.0846065516
2024-11-04,1770647.5999606708
2024-11-05,1785691.9335763948
2024-11-06,1807769.0221715162
2024-11-07,1805746.0415606291
2024-11-08,1802617.1197635981
2024-11-11,1773409.8808143644
2024-11-12,1765944.0075536196
2024-11-13,1749416.2981756961
2024-11-14,1743008.7620473213
2024-11-15,1735098.5844132323
2024-11-18,1761727.0084805072
2024-11-19,1779859.1771282875
2024-11-20,1804894.9213984087
2024-11-21,1814805.1777567621
2024-11-22,1842172.3028762622
2024-11-25,1790113.0027853949
2024-11-26,1797550.5491502646
2024-11-27,1797276.9907228625
2024-11-28,1797006.9264484921
2024-11-29,1806543.5205185506
2024-12-02,1808922.9234820199
2024-12-03,1815344.5198909335
2024-12-04,1818427.4990426120
2024-12-05,1804269.6528366641
2024-12-06,1810022.2167384259
2024-12-09,1820651.8125196269
2024-12-10,1839758.9490447969
2024-12-11,1865258.5574712015
2024-12-12,1838476.5054993874
2024-12-13,1816732.9382090340
2024-12-16,1824384.9778953223
2024-12-17,1819785.8419738368
2024-12-18,1774273.8914979969
2024-12-19,1782235.7556859406
2024-12-20,1802404.0139471695
2024-12-23,1799176.0018125142
2024-12-24,1804820.0788919667
2024-12-25,1804826.4747635529
2024-12-26,1808300.9775172407
2024-12-27,1802589.2238308184
2024-12-30,1791104.6289654875
2024-12-31,1799363.2021888767
2025-01-02,1816119.1434473873
2025-01-03,1815017.5409642006
2025-01-06,1815603.0633111547
2025-01-07,1820995.1775032242
2025-01-08,1831402.0287646705
2025-01-09,1838494.7537810802
2025-01-10,1847916.8184653881
2025-01-13,1826473.5239987634
2025-01-14,1833397.2883015634
2025-01-15,1856401.3701501160
2025-01-16,1868217.8514468793
2025-01-17,1866717.2774583788
2025-01-20,1851952.3014911409
2025-01-21,1864148.5231226548
2025-01-22,1873732.3935037383
2025-01-23,1874757.9852125165
2025-01-24,1881205.8426388535
2025-01-27,1862830.4590163301
2025-01-28,1882894.4297938575
2025-01-29,1880269.3819033182
2025-01-30,1912272.9479508321
2025-01-31,1899922.0874439308
2025-02-03,1907749.4207150557
2025-02-04,1924201.7482929225
2025-02-05,1936417.3004519423
2025-02-06,1938533.0355854938
2025-02-07,1941327.7840711428
2025-02-10,1975368.8747946783
2025-02-11,1969066.4282280672
2025-02-12,1970526.2342022643
2025-02-13,1986415.1715458422
2025-02-14,1943487.9803014607
2025-02-17,1954661.5508096411
2025-02-18,1981491.6152237409
2025-02-19,1980449.6965073128
2025-02-20,1972764.5374272431
2025-02-21,1966912.0987996222
2025-02-24,1973094.9045284544
2025-02-25,1948804.3000313425
2025-02-26,1952543.0065963331
2025-02-27,1927969.6395751743
2025-02-28,1918765.8532864775
2025-03-03,1935351.7214122962
2025-03-04,1940216.8097144649
2025-03-05,1938646.2835750510
2025-03-06,1928558.7359893739
2025-03-07,1928808.1629892010
2025-03-10,1909934.1904360333
2025-03-11,1917768.3177997500
2025-03-12,1934660.1844833959
2025-03-13,1963929.6014053589
2025-03-14,1964042.9278545843
2025-03-17,1971471.5235626844
2025-03-18,1984886.6533236955
2025-03-19,1998357.7496509170
2025-03-20,2000338.6832964795
2025-03-21,1987551.0245398923
2025-03-24,1984292.4987679555
2025-03-25,2011230.2262352514
2025-03-26,2010008.0737120986
2025-03-27,2031345.2888351320
2025-03-28,2035534.0670440316
2025-03-31,2055883.2674177326
2025-04-01,2056688.1063875796
2025-04-02,2081148.4225865409
2025-04-03,2040803.9995031781
2025-04-04,1981155.0926995834
2025-04-07,1956940.7287860981
2025-04-08,1957296.4948324873
2025-04-09,2042634.2083054346
2025-04-10,2077757.8476967437
2025-04-11,2111389.2324121129
2025-04-14,2101815.4044406838
2025-04-15,2114722.1116081872
2025-04-16,2165910.6953914841
2025-04-17,2156539.6280334601
2025-04-18,2156523.8364197682
2025-04-21,2187575.9010362062
2025-04-22,2187779.8254866586
2025-04-23,2136726.2767971740
2025-04-24,2176996.6800513831
2025-04-25,2151345.1768792649
2025-04-28,2155477.2251090351
2025-04-29,2148393.3137559555
2025-04-30,2140268.3213646738
2025-05-01,2133935.8359969212
2025-05-02,2139165.0080667879
2025-05-05,2159193.5545126763
2025-05-06,2171178.0228507011
2025-05-07,2156948.4710716000
2025-05-08,2148670.3504453120
2025-05-09,2152726.1017517755
2025-05-12,2135997.9112512898
2025-05-13,2149774.3029679698
2025-05-14,2135831.9468984501
2025-05-15,2149949.2245055912
2025-05-16,2142937.8830013210
2025-05-19,2148749.8973788992
2025-05-20,2160839.9260438317
2025-05-21,2168426.4513919461
2025-05-22,2164699.2587688956
2025-05-23,2171994.0405893582
2025-05-26,2169150.8449458890
2025-05-27,2169105.7912658704
2025-05-28,2163806.3889506711
2025-05-29,2170911.8687449247
2025-05-30,2164310.0162664764
2025-06-02,2181201.9329680484
2025-06-03,2183252.4536489514
2025-06-04,2187860.9789376105
2025-06-05,2179820.9948483747
2025-06-06,2175514.2033314011
2025-06-09,2178492.8059133361
2025-06-10,2181431.2129084924
2025-06-11,2187224.8396422714
2025-06-12,2192649.0411512940
2025-06-13,2200505.7630162351
2025-06-16,2194192.2336110640
2025-06-17,2192209.5098529630
2025-06-18,2188675.5698652468
2025-06-19,2188477.8792333170
2025-06-20,2184899.3820255287
2025-06-23,2188163.9173951861
2025-06-24,2179282.8943603500
2025-06-25,2182197.0411019749
2025-06-26,2181596.0595395747
2025-06-27,2170415.7948726127
2025-06-30,2176608.4250709247
2025-07-01,2183449.3732669991
2025-07-02,2189188.5285730958
2025-07-03,2184229.7787353666
2025-07-04,2185987.8645164105
2025-07-07,2185782.4153018100
2025-07-08,2177935.6528075421
2025-07-09,2182690.9122808785
2025-07-10,2184846.6838992252
2025-07-11,2192137.8282491039
2025-07-14,2188595.6018616781
2025-07-15,2184933.8977027433
2025-07-16,2190629.7678463641
2025-07-17,2190545.0199892148
2025-07-18,2179195.7784435693
2025-07-21,2203474.6457305006
2025-07-22,2215723.0104408925
2025-07-23,2196701.3811196606
2025-07-24,2212285.6909777061
2025-07-25,2202712.3367476328
2025-07-28,2197918.5821639388
2025-07-29,2201168.7659562156
2025-07-30,2184995.5481902636
2025-07-31,2188224.5845425315
2025-08-01,2202684.1853941008
2025-08-04,2215416.2976098252
2025-08-05,2217674.4721977166
2025-08-06,2224503.6053271871
2025-08-07,2245974.8912174958
2025-08-08,2242235.5803097747
2025-08-11,2217252.8125874577
2025-08-12,2228768.8722960427
2025-08-13,2231876.2582866391
2025-08-14,2221294.0630999859
2025-08-15,2221846.9201791799
2025-08-18,2223037.1148557388
2025-08-19,2205480.1112672845
2025-08-20,2215782.6980927954
2025-08-21,2211468.1151649156
2025-08-22,2238145.0078570936
2025-08-25,2234267.7539686821
2025-08-26,2248398.6630337960
2025-08-27,2249860.2713578949
2025-08-28,2259296.4033206659
2025-08-29,2268906.5021231538
2025-09-01,2283199.1576999449
2025-09-02,2299154.5255402583
2025-09-03,2311556.7999396008
2025-09-04,2306179.8122463226
2025-09-05,2322754.6403934127
2025-09-08,2339776.2303665909
2025-09-09,2324920.2544943099
2025-09-10,2340225.5757961217
2025-09-11,2346470.0358164324
2025-09-12,2352545.0165905920
2025-09-15,2372076.6319857854
2025-09-16,2373379.9320146926
2025-09-17,2356724.2641396294
2025-09-18,2354989.2994457553
2025-09-19,2377668.8266055803
2025-09-22,2405890.7979303449
2025-09-23,2405015.4296800224
2025-09-24,2399475.4817477716
2025-09-25,2401819.1676145238
2025-09-26,2407815.4312023846
2025-09-29,2438229.4899755567
2025-09-30,2450891.2631744454
2025-10-01,2455323.5734152128
2025-10-02,2453325.5876374096
2025-10-03,2463682.2781666773
2025-10-06,2496775.4011289841
2025-10-07,2501466.9026021883
2025-10-08,2529464.5447183037
2025-10-09,2508286.9608897064
2025-10-10,2499408.3444044087
2025-10-13,2550089.2907214351
2025-10-14,2556627.4763306901
2025-10-15,2586411.8450959073
2025-10-16,2629367.8441451639
2025-10-17,2598028.5240475223
2025-10-20,2649584.2135991580
2025-10-21,2559598.7967457427
2025-10-22,2544662.4013788984
2025-10-23,2561380.0346312411
2025-10-24,2564016.8397957338
2025-10-27,2524793.5680347313
2025-10-28,2509191.6198577262
2025-10-29,2501675.3868717034
2025-10-30,2535636.1854875726
2025-10-31,2529999.6093402221
2025-11-03,2532645.5591365811
2025-11-04,2497498.3839652692
2025-11-05,2518991.5152601539
2025-11-06,2507571.0025309655
2025-11-07,2516098.4909652807
2025-11-10,2570631.4000974810
2025-11-11,2572931.1437332914
2025-11-12,2597038.1963719120
2025-11-13,2572786.0678298930
2025-11-14,2536844.9978778330
2025-11-17,2520929.4812399205
2025-11-18,2523924.8351861713
2025-11-19,2532292.0585854780
2025-11-20,2523725.2782062739
2025-11-21,2531445.9364184588
2025-11-24,2568221.6180464369
2025-11-25,2565074.2472569733
2025-11-26,2578413.9298407645
2025-11-27,2576870.8691110360
2025-11-28,2604045.3511803658
2025-12-01,2605908.1994664930
2025-12-02,2597312.3680962049
2025-12-03,2594254.7091233223
2025-12-04,2598851.6715649930
2025-12-05,2596755.7421642905
2025-12-08,2593761.0621670261
2025-12-09,2597597.1119481586
2025-12-10,2607768.4474914866
2025-12-11,2624401.5349167911
2025-12-12,2624194.7745677088
2025-12-15,2621127.8653388824
2025-12-16,2618826.3353344235
2025-12-17,2627598.6881137588
2025-12-18,2629439.8270491213
2025-12-19,2637194.9839969515
2025-12-22,2682205.5886876113
2025-12-23,2695502.3546769042
2025-12-24,2689280.0025146543
2025-12-25,2689554.6549848272
2025-12-26,2701616.4846146614
2025-12-29,2623909.4685304482
2025-12-30,2620329.6884573358
2025-12-31,2607993.7922988795
2026-01-02,2612540.4240315245
2026-01-05,2652875.6473849295
2026-01-06,2665581.0623219009
2026-01-07,2660644.4884228744
2026-01-08,2660333.5461511193
2026-01-09,2675363.4190862384
2026-01-12,2700730.7238243870
2026-01-13,2693872.0561686628
2026-01-14,2695497.7021222962
2026-01-15,2690524.0920883105
2026-01-16,2684821.0758653185
2026-01-19,2701623.7163726036
2026-01-20,2709528.3482515449
2026-01-21,2729531.6728277104
2026-01-22,2756539.8902719105
2026-01-23,2775347.7174339527
2026-01-26,2789768.9442484546
2026-01-27,2791977.0702127377
2026-01-28,2868511.7797309123
2026-01-29,2859360.7430300978
2026-01-30,2747160.6575790676
2026-02-02,2672908.3749553896
2026-02-03,2732311.4965235498
2026-02-04,2748817.9735754887
2026-02-05,2697655.7938379422
2026-02-06,2743941.5533942268
2026-02-09,2769276.5129580637
2026-02-10,2762831.6381972339
2026-02-11,2774446.4516960247
2026-02-12,2730856.7391793742
2026-02-13,2747708.6859718487
2026-02-16,2737534.7743356163
2026-02-17,2714238.5508334208
2026-02-18,2737667.4220637800
2026-02-19,2740258.9241174427
2026-02-20,2767445.9944185419
2026-02-23,2786967.7274725283
2026-02-24,2773257.4993748590
2026-02-25,2783270.0637287344
2026-02-26,2779388.1830986398
2026-02-27,2800642.9236673824
2026-03-02,2809348.5349024036
2026-03-03,2779755.6854543672
2026-03-04,2783909.7155780755
2026-03-05,2782091.3302546293
2026-03-06,2780477.3602151526
2026-03-09,2783661.4118505414
2026-03-10,2782819.3846369344
2026-03-11,2782325.9156930032
2026-03-12,2775138.1641234644
2026-03-13,2772524.2340343855
2026-03-16,2775024.6144979564
2026-03-17,2775800.8595401389
2026-03-18,2766776.7027873541
2026-03-19,2761856.5175780240
2026-03-20,2753074.3049965831
2026-03-23,2753598.4962308109
2026-03-24,2753586.4559905273
2026-03-25,2756780.7955217622
2026-03-26,2747718.8895694730
2026-03-27,2745860.2449342967
2026-03-30,2735718.9663916864
2026-03-31,2765966.1671500239
2026-04-01,2780911.7626642301
2026-04-02,2775942.9567663581
2026-04-03,2773704.4135444439
2026-04-06,2775067.5201006131
2026-04-07,2774956.5151304072
2026-04-08,2799148.9571349779
2026-04-09,2806343.0540822651
2026-04-10,2810831.1891243560
2026-04-13,2819542.4905661112
2026-04-14,2840732.9625759395
2026-04-15,2847674.6569170970
2026-04-16,2853262.5808588509
2026-04-17,2866016.2864106353
2026-04-20,2862296.4773774082
2026-04-21,2854340.6221613828
2026-04-22,2869888.7942159818
2026-04-23,2860471.5634475891
2026-04-24,2872247.8227231139
2026-04-27,2870259.2805558238
2026-04-28,2858766.0076701674
2026-04-29,2855045.9792294344
2026-04-30,2864602.3247921700
2026-05-01,2870605.6006272892
2026-05-04,2864969.2206604360
2026-05-05,2874520.0457737735
2026-05-06,2896181.4513173681
2026-05-07,2894239.4708102373
2026-05-08,2907429.5626523094
2026-05-11,2911512.6624195408
2026-05-12,2904342.6755308928
2026-05-13,2913983.5138558932
2026-05-14,2915366.2005836731
2026-05-15,2899685.3328027930
2026-05-18,2894460.5100395316
2026-05-19,2885578.3942024885
2026-05-20,2899609.9517286019
2026-05-21,2897761.1825569095
2026-05-22,2900862.7230058541
2026-05-25,2906019.8599120118
2026-05-26,2912203.5427604341
2026-05-27,2908288.6099012103
2026-05-28,2917357.3177528810
2026-05-29,2911797.6156115779
2026-06-01,2910737.2862397674
2026-06-02,2912210.0158665767
2026-06-03,2899449.7722351262
2026-06-04,2902131.6637990391
2026-06-05,2839591.1736669871
2026-06-06,2839608.8703985135
2026-06-07,2837820.5909280307
2026-06-08,2849543.0552312033
2026-06-09,2832280.1407799441
2026-06-10,2809325.4474801365
2026-06-11,2832790.6899753548
2026-06-12,2834783.3816751651
2026-06-13,2834801.1523322947
2026-06-14,2834818.7676943843
2026-06-15,2876963.9736332386
2026-06-16,2861405.9359746473
2026-06-17,2829287.2245106613
2026-06-18,2852772.8322173762
2026-06-19,2847124.1644781167
2026-06-20,2845589.3082934339
2026-06-21,2845600.4189062100
2026-06-22,2839031.2043239083
2026-06-23,2804782.0449570031
2026-06-24,2797916.5719585377
2026-06-25,2793093.1344236326
2026-06-26,2794896.0601706449
2026-06-27,2793251.8730535693
2026-06-28,2793262.9847465889
2026-06-29,2813748.7393955532
2026-06-30,2829546.0646018796
2026-07-01,2826522.9436829705
2026-07-02,2820575.3619328626
2026-07-03,2828284.2968415879
2026-07-04,2826389.5655358336
2026-07-05,2826400.6783092017
2026-07-06,2846513.3735067858
2026-07-07,2827449.1269380753
2026-07-08,2825916.9485257319
2026-07-09,2846350.9754611105
2026-07-10,2845150.6995917279
2026-07-11,2843506.2188692819
2026-07-12,2843517.3327231035
2026-07-13,2824313.3972844770
2026-07-14,2831075.3171283896
2026-07-15,2838432.6417445685
2026-07-16,2812372.7162841037
2026-07-17,2793198.4415834756
2026-07-18,2797261.9463589466
2026-07-19,2794257.3270959556
2026-07-20,2790790.6279653455
2026-07-21,2803827.4685745095
2026-07-22,2807471.3390478371
2026-07-23,2790992.9066423010
2026-07-24,2781093.7883965611
2026-07-25,2781084.8063408341
2026-07-26,2781099.8717666413
2026-07-27,2779585.6592923496
2026-07-28,2782101.0941963466
2026-07-29,2756370.2512211087
2026-07-30,2783866.0738158943
2026-07-31,2796732.6277291602
2026-08-01,2791260.3141319593
2026-08-02,2791275.3810225218
2026-08-03,2814078.5844538943
2026-08-04,2844088.3418698884
2026-08-05,2839733.3294670824
2026-08-06,2852359.4562399378
2026-08-07,2863774.1867614938
2026-08-08,2872617.3586841132
2026-08-09,2872632.4270395734
2026-08-10,2872647.4956043162
