horizon,factor,family,n_dev,dev_beta,dev_t,dev_p,val_beta,val_t,hold_beta,hold_t,val_ok,hold_ok,dev_bh_q
5,mom_gold_5,momentum,998,-0.00012413294544591136,-0.7584275329764348,0.4481950803617585,-0.00010874082218589743,-0.5928603112068122,3.639338321993497e-05,0.36052376429118704,1,0,0.547793987108816
5,mom_gold_10,momentum,998,-8.051763494687367e-05,-0.46377060783879714,0.6428121036175385,-4.45053677506967e-05,-0.22940109282870436,-8.771758255223878e-05,-0.7017110422675381,1,1,0.7375253555526193
5,mom_gold_20,momentum,998,0.00016843559218697926,0.9444384924461176,0.3449456191122761,-0.00017615967146008497,-0.8919075377270861,-7.580393953657851e-05,-0.6480427494456973,0,0,0.46276409934454427
5,mom_gold_60,momentum,998,-0.00010595160299640993,-0.6042136851242896,0.545701583570332,0.00010059751130823784,0.5042252749555421,-5.9025600100098606e-05,-0.5132704136807009,0,1,0.6533569980161799
5,mom_gold_120,momentum,998,-0.00024811386576088264,-1.1891590253200435,0.23437709498403106,0.00019700805688267824,1.4550865040600278,6.216763818895042e-05,0.6188496868166773,0,0,0.35256725399307237
5,mom_gold_252,momentum,998,-0.00017607003173503464,-0.8983944230931185,0.3689753086300666,8.154023048006893e-05,0.43281189845250606,7.388242731074154e-05,0.7463610960783907,0,0,0.4740120753203776
5,vol_gold_10,volatility,998,-0.0005815737200894191,-3.139877501870817,0.0016901849379258491,0.0002645105502042258,1.5543338862839955,-7.558603421918897e-05,-0.6178207249388102,0,1,0.011017501817590722
5,downvol_gold_10,downside_vol,998,-0.0002685453552606461,-1.4508592630843402,0.14681905338161289,8.35776909982886e-05,0.3597658785512376,-7.762300497466766e-05,-0.8163559546170376,0,1,0.25413623063990526
5,vol_gold_20,volatility,998,-0.0008075047893849955,-4.693642122631277,2.6838338084089804e-06,0.00022553517593888598,1.025696571124418,-0.0001305096295374542,-1.0892696408725133,0,1,0.00047235475027998053
5,downvol_gold_20,downside_vol,998,-0.000579703196621813,-3.367314274281818,0.0007590413409541149,0.00014340105589302936,0.5953462933304831,-8.779420990209765e-05,-0.9019825634136182,0,1,0.006361489333710678
5,vol_gold_60,volatility,998,-0.00036056787259479786,-2.1172539979608573,0.0342382968082034,6.959304974068196e-05,0.3934705353225376,-3.115695728815175e-05,-0.2807890543593585,0,1,0.103895521349031
5,downvol_gold_60,downside_vol,998,-0.00018384262678508497,-1.354642717223049,0.175531416588556,-2.124224334131453e-05,-0.1119681178508204,5.561145164418067e-05,0.5618570755239994,1,0,0.2808502665416896
5,vol_gold_120,volatility,998,-0.0002814611902606335,-1.5274602164192108,0.1266466126831547,8.431863077177145e-05,0.4449260836958942,5.709680352855691e-05,0.5875377679287397,0,0,0.23601590036399556
5,downvol_gold_120,downside_vol,998,-0.00017376546618953133,-1.0085227695927614,0.313203562357026,8.377193933414097e-07,0.004528620815377721,0.00012417648182277158,1.2484494138527096,0,0,0.44816119491737055
5,dd_gold_20,drawdown,998,0.00029408160916892816,1.6841006871979136,0.09216221158906318,-0.00022786261295301195,-1.1545969837795296,1.7019585695595046e-06,0.017362314396219325,0,1,0.1954283040924713
5,dd_gold_60,drawdown,998,0.00045090155156523025,2.9770971241099184,0.0029099181017161104,1.6587830556434113e-05,0.07931834775918739,1.3403459863538523e-05,0.1853637659897689,1,1,0.01652082535167856
5,dd_gold_120,drawdown,998,0.00023844060783881016,1.4969712082637048,0.1344007498929531,9.861641924901829e-05,0.5421328659391439,2.5847631977206493e-05,0.4502671556672565,1,1,0.23920461227131248
5,dd_gold_252,drawdown,998,-0.00030531243176913967,-1.3247252654065433,0.1852622901181206,6.168954311161475e-05,0.37908236884089513,3.5891782302584196e-05,0.5282919286118842,0,0,0.29374921676386684
5,ma_dist_gold_20,trend,998,2.834023395464696e-05,0.15535895279367806,0.87653834212481,-0.00015986184040938834,-0.8507554748305766,-4.3061055461630236e-05,-0.37615987917340227,0,0,0.9074749894939209
5,ma_dist_gold_60,trend,998,0.00015781399138892622,0.9558504098710976,0.33914781596408466,1.483868398946523e-05,0.07626753673930371,-2.331478850366625e-05,-0.20373008523620487,1,0,0.46276409934454427
5,ma_dist_gold_120,trend,998,-0.00018242814916952392,-0.9487472927867538,0.3427491545800738,0.00016818287960204898,0.9318598175664716,-2.4950341127882455e-05,-0.2187240718452932,0,1,0.46276409934454427
5,ma_dist_gold_252,trend,998,-0.00036270829310985865,-1.6939396955325172,0.09027674287579067,5.1906162209118425e-05,0.3941174124225079,2.026847980087942e-05,0.18595427929144973,0,0,0.1937647164163312
5,eff_gold_20,trend_efficiency,998,-5.424763309930943e-05,-0.2947953581816994,0.7681502125821231,3.1786818389119585e-05,0.1613441579911354,-8.781207282478489e-06,-0.08584581980937066,0,1,0.8294137264690409
5,eff_gold_60,trend_efficiency,998,-0.000336224098257701,-1.7161933112589147,0.08612666703027305,0.00014079219791713056,0.7380249893743851,-4.025386520579442e-05,-0.34623305621962347,0,1,0.18713942465837108
5,eff_gold_120,trend_efficiency,998,-0.00026403101819664864,-1.0989335905534432,0.2717970336729147,0.0001624087559559282,0.8890255090846999,5.6165685123657034e-05,0.50459473497291,0,0,0.3986356493869415
5,mom_nasdaq_5,momentum,998,-0.00031081456508823377,-1.8857618712366195,0.05932705115091928,-1.8189928842904167e-05,-0.1537846269253144,6.722686991131068e-05,0.6271049135268788,1,0,0.15226294814967795
5,mom_nasdaq_10,momentum,998,-0.0003024207026179164,-1.6394172839169567,0.10112638445766299,-3.9261536469191785e-05,-0.3090965386271159,-2.9171666075427833e-06,-0.028834833092196293,1,1,0.20949295457901687
5,mom_nasdaq_20,momentum,998,-0.00034211654365846693,-1.8666062042852245,0.06195660054987229,5.0006950156050344e-06,0.04560991649051756,-4.7567357320565355e-05,-0.4199745044250731,0,1,0.15577659566825033
5,mom_nasdaq_60,momentum,998,-0.00014917855696405983,-0.9391658543251797,0.3476455972586979,9.050661424309895e-05,1.2111532988073106,-1.222138666138319e-05,-0.08014209405052422,0,1,0.46276409934454427
5,mom_nasdaq_120,momentum,998,4.1544176535982034e-05,0.24245616920658403,0.808426715635933,4.46627673679172e-05,0.40537931627684254,7.890979562702872e-05,0.7225087801493462,1,1,0.8591402963312971
5,mom_nasdaq_252,momentum,998,-6.58859571079216e-05,-0.3198065014881246,0.749115018779362,0.00010341451899837734,0.8858184365910983,-4.611847988611037e-06,-0.05513211542157137,0,1,0.8138533537356032
5,vol_nasdaq_10,volatility,998,-0.0007012029216791045,-3.4511069015025075,0.0005582923871301426,0.00010084597634182824,0.7901842060066117,8.243511536640221e-05,0.4165774531481737,0,0,0.005639979274364479
5,downvol_nasdaq_10,downside_vol,998,-0.00030082213304952015,-1.4406200134999099,0.1496920631869069,0.00010544515566193307,0.7419228296460031,7.971158917026833e-05,0.6022733695587841,0,0,0.2557844963193749
5,vol_nasdaq_20,volatility,998,-0.0007362068885447107,-3.724668625933236,0.00019557194981578734,-3.0227804612145927e-05,-0.2524277417540503,5.632838302039999e-05,0.2755493416233125,1,0,0.0033093293154203836
5,downvol_nasdaq_20,downside_vol,998,-0.0003823444037186375,-1.7945195382524959,0.07273028292491081,-6.629485495539412e-05,-0.5842838138130727,0.00011830944130890291,0.7030639226991726,1,0,0.1753497232162233
5,vol_nasdaq_60,volatility,998,-0.0007805888205035031,-3.404932600176296,0.0006618038575137409,-0.00011038556081215201,-0.8884856032079229,3.156095991549531e-05,0.19493315634110603,1,0,0.00582387394612092
5,downvol_nasdaq_60,downside_vol,998,-0.0006628909286988642,-2.9833446617356274,0.0028511672373570315,-0.00010872707764457423,-1.0152546483883775,6.650225475327363e-05,0.4498844423447377,1,0,0.01652082535167856
5,vol_nasdaq_120,volatility,998,-0.0007414815692638141,-4.00410259206543,6.225334610553077e-05,-8.631060330557217e-05,-0.532617337251077,1.016730681520347e-05,0.09846538230905742,1,0,0.0031083165922714466
5,downvol_nasdaq_120,downside_vol,998,-0.0006761863934815705,-3.6884367610164297,0.0002256360896877534,-8.584383414258905e-05,-0.59209675802907,2.4225963844130203e-05,0.23982043371389164,1,0,0.0033093293154203836
5,dd_nasdaq_20,drawdown,998,1.2281100363829406e-05,0.06940330772678108,0.94466859608514,-3.515936192884798e-05,-0.3967857347784146,3.1219168160824347e-06,0.025920035646908812,0,1,0.9661564321518419
5,dd_nasdaq_60,drawdown,998,0.00020819778931994366,1.2746203023908684,0.20244366792383003,1.4706472099224335e-05,0.18517362650404515,-4.282955817212726e-05,-0.2662635468394029,1,0,0.3125446101280183
5,dd_nasdaq_120,drawdown,998,0.0005059676935114714,3.442287871398137,0.0005768160621509126,8.817041361581044e-06,0.1175995584163791,-2.5284114958421316e-05,-0.1679369805738775,1,0,0.005639979274364479
5,dd_nasdaq_252,drawdown,998,0.0005787917547946176,3.311772387650427,0.0009270693992653734,9.913095961719871e-06,0.13013349080845688,-1.8839671782842114e-06,-0.016365448156242877,1,0,0.007094096272639378
5,ma_dist_nasdaq_20,trend,998,-0.00032625424415412053,-1.7442063310603635,0.08112311777176841,-7.73607757500605e-05,-0.6388843222702597,1.2535741529552843e-05,0.12468191534393624,1,0,0.1812248166387977
5,ma_dist_nasdaq_60,trend,998,-0.0002346286455155703,-1.3816246971763528,0.16708696672535361,2.2605219807967297e-06,0.027086295165094827,-6.170243842925685e-05,-0.4444576130929756,0,1,0.278264630141452
5,ma_dist_nasdaq_120,trend,998,-2.812917803833215e-05,-0.17436795509320224,0.8615762966364053,-1.8057638100955508e-05,-0.23234594088267246,1.4685541751947157e-05,0.0936915409236025,1,0,0.8972628888047772
5,ma_dist_nasdaq_252,trend,998,1.1790432489425007e-05,0.06309876641232591,0.9496878566037992,-2.2745136702070677e-05,-0.2371217113007027,6.818062396334555e-06,0.05427339045279691,0,1,0.9661564321518419
5,eff_nasdaq_20,trend_efficiency,998,-6.504490277468191e-05,-0.3295449137685319,0.7417438517008375,7.86922556400146e-05,0.5580029348100343,-0.00012683954211994034,-1.470103356112951,0,1,0.8108504217350769
5,eff_nasdaq_60,trend_efficiency,998,-8.24739021574671e-05,-0.3942994210531652,0.6933599906686451,8.891816289932689e-05,0.5522954161496412,9.075064051692683e-05,0.9936242713455861,0,0,0.7723503693524147
5,eff_nasdaq_120,trend_efficiency,998,-0.00020058971111599187,-0.9198456914092308,0.35765340239436355,8.032648729708562e-05,0.44285005493424207,2.72718786074348e-05,0.2899744567214096,0,0,0.4636634671981093
5,mom_sp500_5,momentum,998,-0.0003045189821944505,-1.91318380148837,0.05572452648817507,0.00011681406641932778,1.2500430677350447,8.173361324291879e-05,0.8055682021163663,0,0,0.1485987373018002
5,mom_sp500_10,momentum,998,-0.0003276350486390948,-1.979995600754557,0.04770402301203198,1.606237439366403e-05,0.16478796217082733,2.6964842755940918e-05,0.2685119872314858,0,0,0.13326838174789885
5,mom_sp500_20,momentum,998,-0.00022424528689831872,-1.2023932963822441,0.22921118521265926,0.00010221859489976797,1.1613584692329169,-3.3242202478531044e-05,-0.28804177145035387,0,1,0.35079277041241763
5,mom_sp500_60,momentum,998,-7.889739072279563e-05,-0.4378388755904603,0.6615030875935657,3.146582269551193e-05,0.3571598177258769,1.5601163283778332e-05,0.10327423951115001,0,0,0.74680144431324
5,mom_sp500_120,momentum,998,0.00021842420539472236,1.3612971787176693,0.1734197942220649,4.5743273369557045e-05,0.3509025917946384,5.983248154715268e-05,0.5220247028493468,1,1,0.2800172824136094
5,mom_sp500_252,momentum,998,0.00027915551346915034,1.474930072120202,0.14023134446157542,9.5245934173698e-05,0.8584125983582833,2.3249310483515404e-05,0.24805352259132088,1,1,0.24680716625237273
5,vol_sp500_10,volatility,998,-0.00047996226258059026,-2.204545525998577,0.027486001931539817,6.361107998086675e-05,0.5202052001037368,8.673143987747306e-05,0.4407507658245933,0,0,0.08795520618092742
5,downvol_sp500_10,downside_vol,998,-0.00015662072775911868,-0.6669404135921561,0.5048101952353924,4.536508868230806e-05,0.3655902694594231,6.107114019497825e-05,0.4440144844036707,0,0,0.6085383175440346
5,vol_sp500_20,volatility,998,-0.0005637801505653685,-2.682464481429708,0.007308191189182826,-5.409366662086028e-05,-0.42887259231437874,2.799558028309513e-05,0.13594169176723542,1,0,0.0329805551101584
5,downvol_sp500_20,downside_vol,998,-0.0003155202577548489,-1.375481975403761,0.16898207001197066,-8.072559192447574e-05,-0.6877541692543133,5.429627216221299e-05,0.30739130215156724,1,0,0.278264630141452
5,vol_sp500_60,volatility,998,-0.0006675146618267496,-2.937636394040485,0.0033072465774445013,-3.804296462854948e-05,-0.27583663135798503,-8.342259587871922e-06,-0.04928226868072657,1,1,0.018189856175944756
5,downvol_sp500_60,downside_vol,998,-0.0005172117473843601,-2.2595333487024623,0.023850228296500343,-5.346782159657509e-05,-0.47534398508348835,1.8269886935084097e-05,0.11521509135134723,1,0,0.07920075811668038
5,vol_sp500_120,volatility,998,-0.0007386222103479569,-3.859315332452372,0.00011370514197194076,-5.133385883369281e-05,-0.29574060876668373,-3.604522162233554e-06,-0.03324766497012914,1,1,0.0031083165922714466
5,downvol_sp500_120,downside_vol,998,-0.000681812713863185,-3.4674952036668856,0.0005253331170667536,-6.853516693606712e-05,-0.42538132759605185,-5.25016827692606e-06,-0.04964067155791258,1,1,0.005639979274364479
5,dd_sp500_20,drawdown,998,0.0001108597995398215,0.5737671314984449,0.5661253935859928,7.312508199493114e-05,0.8819688848184551,1.0845982692130992e-05,0.08830181114371657,1,1,0.6687118743029176
5,dd_sp500_60,drawdown,998,0.00040938529263415054,2.265619221848852,0.023474707156561456,4.134533672220759e-05,0.5140563261576494,-1.2872664503305247e-05,-0.0797688076875601,1,0,0.07920075811668038
5,dd_sp500_120,drawdown,998,0.0005485498787882389,3.498875383509836,0.0004672248925051281,4.014864398123254e-05,0.48758768806279706,-4.219578536002171e-06,-0.026728631109256645,1,0,0.005639979274364479
5,dd_sp500_252,drawdown,998,0.0005607092113144818,3.1863028749713638,0.0014410365181587188,4.2237492493044965e-05,0.49602715484097154,8.325054882883173e-06,0.0596697350673593,1,1,0.009754708738305175
5,ma_dist_sp500_20,trend,998,-0.0003212976402037344,-1.79466398538667,0.07270725189482954,2.4871867213499738e-05,0.2639201852701523,4.252827461567124e-05,0.4369485007196681,0,0,0.1753497232162233
5,ma_dist_sp500_60,trend,998,-0.00016437433185455453,-0.9186371256765898,0.3582854064712663,2.9624646360744095e-05,0.3502184663176179,-3.529383703068755e-05,-0.2531775660961857,0,1,0.4636634671981093
5,ma_dist_sp500_120,trend,998,6.542328846721688e-05,0.3817464430532911,0.7026494476628768,-1.925113006247645e-05,-0.20607687822654794,1.9850592124631795e-05,0.12795208134229213,0,1,0.7777754892368951
5,ma_dist_sp500_252,trend,998,0.00024416440329740573,1.3697873379572165,0.17075329576861825,-1.5014733634548038e-05,-0.14230745621710233,2.1763633980394727e-05,0.1647838879867032,0,1,0.278264630141452
5,eff_sp500_20,trend_efficiency,998,-5.5547775082237746e-05,-0.2828162264323915,0.7773177150406388,5.6739878032844904e-05,0.4372736105078192,-0.00013467112376343862,-1.4664974926415322,0,1,0.8341946210192221
5,eff_sp500_60,trend_efficiency,998,2.3227810388563793e-05,0.09405893046661401,0.9250623444324741,-3.2978779829139985e-05,-0.21043758621862194,8.2691184777122e-05,0.8609322018395346,0,1,0.9521109509948272
5,eff_sp500_120,trend_efficiency,998,0.0002473088800128517,0.9585115434679009,0.33780487345633436,2.4392054206927297e-05,0.13637729303151658,1.4995441355260083e-05,0.15133950005143082,1,1,0.46276409934454427
5,mom_csi300_5,momentum,998,0.0002169462553650985,0.8485125192739892,0.39615260328971863,-0.00020711317780125997,-1.824575910463235,-0.00013340589917938,-1.625000911814551,0,0,0.49100604351401744
5,mom_csi300_10,momentum,998,0.0002636990680379908,0.8600994098987856,0.38973424648195926,-2.2962875563650487e-05,-0.16570066017294385,4.298663192693287e-05,0.4383649630602077,0,1,0.4864767899349279
5,mom_csi300_20,momentum,998,0.0006414817771903378,1.924496005664561,0.05429244092460213,1.0964964098119984e-05,0.07636156832805,0.00010666590513733388,1.1017295986034379,1,1,0.1485987373018002
5,mom_csi300_60,momentum,998,0.0005896060961336036,1.5334158947442609,0.12517341487923903,-1.8847952806797614e-05,-0.10001486882861503,-3.168978738151046e-05,-0.3435595650635628,0,0,0.23601590036399556
5,mom_csi300_120,momentum,998,0.0008255042103748691,2.471877618736511,0.01344055187590355,0.00010597287898853342,0.594298225204454,0.00018608396502231146,1.907069101693749,1,1,0.05147731398701363
5,mom_csi300_252,momentum,998,0.0009887336502839965,3.8227893328112956,0.00013195050801431693,6.690405904230465e-05,0.38567389247696815,0.0001226571841687816,1.2988494708856064,1,1,0.0031083165922714466
5,vol_csi300_10,volatility,998,0.0007424208097121561,2.601488037115603,0.009282030234834057,-9.682532145470604e-05,-0.7071856734592488,-2.6409551350644462e-05,-0.20529079143735623,0,0,0.03984481271538522
5,downvol_csi300_10,downside_vol,998,0.0005781940264012321,2.2345637947221055,0.025445999980246558,-4.350333103049003e-05,-0.33071400118139,6.04732325079224e-05,0.47768199878106266,0,1,0.08293511104672951
5,vol_csi300_20,volatility,998,0.0005441298791667713,1.742933507592192,0.08134523019582397,-0.00011431482383731788,-0.8120010863701838,-0.00016144318603910875,-1.1842980811034933,0,0,0.1812248166387977
5,downvol_csi300_20,downside_vol,998,0.00040685627423244733,1.370806904390307,0.1704351580598327,-0.00010207091355806346,-0.7478847388139317,-0.00015307369179399317,-0.8933899108556288,0,0,0.278264630141452
5,vol_csi300_60,volatility,998,0.0006458212341201203,2.578955377707684,0.009909958692234199,-0.00012833644341696731,-0.8145652139087352,-5.8915845282910874e-05,-0.6038900479174493,0,0,0.04056169139147021
5,downvol_csi300_60,downside_vol,998,0.0006617510798591901,2.4890855942901275,0.012807212782479156,-0.00010967177565201813,-0.687408378961494,-2.0038520316432264e-05,-0.17947484749328527,0,0,0.051228851129916625
5,vol_csi300_120,volatility,998,0.0003975289374310631,1.60321496715964,0.10888720216698276,-9.544728992082392e-05,-0.5100961621851473,0.00020181748313091675,1.9628435916766898,0,1,0.21527617446411967
5,downvol_csi300_120,downside_vol,998,0.0004913789748177445,1.8830470153783998,0.059693996717771466,-8.753055896508018e-05,-0.4680808218715122,0.00016819683604121365,1.5462296556597042,0,1,0.15226294814967795
5,dd_csi300_20,drawdown,998,-5.3167675722815546e-05,-0.2400061269830761,0.8103255067670189,3.143133162824305e-05,0.22957902244575662,0.0001283900091832024,1.3653878181822083,0,0,0.8591402963312971
5,dd_csi300_60,drawdown,998,0.00019351339539386555,0.9682196908461188,0.3329346628705682,4.84452511159101e-05,0.30746657406031985,0.00013853979015025295,1.465997444207503,1,1,0.46276409934454427
5,dd_csi300_120,drawdown,998,0.0003375595236091598,1.6096222175824864,0.10748035488346631,0.0001001541864608948,0.6030790540215308,7.158949926630958e-05,0.815932106679896,1,1,0.21527617446411967
5,dd_csi300_252,drawdown,998,0.0007664940558835642,3.689703428305908,0.0002245156345705821,0.00011586495066058915,0.717886694957012,0.00011155934634497388,1.3167406780238649,1,1,0.0033093293154203836
5,ma_dist_csi300_20,trend,998,0.0004517258891078595,1.5216347398247287,0.1281006278762358,-8.751675133779007e-05,-0.5951246855959972,3.6323854281605774e-05,0.4151534126247253,0,1,0.23601590036399556
5,ma_dist_csi300_60,trend,998,0.0006479061524075513,1.7833085175192014,0.0745360956589702,-6.172669416385168e-06,-0.034383145537618356,7.768933873180413e-05,0.8290501609428039,0,1,0.17626713777550507
5,ma_dist_csi300_120,trend,998,0.0008294442022771183,2.26301745509179,0.023634613302882433,3.503449814426993e-05,0.20199686409390372,4.8953379178974606e-05,0.5198665512953288,1,1,0.07920075811668038
5,ma_dist_csi300_252,trend,998,0.0010176201152811227,3.03611955526995,0.0023964432148169392,6.767766023993705e-05,0.3787559826786209,0.0001477166965484339,1.5911087228380265,1,1,0.01454393123475108
5,eff_csi300_20,trend_efficiency,998,0.0005193801619808906,1.8335609344527382,0.06671919561831705,4.760803082728012e-05,0.3172545762479543,1.0686308668741422e-06,0.01247062142871041,1,1,0.1653884285749831
5,eff_csi300_60,trend_efficiency,998,0.0004728898291104692,1.1761603934526224,0.23953078811747042,-0.0001222753679945319,-0.641476582050135,-0.00019280087721877797,-1.936378612925072,0,0,0.3547189151146473
5,eff_csi300_120,trend_efficiency,998,0.0007749935184017724,2.081652389381637,0.037374232384412676,0.00012776478576415596,0.7021308087060893,-5.2074343517691536e-05,-0.5636409754000196,1,0,0.10963108166094385
5,mom_shanghai_5,momentum,998,0.00024481701525179287,0.9351666628403332,0.3497024159819567,-0.00024701855613608976,-1.9499361573787666,-0.00015637719260853792,-1.9430353655842287,0,0,0.46276409934454427
5,mom_shanghai_10,momentum,998,0.00035075924212679606,1.1753909127786306,0.2398383573786536,-0.00011439032462294224,-0.7561342868552777,-1.5513904581085193e-05,-0.15030720120682053,0,0,0.3547189151146473
5,mom_shanghai_20,momentum,998,0.0007461154065874318,2.7263569397643113,0.006403770587542647,-5.855468600973864e-05,-0.38955299292144707,5.12725806582245e-05,0.5200136100059983,0,1,0.03164141724902622
5,mom_shanghai_60,momentum,998,0.000521469125142481,1.4491936968208965,0.14728349730267237,-4.4834321859481604e-05,-0.23347375729619035,-7.770069798638098e-05,-0.8361643110160119,0,0,0.25413623063990526
5,mom_shanghai_120,momentum,998,0.0009324810764907291,2.8910857751566086,0.003839133214185939,8.730509023054716e-05,0.4787499113791076,0.00020808993029247877,2.126981333097374,1,1,0.02047537714232501
5,mom_shanghai_252,momentum,998,0.001082309313095282,4.0620760216734295,4.8638231320299515e-05,6.321430287254705e-05,0.3653306367831806,9.472112121277818e-05,1.0014576636668806,1,1,0.0031083165922714466
5,vol_shanghai_10,volatility,998,0.0007420953240836307,2.7047197835230383,0.006836202980225168,-6.448161693712542e-05,-0.42660967113020354,5.883466685822413e-06,0.044326819614633285,0,1,0.03232036920271136
5,downvol_shanghai_10,downside_vol,998,0.000548035571155798,2.0942510936089715,0.03623761846309379,1.01847838657478e-05,0.07037031072785091,8.160483994846241e-05,0.6475567729711039,1,1,0.1080986584661781
5,vol_shanghai_20,volatility,998,0.0004761629348210272,1.4963879248302003,0.13455259440261327,-8.752013577991975e-05,-0.579191698573843,-0.00012043671546111457,-0.8083550831539568,0,0,0.23920461227131248
5,downvol_shanghai_20,downside_vol,998,0.00030422366311048135,0.981341704608846,0.32642426321448276,-7.861098809550415e-05,-0.5497334066693413,-0.0001233359785748477,-0.6737256600254321,0,0,0.46276409934454427
5,vol_shanghai_60,volatility,998,0.0006088577156055421,2.392554725217888,0.016731532718014214,-8.13479986694575e-05,-0.5003837786468779,-1.1121635654592689e-05,-0.10872109315975818,0,0,0.06009693384429596
5,downvol_shanghai_60,downside_vol,998,0.0006017918359755981,2.128834292758131,0.03326797261892453,-5.895040835096875e-05,-0.37388222888865386,1.90981272369086e-05,0.15362699697323662,0,1,0.10272216106895994
5,vol_shanghai_120,volatility,998,0.000379822159887852,1.508166798595056,0.13151184242728556,-7.296789356679562e-05,-0.38768811412739207,0.00021337640943921453,2.0912277940492725,0,1,0.23861942543507483
5,downvol_shanghai_120,downside_vol,998,0.0004735949479464231,1.7526722579071787,0.07965828028129152,-6.668026007238986e-05,-0.3643809062526693,0.00016977296890120273,1.533401730520087,0,1,0.1812248166387977
5,dd_shanghai_20,drawdown,998,-5.1724041958825454e-05,-0.2227142444419722,0.8237579143289099,-2.5006688481067747e-05,-0.16256222706262283,8.953169285373165e-06,0.09550908129330574,1,0,0.8681520534244799
5,dd_shanghai_60,drawdown,998,0.0001910826325448624,0.9531382043625465,0.34052005134309143,-7.486579843558953e-05,-0.4522321579053292,-5.81315716052498e-07,-0.005896865178705911,0,0,0.46276409934454427
5,dd_shanghai_120,drawdown,998,0.0003444732225683365,1.6334905075823805,0.10236587553292871,2.104801732937116e-05,0.13251926917722143,3.735906806133596e-05,0.39600834914058697,1,1,0.20949295457901687
5,dd_shanghai_252,drawdown,998,0.0007465708431611108,3.584104337728048,0.000338236866559822,6.337532243766829e-05,0.40686250553593445,8.474079207170337e-05,0.9532583261650815,1,1,0.004579206808809898
5,ma_dist_shanghai_20,trend,998,0.0005550798767908124,2.029421087637049,0.042415419042609155,-0.00016480202377009136,-0.9973963517922461,-2.3393197298162238e-05,-0.2611170384838286,0,0,0.12040506050805179
5,ma_dist_shanghai_60,trend,998,0.0006627894585543844,2.0574385153623314,0.03964406350410394,-8.219457909537836e-05,-0.452822186664671,2.6338322819281697e-05,0.26817172004569634,0,1,0.11438287174954578
5,ma_dist_shanghai_120,trend,998,0.0008474610734811822,2.463812957969212,0.01374678271244114,5.504682923044712e-06,0.03132560061048601,2.223061042355821e-05,0.2261016259945707,1,1,0.05147731398701363
5,ma_dist_shanghai_252,trend,998,0.0010641638388772287,3.292675902800035,0.0009923879803314698,5.074232669461444e-05,0.28220595271587096,0.0001194365155594267,1.260448550789103,1,1,0.007277511855764112
5,eff_shanghai_20,trend_efficiency,998,0.0006920866959642131,2.7228518162655084,0.006472108073664454,-7.803504246479732e-05,-0.6462671961887161,3.7030539579350143e-05,0.4354012970231088,0,1,0.03164141724902622
5,eff_shanghai_60,trend_efficiency,998,0.00044762599080206387,1.1915645165894133,0.23343204520087288,1.012105390795825e-05,0.05023798727840925,-0.00015661722441772915,-1.5211418954696794,1,0,0.35256725399307237
5,eff_shanghai_120,trend_efficiency,998,0.0008745168586944034,2.4002255362281866,0.016384973026915387,0.00010615525931731793,0.5056927790647633,-1.2013485579687995e-05,-0.12268205920770495,1,0,0.060078234432023085
5,rel_us_gold_10,relative_strength,998,-0.00015211538229506483,-0.8617521038537586,0.3888239467018551,1.4847425896732676e-05,0.12323850748163474,6.977050866547361e-05,0.6660825969052105,0,0,0.4864767899349279
5,rel_us_china_10,relative_strength,998,-0.0004695714472018534,-1.5358498183414755,0.12457521803970012,5.93199185175669e-05,0.3849576508518345,-1.759177210846308e-06,-0.019114218955274598,0,1,0.23601590036399556
5,rel_gold_china_10,relative_strength,998,-0.00031818925208688107,-1.0870034781503457,0.27703527255510935,4.4449213189231657e-05,0.28928494087595735,-7.762934653428643e-05,-0.6974230782624811,0,1,0.4029603964437954
5,breadth_10,breadth,998,9.499568388452585e-05,0.51150849302794,0.6089950429028199,-0.0002201245775797541,-1.3817817640909873,6.33427521253303e-05,0.6564463766790137,0,1,0.7051521549401073
5,dispersion_10,dispersion,998,0.00048522263419544095,1.717525087347238,0.08588327467517018,4.302996446723976e-05,0.30398504605707327,-6.835013642661922e-05,-0.6883934988323804,1,0,0.18713942465837108
5,rel_us_gold_20,relative_strength,998,-0.0003277675300116839,-1.9145789113945655,0.055546226685707946,0.00012854358287944337,1.068935869507433,2.0399647988577152e-05,0.14572229374095313,0,0,0.1485987373018002
5,rel_us_china_20,relative_strength,998,-0.0008166838006174274,-2.6978798808513664,0.006978261532403589,4.833876300244058e-05,0.3163139912098462,-8.963525334455914e-05,-0.9321896398137797,0,1,0.03232036920271136
5,rel_gold_china_20,relative_strength,998,-0.0005330213816359734,-1.7797686077655892,0.07511383712024364,-4.585393798551487e-05,-0.28865615295134645,-0.00011855623623918136,-0.9206244347932988,1,1,0.17626713777550507
5,breadth_20,breadth,998,0.00017580168790384625,0.923882933051578,0.35554726987316104,-0.00018944270425305752,-1.1511758615105168,-3.297138825277217e-05,-0.3256015561172795,0,0,0.4636634671981093
5,dispersion_20,dispersion,998,0.0005994693874999509,1.9021873384407126,0.05714666752432731,-8.205316983410078e-05,-0.5663525971535756,-0.0001440095827764138,-1.2099485899365834,0,0,0.15011661916838218
5,rel_us_gold_60,relative_strength,998,-2.3766483064385538e-06,-0.013499804042925414,0.9892290419396327,5.62311258804881e-06,0.06051685369664004,3.975176988845131e-05,0.2559628566685725,0,0,0.9929965886348132
5,rel_us_china_60,relative_strength,998,-0.0005426726953391103,-1.5978138677901277,0.11008440739642483,5.7101573333103955e-05,0.3269505001788515,4.807802138273993e-05,0.4023635392837555,0,0,0.21527617446411967
5,rel_gold_china_60,relative_strength,998,-0.0005434367062238786,-1.5191054876519612,0.1287359456530885,6.06821929112428e-05,0.32481264664041226,-8.565484433068348e-07,-0.007097608869421303,0,1,0.23601590036399556
5,breadth_60,breadth,998,0.00027495453225820707,1.3034987746249764,0.19240453445094555,0.0001432970635606818,0.9085009109446318,-9.217108001749069e-05,-0.8172596245793874,1,0,0.30234998270862873
5,dispersion_60,dispersion,998,0.00029916212876384367,0.7389438888757336,0.45994107028047254,1.561887574260309e-05,0.08156869212354532,-1.1854574728280663e-05,-0.08313753412848864,1,0,0.5582732990990563
5,rel_us_gold_120,relative_strength,998,0.0002571967174540639,1.3801131482200515,0.16755180960058488,-5.6603528228368916e-05,-0.5177379976488933,-7.922006911211319e-07,-0.005396600105635766,0,0,0.278264630141452
5,rel_us_china_120,relative_strength,998,-0.00074042487211141,-2.468072088193793,0.013584295960830762,-7.314724261370614e-05,-0.40121244602941925,-0.00013591108721456574,-1.2028974866733981,1,1,0.05147731398701363
5,rel_gold_china_120,relative_strength,998,-0.0008758809529967766,-2.587603753007195,0.009664608529201433,-5.0170135772549313e-05,-0.2857265877166667,-0.0001471662241214661,-1.2108600534279665,1,1,0.04049931193189172
5,breadth_120,breadth,998,0.0006827692500068906,3.469704716911877,0.0005210308351161803,9.504055667477992e-05,0.6245262097299249,8.929825414281259e-05,0.8350252942476664,1,1,0.005639979274364479
5,dispersion_120,dispersion,998,0.0007317388873253681,2.161747458347142,0.030637647380504684,8.05379325140497e-05,0.3892491277627566,-3.8869847897445916e-05,-0.34909194660548326,1,0,0.09628974891015758
5,rel_us_gold_252,relative_strength,998,0.00019467897702672192,0.969270311449916,0.33241033797301117,3.377051272251712e-05,0.25004842125822424,-5.6259234390137295e-05,-0.48437806422654345,1,0,0.46276409934454427
5,rel_us_china_252,relative_strength,998,-0.0009969077401128783,-3.8665544007236337,0.0001103838497191951,-4.164326207860257e-05,-0.23295911335162806,-7.77833047149844e-05,-0.7547924123326887,1,1,0.0031083165922714466
5,rel_gold_china_252,relative_strength,998,-0.0010443181851824495,-3.8059041109961123,0.0001412871178305203,-4.755852465757895e-05,-0.2814030625383997,-2.1561315243478453e-05,-0.22129705913833553,1,1,0.0031083165922714466
5,breadth_252,breadth,998,0.0007854093683890394,3.8872832340022354,0.00010137244479988676,0.00015452965584822256,1.1805140147771085,0.00020857252712084342,2.278470215254029,1,1,0.0031083165922714466
5,dispersion_252,dispersion,998,0.0009524477875355711,3.6908482383513186,0.00022350746591126707,9.004281832155268e-06,0.04912180546367157,-0.00013858433451625305,-1.466029336746616,1,0,0.0033093293154203836
5,state_cash_ratio,strategy_state,998,-0.000263317804769021,-3.0889625924833113,0.002008567275157078,-9.628992566724525e-05,-0.5592323215904834,-5.251039108375551e-05,-1.2134902204593583,1,1,0.012625280015273061
5,state_target_gross,strategy_state,998,0.00031241202456835194,3.319128117862778,0.0009029898983516542,6.779743222169668e-05,0.46269769932701904,5.096348064218931e-05,1.3469896052794983,1,1,0.007094096272639378
5,vix_level,vix,998,-0.0006628148037476821,-2.875929789103034,0.0040283930646242035,-8.124839091886281e-05,-0.5590836461537927,2.3843668314464416e-05,0.18798125435014992,1,0,0.020852858216878233
5,vix3m_level,vix_term,358,-0.0003897633165856132,-1.6364972190043297,0.10173556726067766,-0.00011038474550016067,-0.6429308810891998,8.577730785616275e-06,0.06992619723281836,1,0,0.20949295457901687
5,vix_term_ratio,vix_term,358,-0.0001574106606974564,-0.7699269116034313,0.4413432491754053,2.0139883977011946e-05,0.1544326886922373,7.099889189480673e-05,0.5920814863668407,0,0,0.5431916912928065
5,vix_term_spread,vix_term,358,-0.0002804891191592127,-1.5530397175786967,0.12041364623664749,1.3528544381789238e-05,0.12864227666033815,5.4602487439756456e-05,0.5029876661919831,0,0,0.23288793118296658
5,chg_vix_1,vix,998,4.2633823940382545e-05,0.4372395308313671,0.6619376438230992,5.444838615958756e-05,0.6010786476219656,-9.70051100724852e-05,-0.99476683258744,1,0,0.74680144431324
5,chg_vix3m_1,vix_term,357,5.079698755873395e-05,0.4602529254192741,0.6453346861085419,6.919593333837713e-05,0.7057017175879807,-8.433299440326506e-05,-0.8928875071197144,1,0,0.7375253555526193
5,chg_real10_1,real_yield,998,0.00011078325801418678,1.0403202351595908,0.29819114610005687,1.606974217733082e-05,0.15191935998825024,-8.5116633034477e-06,-0.15469470328784904,1,0,0.430177391095164
5,chg_vix_5,vix,998,0.0002817206872668226,1.7576355053992068,0.07880954804407043,-0.00010466044443810617,-1.1877465451654816,-1.0185995602036472e-05,-0.11983559115776166,0,0,0.1812248166387977
5,chg_vix3m_5,vix_term,353,5.738032629351297e-05,0.39746177144043926,0.6910269717146831,-0.00010334053929089647,-1.166427651563178,1.8539087292605165e-05,0.22794373882744898,0,1,0.7723503693524147
5,chg_real10_5,real_yield,998,0.00010328662545244091,0.549258564377608,0.5828280188143469,0.00019888551903918987,1.2823065457661238,6.529194574874696e-05,0.7124753471852416,1,1,0.6838515420755004
5,chg_vix_10,vix,998,0.0004385766065663258,2.656965539908745,0.007884750224870384,3.179895279064818e-05,0.3010638059297659,8.752423724153093e-05,0.6448157052029632,1,1,0.03469290098942969
5,chg_vix3m_10,vix_term,348,-9.581991438474336e-05,-0.5801583710173704,0.5618078236409689,4.455261833771512e-05,0.3942173017898788,7.041331699867476e-05,0.5561055633622443,0,0,0.6680957902757468
5,chg_real10_10,real_yield,998,8.198176256916195e-05,0.3560195200313932,0.7218259468195879,0.00025819111185536564,1.4562116183563403,-2.2568631361983207e-05,-0.25918588946830895,1,0,0.7940085415015468
5,chg_vix_20,vix,998,0.0004365759519718758,2.382645314966803,0.01718874649597812,-2.9413473950772777e-05,-0.2810734618751992,4.1026310608924525e-06,0.033561403663807526,0,1,0.06050438766584299
5,chg_vix3m_20,vix_term,338,-0.00010001629222714966,-0.5324681588917727,0.594401789271447,-4.205612581391472e-05,-0.38857155057865944,-2.7329794867992483e-06,-0.020876748398396372,1,1,0.6928126815349317
5,chg_real10_20,real_yield,998,-1.1473703802596725e-05,-0.04916040629279494,0.960791464294246,0.0003086055621357562,1.4315999730307347,2.887019709309784e-05,0.3287914974708984,0,0,0.9718350443436051
5,chg_vix_60,vix,998,0.0006021054852119212,3.2521178625829643,0.0011454851116745645,-0.00014278115007327724,-1.6345694943298874,3.473867230642621e-05,0.2657251973583119,0,1,0.008064215186188934
5,chg_vix3m_60,vix_term,333,-0.0002675628718481301,-1.29837528810494,0.19415840658763622,-0.00012486473730986933,-1.312070409806405,2.291833018882322e-05,0.16752026699213463,1,0,0.3024060138002122
5,chg_real10_60,real_yield,998,0.00021784664224534228,0.8713068933487965,0.38358660762129765,-0.00011296792682400238,-0.8120251634047326,-6.729974302181646e-06,-0.06106640562577996,0,0,0.48569239526149915
5,vix_z252,vix,998,0.00038412574630108584,1.6040220059258028,0.1087092020389981,2.4478657020502653e-06,0.01880572733830743,0.00010519473047744711,0.8896833958784113,1,1,0.21527617446411967
5,vix_pct252,vix,998,0.00022365864714933475,0.8867550373155811,0.3752107997723979,-2.0444703638055737e-07,-0.0013599326494764408,0.00014965055278390774,1.2757012902873248,0,1,0.4785297156517539
5,vixterm_z252,vix_term,333,2.8078109674801858e-05,0.18072596693609305,0.8565826757279056,9.75930533871342e-05,0.6031813723640693,6.173298185989586e-05,0.5892324454292921,1,1,0.8972628888047772
5,real10_level,real_yield,998,0.0007748736773636636,3.419175116620862,0.000628112892122546,-4.104993253597093e-05,-0.20465556864606932,3.0351883044901298e-05,0.3624718090942532,0,1,0.0058183088954509524
5,real10_z252,real_yield,850,2.5315622047012587e-06,0.008777587185172924,0.9929965886348132,-4.3596831229440924e-05,-0.31815650090603415,-4.4660783701051384e-05,-0.44603991592653086,0,0,0.9929965886348132
20,mom_gold_5,momentum,998,9.243041578886094e-05,0.21974134087111596,0.8260726061071553,-0.0003491928653376757,-0.8917445963788789,-0.00015375431133691963,-0.8045615240757926,0,0,0.8811441131809656
20,mom_gold_10,momentum,998,0.0005293957750148947,0.9657200014159285,0.3341843082130108,-0.0003132681670005609,-0.75486847723515,-0.00019109981357165755,-0.7179485732853985,0,0,0.4455790776173478
20,mom_gold_20,momentum,998,0.001019710331722157,1.5635287925306365,0.11792826883571753,1.1787676439876127e-05,0.025719761373320438,-5.890231754793775e-05,-0.19609755893706673,1,0,0.23524556390328635
20,mom_gold_60,momentum,998,-0.0007453485430286806,-0.8223021502622487,0.41090495323890036,0.0007456939842430437,1.3228710752506547,-0.00023171984417565995,-0.622084488373886,0,1,0.5022171650697671
20,mom_gold_120,momentum,998,-0.0013333215248729135,-1.480071693392947,0.1388541148223434,0.0009877281250812173,2.059403383323674,0.00025403860014356093,0.7441478039141647,0,0,0.25194148668796323
20,mom_gold_252,momentum,998,-0.0008521832198837944,-0.8461260446729055,0.3974824328878,0.0008219662793610007,1.3790249964509942,0.00041313101043111486,1.0123934356996698,0,0,0.5022171650697671
20,vol_gold_10,volatility,998,-0.0024139056148851233,-3.0754095384719853,0.002102136863346192,0.0006014271521142288,1.6057780054495672,-0.0005214183438686053,-2.225624752220788,0,1,0.015415670331205408
20,downvol_gold_10,downside_vol,998,-0.0018100933843196566,-2.3564110195619716,0.018452487842192496,0.00035955473080152687,0.8796341921983635,-0.0002775311912763173,-1.048290125059058,0,1,0.0649527572045176
20,vol_gold_20,volatility,998,-0.0022501607514126454,-2.760562734763799,0.005770187466015949,0.0006262270052596523,1.8427996984643285,-0.0005941246001184741,-2.413536277200525,0,1,0.027096265463366357
20,downvol_gold_20,downside_vol,998,-0.0019858079362793206,-2.4496044580649774,0.014301322087547771,0.00012327627340120634,0.37289815506797547,-0.00024656764991966523,-0.862717959884544,0,1,0.05477473027135486
20,vol_gold_60,volatility,998,-0.0009642492797638057,-1.211968939458216,0.22552427058700514,0.00013585580528546995,0.4577201311764742,5.7687204431486576e-05,0.17841493326220167,0,0,0.3363751832484145
20,downvol_gold_60,downside_vol,998,-0.000397281843519493,-0.5501753825879725,0.5821990866172231,-0.00011081875007842871,-0.4078050002307582,0.0005059001645390448,1.5343492114201691,1,0,0.6763587196615387
20,vol_gold_120,volatility,998,-0.00037549911970675656,-0.3444665393017547,0.7304954557912227,0.0002645768678219129,0.8779065039816397,0.0001954835601248999,0.7212157533819682,0,0,0.7936246927114519
20,downvol_gold_120,downside_vol,998,4.4464777602297216e-05,0.04033699747862971,0.9678244580470581,8.719487528815728e-05,0.2841940766806115,0.00047672395152150023,1.3858183404592355,1,1,0.9846075411345794
20,dd_gold_20,drawdown,998,0.0014311990971377635,2.178991966101311,0.029332265039894462,-0.00040164159401708823,-1.087250688735321,0.00015890175783682715,0.5667847444449824,0,1,0.09056980082493728
20,dd_gold_60,drawdown,998,0.0014279621590101638,2.3577312500598224,0.018386999088348503,0.0004990958162407357,1.077252165363791,0.00020985518419212816,0.8348999793647726,1,1,0.0649527572045176
20,dd_gold_120,drawdown,998,0.0006361044174900167,0.9308404477647393,0.35193610340438986,0.000557436118123442,1.4405053377737096,0.00017703332152922777,0.7952475585095815,1,1,0.4588204014753527
20,dd_gold_252,drawdown,998,-0.0017154402863599717,-1.4154832292099162,0.15692686216530505,0.00042489461464827215,1.3033306165068967,0.00021667874533365066,0.776900842750122,0,0,0.2669318989822599
20,ma_dist_gold_20,trend,998,0.0007203707353240609,1.2015587504054268,0.22953453132879453,-0.00031055170115255854,-0.7383451884146591,-0.00012968531499502606,-0.4744197114233331,0,0,0.33947964297367933
20,ma_dist_gold_60,trend,998,0.0006110851211630772,0.9397528285476353,0.3473443601704248,0.00044333950097982447,0.965420909864283,-0.00014002034185361028,-0.42844709394094105,1,0,0.4562134879850356
20,ma_dist_gold_120,trend,998,-0.0008339367582331842,-0.8953424068675778,0.3706040776455876,0.0009955255408157055,1.8969696084277916,-8.452510958289282e-05,-0.25098639104885057,0,1,0.4761045085082002
20,ma_dist_gold_252,trend,998,-0.0016676168403946994,-1.5410614046863977,0.1233018420284034,0.0007174794595664667,1.7761437146609411,0.00010212366145685836,0.28985488836188045,0,0,0.23588178474998908
20,eff_gold_20,trend_efficiency,998,4.167548821660058e-05,0.06620733883003418,0.947212754055233,7.193166986857787e-05,0.15913921738803752,0.0003059849826258929,1.009577970152377,1,1,0.9692409576379128
20,eff_gold_60,trend_efficiency,998,-0.0013885015391790578,-1.7003789519090846,0.08905966831901062,-0.00013807795317731107,-0.2520558770175285,-0.0002559360914681485,-0.6836679644427475,1,1,0.20095514902751113
20,eff_gold_120,trend_efficiency,998,-0.0017921038433457489,-1.7720612735866412,0.07638438652167615,0.0009029820443524334,1.4106893106068086,0.00027582627344959637,0.6730604611362582,0,0,0.18671738927520837
20,mom_nasdaq_5,momentum,998,-0.0008694104572606246,-1.5667365607640227,0.11717628123075927,-5.561300551546282e-06,-0.02065351528496436,-7.608568055162683e-05,-0.30323045479162575,1,1,0.23524556390328635
20,mom_nasdaq_10,momentum,998,-0.0011194017202060711,-1.6856319981518246,0.09186670208150412,6.525553907557808e-06,0.0207782470718168,-0.0002813955412256354,-0.8084051263603643,0,1,0.20466505780183195
20,mom_nasdaq_20,momentum,998,-0.0010633247246294635,-1.4154078030540886,0.15694896309669887,0.00014545525937567476,0.6727244581947021,-0.0005076372963546603,-1.1557793221996733,0,1,0.2669318989822599
20,mom_nasdaq_60,momentum,998,1.3383338337868438e-06,0.0014866111163601866,0.998813856379237,7.545922091189911e-05,0.31030659135658106,-2.2774595281900104e-05,-0.043254282888501444,1,0,0.9988138563792371
20,mom_nasdaq_120,momentum,998,0.0001525870781435883,0.17913254420158056,0.8578336287046838,-7.209696484832967e-05,-0.15966456070969662,9.23768064826022e-05,0.28898913727253306,0,1,0.9042722635728552
20,mom_nasdaq_252,momentum,998,-0.0003476411149746253,-0.36686383805997963,0.7137205865647724,0.0005124221325004615,1.099187130350137,-8.462312485284136e-05,-0.2574142203865256,0,1,0.7802162933875774
20,vol_nasdaq_10,volatility,998,-0.002631113284223776,-3.2601610001389045,0.0011134898742372983,0.00012858731911825162,0.2542917375444957,-8.511204873563352e-05,-0.24326701405717072,0,1,0.011527895168574382
20,downvol_nasdaq_10,downside_vol,998,-0.0011161077471808323,-1.2726804692759726,0.20313145087991027,3.9560796076088094e-05,0.09022116682351977,0.0001872357445968218,0.4772237330670966,0,0,0.31638172880410803
20,vol_nasdaq_20,volatility,998,-0.0026898412828028568,-3.301068281822674,0.0009631743869512133,-7.65726336424536e-05,-0.20198616142127732,-0.0001011219762943588,-0.2749270793082892,1,1,0.011526180899229958
20,downvol_nasdaq_20,downside_vol,998,-0.0013698863409508293,-1.3713964571946595,0.17025140127873556,-0.00011077534905602999,-0.3717054829285547,0.0002182720621533765,0.4687454315593888,1,0,0.281603272043132
20,vol_nasdaq_60,volatility,998,-0.003071335587267397,-2.9982148967071254,0.0027156611124436354,-0.0003036293958346511,-0.7843366164763507,-5.1113870495643176e-05,-0.15134016557878877,1,1,0.016234308144841815
20,downvol_nasdaq_60,downside_vol,998,-0.002826864612832887,-2.864021526786232,0.004182995829150946,-0.0002776159434452252,-0.8999294074937438,0.00011228683292045405,0.27244367347866366,1,0,0.02224784326876215
20,vol_nasdaq_120,volatility,998,-0.0026355349199579706,-3.492454543655792,0.00047860304829108215,-0.00016034902191607855,-0.2595013275826813,1.5682381362623735e-05,0.06073800956705947,1,0,0.010529267062403808
20,downvol_nasdaq_120,downside_vol,998,-0.0024162851853265985,-3.4185685678135025,0.0006295145443081666,-0.00010730435470675343,-0.20283842627452162,0.00011621001445161726,0.39960942425885376,1,0,0.011000443500466032
20,dd_nasdaq_20,drawdown,998,0.0003897969558908506,0.49984552728590453,0.6171838506252374,9.058312534450466e-05,0.35999282087435225,-0.0003233948347055821,-0.6827076716344158,1,0,0.6941591515937103
20,dd_nasdaq_60,drawdown,998,0.001167246625652071,1.547075418436998,0.12184506063882752,6.873238389733714e-05,0.2362548837345054,-0.00017966167890001383,-0.3654846763543808,1,0,0.23588178474998908
20,dd_nasdaq_120,drawdown,998,0.002196754110227425,3.6310471801214668,0.0002822735717102096,6.58549315135099e-05,0.22302758514339432,-8.61651514694552e-05,-0.18890828726417672,1,0,0.010051741946340375
20,dd_nasdaq_252,drawdown,998,0.002175354053858639,3.1975518919132484,0.0013859947178142705,6.952543131041391e-05,0.22970291721379102,8.352482546555208e-06,0.023618814800399398,1,1,0.01283868791238482
20,ma_dist_nasdaq_20,trend,998,-0.0011871199915770708,-1.6624067317441866,0.0964312500703798,3.17216662455578e-05,0.10886312063259387,-0.00036264810209823983,-0.9306076130636467,0,1,0.20952962978255363
20,ma_dist_nasdaq_60,trend,998,-0.0005731426516616453,-0.7132843160114877,0.4756698406957116,0.00014821113057637185,0.7623810395788421,-0.00025026159335683187,-0.49228199988479365,0,1,0.5734102189208578
20,ma_dist_nasdaq_120,trend,998,0.00013272435433035824,0.1467461658179988,0.8833323779706472,-2.0721733235965e-05,-0.07564748871223595,0.00011040907718532548,0.21781037679179516,0,1,0.9199201096025675
20,ma_dist_nasdaq_252,trend,998,-9.770033459183326e-05,-0.10509614686668634,0.9162995167283472,3.721891304528462e-05,0.10275729304235542,6.512543309766701e-05,0.159513404823382,0,0,0.9430919002584158
20,eff_nasdaq_20,trend_efficiency,998,-0.0006837203300625523,-1.0655426104347365,0.28663045384668473,0.00024151718048433317,0.6007251690422112,-0.00010107416165567614,-0.3358984987413152,0,1,0.4068303215888428
20,eff_nasdaq_60,trend_efficiency,998,0.0006369918520390311,0.49695396351801413,0.6192215159102985,0.0002144253523304661,0.3994519663016664,0.00023573735125330034,0.7219671739474391,1,1,0.6941591515937103
20,eff_nasdaq_120,trend_efficiency,998,-0.0008299479678250196,-1.118770974390805,0.2632378574575603,-1.2522529638498537e-05,-0.018037871378321694,-0.00018015618059734182,-0.523280432281923,1,1,0.37975297469287383
20,mom_sp500_5,momentum,998,-0.0007616068677686981,-1.312657388944759,0.1892984221176702,0.00018111950526034987,0.9341248929837586,-2.9836753362507282e-05,-0.12480021049798579,0,1,0.3028774753882723
20,mom_sp500_10,momentum,998,-0.0008957556510020068,-1.346046621142444,0.1782874816935085,0.00014511361787316926,0.6884464960992374,-0.00023063283591295548,-0.6783256619593799,0,1,0.2905425627597916
20,mom_sp500_20,momentum,998,-0.0007953940639932439,-0.9874950816531056,0.3233999928631915,0.00020952860126329404,0.9025570024200551,-0.0004458394684064487,-1.0397690394695367,0,1,0.43837790120196685
20,mom_sp500_60,momentum,998,-2.9553977901690417e-05,-0.030869602220269403,0.9753735322786816,-0.00018029596787165386,-0.5305233224346203,-2.4682195553236048e-05,-0.04944117837606691,1,1,0.9865847223048734
20,mom_sp500_120,momentum,998,0.0008793907012027972,0.9931683946006612,0.3206278977662796,-0.0002649937178034192,-0.5338870611109847,2.3597181392072663e-06,0.006629832714236544,0,1,0.43837790120196685
20,mom_sp500_252,momentum,998,0.001055108338742429,1.4017036878370175,0.1610037489348246,0.00040269650211060214,0.9571820647386581,8.082756634365779e-05,0.23942846259397849,1,1,0.2698729505955155
20,vol_sp500_10,volatility,998,-0.0019898341929844537,-2.2363171708293024,0.025331002467956002,5.6032488800305836e-05,0.11079854594446265,-0.00017314415825760263,-0.56068054983017,0,1,0.07961172204214743
20,downvol_sp500_10,downside_vol,998,-0.0008644673003536938,-0.8327002129640811,0.4050138243895974,-6.696863507918899e-05,-0.15642474597072906,-2.280456184716399e-05,-0.06928912975850308,1,1,0.5022171650697671
20,vol_sp500_20,volatility,998,-0.002080001874881098,-2.480112891441074,0.013134079185164233,-8.41448711285844e-06,-0.018958761577843042,-0.0002524822915063704,-0.8232767286897745,1,1,0.05253631674065693
20,downvol_sp500_20,downside_vol,998,-0.0010660973805161796,-0.992758901823828,0.3208274626685463,-5.85909754414767e-05,-0.16572020462873396,-5.39772303559751e-05,-0.1434746520900579,1,1,0.43837790120196685
20,vol_sp500_60,volatility,998,-0.002737916926538352,-2.689911925899492,0.007147087899962337,-1.9118938326109018e-05,-0.039081049409344155,-0.0002032443879956011,-0.7137703081160058,1,1,0.030680182204716373
20,downvol_sp500_60,downside_vol,998,-0.00228424318207345,-2.295841875426673,0.02168492414407849,-6.616048958181604e-05,-0.17582900572738974,-3.046706974973226e-05,-0.08284977664653775,1,1,0.0748342480266238
20,vol_sp500_120,volatility,998,-0.0027179238095262253,-3.348489785696169,0.0008125327585571502,-3.921331876269877e-05,-0.057882383470926904,-2.6625776506100485e-05,-0.10004371287867952,1,1,0.011000443500466032
20,downvol_sp500_120,downside_vol,998,-0.0025421215543759462,-3.0811334790169176,0.0020621418319693953,-2.9266568468927968e-05,-0.04740722655450241,2.0418726172410567e-05,0.0727484311391609,1,0,0.015415670331205408
20,dd_sp500_20,drawdown,998,0.0008314415673688915,0.9425717301332135,0.3459000054061523,5.377795344316025e-05,0.21003127599182247,-0.00025393554796493504,-0.5412935133803645,1,0,0.4562134879850356
20,dd_sp500_60,drawdown,998,0.0017391429511624124,2.2417657563540865,0.02497651549733902,-7.312398376642708e-06,-0.02278594386868219,-5.432590314911325e-05,-0.11548653080962697,0,0,0.07961172204214743
20,dd_sp500_120,drawdown,998,0.002212584460389882,4.14417195617935,3.410437712364515e-05,1.544571002923665e-05,0.04408288338875409,-1.4658956213583402e-05,-0.03204645223317779,1,0,0.006002370373761546
20,dd_sp500_252,drawdown,998,0.0020761928754999713,3.05014681302131,0.002287295267097165,2.228867772308955e-05,0.06108159813562686,3.802493888630817e-05,0.09406774091148419,1,1,0.015483229500350042
20,ma_dist_sp500_20,trend,998,-0.0009269264684066167,-1.2872953919137036,0.1979913490908708,0.00018854328956996105,0.8704920378370415,-0.00029646390765972007,-0.7700758939641663,0,1,0.31112926285708264
20,ma_dist_sp500_60,trend,998,-0.0004784413607975526,-0.5186227246201897,0.6040238589346676,7.66357520155701e-06,0.029961968605647624,-0.00020527786759615927,-0.42169904923981566,0,1,0.6858593495000097
20,ma_dist_sp500_120,trend,998,0.0004388110340066563,0.4494322997439592,0.6531198353424637,-0.00018164559710212515,-0.5037517007740858,6.409512484902095e-05,0.13139029623872148,0,1,0.71843181887671
20,ma_dist_sp500_252,trend,998,0.0008105242373284339,0.9735570543820781,0.3302765184997283,-0.00012695830150047008,-0.3116718886087168,6.388218469068578e-05,0.1536904273090368,0,1,0.4437302843965815
20,eff_sp500_20,trend_efficiency,998,-0.0004517164536066338,-0.6043503809706372,0.5456107173228655,0.0004806200268852086,1.021860788460889,-4.042909619398124e-05,-0.13675695409753774,0,1,0.6488343665461103
20,eff_sp500_60,trend_efficiency,998,0.0007665947689296504,0.5470406079530318,0.5843508340675564,-0.0003703890353416548,-0.6109299239551689,8.310524772026113e-05,0.2283173988939498,0,1,0.6763587196615387
20,eff_sp500_120,trend_efficiency,998,0.0009854738960338124,0.8725395197610789,0.3829141184161538,-0.0003580267201248008,-0.5837625143687065,-0.00022532692709244446,-0.5829251319324978,0,0,0.48835423798002225
20,mom_csi300_5,momentum,998,0.0013583450363585212,1.449829036922573,0.14710620008623315,-4.324319021182601e-05,-0.15332507854753205,0.00018867800368096828,1.08144176012349,0,1,0.25890691215177036
20,mom_csi300_10,momentum,998,0.0018747280222616658,1.5116331873180033,0.13062720408304845,0.00013485959282274774,0.4029377548553908,0.0004581646830656618,1.7511297616956976,1,1,0.24185241988686854
20,mom_csi300_20,momentum,998,0.0025886300858878057,2.1660699062509603,0.030305845419943588,0.00017036546595335027,0.4634201228515798,0.0004837573960821009,1.5204457930195072,1,1,0.09196256541224261
20,mom_csi300_60,momentum,998,0.0030451529123669222,2.8554285796965098,0.004297878813283597,-0.00014111572357083027,-0.3655149534424991,-9.373236752386285e-05,-0.33103930938578713,0,0,0.02224784326876215
20,mom_csi300_120,momentum,998,0.0032879968602596613,3.051328708710204,0.002278310023490447,0.00019193991170686738,0.6703064095229229,0.0008424399724348907,2.029586165329889,1,1,0.015483229500350042
20,mom_csi300_252,momentum,998,0.003780963527808023,3.2955349131626357,0.0009823449630025531,0.00013255775692876448,0.5270319609429209,0.0005344410419114746,1.4333106566303941,1,1,0.011526180899229958
20,vol_csi300_10,volatility,998,0.0019401312467446615,1.7482485320410879,0.08042100113391967,-0.0004229744961908414,-1.0637918129599173,-0.0005420236900521451,-2.7518564567012445,0,0,0.18977661712890917
20,downvol_csi300_10,downside_vol,998,0.0012129763118582304,1.2330890446277973,0.21754254434370168,-0.00036701945803774933,-0.9480230930150216,-0.000554617619970471,-2.653713915684165,0,0,0.3272434855084743
20,vol_csi300_20,volatility,998,0.0020101967833679865,1.6058093539265221,0.10831580478582506,-0.0004542831749044798,-1.0074366354073256,-0.0006280876848917406,-2.486338754187965,0,0,0.22291305013689763
20,downvol_csi300_20,downside_vol,998,0.0015906947810839136,1.255153676596034,0.20942297803028856,-0.0004060970384917625,-0.9007145826730317,-0.0006366443756766102,-2.5092246025199305,0,0,0.3205082098550503
20,vol_csi300_60,volatility,998,0.0023176688435793953,1.7423262949499088,0.08145136481055848,-0.0005509981633887959,-0.963468572078935,-4.828849944916219e-05,-0.15944695608141507,0,0,0.18977661712890917
20,downvol_csi300_60,downside_vol,998,0.0021342361411247177,1.4520780453500712,0.14647990572249137,-0.00042683201980978904,-0.7096986920302882,3.737948797798393e-05,0.10810086892801364,0,1,0.25890691215177036
20,vol_csi300_120,volatility,998,0.0017147792079634872,1.4127389800698944,0.15773248576224447,-0.00045288150227043166,-0.6834375024591757,0.0010401622560070715,2.3366500999996314,0,1,0.2669318989822599
20,downvol_csi300_120,downside_vol,998,0.002079709383271738,1.7394878146679604,0.08194899376021078,-0.0003861242427845027,-0.5528952415400378,0.0008878839650821582,1.920747418894183,0,1,0.18977661712890917
20,dd_csi300_20,drawdown,998,0.00034176760583203025,0.3356432624023543,0.7371398959755471,0.0002252976126374055,0.5845333631752664,0.0007330875152168653,2.429332055135638,1,1,0.7959301944275846
20,dd_csi300_60,drawdown,998,0.0013603071427040394,1.4350717568698101,0.15126665075958776,0.00029124877346955064,0.511002899837218,0.0006048441964484883,1.5437611645352254,1,1,0.26359337162066776
20,dd_csi300_120,drawdown,998,0.0018511644267218946,1.8094868416538277,0.07037540256575099,0.00045456913152412497,0.6907017376145168,0.00016395323168033306,0.46973214386445317,1,1,0.17694386930817393
20,dd_csi300_252,drawdown,998,0.003126580712348481,3.153009337413289,0.0016159663779209679,0.0005216310610503133,0.8014321255509589,0.0004449378446655674,1.3166257369240897,1,1,0.014220504125704516
20,ma_dist_csi300_20,trend,998,0.0022532021140849318,1.8163578587467675,0.06931549514506134,0.00010927848220502296,0.3128928720446817,0.0004674616043779766,1.6396940567426908,1,1,0.17680474123957676
20,ma_dist_csi300_60,trend,998,0.002774322829679749,2.4414764397310793,0.01462734274291863,-8.653860326287296e-05,-0.18498263102264853,0.000277352784326297,0.8709096985589535,0,1,0.05477473027135486
20,ma_dist_csi300_120,trend,998,0.003505917667128869,3.2603660177548224,0.0011126852295674384,0.00010305254301541314,0.27299207060514025,0.00024009143239382737,0.7678905962467786,1,1,0.011527895168574382
20,ma_dist_csi300_252,trend,998,0.0041373080793209085,3.5410731670068802,0.00039850305363817027,0.00016154591152436247,0.5463023991291811,0.000604515693365968,1.583832136692797,1,1,0.010051741946340375
20,eff_csi300_20,trend_efficiency,998,0.0019857023078153594,1.6326522358456468,0.10254215840979393,0.0004783254773203306,1.197511813591279,1.8977179858568443e-05,0.06926617749589184,1,1,0.22009048634297232
20,eff_csi300_60,trend_efficiency,998,0.0026146173566950455,1.9127929618965636,0.055774562531624355,-0.0004859031595135226,-0.8028285995831712,-0.0010028423898805355,-2.778731523316625,0,0,0.15102035393178287
20,eff_csi300_120,trend_efficiency,998,0.00309684360344547,3.012321179659432,0.0025925813250531294,-1.611895907664965e-06,-0.00399221800603676,-9.812834794345366e-05,-0.31231491363871566,0,0,0.016234308144841815
20,mom_shanghai_5,momentum,998,0.00157287260085118,1.7129620616597236,0.08671951938276301,-0.0002175545183779332,-0.7251766067429103,9.922077699923529e-05,0.5455450863626543,0,1,0.19821604430345832
20,mom_shanghai_10,momentum,998,0.00206517158389216,1.756359587559834,0.07902702864868813,-0.0001034932279991067,-0.28055737999880004,0.0003175147211537602,1.1808174375661438,0,1,0.18977661712890917
20,mom_shanghai_20,momentum,998,0.002611300397231586,2.251650881960067,0.024344342912636315,-6.01399512330566e-05,-0.1672308855538584,0.0003702767739831345,1.1283782824394382,0,1,0.07961172204214743
20,mom_shanghai_60,momentum,998,0.002539275213781305,2.5722367810497113,0.010104375868273589,-0.00016172842461876374,-0.5611049633855647,-0.00021933241339104504,-0.8063067469075479,0,0,0.04135744541432911
20,mom_shanghai_120,momentum,998,0.0035313418741243865,3.625829705561686,0.00028803513269539223,0.00013830380240870358,0.5212236372964092,0.0009443226069473342,2.3720831273212566,1,1,0.010051741946340375
20,mom_shanghai_252,momentum,998,0.004129328340403444,3.540225558808122,0.0003997851910476286,0.00013777868505498178,0.53192950190052,0.0004628733838891473,1.2682185106303976,1,1,0.010051741946340375
20,vol_shanghai_10,volatility,998,0.001657567303624637,1.5591562432759662,0.11895940447382095,-0.00030605326682033425,-0.7476427420000135,-0.0003639628333398436,-2.1054412315808757,0,0,0.23524556390328635
20,downvol_shanghai_10,downside_vol,998,0.0008239110601593094,0.8242078642458667,0.40982145932162684,-0.000242021754315142,-0.6115902651007832,-0.00041402648254672877,-2.4142723306488154,0,0,0.5022171650697671
20,vol_shanghai_20,volatility,998,0.0016847203021150483,1.3683517826874154,0.17120198925349503,-0.00030648208571931734,-0.6678631703215131,-0.00034896244108718926,-1.2241165516709815,0,0,0.281603272043132
20,downvol_shanghai_20,downside_vol,998,0.0011098549955205806,0.8379040248493992,0.40208460811763985,-0.0003185328521238268,-0.7313847864313674,-0.00043128103855236507,-1.751566799110821,0,0,0.5022171650697671
20,vol_shanghai_60,volatility,998,0.0021324461177191965,1.532193182298141,0.1254747704425556,-0.0003932438987592262,-0.6815445074412135,9.550650517811005e-05,0.2913279173368809,0,1,0.2374576300848364
20,downvol_shanghai_60,downside_vol,998,0.001911683373185048,1.1773698727378459,0.23904790927195269,-0.00028655377558708457,-0.4968299266194115,0.0001686985313794601,0.47169303760927356,0,1,0.34932150978271226
20,vol_shanghai_120,volatility,998,0.0016190008818849262,1.2899402543752876,0.19707140284829006,-0.00038381106994181483,-0.6026766476298234,0.001098831913906178,2.6027653343990993,0,1,0.31112926285708264
20,downvol_shanghai_120,downside_vol,998,0.0020079762773887746,1.6030508760181175,0.10892342222598407,-0.00034951030680274324,-0.5440688359865026,0.000918634930033673,2.1071553308604427,0,1,0.22291305013689763
20,dd_shanghai_20,drawdown,998,0.0005148725071670517,0.5417787493458044,0.5879709324330422,3.724800398551787e-05,0.08678964851983761,0.00036671293240356386,1.0622119359718496,1,1,0.6763587196615387
20,dd_shanghai_60,drawdown,998,0.0014449461359407013,1.5233811693794197,0.12766337035838116,-0.0001896923018511234,-0.32088688209840277,0.00019909635011936412,0.5486770908264808,0,1,0.2390292891816498
20,dd_shanghai_120,drawdown,998,0.0019763168397482697,1.9236117515787357,0.05440326693750029,0.00024413717620174865,0.4051170433483832,0.0002596099384705068,0.7764667146514559,1,1,0.1496089840781258
20,dd_shanghai_252,drawdown,998,0.0030967607971060626,3.0925379848615906,0.0019845283419074665,0.000385848944971058,0.6247008667815082,0.0004535700036451499,1.3920003781333687,1,1,0.015415670331205408
20,ma_dist_shanghai_20,trend,998,0.002445598282847137,2.089928481826326,0.036624224628453016,-0.0001340539471585239,-0.34364473818473973,0.00032386365906696916,1.1178206676772224,0,1,0.10925192431538526
20,ma_dist_shanghai_60,trend,998,0.0025271475787988365,2.243114193895759,0.024889451603925517,-0.00027328694876115127,-0.6791905339264046,0.0001447799675916261,0.46254445145489786,0,1,0.07961172204214743
20,ma_dist_shanghai_120,trend,998,0.003414518280180376,3.2132534613568073,0.001312404161347489,5.031172253181165e-05,0.18790168898525397,0.0002225307711004719,0.755014042746107,1,1,0.012832396244286559
20,ma_dist_shanghai_252,trend,998,0.004227437903273706,3.7543071184996384,0.000173821634492176,0.00012658527390503458,0.4849159452379846,0.0005533041774828728,1.531747560143803,1,1,0.010051741946340375
20,eff_shanghai_20,trend_efficiency,998,0.0023773754881531452,1.8818907123265012,0.05985085573898214,8.230193617843359e-05,0.26293737859489463,0.00014980914812769003,0.5898424199707593,1,1,0.15722015835911726
20,eff_shanghai_60,trend_efficiency,998,0.0022932178896382808,1.5065754979829056,0.13191950175647374,0.0004231626300680296,1.1281683073268183,-0.0008043477982378463,-2.2550412244276696,1,0,0.24185241988686854
20,eff_shanghai_120,trend_efficiency,998,0.0033080781662745305,3.0135690615421837,0.002581942682237893,4.810459921141191e-05,0.07758607589940493,7.682525988253872e-05,0.22147746979177313,1,1,0.016234308144841815
20,rel_us_gold_10,relative_strength,998,-0.0011120105450196584,-1.8709496117047333,0.061352065523861875,0.00022808297674156925,0.7521862910500831,-5.9561722917608386e-05,-0.17333283899737997,0,1,0.1587935813558778
20,rel_us_china_10,relative_strength,998,-0.0024718339657394915,-2.0426113562200072,0.041090926035783105,2.2727998427184043e-05,0.06375867583972215,-0.0005250718308551546,-1.4802837604255499,0,1,0.11664520939190043
20,rel_gold_china_10,relative_strength,998,-0.001444757061550484,-1.2431930390725718,0.21379670719364569,-0.0001411218271587605,-0.46142948781622456,-0.0004014509263597814,-1.7082476547815892,1,1,0.3243812109144969
20,breadth_10,breadth,998,0.0007915513339168493,1.1745906195511373,0.2401585379756147,-0.0003801440232225278,-0.8630293083441475,0.00020347893760095596,0.8082793089252687,0,1,0.34932150978271226
20,dispersion_10,dispersion,998,0.0015515686456019566,1.671976692465364,0.09452891819472552,-0.00014914350570600509,-0.3791152480051907,-0.0005590669421313603,-1.881265652039778,0,0,0.20796362002839613
20,rel_us_gold_20,relative_strength,998,-0.0014386756619257967,-2.2693405555997033,0.023247624078691322,0.00011644587573422196,0.3411783732703943,-0.00031492436314493573,-0.7106355821158608,0,1,0.07868426611249371
20,rel_us_china_20,relative_strength,998,-0.003000129652923509,-2.5820594064291122,0.009821267742371503,3.9578789803382423e-05,0.10675862056208861,-0.0006989627578510632,-1.6818871335642378,0,1,0.04115578863469963
20,rel_gold_china_20,relative_strength,998,-0.0018020304945185286,-1.6074921889485843,0.10794644151019775,-4.569712150467014e-05,-0.12205986464310585,-0.0003545289569628749,-1.2496857548984155,1,1,0.22291305013689763
20,breadth_20,breadth,998,0.0010721550819638766,1.2579998501686458,0.20839181043516009,-0.00035914601052035105,-0.704423516683639,8.750252328891242e-05,0.283186898895612,0,1,0.3205082098550503
20,dispersion_20,dispersion,998,0.002003884005982708,1.9746357593263903,0.04830949793722682,0.00014476213571755614,0.29775919509769616,-0.0003590122595550367,-1.0803007530146984,1,0,0.13495986725320508
20,rel_us_gold_60,relative_strength,998,0.0005692091157701594,0.6116675182886194,0.5407577566123095,-0.00036293160746492074,-1.0673630642065948,0.0001426615390752987,0.27292727263697397,0,1,0.6474378582569148
20,rel_us_china_60,relative_strength,998,-0.0025348118335978232,-2.7075822059749557,0.006777528331240821,0.00010552733984441789,0.29678231764199453,0.00012094466854322345,0.2952499150611338,0,0,0.029821124657459612
20,rel_gold_china_60,relative_strength,998,-0.0028166149124322468,-2.788004753462302,0.005303376563578662,0.0003701459348866188,0.9142618442463206,-5.5775113897483046e-05,-0.14568827701310652,0,1,0.025927618755273458
20,breadth_60,breadth,998,0.0015362869193707685,1.7745011744817496,0.07598028799334093,0.00017306881099134563,0.2774065342645866,-0.00028389873173314303,-0.7834426551041346,1,0,0.18671738927520837
20,dispersion_60,dispersion,998,0.0019112797568047806,2.070891606964169,0.03836892669339465,-0.00022517861343606836,-0.5112566470398001,-0.00029901088310370453,-0.9202002228131385,0,0,0.11254885163395764
20,rel_us_gold_120,relative_strength,998,0.0012517424388842162,1.4576101832950445,0.14494802115327207,-0.0005862535088438886,-1.3388628515764485,-0.00018769530911162425,-0.47499008413952754,0,0,0.25890691215177036
20,rel_us_china_120,relative_strength,998,-0.0028790841508472454,-2.943167826175747,0.003248722506020008,-0.00020897555265981263,-0.565154762420004,-0.0008305698349234978,-1.8301217914806072,1,1,0.01844436003417811
20,rel_gold_china_120,relative_strength,998,-0.0035114072355603198,-3.350866875340129,0.0008055901972256184,5.909295359754571e-05,0.189514406752038,-0.0006951435595739142,-1.8527858704182036,0,1,0.011000443500466032
20,breadth_120,breadth,998,0.0026252515784764953,2.756054207499246,0.005850330043226827,0.0002850816044797991,0.4768632845068282,0.0004846992874275023,1.4398074605842355,1,1,0.027096265463366357
20,dispersion_120,dispersion,998,0.0027275122734003523,2.4426768494380657,0.014578784790669477,-7.883365386652272e-05,-0.14205534417552745,-0.0004370967415561678,-1.2812148180491227,0,0,0.05477473027135486
20,rel_us_gold_252,relative_strength,998,0.0008167665624229076,0.808977327597607,0.4185281876317581,-0.00012984671344086317,-0.23392810367786757,-0.00034789498267388954,-0.7840540735893778,0,0,0.508006627746134
20,rel_us_china_252,relative_strength,998,-0.003821312747932314,-3.3655504903227165,0.0007639108506390744,-3.0050138707549263e-05,-0.10645536098666987,-0.000386520530649015,-0.949203069674102,1,1,0.011000443500466032
20,rel_gold_china_252,relative_strength,998,-0.004020461762261397,-3.4183847277438195,0.0006299399481095825,2.7235831082610693e-06,0.011781548267125415,-1.7814856570543783e-05,-0.05218136806850633,0,1,0.011000443500466032
20,breadth_252,breadth,998,0.0026435091221445085,2.9924795988514448,0.0027672116155980364,0.0007353337764331133,1.5044611106502472,0.0007418544937957104,1.9938270910207287,1,1,0.016234308144841815
20,dispersion_252,dispersion,998,0.003612143077412193,3.084395431404435,0.0020396629731125,-0.00019172501389121696,-0.5959985632262214,-0.0004719323517622754,-1.3274226165635554,0,0,0.015415670331205408
20,state_cash_ratio,strategy_state,998,-0.0010506685472652256,-2.719516147672921,0.006537750281465045,-0.00030212216617519236,-0.4435436761191203,-0.00022778518259313125,-1.2845814364779329,1,1,0.029503693577893533
20,state_target_gross,strategy_state,998,0.0012847812147053974,2.793049678594428,0.005221367246333358,0.00011193322464888356,0.19511371252624024,0.00021852531333081993,1.4028792136064527,1,1,0.025927618755273458
20,vix_level,vix,998,-0.0028680402245087134,-2.8601435906656762,0.004234492297546188,-0.00011184336571280935,-0.2024536650036824,-3.9455512421475546e-05,-0.11114749653374419,1,1,0.02224784326876215
20,vix3m_level,vix_term,358,-0.0008053255705304868,-0.8281859278394234,0.4075652120154204,-0.00019833364696193907,-0.32955545379235945,-8.397263606797562e-05,-0.2392004742189696,1,1,0.5022171650697671
20,vix_term_ratio,vix_term,358,-0.0008545276617708666,-0.9866752667623286,0.3238018588423619,0.00014994074839472604,0.27366119262812566,0.00021193535393125663,0.5505958034072335,0,0,0.43837790120196685
20,vix_term_spread,vix_term,358,-0.0014119315911706716,-1.8878038534700152,0.059052287684517125,0.00013405914683587772,0.3465446779256661,9.132578217547285e-05,0.2632046853420372,0,0,0.15722015835911726
20,chg_vix_1,vix,998,0.0001252470609992676,0.5685607924797481,0.5696542387762968,2.091016047763478e-05,0.21494594066678066,-5.9938756604454396e-05,-0.6178261044486865,1,0,0.668394306830855
20,chg_vix3m_1,vix_term,357,-9.66427762165858e-05,-0.47153349144868356,0.6372598087598079,9.284915459722706e-06,0.087994253578584,-6.56279191526837e-05,-0.6773799459380163,0,1,0.7053945052938754
20,chg_real10_1,real_yield,998,0.0001199617884435917,0.47189671665123795,0.6370005117636631,0.00018705815265800764,0.9593069006279573,3.54274967086807e-05,0.3966726750530455,1,1,0.7053945052938754
20,chg_vix_5,vix,998,0.0007491545670357502,1.5432483972617212,0.12277051873303112,-4.870051809173149e-05,-0.2505938065059965,-1.1500705347550232e-05,-0.06840937707173456,0,0,0.23588178474998908
20,chg_vix3m_5,vix_term,353,-4.8672710461908675e-05,-0.10647700566954812,0.9152038985006418,-8.802223877089266e-05,-0.3986210707990725,-3.124944961214966e-05,-0.1881884869852456,1,1,0.9430919002584158
20,chg_real10_5,real_yield,998,0.00018367027206601166,0.2930008342181595,0.7695215140489546,0.0004929407663634346,1.2799171478673168,2.96400891647966e-05,0.1805121010636727,1,1,0.8258279662964392
20,chg_vix_10,vix,998,0.0011562745909398163,1.6260206596719435,0.1039452604928625,3.0415615775903e-05,0.1342763865311692,-2.149621939728288e-05,-0.08217989739307234,1,0,0.22041404634631087
20,chg_vix3m_10,vix_term,348,-3.0565124750258514e-06,-0.004576267173759868,0.9963486798204116,-4.810921637811503e-05,-0.19972034393022015,-7.203946113252636e-05,-0.29102998958492204,1,1,0.9988138563792371
20,chg_real10_10,real_yield,998,-0.00013814080862698569,-0.17888109382809625,0.858031068276516,0.0004637599861124454,0.9856073733666854,-3.7841938841942128e-06,-0.01580003148018853,0,1,0.9042722635728552
20,chg_vix_20,vix,998,0.0015864110144268408,2.0619508415322825,0.03921241638786359,-0.00020419579009506859,-1.0909090946706785,0.0001689943756256811,0.45886238909072413,0,1,0.11313746367645887
20,chg_vix3m_20,vix_term,338,0.0002337301142522338,0.5195279720194386,0.6033926118959294,-0.00033420182697017583,-2.086199254056089,0.00012770718868232174,0.3429977428754955,0,1,0.6858593495000097
20,chg_real10_20,real_yield,998,-0.0007510233426957576,-0.9933630769600843,0.3205330484449857,-9.269575031658468e-05,-0.18710302722528235,-0.00014169267272229897,-0.45380992135078096,1,1,0.43837790120196685
20,chg_vix_60,vix,998,0.0019167367752660387,2.3973902343782973,0.016512327495224292,9.457082604387233e-05,0.39010459071125886,-2.861694255597028e-06,-0.007574804339079767,1,0,0.0605452008158224
20,chg_vix3m_60,vix_term,333,-0.0005168869084398971,-0.9125323115687232,0.36148856821106323,-7.205619995152816e-05,-0.40349713910674334,-3.277276723396152e-05,-0.08820547180008406,1,1,0.4678087353319642
20,chg_real10_60,real_yield,998,0.0012931250358807847,1.3222585163847507,0.18608208144008906,-0.000682831085741112,-2.0363289950270014,-2.6730585513194034e-05,-0.07282048609293729,0,0,0.30046281039867595
20,vix_z252,vix,998,0.001269241127377964,1.105439401627937,0.2689692386076842,-1.9670752419841215e-05,-0.03335558747221075,0.00022343354298443222,0.5243826212987512,0,1,0.3848665528044912
20,vix_pct252,vix,998,0.0006968792078838298,0.5768235176455108,0.5640586809382231,-3.495600173601307e-05,-0.05175590499620146,0.0005225353366413726,1.2085802854670875,0,1,0.6662706566787064
20,vixterm_z252,vix_term,333,-0.0007238540893440118,-0.9924114243010802,0.32099686829141005,0.0004572046870523543,0.83788488395831,0.00011262364812501954,0.3399242003328968,0,0,0.43837790120196685
20,real10_level,real_yield,998,0.0034294990769014517,3.6097164435771636,0.0003065319067958432,-0.0005771374699919623,-1.4988336420003643,0.00013201752704067465,0.4093384288811181,0,1,0.010051741946340375
20,real10_z252,real_yield,850,0.00020704426893026524,0.16240393566700245,0.8709877717694132,-0.0005469725597538978,-1.4441003304304483,-8.879745381931475e-05,-0.30231775827753077,0,0,0.912463379948909
60,mom_gold_5,momentum,998,-8.93197181766135e-05,-0.11284559513588295,0.9101529694917343,0.0002464265771636416,0.9205044012841241,-0.0003156113657079847,-0.9816546253372045,0,1,0.9313193176194491
60,mom_gold_10,momentum,998,2.7350398938585326e-05,0.02687359114404337,0.9785605571220823,0.0005892149863538649,1.3170423942216618,-0.0005612746715954605,-1.329699402010934,1,0,0.9841523317342085
60,mom_gold_20,momentum,998,-0.0003686094494981184,-0.2165349497866029,0.8285707853060518,0.00119793539543666,1.367638791328701,-0.0007167349181162134,-1.1238253059788559,0,1,0.873224300681827
60,mom_gold_60,momentum,998,-0.0061023445496847335,-1.4907073416643606,0.13603834772759177,0.0028232251202982427,2.263138072325392,-0.0005832142829181039,-0.8109610645544186,0,1,0.24683246597996034
60,mom_gold_120,momentum,998,-0.0086783913448998,-1.8997404826487476,0.05746718491433753,0.00017461541681107487,0.27688657139994943,0.0007325079188000688,0.8514148506678669,0,0,0.1348563272656454
60,mom_gold_252,momentum,998,-0.0017046630654702635,-0.5034246928662993,0.6146657143584828,0.0021294779173961194,1.523005052362037,0.0014243944395065107,1.1639737720702183,0,0,0.6979430046909224
60,vol_gold_10,volatility,998,-0.0015944271679208192,-0.6689777431277775,0.5035096757542531,0.0003638003345347559,0.9557259230693561,-0.0003044034363317862,-0.7400416908981186,0,1,0.6197042163129268
60,downvol_gold_10,downside_vol,998,-0.000416541132298982,-0.228186479273701,0.8195012721661037,-0.000506842039928863,-1.40865746194661,0.0004744454488300406,1.077024864748042,1,0,0.8688688186821341
60,vol_gold_20,volatility,998,-0.001480195629921706,-0.530080552581316,0.5960560820223688,0.00029470229671688623,0.7576222378690332,-7.472758982672875e-05,-0.15556300908376156,0,1,0.6901702002364271
60,downvol_gold_20,downside_vol,998,-0.0002848836690234581,-0.11476502672740611,0.9086313704735387,-0.0004597037026325783,-0.8072620297782197,0.0011267182203469422,1.8945761223976108,1,0,0.9313193176194491
60,vol_gold_60,volatility,998,-0.0009445691890387901,-0.28401994507333245,0.7763950958257473,-3.4606547713697486e-06,-0.004792141029656777,0.0018423808368426794,1.7314761518168906,1,0,0.8487300426418106
60,downvol_gold_60,downside_vol,998,0.0004516315251495467,0.12328962584566873,0.9018777555348594,-0.0005236627135856845,-0.7879814976390663,0.0029447170668722403,2.502102224936414,0,1,0.9313193176194491
60,vol_gold_120,volatility,998,0.0037356353409940617,0.7235372967232212,0.4693498486538249,0.0006430224944985642,0.9001130078939349,0.0010101646115208856,0.994219365126832,1,1,0.5942847004537639
60,downvol_gold_120,downside_vol,998,0.006116860971589313,1.1534611623934081,0.24872114971409262,0.0008330009707656347,1.056631699655963,0.0017438228241531324,1.6477609827819313,1,1,0.3617762177659529
60,dd_gold_20,drawdown,998,0.0010632108495909171,0.6986262855862067,0.48478561224260835,0.0007013528659381768,1.0651515914497856,-0.00012151090096943422,-0.2109977476383259,1,0,0.6094447696764219
60,dd_gold_60,drawdown,998,-0.00046261108570407663,-0.1471303631896143,0.8830291243086239,0.001824190816117522,1.5529866037959061,0.00011336303935657519,0.15002209353972773,0,0,0.9196042951379751
60,dd_gold_120,drawdown,998,-0.0038610013994114503,-0.9013022636328644,0.36742763056856087,0.001222803741401612,1.2712756178070028,0.00030158966742746806,0.3801527297896184,0,0,0.4862200224065166
60,dd_gold_252,drawdown,998,-0.009162983061754032,-1.9896075702106624,0.04663418158742329,0.0010195481542920734,1.2953277423040608,0.00033493913561031283,0.4476115727319376,0,0,0.11725165656266426
60,ma_dist_gold_20,trend,998,5.977188397111962e-06,0.004706880355729647,0.9962444667017553,0.0007709632206908745,1.311932406628406,-0.0005901926011625317,-1.159133978712356,1,0,0.9962444667017553
60,ma_dist_gold_60,trend,998,-0.0034245892204009163,-1.1932907073887502,0.23275554056211806,0.0023780385823253727,1.8413380365358392,-0.0007653563085147887,-1.0120860156316347,0,1,0.3501279926404511
60,ma_dist_gold_120,trend,998,-0.00693540003300063,-1.6988956621108446,0.08933884450384363,0.002569369174487059,1.7322202823236215,-0.00016259800451978937,-0.1998283662139958,0,1,0.1828329841008893
60,ma_dist_gold_252,trend,998,-0.007946052031348195,-1.709264658167051,0.08740193670069472,0.0020119418742305093,1.637110812422326,0.0004207116128276681,0.514871197906387,0,0,0.18097342187437968
60,eff_gold_20,trend_efficiency,998,-0.001536635079958268,-1.3193447840861088,0.18705387221224856,0.0004255193896523163,0.5207681750023956,-0.000828952277443497,-1.5275897057216634,0,1,0.2992861955395977
60,eff_gold_60,trend_efficiency,998,-0.006160851631138586,-2.262216428344399,0.02368403479457167,0.0011636453999952815,0.963088394699747,-0.0011659429272732234,-1.5438098168221044,0,1,0.07312965129551953
60,eff_gold_120,trend_efficiency,998,-0.008205836009708176,-2.884356148543816,0.003922149039756312,-0.0009018467773561674,-1.1132627351200843,0.0005615740081470969,0.5426453644672873,1,0,0.02654993196142734
60,mom_nasdaq_5,momentum,998,-0.0013512321621427232,-1.1685419650332407,0.2425882221518061,0.00023536896593825645,0.7239525014568267,7.730927338991605e-05,0.22237489186103312,0,0,0.3587859420060326
60,mom_nasdaq_10,momentum,998,-0.0012973791509496312,-0.8430375930427692,0.3992074193178165,0.00015994859998285342,0.38600603898823016,0.00012144523658082401,0.26305667485730877,0,0,0.5166213661759977
60,mom_nasdaq_20,momentum,998,-0.0005939497256887742,-0.26794032341596197,0.7887452545145739,0.00017820258633928615,0.38336165678433914,0.00011160342009080597,0.19542346277229297,0,0,0.8569084246578087
60,mom_nasdaq_60,momentum,998,0.0019638793545141394,0.5427099683383676,0.5873295097688991,-0.00041753061627448207,-0.5709100767337056,0.0012619754998471927,1.6251698115071855,0,1,0.6845694948299751
60,mom_nasdaq_120,momentum,998,-0.001431685487643456,-0.5090489897042669,0.6107178856605024,-0.00016004791660470305,-0.13217895391759288,0.0003063135736736992,0.5313866589246727,1,0,0.6979430046909224
60,mom_nasdaq_252,momentum,998,-0.002211585659625028,-0.6721530864203795,0.5014862435540828,0.0003094505217078831,0.2693571890764428,0.0004834174215104054,0.8665856984114676,0,0,0.6197042163129268
60,vol_nasdaq_10,volatility,998,-0.0070280644294906346,-2.6212842858220347,0.008759918005395032,-0.000658498269281091,-0.6896818711158789,-0.00017873418903741403,-0.40862197415112,1,1,0.04166879916079799
60,downvol_nasdaq_10,downside_vol,998,-0.00400260620263834,-1.609893342139863,0.10742114272300943,-0.0007099404016449055,-0.8444037068158606,2.7030364388862465e-05,0.059499085158826515,1,0,0.21006801243610732
60,vol_nasdaq_20,volatility,998,-0.007572046027973093,-2.5022019226406274,0.012342350864239555,-0.0008742589434397751,-0.8945220777193963,-0.00015095008365602382,-0.3167899683297184,1,1,0.05051752911874795
60,downvol_nasdaq_20,downside_vol,998,-0.005576120124583943,-1.8565604978959263,0.06337370836686407,-0.0009318630397596361,-1.0555566981400724,0.00015918165269039887,0.2724170724152746,1,0,0.14485419055283216
60,vol_nasdaq_60,volatility,998,-0.008501294218554943,-2.1775760471261982,0.029437614435698253,-0.0006895070209414918,-0.6856764224282023,-6.09052755146252e-05,-0.11506630852383949,1,1,0.08223841493147448
60,downvol_nasdaq_60,downside_vol,998,-0.008886730826479314,-2.1283330759356076,0.03330947759064821,-0.0006178196250895067,-0.6327075636772327,5.956558270720811e-05,0.09524573921124986,1,0,0.08882527357506188
60,vol_nasdaq_120,volatility,998,-0.006145865631187541,-2.340091581120808,0.019279011775524275,-0.0007024219299674023,-0.6057530851318145,3.0761734514895195e-05,0.05443857711380169,1,0,0.06530888328124419
60,downvol_nasdaq_120,downside_vol,998,-0.005862693879746692,-2.280021099828308,0.0226064370939088,-0.0007903371346096344,-0.6640904395106321,0.0004423016393940521,0.596683295087563,1,0,0.07104880229514195
60,dd_nasdaq_20,drawdown,998,0.0030856683372441755,1.4830735388538832,0.13805487350866036,0.00035361598450587265,0.6194256537287525,0.0003183017044240622,0.798221131700924,1,1,0.24793528303596146
60,dd_nasdaq_60,drawdown,998,0.005328836506845386,2.3397663664704647,0.019295806424003966,0.00026329843253718416,0.40085068930869755,0.0005859843366473349,1.50740600505855,1,1,0.06530888328124419
60,dd_nasdaq_120,drawdown,998,0.005095891986344499,2.6695922451175793,0.007594340954651326,0.0002712208986473788,0.4169544087051424,0.0008295163569569309,1.9220352915512646,1,1,0.03894455059089779
60,dd_nasdaq_252,drawdown,998,0.005143181891155207,2.712550946999368,0.006676751697436107,0.00028115455624007064,0.42295138619953504,0.0008985294410424264,2.217133591726569,1,1,0.03603628627373924
60,ma_dist_nasdaq_20,trend,998,-0.0011532832603463375,-0.6073818132151434,0.5435975550879684,0.00016890438492314172,0.368294334274436,0.00014799245722821308,0.28695650184192534,0,0,0.6464403357802867
60,ma_dist_nasdaq_60,trend,998,0.0008309762994977743,0.25524088079164103,0.7985370581351199,-0.00010578378204600096,-0.19425935205367165,0.0006281538873495896,0.9761716841522596,0,1,0.8622240627716632
60,ma_dist_nasdaq_120,trend,998,0.0007248425212382601,0.23773094394118824,0.8120897818047259,-0.0003141751429386359,-0.3782666353659621,0.0011714102426604496,1.5567935810117048,0,1,0.8688688186821341
60,ma_dist_nasdaq_252,trend,998,-0.0016745006418885813,-0.5432191039671594,0.5869789546898616,-4.241255074396084e-05,-0.04038529016277865,0.0009212867333447807,1.9986869825712825,1,0,0.6845694948299751
60,eff_nasdaq_20,trend_efficiency,998,-0.0012965040374615792,-0.6885144678541766,0.49112886262056105,0.001138126915998573,1.523713470468792,-0.00034436196244760935,-0.3675622950587456,0,1,0.6130402824199911
60,eff_nasdaq_60,trend_efficiency,998,0.0037388949059735947,0.777429805172339,0.43690523348486654,-0.00034149598593054856,-0.3287614137620775,0.0010622853494994464,1.4443358125341068,0,1,0.5612797160097556
60,eff_nasdaq_120,trend_efficiency,998,-0.0027838624717075656,-0.9377864141776407,0.3483541843083265,3.65570485809776e-05,0.02002611364479301,-0.0003328084257011388,-0.6348894493282363,0,1,0.4739947671326785
60,mom_sp500_5,momentum,998,-0.0018035162714106216,-1.682626159068565,0.09244748438796671,6.755148986501305e-05,0.2971622970894346,0.0001541574050510619,0.5270371086446873,0,0,0.18702019830209357
60,mom_sp500_10,momentum,998,-0.0018650370388773778,-1.2949375180443232,0.19534178462484988,-0.00014933604557897098,-0.40921603488636443,0.0001895730139899209,0.4840819649572187,1,0,0.30696566155333554
60,mom_sp500_20,momentum,998,-0.0012969348307195212,-0.6451090157522407,0.5188565416957187,-0.00028170452769508373,-0.5433844798354717,8.661891694872596e-05,0.17242380796341378,1,0,0.6305304444264838
60,mom_sp500_60,momentum,998,0.0018907072248237728,0.6252822174369865,0.5317858489395553,-0.0008234050983884787,-1.0496755028718168,0.001011079206579993,1.4967683733691157,0,1,0.6410569137901488
60,mom_sp500_120,momentum,998,0.0008830384974441673,0.3510468255791061,0.7255532193093848,-0.00011456082089395188,-0.07836627434164459,0.000251654283386497,0.374747413444679,0,1,0.8064907051748196
60,mom_sp500_252,momentum,998,0.0024607393823914752,1.1031823041936504,0.26994800442678324,0.000487724194508778,0.4302161867603621,0.0010699031987516732,1.471146776087892,1,1,0.38626706324482807
60,vol_sp500_10,volatility,998,-0.0060992310732275795,-2.1539472410123874,0.031244309623746074,4.587727933388434e-06,0.0056264385731160105,-0.00043903656170548753,-1.5521115868311839,0,1,0.08475723895285661
60,downvol_sp500_10,downside_vol,998,-0.00358186176744886,-1.1856101137373083,0.23577630634532742,-0.00023101689481169432,-0.3003319473205015,-0.00020496018625969998,-0.5391487278888787,1,1,0.3516663552269291
60,vol_sp500_20,volatility,998,-0.006821833049918988,-2.2081083649753492,0.027236720035344084,-0.00012039423820613598,-0.14428113886755706,-0.0004719528547578323,-1.6134893734735758,1,1,0.07858463485607473
60,downvol_sp500_20,downside_vol,998,-0.005019078968772014,-1.5429623806311756,0.12283990378738954,-0.00030841377224203134,-0.3890412797358996,-0.00012209767494808982,-0.2408297772324083,1,1,0.2299981177295804
60,vol_sp500_60,volatility,998,-0.008484402901469465,-2.0733888311088258,0.03813610753421316,-0.0001616937860184476,-0.17318696049499446,-0.00022562669385977843,-0.48677384856144684,1,1,0.09870521950031642
60,downvol_sp500_60,downside_vol,998,-0.008370548771968406,-2.083112066665824,0.03724100974305932,-0.0001486159460562211,-0.15528325694219125,-9.847802946592887e-05,-0.17178186613691301,1,1,0.09782713007132002
60,vol_sp500_120,volatility,998,-0.006934414533907574,-2.237722590928112,0.025239151114875295,-0.0005446865319278456,-0.4831781849783704,-0.00013991319977829474,-0.2602611440616266,1,1,0.07528967112233986
60,downvol_sp500_120,downside_vol,998,-0.006717543702235292,-2.153207310641639,0.03130238938599818,-0.000711287313374541,-0.5706401719476495,0.00015600169821218643,0.23395506298601385,1,0,0.08475723895285661
60,dd_sp500_20,drawdown,998,0.003082530553785858,1.435467257797462,0.1511539921031428,-0.00022394717083341494,-0.4087301225115705,0.0005210949924300591,1.3753434858970943,0,1,0.25662749410133673
60,dd_sp500_60,drawdown,998,0.005225347059362459,2.353791822536271,0.018583015046382004,-0.00021033223334401753,-0.33336529027645073,0.0008690062615962645,2.137960715575521,0,1,0.06530888328124419
60,dd_sp500_120,drawdown,998,0.005341998972086325,2.537028868441821,0.011179773463694588,-0.00019449954772910572,-0.28786771709138625,0.0009854855469226037,2.2615016505922183,0,1,0.04919100324025619
60,dd_sp500_252,drawdown,998,0.005299668852789906,2.624867734272218,0.008668263256685725,-0.00017623087137403425,-0.2531973404928644,0.0010534162762265425,2.5010312784088917,0,1,0.04166879916079799
60,ma_dist_sp500_20,trend,998,-0.001869751678287104,-1.0612391889824244,0.2885812138430802,-0.0001984932168792415,-0.46285451261802024,0.00019369674497806227,0.43577654414137923,1,0,0.4063223490910569
60,ma_dist_sp500_60,trend,998,9.969772145636056e-05,0.036296682997524525,0.9710457947832021,-0.0006671931121841287,-0.9787170755797345,0.0004870676855257105,0.872192184665705,0,1,0.9841523317342085
60,ma_dist_sp500_120,trend,998,0.0017821884110522624,0.6155479250866462,0.5381929296093304,-0.0006934241646270961,-0.7950267931846775,0.0009161342031682446,1.396779663165445,0,1,0.6443670449744364
60,ma_dist_sp500_252,trend,998,0.001382161759047423,0.5827761334319457,0.5600440135593716,-0.00031685914147700726,-0.2629667243470762,0.0009679254372022404,1.964633184217876,0,1,0.6615284992379155
60,eff_sp500_20,trend_efficiency,998,-0.0005164126101987177,-0.23225463038832847,0.8163402486677378,0.0007172899085887001,0.7755498585311043,-0.0005042182779044921,-0.5216323871058831,0,1,0.8688688186821341
60,eff_sp500_60,trend_efficiency,998,0.005935041354700205,1.2363183122929686,0.21634026684822769,-0.0012077750577822702,-1.544620697212711,0.0005623700301782544,0.7243526980889848,0,1,0.3290996781084681
60,eff_sp500_120,trend_efficiency,998,0.002090947980971627,0.6441608967004996,0.5194711047831826,0.00023836126692723333,0.12614841417857683,-0.00021695468582671418,-0.32516506487741614,1,0,0.6305304444264838
60,mom_csi300_5,momentum,998,0.0032120393244998253,1.912091110919736,0.05586450880488962,-0.00038963407378610383,-1.0572542533607805,0.00018917107452679462,0.5614594879781435,0,1,0.132866939860278
60,mom_csi300_10,momentum,998,0.004960186514353496,2.3112934772367506,0.020816650067729012,-0.0003836976277746603,-0.6824526281476706,0.0004245536412935953,0.8236362756450306,0,1,0.06784685948000567
60,mom_csi300_20,momentum,998,0.0075402081917989895,3.223457209712083,0.0012665321972061107,-0.00025427562533092575,-0.3772198726972935,0.00017433684153575,0.25080342980736003,0,1,0.010132257577648886
60,mom_csi300_60,momentum,998,0.01103849789062262,4.717493841268137,2.387676261639603e-06,0.0004241043401917891,0.6346960042457667,6.498029414989631e-05,0.0752905061659397,1,1,4.669233578317445e-05
60,mom_csi300_120,momentum,998,0.010669515771507312,4.455769573518024,8.359278146074778e-06,0.0003299531924902851,0.49835813717482513,0.0024849635660011346,1.824622834442135,1,1,0.00013374845033719646
60,mom_csi300_252,momentum,998,0.009839886648579373,2.4834031524925346,0.013013371509104284,0.00011574415106826264,0.2083013499510803,0.0017709919407885143,1.241302961541311,1,1,0.05107858502020487
60,vol_csi300_10,volatility,998,0.006681312966037125,1.9190291555874002,0.05498064414183471,-0.0011825088926543771,-1.2480995061499347,6.487187308232297e-05,0.11691053847037439,0,1,0.13285781831444773
60,downvol_csi300_10,downside_vol,998,0.0045764892674368595,1.4358054351391365,0.15105771281395197,-0.0007373439414404754,-1.0059296562354603,-4.54556699605755e-05,-0.08406659646589779,0,0,0.25662749410133673
60,vol_csi300_20,volatility,998,0.006880497291923372,1.5880762334813499,0.11226910180192301,-0.0012782418570411941,-1.256511992749669,0.0004885471761773158,0.589622669370868,0,1,0.21378762197572843
60,downvol_csi300_20,downside_vol,998,0.00548286964773073,1.2756828761644943,0.20206764420575937,-0.0009118166497387862,-1.050104158805936,0.00038342220460836515,0.36914086360414,0,1,0.3147248263735721
60,vol_csi300_60,volatility,998,0.0056234804387213224,1.3413307143309052,0.17981310186662863,-0.0015203849349556362,-1.251407789420496,0.001842415080319457,2.9091020755236467,0,1,0.2903404213626297
60,downvol_csi300_60,downside_vol,998,0.004943246943496232,1.1614207977651958,0.24547081518174105,-0.0012826459475976468,-1.0779474440684582,0.0020655346617818346,2.230683118531278,0,1,0.36002386226655353
60,vol_csi300_120,volatility,998,0.005363336226927466,1.4943570623917848,0.13508231793889122,-0.0012379358417954275,-1.0103540412703758,0.0036338279058916872,3.851346314554751,0,1,0.24683246597996034
60,downvol_csi300_120,downside_vol,998,0.005799629841999123,1.77893759565298,0.0752499935372771,-0.0009864785011223724,-0.8223594571893876,0.0027449054891329336,2.127296024310598,0,1,0.1655499857820096
60,dd_csi300_20,drawdown,998,0.001503383059314761,0.5220565288016698,0.6016309724702651,0.00038275317035230334,0.5986701291179137,0.00016460377973522955,0.250498763758333,1,1,0.6920722297697167
60,dd_csi300_60,drawdown,998,0.004843380864943417,1.5939291682780117,0.11095190051827034,0.001234145059547807,1.1503994126044,-0.0003017732000632624,-0.30766373042715284,1,0,0.21378762197572843
60,dd_csi300_120,drawdown,998,0.006406133354891033,1.9180411022042627,0.055105799641787974,0.0011780438872089616,1.0269474466722854,-0.00048062579607331695,-0.5224488959930432,1,0,0.13285781831444773
60,dd_csi300_252,drawdown,998,0.00899921480243283,2.538572472607502,0.011130574704962325,0.0014009505102048272,1.2376840861405243,0.0009724000193311888,1.009355334097602,1,1,0.04919100324025619
60,ma_dist_csi300_20,trend,998,0.006083890508996041,2.663003756824263,0.007744654947053538,-0.00038711409413941695,-0.6272864900517351,0.00036654455514676494,0.6085490372323724,0,1,0.03894455059089779
60,ma_dist_csi300_60,trend,998,0.009932211705361828,4.498439263112961,6.8454146752233e-06,9.132271202172977e-05,0.12834422941567275,-9.430203047724923e-05,-0.11711133006305581,1,0,0.00012047929828393008
60,ma_dist_csi300_120,trend,998,0.011178623925380618,5.414557546551639,6.144044158122266e-08,0.0003719780486617989,0.5004288299070471,0.0011003318332565384,1.1035116746840583,1,1,5.442348438531935e-06
60,ma_dist_csi300_252,trend,998,0.01246022536016518,4.821592631704981,1.4241655868587196e-06,0.00042128575486784215,0.5995453899258189,0.0018668377611033057,1.4951836889608872,1,1,3.580759189816209e-05
60,eff_csi300_20,trend_efficiency,998,0.0037163252900659144,1.4689564209317658,0.14184460974464602,-0.0007728388964132011,-0.8170054333606546,-0.0001640048768207152,-0.3738132320199859,0,0,0.25216819510159294
60,eff_csi300_60,trend_efficiency,998,0.008948323544947418,3.1829999042006993,0.0014575766248889769,-5.102031165405167e-05,-0.1160116795833369,-0.0015988854690126755,-2.0480452594357237,0,0,0.011153629825237389
60,eff_csi300_120,trend_efficiency,998,0.010635526944809178,4.733924324113047,2.2021986288546215e-06,-0.0008906252150342486,-0.8612446951832028,0.0005419051882228472,0.6818889990071949,0,1,4.669233578317445e-05
60,mom_shanghai_5,momentum,998,0.002706354726636611,1.5849956484002818,0.11296732297581104,-0.0005205913213595454,-1.1239919437854295,-2.4897736803224233e-05,-0.08238590277265177,0,0,0.21378762197572843
60,mom_shanghai_10,momentum,998,0.004258832725710778,1.9691361171240895,0.04893746236781233,-0.0005039377057900788,-0.7957031590982651,0.00011478508528349677,0.24687974171635602,0,1,0.12130976586950662
60,mom_shanghai_20,momentum,998,0.006158338655468848,2.7320584533548113,0.006293997321912765,-0.0002861069263910315,-0.4874293413003529,-0.00017644320105940047,-0.265772751088057,0,0,0.03573366221473054
60,mom_shanghai_60,momentum,998,0.009756224213039795,3.9122430245057584,9.144282072334342e-05,0.0006891606784463117,0.9100299980346764,5.445099927516074e-05,0.062441485090535834,1,1,0.0011495668890934602
60,mom_shanghai_120,momentum,998,0.011039983767615075,4.999077004719854,5.76053956143149e-07,0.00038784899828960413,0.6075276848415455,0.002529543468469562,1.9264321573271186,1,1,2.0277099256238847e-05
60,mom_shanghai_252,momentum,998,0.01108983834989599,2.7866225464914525,0.005326047578876337,0.00024048083734147022,0.390586033729515,0.001376081818074237,1.0431462489377914,1,1,0.033731282865192835
60,vol_shanghai_10,volatility,998,0.006233745155080672,1.718097037004902,0.08577891720404947,-0.0008207108685234095,-1.059475295181388,0.000389422639252647,0.5742000187686311,0,1,0.1797272550941989
60,downvol_shanghai_10,downside_vol,998,0.004277078576063504,1.2347955444363907,0.21690660602603576,-0.00039924085210190843,-0.6314624143856642,0.00013377553893953917,0.2184297376276721,0,1,0.3290996781084681
60,vol_shanghai_20,volatility,998,0.00635617813062011,1.3958457320340938,0.1627609555085496,-0.0008991136753558809,-1.0469913440752738,0.000821426584137429,0.8805861154285465,0,1,0.2684526651666246
60,downvol_shanghai_20,downside_vol,998,0.005040159780821917,1.0732787962011838,0.28314604587611153,-0.0005864866554867559,-0.7621313096594805,0.0005597442798781831,0.5041184397251365,0,1,0.4018847102757712
60,vol_shanghai_60,volatility,998,0.005223819219445117,1.1368546507775616,0.2555990526126221,-0.0013514382269164662,-1.187267558305801,0.0018587462810698888,2.657862533911113,0,1,0.3687330595067335
60,downvol_shanghai_60,downside_vol,998,0.004524961146855314,0.9433273738816131,0.3455134783963125,-0.0012053334147407644,-1.111842322265725,0.0021075984043594444,2.0618494793602786,0,1,0.4739947671326785
60,vol_shanghai_120,volatility,998,0.005378362761342686,1.4559534363252664,0.14540549213599116,-0.0011374052237695766,-0.9928762912372957,0.003609704787517552,3.910005185317854,0,1,0.2559136661593444
60,downvol_shanghai_120,downside_vol,998,0.005766926513222679,1.7186310360740058,0.08568157669001279,-0.0010146675478943294,-0.8966736440785769,0.0026124616081450334,1.9816939668773812,0,1,0.1797272550941989
60,dd_shanghai_20,drawdown,998,0.0012251790679081813,0.4160387144141987,0.6773816742561993,-5.800728718028991e-06,-0.008829915184017949,-0.0009150066502522437,-1.178560155472747,0,0,0.7642254786480197
60,dd_shanghai_60,drawdown,998,0.004756128467205748,1.5257992729825447,0.1270598618277901,0.0011511297361219404,1.2759195646315464,-0.0007858463383288878,-0.9125728359347417,1,0,0.23539511243885328
60,dd_shanghai_120,drawdown,998,0.006390629491674475,1.8810099058215626,0.05997057135543792,0.0015147807013520204,1.4366329149584622,-0.00022630064278177206,-0.2642166400386333,1,0,0.13887921787575097
60,dd_shanghai_252,drawdown,998,0.008793187108778027,2.5123465578760835,0.01199312476745057,0.0016461452065750454,1.557441896994598,0.0009439578926603575,1.1958817017290828,1,1,0.05025690378741191
60,ma_dist_shanghai_20,trend,998,0.005130098378831103,2.2493103744906593,0.02449275623472762,-0.000493784769877097,-0.7537434116008275,5.604958389229378e-06,0.010219127496750637,0,1,0.07432284650538036
60,ma_dist_shanghai_60,trend,998,0.008343388231045542,3.648561223856747,0.00026371306170800465,0.00023447149039010907,0.4647143987824091,-0.00036105570246450686,-0.45200086222898767,1,0,0.0025785277144782675
60,ma_dist_shanghai_120,trend,998,0.010642858631339364,5.253732112044193,1.4904762754340183e-07,0.0005652824013918425,0.7775358238208324,0.0011333942876840082,1.1991739792089051,1,1,6.5580956119096806e-06
60,ma_dist_shanghai_252,trend,998,0.01273683558154074,4.836651688541994,1.3204451395234416e-06,0.0005220428971395946,0.7023215002174227,0.001623200859890418,1.3922493801574214,1,1,3.580759189816209e-05
60,eff_shanghai_20,trend_efficiency,998,0.003254161126764158,1.0462704445720472,0.2954361869661303,0.0006358395108252321,1.1711504293566903,0.0006054481512541742,1.2156139132370034,1,1,0.41267276909554707
60,eff_shanghai_60,trend_efficiency,998,0.007613785511357218,2.482132631876639,0.013059865488120562,0.0006302795757841919,0.7677101587813911,-0.001167191312730419,-1.5793478341459626,1,0,0.05107858502020487
60,eff_shanghai_120,trend_efficiency,998,0.010897571579796294,5.273249325769648,1.3402928091011985e-07,-0.00014557233664459418,-0.16501276133576126,0.0008074219198655278,0.8590133966439036,0,1,6.5580956119096806e-06
60,rel_us_gold_10,relative_strength,998,-0.0010845818811454418,-0.8526747459808525,0.3938396992824694,-0.0003200465381190316,-0.7089121334727313,0.0005095893002216448,0.9788516930648864,1,0,0.5134502746201083
60,rel_us_china_10,relative_strength,998,-0.005351812565325676,-2.7841790307701424,0.005366340455826133,0.0004472905409402129,0.738545445316987,-5.993450878190129e-05,-0.11574410020247176,0,1,0.033731282865192835
60,rel_gold_china_10,relative_strength,998,-0.004106518868002018,-2.3664661578967805,0.017958816062846685,0.0006423713778784941,0.967876086839163,-0.0006076574197101886,-1.6542084088851001,0,1,0.06505844089985324
60,breadth_10,breadth,998,0.003032077098920305,1.4140480621336096,0.15734779124727805,-0.0007045494655525302,-1.2359173020134466,0.0005783583335346893,1.5411216721191978,0,1,0.26374486913829465
60,dispersion_10,dispersion,998,0.003623068327124577,1.7971160838950047,0.07231719283328258,-0.00011019426675686598,-0.19861962614058104,-0.0010773306915156614,-2.928396313549034,0,0,0.16111172074250296
60,rel_us_gold_20,relative_strength,998,-0.0003253807925552631,-0.17335626112739216,0.8623714030732108,-0.000660005074187075,-0.935647893286826,0.0005533516116031308,0.744163524301675,1,0,0.9034367079814588
60,rel_us_china_20,relative_strength,998,-0.007166957840180187,-3.270111671888418,0.0010750503503050817,0.00023368142087862995,0.34998677131120165,8.121000994430229e-05,0.1324085518657438,0,0,0.009009945793033066
60,rel_gold_china_20,relative_strength,998,-0.006374462298382626,-3.460822846155686,0.0005385270712018915,0.0007113648569093696,0.8094487213488036,-0.0005785475434296982,-0.9059513776631816,0,1,0.004739038226576646
60,breadth_20,breadth,998,0.004100183032729624,1.43375034627041,0.15164351924169897,-0.00045746350056283204,-0.7134103916146756,0.00021432163574401145,0.3875081603318034,0,1,0.25662749410133673
60,dispersion_20,dispersion,998,0.004233374471634566,2.2848752130618246,0.022320145829211636,-0.00034729251074674825,-0.5255936733241834,-0.0007328123712070773,-2.21033458290212,0,0,0.07104880229514195
60,rel_us_gold_60,relative_strength,998,0.006120999068670672,1.4442310909306828,0.1486739819833121,-0.0017281542551214502,-1.5678347798872148,0.0011032811867479988,1.5784523544298537,0,1,0.25662749410133673
60,rel_us_china_60,relative_strength,998,-0.008737831063291289,-2.9826991687507514,0.0028571867918588323,-0.0007492149754600292,-0.9854471338912423,0.0008224652165935384,1.5824486610305777,1,0,0.020114595014686182
60,rel_gold_china_60,relative_strength,998,-0.011703241826108272,-4.3359994763739085,1.4509928863675283e-05,0.0003471321411423178,0.5253740428484499,-0.0005324442194290667,-0.7582698578459821,0,1,0.0002128122900005708
60,breadth_60,breadth,998,0.005478530552704907,2.1828328863507958,0.029048118890562555,0.0014386527392546405,1.1958958410789904,0.00026768802938621625,0.3007333326131876,1,1,0.08223841493147448
60,dispersion_60,dispersion,998,0.009242715784746192,3.7270621486157136,0.0001937247021818572,-0.001504400481934838,-1.3919228444731848,0.0005663588805571043,0.975830115861166,0,1,0.0021309717240004292
60,rel_us_gold_120,relative_strength,998,0.0054501800909666056,1.6302408015130834,0.10305061364901565,-0.00019075652271963118,-0.17537095315542311,-0.00040086996940109687,-0.6961564561594996,0,0,0.20378548317108713
60,rel_us_china_120,relative_strength,998,-0.009790483905713524,-4.249909759899054,2.1385665470715875e-05,-0.00037967296996665816,-0.41412804616497656,-0.002230905286399021,-2.1796343638138684,1,1,0.00028952900944969186
60,rel_gold_china_120,relative_strength,998,-0.012441641967096077,-5.413383409558654,6.184486861968108e-08,-0.00030954262329220626,-0.5072004993582842,-0.002215727677364123,-2.141786289718064,1,1,5.442348438531935e-06
60,breadth_120,breadth,998,0.00635821175192169,2.3312432781310437,0.019740535277364527,0.0008294834449715026,0.7008622902617172,0.0021761997158352654,2.0563677848238626,1,1,0.06555347563804069
60,dispersion_120,dispersion,998,0.009691562633352873,3.6981908489933253,0.0002171416050922136,-0.0008538564118608503,-0.8980916574820145,-0.0023826872898783597,-2.0824828183088218,0,0,0.0022480542644840937
60,rel_us_gold_252,relative_strength,998,0.0009948607275313468,0.28708416448293583,0.7740478769780743,-0.0010442208455536046,-0.9856268014625111,-0.000725414224032319,-0.8206640307553871,0,0,0.8487300426418106
60,rel_us_china_252,relative_strength,998,-0.010282716458725555,-2.561250172800529,0.010429622282350427,-8.967963881227445e-05,-0.1323436502714928,-0.0007249043500940129,-0.7982011168624037,1,1,0.048305618991938824
60,rel_gold_china_252,relative_strength,998,-0.010521538508093762,-2.738108496710286,0.006179368595382996,0.00016586925973082058,0.3557175743206125,7.220444923854274e-05,0.15608429540081473,0,0,0.03573366221473054
60,breadth_252,breadth,998,0.007989784112589425,2.400804811075599,0.016359059911617287,0.0021214715663020246,1.9512642863370735,0.0021580607166745503,1.7513961671148268,1,1,0.06259118574879659
60,dispersion_252,dispersion,998,0.009119820628025034,2.2119354268608085,0.026971126976451164,-0.0009549185004648473,-1.3523316764726576,-0.0013953721335583707,-1.1684448481958893,0,0,0.07858463485607473
60,state_cash_ratio,strategy_state,998,-0.004462582533459537,-2.708598575138356,0.0067568036763261076,-0.00028328245754701757,-0.25618899823408003,-0.0006709206429450103,-1.260427445983353,1,1,0.03603628627373924
60,state_target_gross,strategy_state,998,0.004982926243382608,2.763015766573111,0.005726999996824771,0.0002547854001229538,0.23512838356372834,0.0006615826363014102,1.3419067905452036,1,1,0.03475696549797102
60,vix_level,vix,998,-0.008991274080803231,-2.3633028433643815,0.018112861386890958,-4.965925809448575e-05,-0.06345616369243841,-0.0004840745856482253,-1.2947767879587542,1,1,0.06505844089985324
60,vix3m_level,vix_term,358,0.00046539396420353666,0.34700037800573025,0.7285910347886153,-0.0002609197460531664,-0.2856761704984517,-0.0005097016391635947,-1.1463582517873692,0,0,0.8064907051748196
60,vix_term_ratio,vix_term,358,-0.0013194427852816345,-1.639842616591227,0.10103789467467286,0.0005845658207718906,0.6921129335960441,-0.0001945684735466917,-0.45652252562886997,0,1,0.2020757893493457
60,vix_term_spread,vix_term,358,-0.0022361029320161893,-3.7778174029373037,0.0001582088046578821,0.0004897326002118763,0.6828733691960935,-0.00023539115809762274,-0.6882611574899283,0,1,0.00185631664131915
60,chg_vix_1,vix,998,0.0005190543662278346,1.3930302972776407,0.16361062908019677,3.3974156114981765e-05,0.2476725931142167,-3.172606971415906e-05,-0.317022232549278,1,0,0.2684526651666246
60,chg_vix3m_1,vix_term,357,-0.0001859857058466649,-0.9343763919534863,0.35010977117754666,1.7041296947649692e-05,0.11642066695011469,-5.297790458170284e-05,-0.5358370861201587,0,1,0.4739947671326785
60,chg_real10_1,real_yield,998,0.0005018818567300476,1.2516581926789667,0.21069444019051878,-5.47010126410538e-05,-0.38543652182799315,-5.2030193991375e-05,-0.2387930914910142,0,0,0.3252826445046606
60,chg_vix_5,vix,998,0.0018583287642721963,2.0012411813187176,0.04536640498463588,-0.00018288972060898583,-0.7953805477375742,-9.612893845084265e-06,-0.06268691905564222,0,0,0.1157172069173321
60,chg_vix3m_5,vix_term,353,-0.0004092284300545542,-0.7693714000516162,0.44167286181144216,-0.0002363626551999853,-0.9335883849132394,-5.2128127103398607e-05,-0.31952582279669595,1,1,0.5632929252087958
60,chg_real10_5,real_yield,998,0.0009050769042995326,0.8532914878188368,0.3934976793335316,-7.273821514919149e-05,-0.2891615553474962,-0.0001465787582070695,-0.29929948986048804,0,0,0.5134502746201083
60,chg_vix_10,vix,998,0.002652396410889019,1.8348052233779277,0.06653455441180678,2.7156404171606572e-05,0.09923930749709262,-0.0001087817559077821,-0.44688646480873123,1,0,0.1501292509804871
60,chg_vix3m_10,vix_term,348,-0.001009398304324367,-1.2995600463571346,0.19375180076822418,-3.376695272050986e-05,-0.114085811356816,-0.00019525635806353665,-0.7709107640229184,1,1,0.30696566155333554
60,chg_real10_10,real_yield,998,0.00123281836787795,0.9231065957602762,0.35595165771952997,-0.0002955235525138562,-0.841605932730969,-0.00024616404722332285,-0.379970874273934,0,0,0.4746022102927066
60,chg_vix_20,vix,998,0.003254533394693433,1.7227683561225489,0.08493042332169314,0.00018176256123640457,0.5466590093139209,-0.0001680583524954636,-0.38601771864902923,1,0,0.1797272550941989
60,chg_vix3m_20,vix_term,338,-0.0018915337088464294,-2.5256732108371973,0.011547684082749731,-4.087205845448279e-06,-0.016617754358744834,-0.00021032244386883433,-0.486022377743187,1,1,0.04957054630643787
60,chg_real10_20,real_yield,998,0.0018434332791024846,1.0391448782195913,0.2987373617802803,-0.000826436580776367,-1.2984215235553365,-5.826083338910888e-05,-0.0746786666184387,0,0,0.4139982336482625
60,chg_vix_60,vix,998,0.0022488959321202437,0.9265837451017276,0.35414269774000845,0.0007302905469854016,0.9792650928983209,-0.000789087462729272,-1.7327023063369764,1,0,0.4746022102927066
60,chg_vix3m_60,vix_term,333,-0.0017701867327747994,-2.3809155020204362,0.017269672793310202,0.0002116748447033451,0.42986526647987844,-0.0007176081065730369,-1.6990968616513171,0,1,0.06466941301324672
60,chg_real10_60,real_yield,998,0.005001683474087302,1.7407941771201847,0.08171966301848038,-0.0015486555862376911,-2.1161878117830315,0.00012556988482765734,0.1014307448652201,0,1,0.17756371223768574
60,vix_z252,vix,998,0.001331734548027324,0.4007758736046483,0.6885851433414989,0.0003840206176200952,0.43684451502320437,0.0003464576491566103,0.5428772756937934,1,1,0.7719171033637185
60,vix_pct252,vix,998,0.00012372519288123134,0.030643246753301052,0.9755540524082501,0.0003820679405086458,0.3958700076754134,0.0009913091210404167,1.0513597302630189,1,1,0.9841523317342085
60,vixterm_z252,vix_term,333,-0.003048031214393111,-3.1042845116768696,0.001907398146415437,0.0015569908153637213,1.4128827766357936,-0.0006041347084424841,-1.070651500611581,0,1,0.013987586407046539
60,real10_level,real_yield,998,0.011839188159649726,3.60268048535607,0.0003149525725603882,-0.001233395195790165,-1.371025524045022,0.0004736412132698437,0.5710759958307786,0,1,0.0029174554089804383
60,real10_z252,real_yield,850,0.005297421582192426,1.389330355718953,0.16473231726133783,-0.0007996562921128316,-0.9196332283751861,8.168292624100271e-06,0.007037914417084414,0,1,0.2684526651666246
