label,horizon,factor,family,dev_beta_sd,dev_t_nw,dev_p,dev_r2,val_beta_sd,val_t_nw,hold_beta_sd,hold_t_nw,dev_spearman,val_spearman,hold_spearman,val_sign_stable,hold_sign_stable,dev_bh_q,selection_score
ram_excess_5,5,mom_shanghai_252,momentum,0.0006630244390295972,4.170952440215948,3.033291704363632e-05,0.07540929512894712,1.370185043193899e-05,0.2183252783514686,3.195047673880516e-05,0.944645575149421,0.12154968104186767,0.043249874530744546,0.059237763294785854,1,1,0.0026065175631866167,6.670952440215948
ram_excess_5,5,mom_csi300_252,momentum,0.0006307275848068384,4.038540773106508,5.3784745411002073e-05,0.06824164046002013,1.0835681718225345e-05,0.17382110514842553,3.3613924959476895e-05,1.1608890766267708,0.1249894768564525,0.028112291302256072,0.05438982155239985,1,1,0.0026065175631866167,6.538540773106508
ram_excess_5,5,rel_us_china_252,relative_strength,-0.0006310884391147465,-4.032553755144037,5.5173988901066085e-05,0.06831974814038877,-3.620448722243169e-06,-0.05420750715359321,-7.585355164586798e-06,-0.17621583165044474,-0.1031421474374424,-0.005756252919146796,-0.04177818824760784,1,1,0.0026065175631866167,6.532553755144037
ram_excess_5,5,rel_gold_china_252,relative_strength,-0.000654097356820182,-4.015821681560766,5.923903552696856e-05,0.0733923165838597,-1.4538387871510526e-05,-0.248137802476827,1.295280452903126e-05,0.4121878197155381,-0.09595133419317664,-0.02592659766221176,0.035796840282439644,1,0,0.0026065175631866167,6.515821681560766
ram_excess_5,5,dispersion_252,dispersion,0.0006347413359275133,3.940117915919895,8.144156813565183e-05,0.069112940494514,4.940416354823143e-06,0.06933765682267164,-3.5850882026139095e-05,-0.9489697666981064,0.10024358576966196,0.06325955394088538,0.0011538230287676794,1,0,0.0028667431983749442,6.440117915919895
ram_excess_5,5,vol_nasdaq_120,volatility,-0.00025940564621767045,-3.8449829659711643,0.00012056081306950677,0.0120300340499091,-3.4898532811422204e-05,-0.6968921014466064,-1.6373689579024783e-05,-0.44916182193239695,-0.07867209003009684,-0.053781136265375146,-0.04851456900872598,1,1,0.003394730058301092,6.344982965971164
ram_excess_5,5,breadth_120,breadth,0.00029850788434591333,3.7965490921532283,0.00014672431718890005,0.015930141008011822,1.0304218225167313e-05,0.20654873107396401,4.880394940762491e-05,1.338194500286808,0.09004539701436774,0.024978010870711904,0.12160595948272716,1,1,0.003394730058301092,6.296549092153228
ram_excess_5,5,dd_nasdaq_252,drawdown,0.00023911529156221058,3.7523489643803734,0.000175185376745243,0.009811135158491413,1.2208151277516492e-05,0.41398620925367063,1.8232798077636093e-05,0.5898463439461793,0.08575397408292733,-0.001371150137116496,0.017769489346117485,1,1,0.003394730058301092,6.252348964380373
ram_excess_5,5,vol_gold_20,volatility,-0.0002014767646223368,-3.740737024248407,0.00018348142139839474,0.007479517466255969,-1.9063334108108953e-06,-0.03855323473657593,-3.362585131168886e-05,-1.4389506226414024,-0.03413023970527248,0.021390394625898677,-0.07837989850167479,1,1,0.003394730058301092,6.240737024248407
ram_excess_5,5,vol_sp500_120,volatility,-0.00026618236258632073,-3.6982430785874785,0.00021709693925933628,0.012666789637519216,-2.401376971039365e-05,-0.5238878367928218,-1.9661819743711422e-05,-0.5202973149570614,-0.08915883494790307,-0.07241687556342594,-0.054753760358698646,1,1,0.003394730058301092,6.1982430785874785
ram_excess_5,5,breadth_252,breadth,0.0003612282457039734,3.6862241750141482,0.0002276058768034534,0.02238356265911501,3.164197623646598e-05,0.7146968328127633,7.331374835071936e-05,2.3332776558231285,0.12030553410811295,0.025473160183772128,0.07927083147687151,1,1,0.003394730058301092,6.186224175014148
ram_excess_5,5,dd_sp500_252,drawdown,0.00023500429930876864,3.6645474380257297,0.00024777631440924035,0.009476679061615312,1.4237381733102012e-05,0.46814314361909015,1.4702592442872796e-05,0.36189733942279745,0.07332947987413531,0.0530204844044658,0.03284596998218342,1,1,0.003394730058301092,6.16454743802573
ram_excess_5,5,downvol_nasdaq_120,downside_vol,-0.00023606849844811243,-3.6563030755312136,0.0002558788102478679,0.009962861259096956,-3.449952296707056e-05,-0.749342919738468,-1.3226204708887088e-05,-0.35680384756084277,-0.07199296984565239,-0.05583953903198134,-0.03334926252549764,1,1,0.003394730058301092,6.156303075531214
ram_excess_5,5,dd_sp500_120,drawdown,0.00019385255233803758,3.6369298021322565,0.0002759070840384393,0.006720230824872275,1.4038136828379166e-05,0.47685632039530135,9.364972587136953e-06,0.19996646594086334,0.05839623888606919,0.04355723343587029,0.030527606680882172,1,1,0.003394730058301092,6.136929802132256
ram_excess_5,5,dd_nasdaq_120,drawdown,0.00018201735586986372,3.624676314386524,0.0002893235845142976,0.005924705200567981,1.2027417044501354e-05,0.4196043164313327,9.257458172788854e-06,0.23639930087017944,0.0679065754201492,-0.01824289114809395,0.016618085007749778,1,1,0.003394730058301092,6.124676314386524
ram_excess_5,5,real10_level,real_yield,0.0003302443998442456,3.578019142307113,0.0003462081014068887,0.01880405143340591,4.100376353511774e-05,0.6897873479073771,3.604606453277782e-05,1.0505292652107387,0.14670340407764162,0.0025341516691437817,0.011527051242822389,1,1,0.003808289115475776,6.078019142307113
ram_excess_5,5,ma_dist_shanghai_252,trend,0.0005717548759069743,3.5372953698408143,0.000404247302847091,0.056095020583440736,2.3339672329575845e-06,0.0398899304152702,4.080987741525506e-05,1.0977579132936377,0.12258236432354928,0.025244934555837692,0.08315109324579231,1,1,0.0039954527416627235,6.037295369840814
ram_excess_5,5,dd_shanghai_252,drawdown,0.0002691314573195355,3.5329029782166828,0.00041102328247733243,0.012428922613111126,8.062214637550583e-06,0.15482043264034043,2.460315404137968e-05,0.7746336139923498,0.11079058808509709,0.00720994034851682,0.057322961202169245,1,1,0.0039954527416627235,6.032902978216683
ram_excess_5,5,dd_csi300_252,drawdown,0.0002830971302976329,3.520134947995795,0.00043132728461131673,0.013752304881870403,1.9546151580235572e-05,0.3748709027403258,3.5514047193056245e-05,1.2867895011983732,0.11553209162655095,0.010995351138242179,0.07026591781663674,1,1,0.0039954527416627235,6.020134947995794
ram_excess_5,5,downvol_sp500_120,downside_vol,-0.0002427122503814295,-3.4500048254446694,0.000560576533377876,0.010531528348659003,-2.801075208920948e-05,-0.6056087327088772,-2.2235042294073808e-05,-0.559568517167433,-0.06758206665814939,-0.07838002651098559,-0.04620769050481436,1,1,0.0049330734937253085,5.950004825444669
ram_excess_5,5,vol_nasdaq_20,volatility,-0.00021273022334624772,-3.4324925170144027,0.000598060385486795,0.008338386783651286,-2.5533130627898497e-05,-0.683373198525821,-4.93964995881275e-07,-0.0072461866676947805,-0.06029352326692559,0.016183998111482436,-0.03562278561037915,1,1,0.005012315611698854,5.932492517014403
ram_excess_5,5,vol_nasdaq_60,volatility,-0.00021646889116941405,-3.4030371020890477,0.0006664123035961154,0.008531311544537012,-4.375809256606078e-05,-1.004684646271472,-1.9578584758393252e-05,-0.45708425458020036,-0.06974580589893875,-0.029957804543807143,-0.05041570339213454,1,1,0.005331298428768923,5.903037102089048
ram_excess_5,5,ma_dist_csi300_252,trend,0.0005729736650925671,3.3670165134298555,0.000759861381039653,0.056334426930942816,3.4664702935557005e-06,0.06072775841196316,4.372107650828023e-05,1.3156687676082188,0.11691466882803239,0.023515509835142404,0.0873989668650371,1,1,0.005814591437520823,5.8670165134298555
ram_excess_5,5,mom_shanghai_120,momentum,0.0005013992745108554,3.27968063411337,0.0010392465736407288,0.04494438164065251,6.145001734593786e-06,0.11165940705413492,0.00010021463762502419,2.2848707903340633,0.10382433703791553,0.02380203107009443,0.1430436028907337,1,1,0.0073162958784307305,5.779680634113371
ram_excess_5,5,dd_gold_60,drawdown,0.00015508673093965152,3.147052139601201,0.0016492554939648433,0.004380309845275043,4.491383653450465e-05,0.7637633388375917,2.2462596013983064e-05,0.8821291684023072,0.07555354187864075,0.003337950698151323,0.02969935252812009,1,1,0.011164191036069708,5.6470521396012
ram_excess_5,5,vix_level,vix,-0.0002129240088866205,-3.10185759898713,0.0019231044323202964,0.008403286623451023,-3.418958680365007e-05,-0.7796635578307602,-1.3019639048540045e-05,-0.2909367425692187,-0.06712818129863163,-0.03180522108324179,-0.03379913391742774,1,1,0.012503527173392393,5.60185759898713
ram_excess_5,5,vol_sp500_60,volatility,-0.00020177016262072717,-3.086315628181777,0.0020265358109439386,0.007412056218771723,-2.296300138045208e-05,-0.5686245198232247,-2.9720267393681277e-05,-0.6810984499174715,-0.0628764578229682,-0.03221690125473956,-0.05962091427328842,1,1,0.012503527173392393,5.586315628181778
ram_excess_5,5,dd_sp500_60,drawdown,0.00016124489550622785,3.068006998621197,0.0021549157114865458,0.004735081940948738,1.5554510317256135e-05,0.5917347129455655,2.0343430954632507e-06,0.03800620823611648,0.039352670312989134,0.021429771501494648,0.025020390532689313,1,1,0.012503527173392393,5.568006998621197
ram_excess_5,5,downvol_nasdaq_60,downside_vol,-0.0001810880684656772,-3.0614978401153534,0.0022023258089497967,0.005970414584965056,-4.33536006849713e-05,-1.1563668850870472,-5.148635943027601e-06,-0.12301521857352418,-0.054368166597800395,-0.010965517624229495,-0.02115773418511872,1,1,0.012503527173392393,5.561497840115353
ram_excess_5,5,state_target_gross,strategy_state,0.0002779971990493418,3.046514526686264,0.002315112920755882,0.014324542115151218,7.162290623495231e-05,0.8202409288229439,6.061948989245719e-05,1.654053034573873,0.1065891371143195,0.054666775978163454,0.05184865791963197,1,1,0.012514900568020494,5.5465145266862645
ram_excess_5,5,mom_sp500_120,momentum,0.00015576885699974247,3.0424582248782817,0.0023465438565038427,0.004337797493595197,5.405908190949958e-06,0.14494366724893287,4.064074560450198e-05,1.1551987536844976,0.05478374284387996,0.053623703154902884,0.0674063148875508,1,1,0.012514900568020494,5.542458224878281
ram_excess_5,5,mom_csi300_120,momentum,0.0004877199941674992,2.9647329469009707,0.003029457864573355,0.04252547047320576,5.805512248433634e-06,0.1062652964631844,8.211544258388791e-05,2.0210534659015567,0.09762601293335109,0.03399193106363773,0.12374866259607241,1,1,0.015233845261854584,5.464732946900971
ram_excess_5,5,state_cash_ratio,strategy_state,-0.00026534982298212,-2.955847863137754,0.0031181085452287927,0.013050811370512005,-7.745440346572588e-05,-0.8532616705842133,-5.976220849350229e-05,-1.5780191243865789,-0.09596841292152218,-0.06394486673929901,-0.043436778150168796,1,1,0.015244086221118542,5.455847863137754
ram_excess_5,5,vol_sp500_20,volatility,-0.00018821871426991454,-2.940503927843345,0.003276788470518692,0.006527535600418299,-2.3451731233424465e-05,-0.6512424769432478,-1.1810453086788647e-05,-0.16671244882720543,-0.056356339108339336,-0.0059290748095040926,-0.04517969519853732,1,1,0.015586885697602425,5.440503927843345
ram_excess_5,5,downvol_gold_20,downside_vol,-0.00015055981233597182,-2.9169401060804194,0.003534836429746194,0.004176781665329865,-2.6117386657292305e-05,-0.38877295683761565,-2.948502307650644e-05,-1.2966075201274136,-0.024174577121065913,-0.029005793832150746,-0.06549313509286857,1,1,0.016137301449819917,5.416940106080419
ram_excess_5,5,rel_us_china_120,relative_strength,-0.0004490573265216222,-2.8459079820928,0.004428498982083193,0.036050523869683104,-5.107392383551697e-06,-0.0836603086167455,-3.617287552962947e-05,-0.8523178761601958,-0.08043630860606421,-0.019736137781116794,-0.04439875110450686,1,1,0.01948539552116605,5.3459079820928
ram_excess_5,5,dd_nasdaq_60,drawdown,0.00012822282940485146,2.7615870029217273,0.005752118870706784,0.002994237605165706,1.522725265387363e-05,0.5504589706995053,-2.7559348387678685e-06,-0.056780181099619055,0.03640386551571321,-0.021904611587956504,0.011826740556057832,1,0,0.023815878519433037,5.261587002921727
ram_excess_5,5,downvol_nasdaq_20,downside_vol,-0.0001537235953369918,-2.7578295954523084,0.005818652138270572,0.004354163279975398,-3.270569698720465e-05,-0.9825710027668779,2.5956883853133393e-05,0.4587465438695751,-0.051992781161368774,0.0007888570985118995,-0.003932444359900958,1,0,0.023815878519433037,5.257829595452309
ram_excess_5,5,eff_shanghai_120,trend_efficiency,0.00046658164330153827,2.7411208539270433,0.006122998150052922,0.038919146171030206,1.1987370723427446e-05,0.21053414497222142,2.407023848017829e-05,0.5895755037176371,0.07129088680867782,0.021095333662235698,0.08177330281575133,1,1,0.02444808001138792,5.241120853927043
ram_excess_5,5,vol_gold_10,volatility,-0.00016022112451492755,-2.7124554790374074,0.006678675228367373,0.004744093472631827,-1.642216348812853e-05,-0.3451412610373137,-2.610086675439167e-05,-0.9133743002356649,-0.009151036223448893,0.04640903721845807,-0.07381530398566011,1,1,0.025009507238141652,5.212455479037407
ram_excess_5,5,downvol_sp500_60,downside_vol,-0.0001669070825395044,-2.663328444681432,0.007737185312206569,0.0050719428169991865,-2.5563474443858836e-05,-0.6911805046266057,-1.988563980095238e-05,-0.45388527924052113,-0.04277468972928941,-0.023296424330392192,-0.029261912260386744,1,1,0.027790706427517475,5.163328444681432
ram_excess_5,5,dd_csi300_120,drawdown,0.0001754859992428553,2.6523875701901964,0.007992474074865969,0.005507139648711301,1.3671117454402163e-05,0.28634208271514655,2.8495144928697137e-05,1.0049449816987872,0.07585424154410565,0.004532707039122334,0.05949642144363088,1,1,0.02813350874352821,5.152387570190196
ram_excess_5,5,dispersion_120,dispersion,0.00045443914409794707,2.580142488533702,0.009875955636779071,0.036919811380859424,9.394436338257178e-06,0.14320750381378022,-2.282377087199825e-05,-0.6229418658643574,0.06107333894717581,0.011919439780909364,-0.02006453236520575,1,0,0.032188299853205864,5.080142488533702
ram_excess_5,5,eff_csi300_120,trend_efficiency,0.000442964107861578,2.4767621354980847,0.013258022714471636,0.035078828662170825,1.438221152526254e-05,0.26775552288493243,8.642158588120662e-07,0.022164359160339493,0.06842125549406747,0.05853203624998111,0.029825962873090726,1,1,0.039549355894017084,4.976762135498085
ram_excess_5,5,downvol_sp500_20,downside_vol,-0.00014820247555191333,-2.452037672345365,0.01420497893276742,0.004047012636680836,-3.086128998104185e-05,-0.8982975965261493,9.338719850469439e-07,0.014807203642646847,-0.054623608244049625,-0.018628672842849536,-0.026705120208182765,1,0,0.04166793820278444,4.952037672345365
ram_excess_5,5,breadth_60,breadth,0.0002010917025921859,2.4338754515575496,0.014938134183274917,0.007362293369124084,4.977369664280321e-05,1.1434202260738864,-3.1746798997918674e-05,-0.7621140040367922,0.06212752537029922,0.029009623934082338,0.022029735343284847,1,0,0.04292286421540639,4.933875451557549
ram_excess_5,5,vol_nasdaq_10,volatility,-0.00020964383089886287,-3.3123434575573674,0.000925178870476116,0.008122278198306465,4.269663753334401e-06,0.12867418978278486,1.82227546627685e-05,0.2251356466213691,-0.059045101306743064,0.03484065087360702,-0.033036742842180805,0,0,0.006784645050158185,4.312343457557367
ram_excess_5,5,mom_shanghai_20,momentum,0.0003271630233896035,3.0668295038141946,0.0021634221741239617,0.01972205066669308,-3.175537367180869e-05,-0.8388003184105823,2.4224996707208104e-05,0.7725324736024757,0.08729395912263448,-0.0381770360327835,0.04080855899821266,0,1,0.012503527173392393,4.066829503814194
ram_excess_5,5,rel_gold_china_120,relative_strength,-0.0004977446040794853,-3.008138085883491,0.0026285367398648295,0.04429157545840623,4.149680399001066e-06,0.0801577041411228,-3.402076060901299e-05,-0.9852779943193118,-0.07903847021531177,-0.024330750830191202,-0.0505805631927347,0,1,0.013606543124006177,4.008138085883491
ram_excess_5,5,ma_dist_shanghai_120,trend,0.0004295385204803428,2.9133374686585958,0.0035758792985396406,0.03299479065625921,-1.084444111568055e-05,-0.23698508678091015,1.2161731629878227e-05,0.2947793283422901,0.09532020369229569,0.006886524087561605,0.07494249318789528,0,1,0.016137301449819917,3.9133374686585958
ram_excess_5,5,ma_dist_sp500_252,trend,0.0001566218575197175,2.826046857873066,0.004712636965464397,0.004209294370589589,-9.39727190957222e-06,-0.27127192360967456,2.522951008082657e-05,0.6472134757838247,0.025437131772042897,0.007998906992949553,0.04645735248652732,0,1,0.02022985624199351,3.826046857873066
ram_excess_5,5,dd_shanghai_120,drawdown,0.0001754264869555657,2.7313248075632846,0.006308026868126646,0.005503405027089903,-2.8465761757394403e-06,-0.06344431749369189,1.5574817657103436e-05,0.4904553526702555,0.07588501131213768,-0.01648853626393041,0.0484133361962157,0,1,0.02444808001138792,3.7313248075632846
ram_excess_5,5,ma_dist_csi300_120,trend,0.0004369582851406511,2.7270756326135217,0.006389839093885479,0.03414452694743131,-6.43262675143443e-06,-0.14875491399819046,1.9816525927478127e-05,0.5283882823855128,0.0950488739648062,0.011414496380958605,0.0753222389092782,0,1,0.02444808001138792,3.7270756326135217
ram_excess_5,5,dd_sp500_20,drawdown,0.0001187126469559257,2.20170101023622,0.027686435328105302,0.002597447619631321,1.4405287731165681e-05,0.6751590898218585,1.7177910405797583e-06,0.03771436994833731,0.025631338130011987,0.017148444046357323,0.0048681678703786195,1,1,0.0676779530242574,3.70170101023622
ram_excess_5,5,vol_sp500_10,volatility,-0.00017114806965890002,-2.681575240287496,0.007327643425363865,0.005413245165122649,2.1542417615327463e-06,0.06883384636133295,2.278184566927759e-05,0.2758682174070955,-0.04557516095715522,-0.0019479091969230174,-0.014196698493584606,0,0,0.02686802589300084,3.681575240287496
ram_excess_5,5,eff_shanghai_20,trend_efficiency,0.0002465106570640373,2.6288315481067195,0.008567879046919183,0.011196828928349722,-1.1662021109267947e-05,-0.31458081560818413,3.092206989978822e-05,1.0307851449391563,0.030980449523049087,-0.04229294614238297,0.023945868993958317,0,1,0.02956758259328973,3.6288315481067195
ram_excess_5,5,mom_sp500_252,momentum,0.00011411191602718459,2.107190017893728,0.03510111185007909,0.0022337152177458464,4.542281337461941e-05,0.9582937818876124,2.763550120459968e-05,0.9182459040238832,0.013444448188136787,0.04331986169409231,0.023502822591211697,1,1,0.08128678533702526,3.607190017893728
ram_excess_5,5,rel_us_china_20,relative_strength,-0.00028026384813414223,-2.6029726379319413,0.009241932934160214,0.014472974795002425,2.953874978261487e-05,0.7042769884034787,-3.985369762089563e-05,-1.2109670895950737,-0.08279345495781923,0.035229118720322555,-0.05454901089374409,0,1,0.03128038839254226,3.6029726379319413
ram_excess_5,5,dd_gold_120,drawdown,0.00010946254733058265,2.0852042460034625,0.03705076465199688,0.0021427536542089065,7.746812000988271e-05,1.0370965503032152,2.6373812636434828e-05,1.0870350221587566,0.07323764656186814,0.031531380524239705,0.03029632108993232,1,1,0.08468746206170716,3.5852042460034625
ram_excess_5,5,downvol_nasdaq_10,downside_vol,-0.00014939441000710028,-2.583371447955484,0.009783992133863339,0.00412460516490587,1.4791567809961423e-05,0.4437168769107521,2.2950670957638996e-05,0.4311175977107234,-0.05574921075133786,0.030443385642921175,-0.016680224476385546,0,0,0.032188299853205864,3.583371447955484
ram_excess_5,5,ma_dist_shanghai_60,trend,0.0003382415208656305,2.545083658939532,0.01092515601491701,0.02083576187388403,-3.5931925446154096e-05,-0.8484257157091633,3.4856133294615534e-06,0.08620161451665921,0.08902910980415275,-0.053508573009393795,0.0516612587721742,0,1,0.034960499247734436,3.545083658939532
ram_excess_5,5,ma_dist_shanghai_20,trend,0.00025294575073635294,2.5298158517879656,0.011412240516593867,0.011792546491989353,-6.079152654209547e-05,-1.4473814756494963,-7.886172405138087e-06,-0.25398958603787697,0.06683620871592769,-0.03873240268904857,0.018199622962892105,0,0,0.035867041623580724,3.5298158517879656
ram_excess_5,5,dd_csi300_60,drawdown,0.00012244680845963345,2.016536560462443,0.04374389916576121,0.002730552230903127,1.1044055097985633e-06,0.024894436645852128,4.995059659191401e-05,1.6260340596975658,0.05669187781511216,-0.005870532384494849,0.07526435514468417,1,1,0.09165388396635683,3.516536560462443
ram_excess_5,5,downvol_csi300_60,downside_vol,0.00024462993794884246,2.50961674033958,0.012086225860328348,0.010895421272470895,-2.6168081400558383e-05,-0.4704594610850452,-3.508978775739747e-05,-0.8430705347386837,0.013540313516792935,-0.008030583761125136,-0.05939467412181509,0,0,0.03731887283189104,3.50961674033958
ram_excess_5,5,vol_csi300_60,volatility,0.00021947106480181265,2.4971811685638348,0.012518498179646972,0.008769591384055864,-3.682632485104e-05,-0.6506196898477329,-5.0824791144154535e-05,-1.1391743817645206,0.011760666853364115,-0.012399777664571471,-0.0504721392255986,0,0,0.03798716688996323,3.4971811685638348
ram_excess_5,5,vol_gold_60,volatility,-9.841953391346018e-05,-1.9798630681975216,0.04771891728677164,0.0017635485681862795,-1.6710346259616267e-05,-0.39634918975934386,-1.5182655026882483e-05,-0.7793462671624423,0.017415746843563402,-0.0030887025453714256,0.005339296319041164,1,1,0.09596520556472873,3.4798630681975213
ram_excess_5,5,vol_shanghai_10,volatility,0.00023275504750936462,2.4294786739509555,0.01512055443951816,0.010011793927636514,-2.049013162785324e-05,-0.37897781779811723,2.323693156529683e-06,0.05382399419241991,0.021769835203860208,-0.04781990357803775,-0.058769333921420475,0,1,0.04292286421540639,3.4294786739509555
ram_excess_5,5,vol_shanghai_60,volatility,0.0002165931655006377,2.417686006217659,0.01561954862679036,0.008541109972078353,-2.1340390385660846e-05,-0.3790942404559713,-2.525549163461005e-05,-0.5400579292130685,0.011445060343675132,-0.009899729325668545,-0.04611810389740666,0,0,0.04363556441770006,3.417686006217659
ram_excess_5,5,mom_csi300_20,momentum,0.0002924906035495903,2.3771800613818015,0.01744556973218035,0.015763312364292736,-1.491611072516109e-05,-0.4047250626628456,4.006790052318826e-05,1.4422881768156033,0.0898472943699704,-0.01250412769586009,0.07716830846641073,0,1,0.04797531676349596,3.3771800613818015
ram_excess_5,5,eff_csi300_20,trend_efficiency,0.00018503627977527578,1.8537908802967524,0.0637690837093509,0.006308664337126624,1.7016450921227137e-05,0.3700738503957422,1.511927079494177e-05,0.49816097689976363,0.029360907286522353,-0.015347544925366568,0.023681279896753466,1,1,0.12333361244885449,3.3537908802967524
ram_excess_5,5,ma_dist_gold_60,trend,8.39809292721249e-05,1.6889799249917294,0.09122327713597853,0.0012844491048560336,2.6175449100472627e-05,0.5243718640563247,5.824230591834504e-06,0.12946316684498085,0.08114688961499761,0.005599841365037933,0.052033326630279694,1,1,0.16551852346321877,3.188979924991729
ram_excess_5,5,downvol_shanghai_10,downside_vol,0.00017432209566887942,1.6821958530787933,0.09253086800274188,0.005615889615866232,9.092697502281534e-06,0.19643228336539675,2.903325449350223e-05,0.5832361816603562,-0.00257145092261714,-0.03108688042528182,-0.020934520642643284,1,1,0.1661778853926793,3.1821958530787935
ram_excess_5,5,eff_shanghai_60,trend_efficiency,0.00025513875108697064,1.5876435495152224,0.1123669646249301,0.0118516186099078,1.1180480258496291e-05,0.17486311153182074,-5.681382136341808e-05,-1.245676953657303,0.03757899418260107,0.006953968905642405,-0.014254076807780812,1,0,0.18657156390554433,3.0876435495152226
ram_excess_5,5,downvol_gold_10,downside_vol,-8.94160128597966e-05,-1.5661321467894127,0.11731768363108208,0.0014775571473870652,-5.827299355330488e-05,-0.7988104447464839,-2.972172384510626e-05,-1.1230566314753148,-0.003072845601573491,-0.0038191912582498473,-0.07393706680665788,1,1,0.19297114316888267,3.0661321467894127
ram_excess_5,5,vix3m_level,vix_term,-7.551215509188442e-05,-1.4776515798128569,0.13950106081588423,0.00519739800149388,-4.2494618657294335e-05,-0.8740361153782429,-2.6717518371331227e-05,-0.6432555978042965,0.005877014710942892,-0.029314177725097913,-0.04923696478873337,1,1,0.22320169730541475,2.977651579812857
ram_excess_5,5,vol_gold_120,volatility,-8.297126262382201e-05,-1.431804853619379,0.15219967784034746,0.001230731752223213,-2.2343843038250163e-05,-0.42550234942704757,-5.538727784511553e-06,-0.2642714421766676,0.01147756101899283,-0.018830263655753604,0.035795755305446646,1,1,0.2413256153144248,2.9318048536193793
ram_excess_5,5,vix_term_ratio,vix_term,-7.375763965481413e-05,-1.4155938369256038,0.15689445680575548,0.004958682086347976,-5.224097385285435e-07,-0.012266848177119438,3.305083524084662e-05,0.6593212663241805,-0.009686157655741948,-0.0299815578251365,-0.014661538471046589,1,0,0.24222302103344703,2.915593836925604
ram_excess_5,5,dispersion_10,dispersion,0.00011207194318910828,1.3335082770085716,0.18236506109379602,0.0023211728950484067,5.525818193216349e-06,0.12570820285335838,-1.3464580907433225e-05,-0.44594129892503515,0.01821764687780986,-0.0022609128084795107,-0.05101259537059765,1,0,0.2743269295086162,2.8335082770085718
ram_excess_5,5,downvol_gold_60,downside_vol,-5.5299674745300886e-05,-1.325135617741431,0.1851261745270347,0.0005567624926181569,-4.486080478329093e-05,-0.8896032481659212,-2.059500708071183e-06,-0.09233066711264148,0.02111370665873831,-0.042393318515999485,0.019018724336355066,1,1,0.27612039590472975,2.825135617741431
ram_excess_5,5,dispersion_60,dispersion,0.00021767472351297656,1.2052850529880008,0.2280932777910444,0.008626623013510581,3.0262160280908854e-06,0.05007099393152173,-9.608043746576511e-06,-0.1890730464435454,0.025964151500194748,0.0004992570542437077,-0.015083833207308302,1,0,0.3318924353751375,2.7052850529880006
ram_excess_5,5,mom_sp500_60,momentum,6.187312080383904e-05,1.205070597478706,0.22817604932040705,0.0006969937124015058,1.7596621236569988e-05,0.6224263837824716,1.0837899843319411e-05,0.21560952524668295,0.010479863278447545,-0.02050300386541167,0.015175629837130052,1,1,0.3318924353751375,2.7050705974787057
ram_excess_5,5,mom_nasdaq_5,momentum,-5.798208865736742e-05,-1.1430625023321863,0.2530126415599707,0.0006222214586943942,-2.328011314904615e-06,-0.07683828821316828,1.765785944248517e-05,0.46415878473958166,-0.003537411659571587,-0.030373885243042534,0.007981790806530855,1,0,0.3637323000708913,2.643062502332186
ram_excess_5,5,ma_dist_sp500_60,trend,5.373873567572815e-05,1.118829729803184,0.26321278588071606,0.0005259330190863221,4.6110153753709665e-06,0.21077282216780283,-1.2393386327504351e-05,-0.24573905720314712,0.0045158092538906845,-0.024133571629843274,-0.0145629763216741,1,0,0.3735923412500486,2.618829729803184
ram_excess_5,5,eff_sp500_120,trend_efficiency,0.00010500635239104342,1.107870692850696,0.2679176641868608,0.0019712384080756706,1.2522790403092506e-05,0.17799590343216537,3.028772925897737e-05,0.772960591315268,0.02983051460073777,0.07770729114072565,0.03583776382882447,1,1,0.3772280711751,2.607870692850696
ram_excess_5,5,mom_nasdaq_60,momentum,5.1644625468207164e-05,1.0834698224173822,0.2785999385817871,0.0004855959781054908,3.903315576530369e-05,1.3588745873451828,5.209858625534511e-06,0.11505207477919986,0.01896911921316454,-0.032276633896549764,-0.0006274223836086652,1,1,0.38874739780318934,2.583469822417382
ram_excess_5,5,downvol_gold_120,downside_vol,-5.712302825609033e-05,-1.0791595951365553,0.28051658818752867,0.000583351679200983,-5.0955762348107706e-05,-0.7905796105728365,2.535497573664433e-06,0.11757863217999205,0.01267829223666382,-0.03198313482191415,0.05086580871428599,1,0,0.38874739780318934,2.5791595951365553
ram_excess_5,5,chg_vix3m_1,vix_term,3.435057529081422e-05,1.0468723320193873,0.2951584642264681,0.001074944326251548,9.109488643098801e-06,0.5522725546068401,-2.1744740807465712e-05,-0.5111884255711238,0.03393996497115441,0.008052634495920486,0.01223205904658565,1,0,0.4047324252078033,2.5468723320193876
ram_excess_5,5,vix_z252,vix,9.212455932703017e-05,0.9721026432204606,0.33099948731082157,0.0014563152748662267,2.0093518316460174e-07,0.005317928959014218,4.1694636687749564e-05,0.9398659111223936,0.0033260970527913916,-0.023759160368662612,0.011317244060659124,1,1,0.4447016012725542,2.4721026432204605
ram_excess_5,5,chg_vix_1,vix,2.696685512833328e-05,0.9335313036481862,0.35054571564798337,0.00013475102001092587,7.5039008033422e-06,0.4394798006076128,-2.830068670561894e-05,-0.6191348069521684,0.012807504340229571,0.01024924144359485,0.00981389443305487,1,0,0.4570077478077413,2.433531303648186
ram_excess_5,5,rel_us_gold_252,relative_strength,4.3325224523267446e-05,0.8481004311282221,0.3963820415511505,0.00032199375732810953,2.854830310928014e-05,0.4710138307041429,-1.606450066593509e-05,-0.46703623281032,-0.0041780091628516765,0.039383614602276705,-0.04509378547930596,1,0,0.5092207249124269,2.348100431128222
ram_excess_5,5,vol_csi300_10,volatility,0.00022790877316942714,2.337898688807446,0.019392504310653827,0.009599216193157734,-3.277213832149018e-05,-0.6301956583708974,-1.3495771880312698e-05,-0.3658692050085849,0.00822333025682627,-0.041196759609946926,-0.07895434600069053,0,0,0.05250893474884729,2.337898688807446
ram_excess_5,5,ma_dist_sp500_120,trend,0.00011099052970751733,2.3027479113703637,0.02129303079061165,0.002202992362926648,-9.071779635965177e-06,-0.31846683723472047,2.0266553851818028e-05,0.40238352519348125,0.021174424284653017,-0.0148933528679184,0.03300865697124646,0,1,0.05678141544163107,2.3027479113703637
ram_excess_5,5,dd_csi300_20,drawdown,5.0998230969413803e-05,0.8027114108378901,0.4221415560172813,0.00047936138234538905,2.403753895354751e-06,0.05093077153550667,4.283572901528283e-05,1.4366107323313466,0.04726896184806832,0.002326667726645627,0.08483428511444788,1,1,0.53463411042816,2.3027114108378903
ram_excess_5,5,chg_real10_1,real_yield,2.6780607009084864e-05,0.802542110567417,0.4222394394858764,0.0001236184379609373,7.455423100645266e-06,0.27862069218930086,-5.413427613804135e-06,-0.29292834228348263,0.01776111996622511,0.005577021309547396,-0.009775937941887415,1,0,0.53463411042816,2.302542110567417
ram_excess_5,5,breadth_20,breadth,0.00014831108220778323,2.2739705109274504,0.02296775961406378,0.004052946323787943,-6.433879637380374e-05,-1.4707909520708793,-1.155402316600592e-05,-0.30633474570202673,0.07324535262443288,-0.036349089516597904,0.006886398777944203,0,0,0.060157268711139356,2.2739705109274504
ram_excess_5,5,ma_dist_nasdaq_60,trend,3.486252572452395e-05,0.770283953901488,0.4411314726246111,0.00022134679809460156,4.34759358097994e-06,0.18601220126603724,-1.7221767961039863e-05,-0.3711924729590522,0.009058101256227769,-0.04889877219914896,-0.025502706883181125,1,0,0.5481697871217126,2.270283953901488
ram_excess_5,5,ma_dist_csi300_60,trend,0.0003320270265707229,2.2694235553107047,0.023242581092940206,0.0200771665126227,-1.9774408680268e-05,-0.48531128887616076,2.0037051647554494e-05,0.5557113279373457,0.09289249408731458,-0.028436593537426478,0.05910833140439159,0,1,0.060157268711139356,2.2694235553107047
ram_excess_5,5,chg_vix_10,vix,3.956274394365821e-05,0.7650760533057248,0.4442262584612676,0.0002892587444265349,2.993952971794655e-05,0.9616239760305167,4.9488418372102e-05,0.9357308954172004,0.012077772702293155,0.031981105873091685,0.022150320492516674,1,1,0.5481697871217126,2.265076053305725
ram_excess_5,5,downvol_shanghai_60,downside_vol,0.0002400615754371858,2.257785419564115,0.023959040672659467,0.01049228600679919,-1.0575172867656641e-05,-0.19443435540964102,-1.596871613845191e-05,-0.3581294174999322,0.004079440071303155,-0.006928017757778506,-0.055538827379239854,0,0,0.06111291533895748,2.257785419564115
ram_excess_5,5,rel_gold_china_20,relative_strength,-0.0002599395548461444,-2.241354896276073,0.02500309565649696,0.012449972323798297,1.1393510215424874e-05,0.27014266898858114,-3.621157004073015e-05,-0.7869129408886623,-0.04386941338892725,0.018513206135401382,-0.025335463812188878,0,1,0.06286492622204949,2.241354896276073
ram_excess_5,5,mom_nasdaq_120,momentum,0.00012228074426592819,2.216469412304631,0.026659370476775794,0.00267315507644883,-2.891560327104679e-08,-0.0008820696334181004,4.7181765196646736e-05,1.486767824604446,0.04789522415106957,0.035575211870978216,0.07530006785276913,0,1,0.0660852000551062,2.216469412304631
ram_excess_5,5,real10_z252,real_yield,5.436532070529746e-05,0.6678207524861813,0.5042480180097376,0.0005003709042579185,1.3178762016427062e-05,0.30338028580691273,-2.7442084493299238e-05,-0.8086466346568001,0.023839426602596032,0.02402498402454757,-0.07143225674440254,1,0,0.6134739112911524,2.1678207524861812
ram_excess_5,5,chg_real10_5,real_yield,3.942935144097903e-05,0.6637913598318282,0.5068238564191844,0.00026762636344723756,4.287404097822626e-05,1.1201847957296902,1.608111297785651e-05,0.4728793605209911,0.005075870227249115,0.05214783354094742,-0.010697847927214038,1,1,0.6134739112911524,2.163791359831828
ram_excess_5,5,chg_vix3m_60,vix_term,-3.0295151238845717e-05,-0.6556087355004951,0.5120759034818428,0.0008287892939120578,-1.1128362610338607e-05,-0.5939670192511991,1.650547186559119e-05,0.355111643631421,-0.04308344083889353,0.061455468646031595,-0.008527912415578681,1,0,0.6134739112911524,2.155608735500495
ram_excess_5,5,mom_nasdaq_252,momentum,3.933562752191383e-05,0.6493680419921924,0.5161005153747664,0.0002654226455167663,2.0150656115580014e-05,0.3792488129260357,2.1839140468751474e-05,0.840130921697236,0.018416113157024492,0.027343538216837097,0.00012280807422402026,1,1,0.6134739112911524,2.1493680419921923
ram_excess_5,5,mom_sp500_20,momentum,3.418036259608899e-05,0.6458735243674483,0.5183612670553837,0.00021526676054728355,1.5254604026627421e-05,0.7315140040203201,-1.5142351642424172e-05,-0.3663720206434467,0.010668081135436193,0.0007889004632208378,-0.01630876856595042,1,0,0.6134739112911524,2.145873524367448
ram_excess_5,5,mom_shanghai_60,momentum,0.0003263065254971041,2.129436517926856,0.03321816184405805,0.01938546998000157,-1.9333717763910444e-05,-0.3820620646383981,-3.179656068790907e-05,-0.7520087660427415,0.08158802865131236,-0.033645272307586044,0.03505365378414578,0,0,0.08008762307608516,2.129436517926856
ram_excess_5,5,downvol_csi300_120,downside_vol,0.00018775777721160292,2.1148427635352696,0.0344433507797101,0.006302369729669688,-3.036325412893615e-05,-0.4944960423591653,5.395155410237236e-05,1.1797972374990497,0.04527134750638852,-0.014856302783873256,0.001982228790498379,0,1,0.08128678533702526,2.1148427635352696
ram_excess_5,5,mom_csi300_60,momentum,0.000351992650852301,2.110624045691953,0.034804639178733436,0.022557554160274718,-1.4900413658473855e-05,-0.3271889468786168,-1.3646649110298862e-05,-0.347356064905723,0.08128603813464483,-0.019105260985396288,0.039001020865048815,0,0,0.08128678533702526,2.110624045691953
ram_excess_5,5,chg_vix_20,vix,3.244187818690346e-05,0.5958720058893744,0.551260735838786,0.0001939258138897726,6.3477320725735e-06,0.2658097717824369,1.7534222017912168e-05,0.40353291593491764,0.016175539225479083,0.01690419387826715,0.03225681837307381,1,1,0.6383019046554363,2.0958720058893743
ram_excess_5,5,mom_gold_60,momentum,2.830525334798904e-05,0.5629329655145753,0.5734805315029932,0.00014586762419122046,4.09851420850537e-05,0.7855038123916042,-8.728973332774429e-06,-0.2048686979347754,0.04629669700051587,0.01800072403149412,0.030038967387165234,1,0,0.6596900231668419,2.0629329655145754
ram_excess_5,5,ma_dist_csi300_20,trend,0.00022213721839859962,2.0565959182012685,0.03972511119907269,0.009094848722384863,-3.8275872295191545e-05,-1.0054262550717168,1.223395906803867e-05,0.4571842539266426,0.06635301932020599,-0.01667930525648663,0.05431321991979238,0,1,0.08839008465837457,2.0565959182012685
ram_excess_5,5,dd_shanghai_60,drawdown,0.0001242321532908106,2.056024909615329,0.03978011524133749,0.0028107587688893654,-2.9849004905185285e-05,-0.6849706332284421,2.873951676258929e-06,0.08821888635583192,0.05895375234841195,-0.05016771751003075,0.03255521568298389,0,1,0.08839008465837457,2.056024909615329
ram_excess_5,5,downvol_shanghai_120,downside_vol,0.00019399414522014118,2.0519213025701886,0.04017731120835208,0.006727988698273513,-2.3356279445248596e-05,-0.39750904824800465,6.516027642277203e-05,1.3754204297592643,0.03516976119551373,-0.016994107498573104,-0.0315196377952937,0,1,0.08839008465837457,2.0519213025701886
ram_excess_5,5,rel_us_china_60,relative_strength,-0.0003085981704399661,-2.0337748345298516,0.041974302950767234,0.017338499512318584,3.494754687371689e-05,0.6032908093490569,2.4762427758750182e-05,0.5466391094084387,-0.07826548525838839,0.007382029131053226,0.008854317982802158,0,0,0.09120342369549424,2.0337748345298516
ram_excess_5,5,rel_gold_china_60,relative_strength,-0.0003214670893615497,-2.0229448846388784,0.043078830228670775,0.018814724035877473,3.2578626587547444e-05,0.6700350684756451,9.128515038151972e-06,0.22356536140338076,-0.06631401859713489,0.037780166007295404,0.004238031462730899,0,0,0.09137525371148104,2.0229448846388784
ram_excess_5,5,ma_dist_nasdaq_252,trend,0.00011205413221370873,2.022819708462735,0.04309173896620981,0.0021545685245011326,-1.8950039495858454e-05,-0.5085482862138947,2.311638453705237e-05,0.6854279341360598,0.03853340649998418,-0.009556886892925935,0.045340160167959824,0,1,0.09137525371148104,2.022819708462735
ram_excess_5,5,vix_pct252,vix,4.4448325764456364e-05,0.48548843487674476,0.6273299144619378,0.00033901223474508413,1.320272832022059e-06,0.02345733649400064,4.856043774016539e-05,1.188765575372472,0.006709254470563632,-0.030977920847074177,0.0030987940324465058,1,1,0.7091929713059266,1.9854884348767448
ram_excess_5,5,downvol_sp500_10,downside_vol,-0.00012166217135072488,-1.9758419895192478,0.04817267608241355,0.002735425005970571,3.527683134508823e-06,0.11914743202331757,1.7913867461204023e-05,0.30544637511043793,-0.045645501863961,-0.01282103876758206,-0.012294163761687446,0,0,0.09596520556472873,1.9758419895192478
ram_excess_5,5,dd_nasdaq_20,drawdown,9.658284240541287e-05,1.9753791107568783,0.04822514155655326,0.0017193044445295014,-9.196150957306257e-06,-0.39450587368975537,9.245559800657552e-07,0.0211046958248994,0.03097826880403595,-0.039285244804798634,0.009495733597716546,0,1,0.09596520556472873,1.9753791107568783
ram_excess_5,5,rel_us_gold_120,relative_strength,0.0001153897771811306,1.974753663629972,0.04829610975551349,0.002380360180552432,-1.678557382147523e-05,-0.4512461362783536,4.147143820775401e-06,0.12086680186649362,-0.011916805676567867,0.036472131505937165,0.0009097277352573708,0,1,0.09596520556472873,1.974753663629972
ram_excess_5,5,dd_gold_20,drawdown,0.00010213981184640893,1.9727165998848888,0.04852785963216396,0.0019228390261315509,-2.7775420363114584e-05,-0.4794426250958764,1.476728958326415e-05,0.5592517439456568,0.031108680832370637,-0.028381377807077335,0.05001705337291652,0,1,0.09596520556472873,1.9727165998848888
ram_excess_5,5,ma_dist_nasdaq_120,trend,9.654282496115275e-05,1.966431967910145,0.04924873374332939,0.0016667910074736891,-4.685540279957565e-06,-0.19368528268555343,2.2192560948720302e-05,0.4935271724749488,0.026734329473010292,-0.035943697050433106,0.0254117763765852,0,1,0.09630863487584414,1.966431967910145
ram_excess_5,5,mom_shanghai_10,momentum,0.00018709508059777116,1.8196648800502055,0.06881005471747027,0.006469018948883187,-4.286222952567748e-05,-1.1214882205263885,-2.643986543035396e-06,-0.08144790020973693,0.04764309661202527,-0.017056743349870656,0.020435345519938277,0,0,0.13163662641603008,1.8196648800502055
ram_excess_5,5,vol_csi300_20,volatility,0.00018217260340239706,1.810180964993005,0.0702677284755836,0.0061149058390753686,-3.581440160915752e-05,-0.671149779552403,-6.478310488253115e-05,-1.6975330216556523,0.014721105973445314,-0.039846702901232024,-0.11439625653583976,0,0,0.13297978722260984,1.810180964993005
ram_excess_5,5,chg_real10_10,real_yield,2.142239165001071e-05,0.3041975848478085,0.7609773647229074,7.887394326622221e-05,5.1089582910377354e-05,1.174063146136711,-1.5558245376506273e-05,-0.4964070024646165,-0.024243099354924334,0.06443292623792468,-0.03397775507118338,1,0,0.8216688109891516,1.8041975848478085
ram_excess_5,5,vol_shanghai_120,volatility,0.00014485522841939055,1.7824557163346901,0.07467494657823953,0.0037512530173903214,-3.075515383484987e-05,-0.5072123673151765,9.828255381120335e-05,1.8197653682044124,0.024383114027238993,-0.008097676324009921,0.005074407215141274,0,1,0.13884427790690426,1.7824557163346901
ram_excess_5,5,vol_csi300_120,volatility,0.00014349187924032783,1.7808047416607098,0.07494435455202218,0.0036809731865313777,-3.842545302663604e-05,-0.6057923980728755,8.216978974647849e-05,1.5613767968613388,0.024919405728518737,-0.004627020655097481,0.027288645107071047,0,1,0.13884427790690426,1.7808047416607098
ram_excess_5,5,downvol_csi300_10,downside_vol,0.0001778162993363279,1.7752282266220734,0.07586021083325259,0.005843281668475142,-1.0343446114954857e-05,-0.23944916875311084,1.3554535331381247e-05,0.3007800777239807,-0.0050561581982517855,-0.03796274946195398,-0.03652039788408609,0,1,0.13907705319429642,1.7752282266220734
ram_excess_5,5,ma_dist_gold_120,trend,1.3787697769258255e-05,0.27152402775464074,0.7859880221096041,3.39957520747447e-05,4.3679924594297175e-05,0.9228068201917566,5.0260287156342455e-06,0.1220081670503873,0.06732055712383016,0.013868011882553561,0.053121983110473045,1,1,0.8383872235835776,1.7715240277546407
ram_excess_5,5,mom_gold_5,momentum,-1.1810944826337067e-05,-0.23602985406870647,0.8134095043465781,2.581823531877525e-05,-1.615083393691835e-05,-0.4069270315779064,2.5750253920241976e-05,0.6824085351758952,-0.010913989060190017,-0.031303862812945414,0.04279486263679432,1,0,0.8624100768975768,1.7360298540687065
ram_excess_5,5,chg_vix_60,vix,7.91356617179932e-05,1.6493322801997903,0.09907957994617443,0.0011401691686024895,-2.069394798196433e-05,-1.4484266048297116,2.200196070351145e-05,0.47692817508365387,0.03243471647686158,0.057785435081207204,-0.000791160810363133,0,1,0.17614147545986567,1.6493322801997903
ram_excess_5,5,breadth_10,breadth,0.00010423954903696321,1.6417894170235097,0.10063365303623877,0.0020080694731108295,-6.385764652249095e-05,-1.392621779741447,2.0738967075781933e-05,0.5790351029193481,0.02705336355442812,-0.03208363729920143,0.04685055945583886,0,1,0.17711522934378024,1.6417894170235097
ram_excess_5,5,chg_real10_20,real_yield,9.628448120646396e-06,0.14148555626066042,0.8874863696939195,1.5882649558429662e-05,6.376740870526829e-05,1.0442523321984496,-6.120233744497054e-06,-0.19475926933388849,0.007252175550672409,0.07464872774684539,-0.03486882243699391,1,0,0.9221545600983186,1.6414855562606605
ram_excess_5,5,dispersion_20,dispersion,0.00017818867772721278,1.636217342468106,0.10179410810133711,0.005850377019440467,-2.636545359299176e-05,-0.5415628930543859,-4.191907844627221e-05,-0.9946744624613718,-0.022150948625516823,-0.004296512641870863,-0.04647584615523757,0,0,0.1773837923350033,1.636217342468106
ram_excess_5,5,rel_us_china_10,relative_strength,-0.00015742099840375585,-1.6159060138838122,0.10611463518770196,0.0045797208942662815,2.0129046099077995e-05,0.49902380925395073,-9.55394204809595e-06,-0.33051641676726135,-0.04724418690149058,-0.005365244528051018,-0.028375992015872185,0,1,0.1817440488676352,1.6159060138838122
ram_excess_5,5,vol_shanghai_20,volatility,0.00016461764336784973,1.6113047387270203,0.10711331843532496,0.004993170598026286,-2.563940960263579e-05,-0.4698008838446974,-5.177210101940245e-05,-1.1640118336204595,0.017358318778368933,-0.04147708400973239,-0.09211103448006941,0,0,0.1817440488676352,1.6113047387270203
ram_excess_5,5,eff_csi300_60,trend_efficiency,0.00027065072442007806,1.6100166994574456,0.1073942106945117,0.013336540997141766,-3.476051761615344e-05,-0.5910097741122438,-6.814393924277604e-05,-1.6829256446947711,0.0600933494296518,-0.010704720086535757,-0.055767500595573276,0,0,0.1817440488676352,1.6100166994574456
ram_excess_5,5,rel_gold_china_10,relative_strength,-0.00016441120248929676,-1.6041791021065335,0.10867457975263782,0.0049954716401938715,3.237287181879068e-05,0.7577954591537163,-1.929158430582957e-05,-0.4788539866923924,-0.028561445452044882,0.012740086509096358,-0.028121058273930934,0,1,0.18215929558537386,1.6041791021065335
ram_excess_5,5,ma_dist_nasdaq_20,trend,-4.40606222685739e-06,-0.08147166246369981,0.9350668600225189,3.5781131810797007e-06,-2.1237980631726138e-05,-0.7323602104808439,-3.5407684767208446e-06,-0.0987500449209966,0.006455908078976969,-0.037687210729149996,-0.012751736485642004,1,1,0.9568126009532751,1.5814716624636997
ram_excess_5,5,chg_vix3m_10,vix_term,-7.519992216661977e-05,-1.5046927475260772,0.13240308853288185,0.005132528267385084,2.765252213048773e-05,0.9963353178907471,4.354752860861063e-05,0.9153117261065934,-0.026791724308737892,0.032518503947300006,0.02254337775965161,0,0,0.21574486086260405,1.5046927475260772
ram_excess_5,5,eff_sp500_60,trend_efficiency,9.142830475034955e-09,0.00011370595655955776,0.9999092757729853,1.5218937221561646e-11,1.0338097597771516e-05,0.1771540672350761,4.492087633919384e-05,1.156912167037057,-0.028453538157322947,-0.015461650873336157,-0.015862310833833073,1,1,0.9999092757729854,1.5001137059565595
ram_excess_5,5,mom_csi300_10,momentum,0.0001616428134208609,1.4999987938779895,0.13361471496604455,0.004828658458613799,-1.5970305918504024e-05,-0.4563965850450038,1.6196205291416535e-05,0.5839470862125055,0.04341828401793771,0.0015026219766320363,0.048905462725949894,0,1,0.21574486086260405,1.4999987938779895
ram_excess_5,5,chg_vix_5,vix,6.685630313275905e-05,1.4212437420074946,0.15524591225621973,0.000827259931933777,-1.5842567456142254e-05,-0.8975080675618938,1.0510155004032017e-05,0.2949108227034117,0.019456775386338093,0.030110646594095073,0.055028293477213726,0,1,0.24222302103344703,1.4212437420074946
ram_excess_5,5,mom_shanghai_5,momentum,0.00012110984298989566,1.4201926391561954,0.15555160602101922,0.002714664449267268,-6.861172012328867e-05,-1.8960111000711495,-6.245453149158463e-05,-1.9849904315718132,0.06026379148557476,-0.03830492365804912,-0.05963610330037551,0,0,0.24222302103344703,1.4201926391561954
ram_excess_5,5,downvol_csi300_20,downside_vol,0.00014360417645559236,1.3935868279689128,0.16344240841448876,0.0037997741659555606,-2.664590891118686e-05,-0.5553541780816461,-7.355139138945684e-05,-1.4476046724086642,0.01099160368001778,-0.05594435055870933,-0.10752774274778798,0,0,0.25013794679086976,1.3935868279689128
ram_excess_5,5,vix_term_spread,vix_term,-5.736830462903334e-05,-1.3522648417973504,0.17629060726496495,0.0029998274596011454,1.0182602469488984e-05,0.44856060639989587,3.8252774579196674e-05,0.7712001951036909,-0.024634320075020068,-0.014543316457106098,-0.010253955329749886,0,0,0.2674754041261537,1.3522648417973504
ram_excess_5,5,mom_csi300_5,momentum,0.00011202748007622062,1.3118769372807966,0.18956166021099224,0.0023227710665363333,-5.301266090331484e-05,-1.6669555570404986,-4.7371970342435916e-05,-1.6534025950853593,0.05806460825369201,-0.032312123231648955,-0.034612560972874955,0,0,0.2803601024969297,1.3118769372807966
ram_excess_5,5,eff_gold_60,trend_efficiency,-7.052953220473203e-05,-1.1402089062502092,0.25419927789045244,0.000905663412710811,1.574010187289326e-05,0.29496751154718504,-1.6926982646700134e-05,-0.31484553940421167,0.0015407889561980315,0.01971705139700943,-0.012956115960458994,0,1,0.3637323000708913,1.1402089062502092
ram_excess_5,5,downvol_shanghai_20,downside_vol,0.00011485115568662928,1.0436432589671194,0.2966504707489013,0.002430493049948468,-1.6837578665470005e-05,-0.3432434046823909,-6.0628549875747755e-05,-1.042159248265,-0.0006610324048851735,-0.0553215176218469,-0.0840169898446138,0,0,0.4047324252078033,1.0436432589671194
ram_excess_5,5,chg_vix3m_20,vix_term,-5.515031757210537e-05,-0.9723602137366939,0.33087137783169807,0.002790464787514324,5.383183316938718e-06,0.2515910898864251,1.411264182470282e-05,0.30889632284125274,-0.027211016913973523,0.026946849036646518,0.0314633067203188,0,0,0.4447016012725542,0.9723602137366939
ram_excess_5,5,mom_gold_20,momentum,5.243042672963226e-05,0.9637383234347017,0.3351771354694856,0.0005065128050563139,-1.6792393662133742e-05,-0.35308260126248336,-1.41320445133101e-05,-0.3067404035948759,0.052249037445858286,0.0010931593696641123,0.021938080091934813,0,0,0.4467294951468587,0.9637383234347017
ram_excess_5,5,eff_gold_120,trend_efficiency,-7.462727767092454e-05,-0.9546516691350202,0.339753878554993,0.000995641993594476,4.040541840430645e-05,0.7487551014445949,2.8654220945821304e-05,0.6912246648260671,0.0216525654818917,0.01774323677596926,0.0567787612639316,0,0,0.4467294951468587,0.9546516691350202
ram_excess_5,5,vixterm_z252,vix_term,-7.67531462504022e-05,-0.9539210785321025,0.3401235928959038,0.0047575062336292495,3.0218569265767837e-05,0.7597200095258857,3.095910509166395e-05,0.7098118805864504,0.03135393769526857,0.003381228536600442,-0.009121027970679598,0,0,0.4467294951468587,0.9539210785321025
ram_excess_5,5,mom_sp500_5,momentum,-4.628926318350741e-05,-0.9276852307168431,0.35357087184384056,0.0003965681297241064,2.58518710832586e-05,1.2481999296000192,2.017732046927513e-05,0.5389996550520936,-0.015267533607207315,-0.0003809418102048246,-0.003033440945273382,0,0,0.4575623047390878,0.9276852307168431
ram_excess_5,5,chg_real10_60,real_yield,4.9342628907523596e-05,0.7667405532986127,0.44323578716385365,0.000411776044409895,-3.465734701912536e-05,-0.7627906179100853,-1.958933515239993e-05,-0.5154426693991249,0.01689311747417018,0.02940694355832939,-0.03422965377302386,0,0,0.5481697871217126,0.7667405532986127
ram_excess_5,5,dd_shanghai_20,drawdown,5.0151592266215294e-05,0.7631265088723529,0.44538795203639153,0.0004635774188762598,-1.946563798526429e-05,-0.3802609825909677,1.475442538671695e-06,0.04808054519157907,0.0398828954980981,-0.025386228403470996,0.03117102286853816,0,1,0.5481697871217126,0.7631265088723529
ram_excess_5,5,eff_nasdaq_60,trend_efficiency,-4.395039661892565e-05,-0.6443300456737875,0.5193614362635324,0.0003516822212961124,6.0808972683845054e-05,1.149229166964056,4.745795855806924e-05,1.3635915184971907,-0.026422566111454725,-0.0007086184665293709,-0.016483672441601614,0,0,0.6134739112911524,0.6443300456737875
ram_excess_5,5,eff_gold_20,trend_efficiency,-3.965159001961811e-05,-0.6349908765854476,0.5254343653073787,0.000289697574115344,1.0495815015926059e-05,0.19353830053265747,-3.7475672577176534e-06,-0.08473756365911637,-0.007917666317053405,0.01660992461317523,0.040455563592862905,0,1,0.6161913318367594,0.6349908765854476
ram_excess_5,5,eff_sp500_20,trend_efficiency,-3.984607891008494e-05,-0.6300465111442466,0.528664154019038,0.0002925464454622828,3.823100327543517e-05,0.8732877460348538,-3.7192145920872044e-05,-1.1655586431854568,-0.011604011898145177,0.0027721597528533835,-0.048620323314645636,0,1,0.6161913318367594,0.6300465111442466
ram_excess_5,5,eff_nasdaq_20,trend_efficiency,-3.0849796420416184e-05,-0.5149845314433474,0.6065638293325588,0.00017535907629739889,4.8814449357550244e-05,0.9566937041338278,-3.831913060636297e-05,-1.2179737625248157,-0.020093791577679335,-0.007834101521759545,-0.060696211557886695,0,1,0.6932158049514958,0.5149845314433474
ram_excess_5,5,rel_us_gold_20,relative_strength,-2.6641326783306406e-05,-0.4836942691968459,0.6286028609302531,0.0001307781963909571,1.698076765115474e-05,0.49663916807316555,-2.7139649801562435e-06,-0.051081539601304425,-0.03721290245681671,0.0014574244376354699,-0.041883961239468,0,1,0.7091929713059266,0.4836942691968459
ram_excess_5,5,dd_gold_252,drawdown,-2.5943530442957356e-05,-0.46656525475381017,0.6408109505234612,0.00011549487377193746,5.3490263367378244e-05,0.9232207950031368,3.454845930338853e-05,1.2180397415480142,0.02984991634380032,0.014504672041755769,0.03850029799684215,0,0,0.7169655128553626,0.46656525475381017
ram_excess_5,5,rel_us_gold_60,relative_strength,2.398188408429949e-05,0.4626162001248961,0.643639494495155,0.00010471078504670217,-5.9922827347874624e-06,-0.21543726886260706,1.065448650415225e-05,0.2032167315237902,-0.04762971232164096,-0.024016813154073596,-0.0074067020534952545,0,1,0.7169655128553626,0.4626162001248961
ram_excess_5,5,ma_dist_gold_252,trend,-1.9438638371330816e-05,-0.4550918961078622,0.6490431279172912,6.483898961517909e-05,1.6518179801502099e-06,0.04516718147093348,2.3128098206757958e-05,0.6001730728598735,0.04275895030093169,-0.014383418347782303,0.055835053936169984,0,0,0.7184376761851777,0.4550918961078622
ram_excess_5,5,mom_gold_252,momentum,2.2030609829418464e-05,0.4453994640135258,0.6560310994945535,8.325663345265522e-05,-1.2480349893580456e-05,-0.25104268129630164,3.969845364657369e-05,1.1580359313338435,0.04296575617518122,-0.011934463588668771,0.06217632367787161,0,1,0.7216342094440089,0.4453994640135258
ram_excess_5,5,ma_dist_gold_20,trend,2.3151029340637686e-05,0.4257850193475202,0.6702645039126022,9.87855521856762e-05,-1.1673813542340296e-05,-0.25176846183026114,-2.0058981056903e-06,-0.04493323210611082,0.02580079786098993,-0.006670819728244023,0.019898532772193306,0,0,0.7313049818556498,0.4257850193475202
ram_excess_5,5,chg_vix3m_5,vix_term,1.7503918663306384e-05,0.42185207248895124,0.6731329946625868,0.00027874265757255046,-1.3593047763592486e-05,-0.9468732309908509,2.3089775430973988e-05,0.7117646896431918,-0.007244481967172497,0.03641599120200865,0.05490773175981967,0,1,0.7313049818556498,0.42185207248895124
ram_excess_5,5,mom_gold_120,momentum,-1.4725536889238092e-05,-0.27743880058423015,0.7814431919104821,3.876593678298068e-05,2.468452006942204e-05,0.8288829023656235,3.127941402034784e-05,0.9835881240846671,0.04409147581984921,-0.014916295310134841,0.06780271057001003,0,0,0.8383872235835776,0.27743880058423015
ram_excess_5,5,mom_gold_10,momentum,-9.985154954719688e-06,-0.19394996025123196,0.8462150637349984,1.842567064691547e-05,1.4867202027686696e-05,0.2991117726078346,-1.9213706722991676e-05,-0.3941294942377982,0.011418664805609397,0.007338018681286604,0.009243373750243264,0,1,0.8918194683674234,0.19394996025123196
ram_excess_5,5,eff_nasdaq_120,trend_efficiency,-1.4285697728354134e-05,-0.17718711957637423,0.8593614126769782,3.64847118352607e-05,3.186191976977666e-05,0.47061213851882,3.4026126059482286e-05,0.9177983360265349,-0.0019098756626268663,0.045627471415078225,0.031445956205837476,0,0,0.9002833847092152,0.17718711957637423
ram_excess_5,5,rel_us_gold_10,relative_strength,7.447159846926831e-06,0.1373964045859416,0.8907174728222397,1.0249319645883048e-05,-2.009775998214656e-05,-0.5308140675509593,1.0069017549528154e-05,0.25039108280857136,-0.011630236634164714,-0.005071167285317777,-0.012199407719544773,0,1,0.9221545600983186,0.1373964045859416
ram_excess_5,5,ma_dist_sp500_20,trend,6.6263993841737824e-06,0.12254097879633412,0.9024705941320564,8.092971984785535e-06,-8.158769236695657e-06,-0.3346758288536944,5.276282501919223e-06,0.14719068251506387,-0.002519722902530751,0.010365620198737501,-0.009721552358264132,0,1,0.9288586232002451,0.12254097879633412
ram_excess_5,5,mom_nasdaq_20,momentum,-1.1928417118261795e-06,-0.023223565733356072,0.981471940938251,2.6217379411885844e-07,1.7089783485439968e-06,0.06645542469959374,-1.7604117813256905e-05,-0.4541641830205088,0.010965779538833135,-0.03426093688878281,-0.024562507448726418,0,1,0.9984916855787987,0.023223565733356072
ram_excess_5,5,mom_sp500_10,momentum,5.744908924067668e-07,0.010501769421423704,0.9916209543346772,6.099299831863192e-08,-1.2758428157740169e-05,-0.4991367376682924,6.605603904482842e-07,0.018337990162477148,0.0049205823365716566,0.012226520597765989,0.007721861467656667,0,1,0.9999092757729854,0.010501769421423704
ram_excess_5,5,mom_nasdaq_10,momentum,1.4948731110867563e-07,0.0027070242553625537,0.9978401097788665,4.129736663749384e-09,-1.4505233939914935e-05,-0.46863400400919614,-8.109724398873297e-06,-0.2271787340944025,0.009362380591031724,-0.021410613707401414,0.005513667227520437,0,0,0.9999092757729854,0.0027070242553625537
ram_excess_20,20,mom_shanghai_252,momentum,0.0025978973166100156,3.657307325979653,0.00025487871649457227,0.18969023429832987,0.00010166452083948907,0.9247780751946997,0.00014631431170848122,1.213363086539221,0.11362264671870281,0.048497640668289814,0.12373256294825685,1,1,0.0138186652831714,6.157307325979653
ram_excess_20,20,rel_gold_china_252,relative_strength,-0.002550268906632544,-3.6202485858625812,0.0002943201133139891,0.18279864077016728,-9.128726920897022e-05,-0.8181198031499607,7.8445450956569e-05,0.6486445968528274,-0.11754876074026772,-0.02336636698002316,0.04580067098387004,1,0,0.0138186652831714,6.120248585862582
ram_excess_20,20,ma_dist_csi300_252,trend,0.0023441228434275757,3.572320564667532,0.0003538319151377431,0.15448927912102228,5.802859219690697e-05,0.46685116086850525,0.00018116136736972865,1.4285752269148781,0.12754726135339678,-0.004111857165395806,0.15207021726915587,1,1,0.0138186652831714,6.072320564667532
ram_excess_20,20,ma_dist_shanghai_252,trend,0.0023044952575784934,3.558367973462725,0.0003731662840382406,0.14931012187512593,7.584529308714555e-05,0.6645345749033703,0.00019333367347915294,1.4388207689906272,0.13696505222429847,0.009444518986542147,0.15028060486388417,1,1,0.0138186652831714,6.058367973462725
ram_excess_20,20,mom_csi300_252,momentum,0.0024749292176527624,3.5287756889570354,0.0004174868389458313,0.1721577490899392,7.897736595880814e-05,0.7065661763805355,0.00014179880256014874,1.2677946844800947,0.11786840908063943,0.01451132280722261,0.11246770266303407,1,1,0.0138186652831714,6.028775688957035
ram_excess_20,20,rel_us_china_252,relative_strength,-0.002458932261352432,-3.4926647150964474,0.00047822655465423053,0.1699394233373549,-4.80183435380642e-05,-0.34572334253127834,-5.775424114630772e-05,-0.33522220134181274,-0.09668868884834826,0.02554340255908498,-0.11204634867951031,1,1,0.0138186652831714,5.992664715096447
ram_excess_20,20,mom_shanghai_120,momentum,0.0019397822656766594,3.4278652209957183,0.0006083474031480306,0.11014818163398032,5.201935031243666e-05,0.41037041761044907,0.0004499828732037866,2.178035816279074,0.10967935190278685,-0.01953577589206997,0.2568619503017771,1,1,0.0138186652831714,5.927865220995718
ram_excess_20,20,dispersion_252,dispersion,0.002433979901891971,3.3488999626097735,0.0008113308405716431,0.1665079545893916,4.607515324401768e-05,0.3282078628379052,-0.00010676751561771705,-0.7255151837370188,0.14486708383963923,0.13640700424563101,0.0008356927975859236,1,0,0.015008467163514769,5.8488999626097735
ram_excess_20,20,mom_csi300_120,momentum,0.0019455479530724354,3.3350783083094457,0.0008527538161087936,0.1108039498918556,3.848576982740601e-05,0.27557730724206503,0.0003679416246492083,1.9231251820455886,0.09995084512107173,-0.015526278528034511,0.21995602931962988,1,1,0.015008467163514769,5.835078308309446
ram_excess_20,20,eff_csi300_120,trend_efficiency,0.00178575928416459,3.1470650958109117,0.0016491824143002169,0.09335061779159859,5.84375006143199e-06,0.03817494803341802,4.282186685981811e-05,0.30960236277718617,0.07084364106396772,0.12482053378835122,0.05503039259173148,1,1,0.02556073641712349,5.647065095810912
ram_excess_20,20,vol_nasdaq_120,volatility,-0.001033633510972593,-3.1284864516913355,0.0017570911133355544,0.0312755189737125,-0.00013486041297578708,-0.6470127792667437,-6.966204176929185e-05,-0.6018517814163876,-0.10966854019285097,-0.087369514939489,-0.03771341201818851,1,1,0.02556073641712349,5.6284864516913355
ram_excess_20,20,ma_dist_csi300_120,trend,0.0017835309024695164,3.0346593331657066,0.002408075200237181,0.09314591278824202,3.321708475758119e-05,0.29064026666285625,0.00010145957172600224,0.892086164130293,0.09482780474575271,-0.011360961562280884,0.1257679903805939,1,1,0.02556073641712349,5.534659333165706
ram_excess_20,20,dd_sp500_252,drawdown,0.0009623490656508276,3.0272329379583622,0.0024680369031883477,0.02603771508615549,8.67683896328723e-05,0.5989078284839887,5.97048520372736e-05,0.48244030356462914,0.11540165031774956,0.11094910152878774,-0.004124167353752749,1,1,0.02556073641712349,5.527232937958362
ram_excess_20,20,vol_sp500_120,volatility,-0.0010838311826065078,-3.027146010863664,0.0024687467829793727,0.034387028350024496,-9.35111733203979e-05,-0.48010728730445734,-8.066490675689845e-05,-0.6649520699337613,-0.099944282231577,-0.11577991264762894,-0.03720659382706871,1,1,0.02556073641712349,5.527146010863664
ram_excess_20,20,eff_shanghai_120,trend_efficiency,0.0018115572121244132,3.0171768122204363,0.002551409444926061,0.09606727497480072,4.655311475014956e-05,0.2555306830693845,0.00014978697690027672,0.9760932060257174,0.06137279719349629,0.0907779299358033,0.16229281810034382,1,1,0.02556073641712349,5.517176812220436
ram_excess_20,20,dd_nasdaq_252,drawdown,0.0009890657374419306,3.0111486238896843,0.0026026142944973857,0.027503497689385092,0.00011376514067301845,0.8180500319503055,7.954368112008842e-05,0.7558036694475178,0.13451609928250954,0.08110313760801874,-0.02136691847537416,1,1,0.02556073641712349,5.511148623889684
ram_excess_20,20,real10_level,real_yield,0.0013348817153753373,3.009803654466424,0.002614166224478539,0.05033465327123987,0.0001303748303111139,0.6758197460388947,0.00014960750961444288,1.0555714999957297,0.17815491515137735,0.002253383461152569,-0.003632606114983805,1,1,0.02556073641712349,5.509803654466424
ram_excess_20,20,downvol_nasdaq_120,downside_vol,-0.0009551450014878541,-2.98466238165143,0.0028389147508570117,0.026706069664456433,-0.00013136730240654893,-0.6936844580359158,-3.462327953627155e-05,-0.2851588106262682,-0.10533167695534859,-0.07790605258842312,-0.0036969867674857323,1,1,0.025840682536672967,5.484662381651431
ram_excess_20,20,ma_dist_shanghai_120,trend,0.001702377224356142,2.974314312777677,0.0029364411973492005,0.08486216875645147,5.090938610332697e-05,0.5035986388500827,0.00011185119724651481,0.9260220352256937,0.09754752585411361,-0.012245632192733462,0.12884440195630262,1,1,0.025840682536672967,5.474314312777677
ram_excess_20,20,rel_us_china_120,relative_strength,-0.001724624425062483,-2.948618751092229,0.003191974807437706,0.08706837279504398,-8.711057729388197e-05,-0.5564891481143833,-0.0002621753054487805,-1.3890067676074913,-0.061543409703168066,0.044291069579170124,-0.15112490607962137,1,1,0.02675178886233506,5.448618751092229
ram_excess_20,20,mom_csi300_60,momentum,0.0016247730666027842,2.903802802222054,0.003686602822829905,0.07867872985414859,1.338918967296615e-05,0.12331258765554513,-3.128034222140282e-05,-0.29163000356749375,0.09691020846239601,-0.02163029095545371,0.047570845602785516,1,0,0.02818302158642158,5.403802802222054
ram_excess_20,20,breadth_252,breadth,0.0014225460483805869,2.8973086277291644,0.003763792888722127,0.056876606605206104,0.00013275261410350845,0.7832974530022041,0.00025753082348832057,1.8761068255035644,0.12800399213290423,0.026143748545642498,0.1172856124252369,1,1,0.02818302158642158,5.397308627729164
ram_excess_20,20,dispersion_120,dispersion,0.0016903103698548186,2.8907580017724053,0.0038431393072393062,0.08363812238954926,6.182333945472805e-05,0.309596168031437,-0.00019841604085514016,-1.5357918297340958,0.03722938911266563,0.07099335678861522,-0.09805869131187586,1,0,0.02818302158642158,5.390758001772405
ram_excess_20,20,dd_nasdaq_120,drawdown,0.0008486516738987026,2.842725480299757,0.004472957905768732,0.021089266268018547,0.00011297405073064841,0.83343080757796,4.398950614141798e-05,0.3532905426756776,0.11157937496529789,0.061883407598313026,-0.022507289592060133,1,1,0.0293976938943866,5.342725480299757
ram_excess_20,20,dd_sp500_120,drawdown,0.0008820600235908198,2.8401046588825207,0.00450987349516158,0.022782364973484626,8.588210746030551e-05,0.6086599847702744,3.7532442404926955e-05,0.2692836884076828,0.10144024650218884,0.10032227439586297,-0.01052205195054177,1,1,0.0293976938943866,5.34010465888252
ram_excess_20,20,downvol_sp500_120,downside_vol,-0.001000993256496136,-2.797723466698221,0.005146415315698663,0.02933145902609957,-0.00010271388836147919,-0.5300916954795176,-6.520413802324968e-05,-0.50247703740208,-0.08093092974563258,-0.12659684096223536,-0.0037908633952665007,1,1,0.03133439457810269,5.297723466698221
ram_excess_20,20,breadth_120,breadth,0.0011375081988562713,2.7966806609552477,0.0051630536520737395,0.03787742389653159,9.934306907671237e-06,0.050710505002689046,0.0002318141033637036,1.6029839528854135,0.1062822447366823,0.055719230013161584,0.1840651005191098,1,1,0.03133439457810269,5.296680660955248
ram_excess_20,20,mom_shanghai_60,momentum,0.0014354650123972054,2.7618518756877455,0.005747454695013315,0.061412551441151875,3.367535111460337e-05,0.31822184180816315,-7.785520396009265e-05,-0.6982378654218777,0.09514153829921179,-0.03109237715443636,0.034129886874561116,1,0,0.033718400877411445,5.2618518756877455
ram_excess_20,20,vol_nasdaq_60,volatility,-0.0008763165137218557,-2.67561392156287,0.007459251756607284,0.022887265593054873,-0.00018108321649002996,-1.0166715294164033,-0.00012082015841226766,-1.1941904792125466,-0.11168909375693277,-0.07730886934304272,-0.07473456910214833,1,1,0.041123349216868124,5.17561392156287
ram_excess_20,20,dd_csi300_252,drawdown,0.001220003931927137,2.674818459855182,0.0074769725848851136,0.04184658993142665,8.774614844734655e-05,0.41880731209432676,0.00013992177865365012,1.3826327258575153,0.11467255602108113,0.0228855563530456,0.11124215516973587,1,1,0.041123349216868124,5.174818459855182
ram_excess_20,20,dd_shanghai_252,drawdown,0.0011647983169932703,2.658531714444296,0.007848196367848868,0.03814512842800899,7.007407369243993e-05,0.3426444645543434,0.00013891549088717936,1.2212137025718588,0.11714032773706612,0.02686677356486803,0.11656503199716069,1,1,0.04185704729519396,5.158531714444296
ram_excess_20,20,state_target_gross,strategy_state,0.0012041015987066276,2.6041712076536565,0.00920967384490203,0.04398060932637182,0.0001899524861435301,0.5501954306086106,0.000245082051488886,1.5963024864399458,0.10655129347799852,0.05583207000372862,0.07326847075623553,1,1,0.04631150276293592,5.104171207653657
ram_excess_20,20,state_cash_ratio,strategy_state,-0.0011572519768870122,-2.570258487500476,0.010162265730158482,0.04062476283670735,-0.00024480822251836246,-0.6791826060375176,-0.00024394549116826906,-1.5371954656022615,-0.08890931024282522,-0.06735351660868594,-0.058121545757856746,1,1,0.04968218801410814,5.070258487500476
ram_excess_20,20,rel_gold_china_120,relative_strength,-0.0019883359805271087,-3.4191715397650486,0.0006281211492350637,0.11573131984714369,8.917609609438832e-06,0.06964594672801304,-0.00016704487620093717,-1.435114615516169,-0.12445294585724923,0.03389307628489437,-0.11971808154829848,0,1,0.0138186652831714,4.419171539765049
ram_excess_20,20,vix_level,vix,-0.0009293729332872084,-2.5408271415608383,0.011059058026890252,0.026200827999794396,-0.00019755187405355977,-0.8974588795042132,-0.0001113307250287488,-0.8619586215221201,-0.07238739849644711,-0.06714219780326436,-0.017431807133706387,1,1,0.05260524899277525,4.040827141560838
ram_excess_20,20,vol_nasdaq_10,volatility,-0.0007562708945153053,-2.5240866898627616,0.011599931928521063,0.01729903654916154,-8.051133530870002e-05,-0.49514109602738426,-6.715633645529547e-05,-0.5179688312940947,-0.07036631244251407,0.03682696417249611,-0.002201977014294508,1,1,0.053726000511044925,4.024086689862761
ram_excess_20,20,vol_nasdaq_20,volatility,-0.0007516230602605026,-2.500110584320615,0.012415454476986797,0.017037104759117128,-0.0001254768306081846,-0.8057883717573862,-9.212481883047309e-05,-0.7813122418052256,-0.08943317033943697,0.03240199123786103,-0.018246075771149547,1,1,0.0546279996987419,4.000110584320614
ram_excess_20,20,dispersion_60,dispersion,0.0011126373705521797,2.470914639038017,0.013476798337370397,0.036895992984910975,3.978018013058922e-05,0.22414974756637848,-0.00011423856308745851,-0.9102640211100186,0.03906618252028582,0.01900536652109809,-0.045616013613291664,1,0,0.05612192565328516,3.970914639038017
ram_excess_20,20,downvol_nasdaq_60,downside_vol,-0.0007723023568532191,-2.4599066929030977,0.013897314147811403,0.0177765155920665,-0.0001795120155489526,-1.1666243110330967,-6.13587891161057e-05,-0.5317469782101683,-0.0998160159439222,-0.04924323719933265,-0.010245625111947789,1,1,0.05612192565328516,3.9599066929030977
ram_excess_20,20,dd_gold_60,drawdown,0.0005202855837161075,2.4514853906395637,0.014226796154814876,0.008070200662490312,0.00030915305590449766,1.8981839571794796,0.00011792367227561162,1.0997744612970186,0.08585491353784526,0.12190902246578152,0.02677316763508098,1,1,0.05612192565328516,3.9514853906395637
ram_excess_20,20,dd_sp500_60,drawdown,0.0007100237794000266,2.4458900390219456,0.014449506241527375,0.015029569337652204,8.88374856111103e-05,0.6821083653163795,7.156290982369625e-06,0.04540547484893483,0.07097027233618097,0.04068292927869304,-0.03609910383242242,1,1,0.05612192565328516,3.9458900390219456
ram_excess_20,20,vol_sp500_60,volatility,-0.0008408585077907065,-2.4299821785407687,0.015099565270261971,0.02107258251875066,-9.23614918409484e-05,-0.5469690874837704,-0.00015918334531010345,-1.5625761213232714,-0.09585653042045408,-0.07356646159854438,-0.10110307500642238,1,1,0.05612192565328516,3.9299821785407687
ram_excess_20,20,vol_gold_10,volatility,-0.0006492758424998873,-2.4290284017024137,0.015139346316665261,0.012750453501846892,-1.5914981499447188e-05,-0.0976762627277458,-0.00011656594745402666,-1.607657196954537,-0.05162840832583562,-0.02267770086074314,-0.08911529104514374,1,1,0.05612192565328516,3.9290284017024137
ram_excess_20,20,dd_nasdaq_60,drawdown,0.0005868534682879066,2.4250570864713104,0.015305979723623225,0.010267390968841661,0.00012127572724446923,0.921784325214605,-1.6344058076469603e-05,-0.10852123650713888,0.06140500290883021,0.025884502785243877,-0.08071540631369761,1,0,0.05612192565328516,3.9250570864713104
ram_excess_20,20,rel_gold_china_60,relative_strength,-0.0015230732713347995,-2.8608401240735732,0.004225200632962155,0.06913747446911012,7.830808660328246e-05,0.5999826556092754,1.883096663516752e-05,0.14720987760996176,-0.10251810156381741,0.07284056299912553,-0.01736158209292203,0,0,0.0293976938943866,3.8608401240735732
ram_excess_20,20,breadth_60,breadth,0.0008575754811684056,2.326060107432377,0.020015344328449418,0.021918792689492927,0.00015144296724488158,0.8772057940954039,-8.996524220608587e-05,-0.6513614151084953,0.06952626679436781,0.03114291629297226,0.011743758733491006,1,0,0.06907256081974701,3.826060107432377
ram_excess_20,20,downvol_sp500_60,downside_vol,-0.0007278970180785382,-2.2140941963651186,0.026822299792974992,0.01579107870812968,-0.00010387114980896983,-0.6698262322368478,-0.00010676303632815666,-0.9873792295240515,-0.07214876160738648,-0.056137872629806275,-0.022797423588737327,1,1,0.081668788545999,3.7140941963651186
ram_excess_20,20,downvol_nasdaq_10,downside_vol,-0.0005237415894991274,-2.2094763567372917,0.02714152515339567,0.008296621292621986,-9.749511998279491e-05,-0.6412368896720957,5.9767104923993e-05,0.4422401195309461,-0.05238671000579812,0.015018990665378353,0.06023395359558944,1,0,0.081668788545999,3.7094763567372917
ram_excess_20,20,dd_sp500_20,drawdown,0.0005800518445623234,2.201298238232879,0.027714917519508487,0.010149778103036966,8.265372465687335e-05,0.7821719089246513,-9.726046481436049e-05,-0.5261960288983116,0.05057654165076471,0.04596088708238109,-0.06573756079796354,1,0,0.081668788545999,3.701298238232879
ram_excess_20,20,mom_csi300_20,momentum,0.0011271687668274034,2.196125393330507,0.028082969502138934,0.03831541150206985,3.065909884838894e-05,0.3337524447534923,0.00010022246750639311,0.9151259333104785,0.08615502408741806,0.010053591861349673,0.102814241341636,1,1,0.081668788545999,3.696125393330507
ram_excess_20,20,vol_sp500_20,volatility,-0.0006752320258167156,-2.195969536651083,0.02809412389367728,0.013749967338394287,-9.643643700373978e-05,-0.6256902707322776,-0.00015301526625602076,-1.3467244429511773,-0.07570464522335485,-0.006653891010285869,-0.050040769010808374,1,1,0.081668788545999,3.695969536651083
ram_excess_20,20,dd_shanghai_120,drawdown,0.0007890200783049081,2.1930238654523158,0.028305659666511017,0.018229662807144442,3.965627385092621e-05,0.23317261164155803,0.00010655950846149328,0.969011477729843,0.07155953617318991,-0.013927924069701612,0.07530698873332471,1,1,0.081668788545999,3.6930238654523158
ram_excess_20,20,vol_sp500_10,volatility,-0.0006650052049724305,-2.186338791358594,0.02879082810499452,0.013375721942127439,-7.397747775408898e-05,-0.4868653446035726,-0.00010594175337181522,-0.850717163207738,-0.05087778161832776,-0.0033593129185483087,-0.021950640464316176,1,1,0.08172880236256509,3.686338791358594
ram_excess_20,20,downvol_gold_10,downside_vol,-0.0005343604632422772,-2.143939381212387,0.03203774421970795,0.008636460245558197,-0.00010144251083289426,-0.5315414485023598,-8.02002595187269e-05,-1.030200367899461,-0.046521684629675854,-0.07893540784515007,-0.03990542795029949,1,1,0.08674835357951692,3.643939381212387
ram_excess_20,20,rel_us_china_60,relative_strength,-0.0013370356185358773,-2.641550155028976,0.008252758702498439,0.05327922165769472,4.437425407502854e-06,0.031571164467051424,7.582558883378985e-05,0.4938481216242619,-0.08226950976692171,0.017659455258938854,0.03696017143379326,0,0,0.042720162695286036,3.641550155028976
ram_excess_20,20,downvol_gold_20,downside_vol,-0.0005309596546884198,-2.13661461445996,0.03262934995726871,0.008501951948846953,-0.0001358260276184196,-0.7717449554073866,-6.776530444564128e-05,-0.9623563955360922,-0.06024615166757097,-0.11090991174839618,-0.018127845683078105,1,1,0.0870115998860499,3.63661461445996
ram_excess_20,20,dd_csi300_120,drawdown,0.0007734771212376746,2.113428073957221,0.034564145195656266,0.01751852229389761,6.710267943829635e-05,0.3549538411498046,7.840193689031955e-05,0.7676657632413478,0.05815698689409124,-0.0003288675728660871,0.06694461889097175,1,1,0.09079536648411198,3.613428073957221
ram_excess_20,20,downvol_nasdaq_20,downside_vol,-0.0005267538423516161,-2.0854728691727633,0.03702639838325121,0.008367794886921187,-0.00012820808226489454,-0.966629757253163,4.561628871002079e-05,0.31466674954247525,-0.06433914641504021,0.011708992695913656,0.08522843317757492,1,0,0.0944441466007567,3.5854728691727633
ram_excess_20,20,dd_nasdaq_20,drawdown,0.0004599786051883541,2.0565116953488096,0.03973322014720417,0.006382608221209951,8.992935697062855e-05,0.8851223169087289,-0.00011590454171427606,-0.6219290270630289,0.044972473743071624,0.008690110181804524,-0.08107686048962033,1,0,0.09990066779868477,3.5565116953488096
ram_excess_20,20,mom_sp500_252,momentum,0.0005071193430774898,2.0036595761327,0.04510653929473022,0.007228053570199955,0.00022383397339651007,1.0606508010985833,0.00010379667355321108,0.8412420094609685,0.04422755822352973,0.08756761336793248,0.027561570478494966,1,1,0.10563698989466079,3.5036595761327
ram_excess_20,20,ma_dist_csi300_20,trend,0.0010050394725240903,1.998929587391604,0.04561597290905807,0.030471172165900562,1.839926015521852e-05,0.21589308496470797,0.00012624771763040867,1.5573002566695204,0.07191941069074957,0.03479681507983662,0.09411600082081573,1,1,0.10563698989466079,3.498929587391604
ram_excess_20,20,dd_csi300_60,drawdown,0.0006305434360667861,1.9276797302619044,0.05389497484279468,0.011853067746661172,3.396676205710682e-05,0.20565589881846583,0.00022116668266391099,1.6913983790589757,0.07604305469815485,0.00641439680802917,0.12300931396935959,1,1,0.12137672121227469,3.4276797302619046
ram_excess_20,20,downvol_sp500_10,downside_vol,-0.0004913024731869553,-1.8532337663984932,0.06384885984571516,0.007300709091490942,-0.00010698466447656035,-0.7112570871012063,-2.8088504135736855e-05,-0.2280292269104964,-0.03847721262573241,-0.036142081897801055,0.024147527122980347,1,1,0.13873332509686256,3.3532337663984935
ram_excess_20,20,downvol_sp500_20,downside_vol,-0.0005067512392407484,-1.8186203638873684,0.06896936884019984,0.007744354782640461,-0.00011035304182500034,-0.7712539941036579,-6.431688172428759e-05,-0.4926568836692437,-0.05391899972088437,-0.008769863371947306,0.03468780264366625,1,1,0.14303234445545152,3.3186203638873684
ram_excess_20,20,mom_csi300_10,momentum,0.0008737016083861444,1.8179084872093276,0.06907812090178056,0.023088377430896756,3.2033770079013296e-05,0.4160149842047414,0.00013777913579338433,1.9564006976336081,0.05266271572015838,0.05434782785060063,0.09559761303837383,1,1,0.14303234445545152,3.3179084872093276
ram_excess_20,20,ma_dist_nasdaq_120,trend,0.0004801378905690518,1.800987018361759,0.07170492610194265,0.006750477375229602,1.4902851244637739e-05,0.17142888130335063,0.00010353108110399129,0.6838742133050316,0.05884219869535875,-0.014024937863714787,0.06045644459014856,1,1,0.14674496504583612,3.300987018361759
ram_excess_20,20,dd_gold_120,drawdown,0.0003604172574770352,1.773451892114349,0.07615385680424071,0.003803765027570627,0.00034871721779433884,1.881568409080388,0.00011826476012441837,1.1099394783332774,0.08273755998426498,0.13572581685381221,0.01670265044667006,1,1,0.15405837698329153,3.273451892114349
ram_excess_20,20,eff_shanghai_60,trend_efficiency,0.0012230096658617815,1.7585869691120142,0.07864768789029415,0.04457914108471117,0.00027223213855441053,1.9329597247216144,-0.00028439754833202533,-1.9812477905083414,-0.006668568842030685,0.03655384471778957,-0.05533772386165491,1,0,0.15668803706449733,3.258586969112014
ram_excess_20,20,eff_shanghai_20,trend_efficiency,0.0008909125502220225,1.7547001843013763,0.07931060449698699,0.02393678149738443,0.00012750847317609856,1.0782974230033928,8.055279239198067e-05,0.8521103454132001,-0.008371315108564622,-0.01089687550290532,0.028334861346955734,1,1,0.15668803706449733,3.2547001843013765
ram_excess_20,20,eff_csi300_20,trend_efficiency,0.0007347314298307896,1.5672142313614812,0.1170646250780884,0.016279941429942935,0.00017712488692772467,1.3842973044540159,2.1495083049665452e-05,0.2180090865080883,-0.019545063241787643,-0.0035578018501011745,-0.01639530389535448,1,1,0.21788850710369523,3.067214231361481
ram_excess_20,20,rel_gold_china_10,relative_strength,-0.0006869162564140896,-1.5441261639284631,0.12255777160150712,0.014271667919269593,-1.6840646765969982e-05,-0.21077398601515301,-0.00010417980750101508,-1.181130312040374,-0.012393951681143057,-0.033900488622786176,-0.06692379952007689,1,1,0.22468924793609638,3.044126163928463
ram_excess_20,20,mom_gold_20,momentum,0.0003243512769383813,1.5078026017284847,0.13160505608846212,0.0031726840539020307,5.513038011480323e-05,0.5010368570516349,4.0993593882840114e-05,0.31739248290201794,0.10488024426361611,0.060315611950187725,0.04714973641679499,1,1,0.23878855537700344,3.0078026017284847
ram_excess_20,20,ma_dist_gold_60,trend,0.0003236914762346086,1.488629953730506,0.1365848394216588,0.003123656539012032,0.00017197173805431795,1.2475153970114703,1.811215974357975e-05,0.12201662761041765,0.08634594000534576,0.07787854859397864,0.036709823865561556,1,1,0.24281749230517122,2.988629953730506
ram_excess_20,20,mom_nasdaq_60,momentum,0.00035836343609512556,1.414638066750713,0.1571746416625748,0.003827536156341793,8.20877609457649e-05,0.9038233213550775,4.3409767644885995e-05,0.2676929186921035,0.05323428815329101,-0.036502139794248746,0.02157606349013887,1,1,0.26890892826694784,2.914638066750713
ram_excess_20,20,mom_sp500_60,momentum,0.0003577035370947071,1.4108036981878849,0.15830250374877727,0.003813452901707315,1.35454863721499e-05,0.12666143648074302,2.77453671500178e-05,0.16375396134209488,0.043930994912969853,-0.02157423409511493,0.029913405865383477,1,1,0.26890892826694784,2.910803698187885
ram_excess_20,20,dispersion_20,dispersion,0.000554206668599768,1.3744325243907114,0.16930744470842476,0.009262731944939318,9.575316142898009e-05,0.5681724259775551,-0.00016235093563743213,-1.3906387831656297,-0.060161964226756466,0.04024682344573121,-0.16164529082328846,1,0,0.2747285341103603,2.8744325243907114
ram_excess_20,20,vol_gold_60,volatility,-0.0003197508024798678,-1.3467992069021937,0.17804491024708521,0.003047159615647277,-0.00011712527788620443,-0.6477775934095489,-2.6460886892373816e-05,-0.393245684291286,-0.0023568370583878866,-0.05853995885741062,0.07634304515999508,1,1,0.28487185639533635,2.846799206902194
ram_excess_20,20,eff_gold_60,trend_efficiency,-0.0002952631855246501,-1.2655706997441027,0.20566682165212963,0.002598307336716621,-0.00011207430713649507,-0.6690176043736966,-8.70965540731971e-05,-0.4853707802685733,0.001733052924093492,0.005790110533022976,-0.05187205033809631,1,1,0.31720766732727435,2.765570699744103
ram_excess_20,20,vix_term_ratio,vix_term,-0.00027718221418821356,-1.2604574722428339,0.20750438020082013,0.014841290456754308,-6.894994841424783e-05,-0.3482128945274967,9.251928970275366e-05,0.5980196990522909,-0.02850133646084423,-0.040170038868133605,0.01028405078425453,1,0,0.31720766732727435,2.760457472242834
ram_excess_20,20,ma_dist_sp500_60,trend,0.0003032354806370537,1.260392062062462,0.20752796379386176,0.0027413265940594567,4.408805625979541e-05,0.5462314652284694,-6.495689533397381e-05,-0.3560098926053493,0.028033865873837008,-0.03625002665931061,-0.04841509227023437,1,0,0.31720766732727435,2.7603920620624622
ram_excess_20,20,vix_term_spread,vix_term,-0.00025568062317284605,-1.2233518057416377,0.22119684795796515,0.012628058282042609,-3.5211169114683465e-05,-0.37098048060607464,9.381155884042717e-05,0.5942837340745047,-0.0738258934007107,-0.025468583050947208,0.0011095388512874442,1,0,0.324070251051726,2.723351805741638
ram_excess_20,20,ma_dist_nasdaq_60,trend,0.00024136188535554143,1.1274537841884562,0.2595506700550827,0.0017367532798219232,8.319878422109035e-05,1.1328885635212211,-6.386669076067026e-05,-0.35497249619994997,0.02305000667859184,-0.047473225099368375,-0.057334950553692726,1,0,0.36839449943302066,2.6274537841884564
ram_excess_20,20,dd_csi300_20,drawdown,0.0003523962606767732,1.1211343154425235,0.2622306938600116,0.0037461529597412335,4.962381871680305e-05,0.365082953005445,0.00028331553601728554,2.451156204182455,0.059737720345899976,0.033207333270390924,0.17710779097948867,1,1,0.3692208169548963,2.6211343154425233
ram_excess_20,20,chg_real10_20,real_yield,-0.0002418667960716765,-1.0060382711814542,0.3143971605306872,0.0016421267480722923,-6.78084065802593e-05,-0.4872484679396875,-0.00011772437365343819,-0.9533003023921729,0.003956267695288831,0.014268687416371178,-0.057024709691769794,1,1,0.4289449632046586,2.5060382711814544
ram_excess_20,20,mom_sp500_120,momentum,0.0007070736203131788,2.5016507631782057,0.012361579779975469,0.014635266415442438,-0.00010950108892789022,-0.7601649270875707,7.596410300993579e-05,0.6034494950982194,0.12847417689941598,0.0570979485682794,0.05488757160336584,0,1,0.0546279996987419,2.5016507631782057
ram_excess_20,20,ma_dist_csi300_60,trend,0.001358442124177666,2.487704623257528,0.012857046715042031,0.05501524216443632,-6.9861115267330575e-06,-0.061807670993087975,6.50626007621848e-05,0.5715532184645774,0.09530488533211917,-0.029893085474716526,0.07412928841389242,0,1,0.055191224923107254,2.487704623257528
ram_excess_20,20,vix3m_level,vix_term,-0.0002665657005696254,-0.982592943913093,0.3258078185786288,0.013726173368720063,-0.00021839814905248215,-0.9479424903981696,-0.0001554662888570623,-1.0845013270957506,0.024350580677796704,-0.06667536346800808,-0.0460789079163334,1,1,0.4377265348842646,2.482592943913093
ram_excess_20,20,ma_dist_shanghai_60,trend,0.001285247970454587,2.3984751814438616,0.0164634921312615,0.04924641289377596,-2.15985440556209e-05,-0.19973437478269807,2.9027990351751468e-05,0.23544970963407078,0.09020632989964047,-0.0522864678541047,0.06667334507532185,0,1,0.05913417581840866,2.3984751814438616
ram_excess_20,20,ma_dist_sp500_252,trend,0.0006564692815096891,2.3590964456885923,0.01831949392575357,0.012116199901045177,-1.0651188094400727e-05,-0.07752959523414533,9.555440188196964e-05,0.7011468358615935,0.07615532920717707,0.041440966656867716,0.05881703645075494,0,1,0.06448461861865257,2.3590964456885923
ram_excess_20,20,downvol_gold_60,downside_vol,-0.00016204624702869248,-0.8168026515519226,0.4140412166949648,0.0007826180719965325,-0.00023650184519383055,-1.1361336632609516,5.2323934007314646e-05,0.607675466228235,0.012074609560986061,-0.11664720862696414,0.14380019360205226,1,0,0.5358180451346604,2.3168026515519227
ram_excess_20,20,mom_shanghai_20,momentum,0.0011433087503453956,2.2615717281393737,0.023723876399584863,0.039420547929622685,-1.1211968234254636e-06,-0.012771555774998259,7.647930789250538e-05,0.6359077269038487,0.08934697734214919,-0.008619874829405494,0.06223481054384009,0,1,0.08029619704474876,2.2615717281393737
ram_excess_20,20,vol_gold_20,volatility,-0.0005887567202033519,-2.2441328518503267,0.02482385480652156,0.010453635581603171,1.3838859062454899e-05,0.08664645774453766,-0.0001137405300988819,-1.686081496062637,-0.05865568293051737,-0.005169484190426192,-0.0659401390907646,0,1,0.081668788545999,2.2441328518503267
ram_excess_20,20,ma_dist_sp500_20,trend,0.00016269944837665068,0.738423116763758,0.460257371354081,0.0007985370743657239,5.9122561661255036e-05,0.8896169665896444,-0.00013163742809965722,-0.8653999904344236,0.02027439809108097,0.03842707797247961,-0.10587450150694144,1,0,0.5704598405515371,2.238423116763758
ram_excess_20,20,mom_nasdaq_120,momentum,0.0005611139141215464,2.228304918193277,0.025860188602190054,0.009216657296544528,-8.433304340825829e-05,-0.6165373236968962,0.0001119803997802862,1.038017324568471,0.11267307539366754,0.04508258184952156,0.07981199111959225,0,1,0.081668788545999,2.228304918193277
ram_excess_20,20,dd_gold_20,drawdown,0.00047514035645636663,2.215566307496702,0.02672121848008996,0.0068103081267849586,-2.431791946695369e-05,-0.20290910135529983,7.597283900439014e-05,0.806006107418788,0.07216774480569274,0.03929832954327304,0.02599220787570913,0,1,0.081668788545999,2.215566307496702
ram_excess_20,20,mom_nasdaq_252,momentum,0.00019052754032139756,0.7126039337716946,0.47609087686081303,0.0010202733244025763,0.0001019252293821275,0.4583406659992011,6.373986031214918e-05,0.5989168920893387,0.03505946095553162,0.04480504149767493,-0.021569015469221266,1,1,0.5778758229482972,2.2126039337716947
ram_excess_20,20,mom_sp500_20,momentum,0.0001590744903457835,0.6987076698617897,0.48473473971963843,0.0007631267596366342,8.689574867306076e-05,1.216225644937117,-0.00017659803056378783,-1.0272789774036655,0.010306540141900593,0.007436725781307026,-0.09869675153172407,1,0,0.5843377684291532,2.19870766986179
ram_excess_20,20,eff_csi300_60,trend_efficiency,0.0013393303714627249,2.152822952096855,0.0313325955925766,0.05346226475359439,-5.415000238599503e-06,-0.026431274538872344,-0.00034602992045027994,-2.572300694903712,0.03758523452685441,0.00386176199175735,-0.14878435728881054,0,0,0.08674835357951692,2.152822952096855
ram_excess_20,20,ma_dist_shanghai_20,trend,0.0010611453481832367,2.148981702139213,0.03163585045099713,0.03396821083721868,-2.3906190604610055e-05,-0.2777533531107972,8.848512100766257e-05,0.9586216148731127,0.078261803319105,0.010177149365917805,0.041785230614988726,0,1,0.08674835357951692,2.148981702139213
ram_excess_20,20,rel_us_gold_252,relative_strength,0.0001727419584682409,0.6355906524072521,0.5250432636905679,0.0008386807763188786,0.00012877066726495263,0.48600736539332884,-0.00010548106567224152,-0.7620833900912183,0.04512254785209612,0.07390877356322646,-0.10439272652340162,1,0,0.6286232272757819,2.1355906524072523
ram_excess_20,20,rel_us_china_20,relative_strength,-0.0010038227014101699,-2.095507760029454,0.0361258793552552,0.030388525487127227,4.50931063558266e-05,0.40438346324873625,-0.00022050133323620223,-1.2623155835377422,-0.0858891283325739,0.010307895076339295,-0.14760632106520188,0,1,0.09350227597830758,2.095507760029454
ram_excess_20,20,mom_sp500_10,momentum,0.00012288337384355635,0.5687806692876134,0.5695049947284319,0.00045672354013859273,3.246268834843513e-05,0.4713118657071696,-0.00010553343910560993,-0.8147031466592021,0.028317028995439544,0.053427067195760215,-0.08372425670945342,1,0,0.672703886390631,2.068780669287613
ram_excess_20,20,rel_us_gold_120,relative_strength,0.0005719252576932164,2.047719572407819,0.04058748491818146,0.009575245465552107,-0.0001647857182925855,-1.1230610235391283,-3.84782760196835e-05,-0.40706627606051904,0.06915041068162824,0.02280228350356543,-0.03525646249154952,0,0,0.10061123021971742,2.047719572407819
ram_excess_20,20,vol_gold_120,volatility,-0.00019641094327082137,-0.5474444020876335,0.584073457330639,0.0011292828319157122,-9.643448344050106e-05,-0.47099405733025745,-1.734027342851997e-05,-0.2359255769095687,-0.003736307476893968,-0.056841628769023635,0.1257507929763865,1,1,0.677260193977596,2.0474444020876335
ram_excess_20,20,ma_dist_sp500_120,trend,0.0005390238286662887,2.014961987854877,0.043908632094664134,0.008507823170631035,-2.5075641210459728e-05,-0.22950273633718213,7.596150253617996e-05,0.4607232898608729,0.05734208054062059,0.012707382609512707,0.05709580170189575,0,1,0.10563698989466079,2.014961987854877
ram_excess_20,20,breadth_10,breadth,0.0005374321699176596,2.012192291728655,0.04419967074173799,0.008736036927799784,-5.907465500597916e-05,-0.4626656607830327,7.039398969935151e-05,0.6972518418780824,0.06432699428326596,0.012096769165531535,0.008232050103319103,0,1,0.10563698989466079,2.012192291728655
ram_excess_20,20,dd_shanghai_60,drawdown,0.0006594796994779088,2.0018847715431707,0.04529712585154332,0.012965928167335439,-5.925317223791232e-05,-0.3828243264851763,8.798404841920097e-05,0.7145563056439099,0.08829146889032663,-0.05191429146761998,0.0633045175482655,0,1,0.10563698989466079,2.0018847715431707
ram_excess_20,20,mom_shanghai_10,momentum,0.0009245374523786782,1.9761614547900803,0.04813649393520503,0.025853310407191854,-1.041677940166125e-05,-0.13330830419107742,0.00010224506725785255,1.2783810488604652,0.061366556270900666,0.027604759408759477,0.04465522109011485,0,1,0.1100262718518972,1.9761614547900803
ram_excess_20,20,breadth_20,breadth,0.0006406592489630503,1.922116595214149,0.054591088364677874,0.012377980730879812,-5.494660249872489e-05,-0.4350459582856018,3.371714903836445e-05,0.2670041375238073,0.07314010720397678,-0.006276655557411588,-0.008002102998942695,0,1,0.12137672121227469,1.922116595214149
ram_excess_20,20,mom_shanghai_5,momentum,0.0006982243947800949,1.9175252452577811,0.05517123691467032,0.014766975628423551,-5.860039431731239e-05,-0.8477381356667316,4.3223293611399146e-05,0.6962240379070816,0.058390297892494426,0.04162313139443094,0.031110090723915313,0,1,0.12137672121227469,1.9175252452577811
ram_excess_20,20,chg_vix_5,vix,5.677577717539554e-05,0.4021334101413946,0.6875858457393056,9.7639983453357e-05,1.2957468523513135e-05,0.2108555170148034,2.0193113819260496e-05,0.29355932837275206,-0.004175005708399927,-0.01906797282831111,0.06403016642699501,1,1,0.7611013135227533,1.9021334101413947
ram_excess_20,20,chg_vix_10,vix,7.745973411770438e-05,0.3691986885645574,0.7119796333097566,0.00018147597850748376,2.116238735643948e-05,0.2873227580535609,3.326470438860267e-05,0.32339504131979524,0.011099036664896126,-0.009762177734027917,0.050850476698735624,1,1,0.7767437615915648,1.8691986885645573
ram_excess_20,20,mom_sp500_5,momentum,6.005646676501333e-05,0.3652064204294551,0.7149573260104176,0.00010924990754324071,2.6572767131420632e-05,0.49278647171608103,-2.655376960936604e-05,-0.29382529418561865,0.023736270966367788,0.04569495326693322,-0.07169970715980088,1,0,0.7767437615915648,1.8652064204294552
ram_excess_20,20,eff_nasdaq_60,trend_efficiency,0.00014898146538910712,0.346259806808207,0.72914747192049,0.0006615099807502078,0.0002074758172588595,1.1115726411540834,0.0001511196637070529,1.195473787923116,-0.019941538745981296,0.016716119236299225,0.03032910890448464,1,1,0.7873003377791794,1.846259806808207
ram_excess_20,20,rel_gold_china_20,relative_strength,-0.0008754264246284457,-1.8389019812169363,0.06592960435838617,0.023111860362249548,1.4933291721570234e-05,0.1457827286036628,-3.9655979086094506e-05,-0.37186658009207013,-0.01541465165808573,0.027562625043146074,-0.014820054481882998,0,1,0.14150744350092642,1.8389019812169363
ram_excess_20,20,chg_real10_1,real_yield,2.806667513873798e-05,0.334401434264401,0.7380766572572477,2.224474783174557e-05,5.1039443932248516e-05,0.9421493149465044,-1.6489799293734091e-06,-0.04941307899897206,0.007914244333080057,0.014872559624148017,0.019674076096116693,1,0,0.7920822663248512,1.834401434264401
ram_excess_20,20,ma_dist_nasdaq_252,trend,0.0004652247107703979,1.820840091323779,0.06863116805363699,0.006085036135801802,-3.773335914170223e-05,-0.26495250632904466,9.800482751998452e-05,0.8163696054718109,0.08077243162115573,0.013299771744784628,0.05713781777802828,0,1,0.14303234445545152,1.820840091323779
ram_excess_20,20,mom_csi300_5,momentum,0.0006335931438551487,1.749254089477054,0.08024710807784398,0.012159688785493672,-2.6267345291052977e-05,-0.37623715798627516,7.625158600651497e-05,1.48591594725164,0.05178672390204864,0.0618728763718706,0.07158388759125955,0,1,0.15668803706449733,1.749254089477054
ram_excess_20,20,rel_us_china_10,relative_strength,-0.0007712092085182335,-1.7448278619851594,0.08101483734584805,0.01798918781487502,1.0040382046298111e-05,0.11343557915958691,-0.00018582847929671535,-1.516264224265769,-0.0462545353004667,-0.00646593606525196,-0.13432006905841234,0,1,0.15668803706449733,1.7448278619851594
ram_excess_20,20,mom_nasdaq_20,momentum,4.5789492342022496e-05,0.22162229377099893,0.8246079261124785,6.323059360724415e-05,8.339407918509585e-05,1.2073337298567735,-0.00018636352791341016,-1.088017345159753,-0.004666681733242647,-0.004665523104153021,-0.1102633174880025,1,0,0.8719203008536648,1.7216222937709988
ram_excess_20,20,ma_dist_nasdaq_20,trend,4.448121005071602e-05,0.218122756307251,0.8273334672872842,5.968649956678007e-05,4.562840529009057e-05,0.5795397336601797,-0.00014401237827855022,-0.9523322222931808,0.009700056017594013,0.005609291026505792,-0.11328784192010595,1,0,0.8719203008536648,1.718122756307251
ram_excess_20,20,downvol_gold_120,downside_vol,-6.6498163023049e-05,-0.19257274676796052,0.8472935903223304,0.00012944660350933113,-0.0002026426578203574,-0.9081011803017924,1.7485807480580406e-05,0.2211724579868975,0.013213118166686098,-0.0900507004376528,0.15578447861774922,1,0,0.8876409041472032,1.6925727467679605
ram_excess_20,20,chg_vix3m_20,vix_term,-1.4874110908135883e-05,-0.12281261316409248,0.9022554860149468,4.297762969085461e-05,-5.440769373186474e-05,-1.3151834168817678,9.136111873069765e-05,0.7366936214989821,0.03511008098611084,-0.007713003230940103,0.11250850329734857,1,0,0.9309713338810552,1.6228126131640925
ram_excess_20,20,mom_nasdaq_10,momentum,2.3844938172216042e-05,0.11994933281057228,0.9045232846230707,1.719727136506588e-05,2.6614948822958566e-05,0.3149137498288775,-0.00011474199517301651,-0.8781603704400364,0.015502418670140593,0.022405363150506064,-0.08478200006036606,1,0,0.9309713338810552,1.6199493328105723
ram_excess_20,20,chg_real10_5,real_yield,2.1071516382562512e-05,0.1119509945970535,0.9108622628606541,1.2522552463201109e-05,9.913323514911672e-05,0.9941756428655729,-1.4760308781609774e-05,-0.2178623977747831,0.0009478030069104178,0.06470479051687976,-0.0006688347677142731,1,0,0.932045106182995,1.6119509945970536
ram_excess_20,20,downvol_csi300_120,downside_vol,0.0007416253385185069,1.6098684722680825,0.10742657309415163,0.016100541483619724,-0.0001115522778721329,-0.4276966061474045,0.0003170185391982647,1.4400074031621732,0.09226683589033838,0.002629020395832115,0.05121327056784416,0,1,0.2055117050496814,1.6098684722680825
ram_excess_20,20,ma_dist_gold_120,trend,1.8372297225864224e-05,0.08403131430991714,0.9330315345906514,9.883925230047552e-06,0.0002029715170046608,1.4530004783599488,3.38051370829723e-05,0.24867524117837875,0.04400670809927677,0.07744084146637892,0.05960819865909598,1,1,0.9478839113662932,1.5840313143099172
ram_excess_20,20,downvol_shanghai_120,downside_vol,0.0007664563295063857,1.5738802889550696,0.11551512765626908,0.017196742691084732,-8.885259956279983e-05,-0.36183687473201254,0.0003704396875818072,1.6865120816855865,0.07683931718716858,0.008672250586626443,0.0004386974223990706,0,1,0.21788850710369523,1.5738802889550696
ram_excess_20,20,eff_nasdaq_20,trend_efficiency,-0.00028590675743111874,-1.5648833059181457,0.11761027372074459,0.0024651561949899925,0.00017810965300865344,1.131127054239208,-2.447618397877943e-05,-0.21283791987448072,-0.06097055700115502,-0.015241735090267324,-0.09684620385777813,0,1,0.21788850710369523,1.5648833059181457
ram_excess_20,20,vol_csi300_60,volatility,0.0007603098961694001,1.5002497388152691,0.13354972351199618,0.0172287275918237,-0.00014968792902740318,-0.6501121193178795,-0.00011503102058356822,-0.844509067314602,0.03487847058943431,-0.015614880542931905,-0.021432466178048594,0,0,0.23984440140929925,1.5002497388152691
ram_excess_20,20,eff_gold_120,trend_efficiency,-0.0004917530424217031,-1.4718047157865246,0.1410736198012546,0.007078895057743617,0.00020040432104108171,1.0046101641515237,0.0001506596557695894,0.9315480207292526,-0.028744308609437098,0.0023380804596770184,0.09737602432038375,0,0,0.2482895708502081,1.4718047157865246
ram_excess_20,20,vol_shanghai_60,volatility,0.000734017777727206,1.4111586310792166,0.15819784516573432,0.016057764147893505,-9.468273231769903e-05,-0.4180215215933715,-2.6344224372089705e-05,-0.18830678203141799,0.023112353161513693,-0.004411256808788127,-0.01180775136564071,0,0,0.26890892826694784,1.4111586310792166
ram_excess_20,20,ma_dist_gold_20,trend,0.00026345786390225494,1.4087783110939496,0.1589007303395601,0.002093848503317619,-9.908247385820146e-06,-0.09948920521026368,1.0814183704403408e-05,0.08948113368092665,0.06944225392245582,0.04684249823854523,0.01477721254170661,0,1,0.26890892826694784,1.4087783110939496
ram_excess_20,20,vol_csi300_10,volatility,0.0005610710237641023,1.3972661342140589,0.1623335557295101,0.009521444135200174,-0.00010893489649852803,-0.616286804117712,-0.0002466720032206336,-2.8468930702834654,0.010909623616443348,-0.029526128333455814,-0.12011854652051623,0,0,0.27093292424078924,1.3972661342140589
ram_excess_20,20,downvol_csi300_60,downside_vol,0.0007934616417603371,1.3944707006933024,0.16317551119047535,0.018763929425363757,-0.00010959284449115432,-0.4803253037124738,-7.446606702273334e-05,-0.5611972608533929,0.035548638376218605,-0.01793380930765189,-0.06459117398639137,0,0,0.27093292424078924,1.3944707006933024
ram_excess_20,20,chg_vix_60,vix,0.00030910279676967347,1.3800590164479993,0.1675684746078445,0.002847592149130884,-6.217021690357957e-05,-0.8520420408502043,2.786213493908241e-05,0.2155236793250229,0.07343428957496129,0.0759945984431259,0.02710580477360045,0,1,0.2747285341103603,1.3800590164479993
ram_excess_20,20,vol_csi300_20,volatility,0.0006254099340676991,1.3717400488520495,0.17014437623880269,0.01179573894245256,-0.00012640015571454004,-0.64541715142306,-0.00029920261484051697,-2.836732305721161,0.019713026573193633,-0.043916525009764965,-0.14419941425970495,0,0,0.2747285341103603,1.3717400488520495
ram_excess_20,20,vol_shanghai_10,volatility,0.00049437665685012,1.3056783700511276,0.19166195663412053,0.007392359101025758,-6.0304257943979785e-05,-0.3343774299010729,-0.00018150402753278863,-2.5277428667899797,0.011632151436866571,-0.027319429242130298,-0.08308446299000852,0,0,0.30190539668777133,1.3056783700511276
ram_excess_20,20,dd_shanghai_20,drawdown,0.0003973325121849312,1.3043284588094257,0.1921216160740363,0.0047624576815410435,-6.305316890293959e-06,-0.04510096026122918,0.00015423876913167034,1.2807508335237539,0.06277490142294136,-0.005150657390457659,0.07844820083902444,0,1,0.30190539668777133,1.3043284588094257
ram_excess_20,20,vol_csi300_120,volatility,0.0005424266179751567,1.2561304166129907,0.20906868982933993,0.008612978224583179,-0.00014562081293345594,-0.5484484149811443,0.00045485578521072765,1.7341515579034943,0.07057646407571336,0.0015268928323796534,0.08885373618839924,0,1,0.31720766732727435,1.2561304166129907
ram_excess_20,20,mom_gold_10,momentum,0.00020724279492482885,1.2390995347421083,0.21530863930924923,0.0012990504695447047,-1.5222505505540157e-05,-0.16059973598767413,-1.697025092943785e-05,-0.14645350192515583,0.05178671820575525,0.03557109209545056,-0.0037880187865071482,0,0,0.32388308135408433,1.2390995347421083
ram_excess_20,20,vol_shanghai_20,volatility,0.0005413212305220187,1.227770005941685,0.2195333181963173,0.008837017651540213,-6.789095433578523e-05,-0.34415699481048345,-0.0002101142512496733,-2.2266118680058664,0.010029303861238709,-0.03269455374189858,-0.09282317701812762,0,0,0.324070251051726,1.227770005941685
ram_excess_20,20,downvol_shanghai_60,downside_vol,0.0007714758305443379,1.2236127215623342,0.22109835825017654,0.01773848671513034,-6.49847376893005e-05,-0.29516784069038077,-5.501329320684791e-06,-0.043748892404694574,0.019581413389228145,-0.011748776399603181,-0.04554273510307736,0,0,0.324070251051726,1.2236127215623342
ram_excess_20,20,vol_shanghai_120,volatility,0.0005331222613627186,1.2191209284783164,0.2227982975980616,0.008320032028813262,-0.00011703833212600045,-0.4671302781714654,0.0005256548528858505,1.9906334414026814,0.05575657997816578,0.006234117606933001,0.0587759736329073,0,1,0.324070251051726,1.2191209284783164
ram_excess_20,20,eff_sp500_20,trend_efficiency,-0.00026351147059649544,-1.1569548550884041,0.24729080524693617,0.002094086664445549,0.00025691089908041115,1.5165187416384243,1.4295708694627483e-05,0.12609262062206192,-0.05298963860038483,-0.008800729697597535,-0.08407273765665202,0,0,0.3567473911759079,1.1569548550884041
ram_excess_20,20,downvol_csi300_20,downside_vol,0.0005457991798673323,1.1498652095817459,0.25019939204871955,0.00898382656614305,-9.349326066704301e-05,-0.5081872761968862,-0.00030853863107221686,-2.8667416196309676,0.0412299089777047,-0.055058346903343436,-0.16116523327450807,0,0,0.35800888618353366,1.1498652095817459
ram_excess_20,20,dispersion_10,dispersion,0.00033716175023070817,1.0669832434786477,0.2859794026682085,0.003438299801416189,-3.593273858682016e-05,-0.23778282667174228,-0.00014914804227911035,-1.4259081901111244,-0.01713278864654948,-0.004276229809679264,-0.14355849905296322,0,0,0.39946329261591024,1.0669832434786477
ram_excess_20,20,rel_us_gold_60,relative_strength,0.0002878757789535078,1.0612715637817458,0.2885665048735204,0.002469915923142052,-0.00011412797198461428,-1.1495011139684486,4.0357138481302495e-05,0.22534915070039815,-0.011231792584482123,-0.06624193648780481,0.02564485854174514,0,1,0.3999031878562173,1.0612715637817458
ram_excess_20,20,vixterm_z252,vix_term,-0.00027643986227909894,-1.0077189556844692,0.3135894022876638,0.01303053131144849,6.882733171439823e-05,0.4749346250702235,6.142947103071149e-05,0.4501661161874012,0.046966484012889,0.0029412395913126477,-0.0012704120845973084,0,0,0.4289449632046586,1.0077189556844692
ram_excess_20,20,chg_real10_60,real_yield,0.00026825684878371473,0.9997009984279536,0.3174552287496069,0.0019945699174239717,-0.00018745198510756648,-1.552100964211672,-8.75376776274824e-05,-0.673837578796926,0.08562188300557044,-0.013016045060833372,-0.05084337176485891,0,0,0.4297855404610063,0.9997009984279536
ram_excess_20,20,eff_sp500_120,trend_efficiency,0.00040779334439717727,0.963848649917266,0.33512181164169236,0.00486801188409014,-9.586479294546739e-05,-0.385918850141391,-1.223576584041499e-05,-0.07354861389169025,0.09116546287770415,0.06394288782875962,-0.007102438570694252,0,0,0.44682908218892314,0.963848649917266
ram_excess_20,20,chg_vix3m_5,vix_term,-0.00010150372153797257,-0.8893589367364864,0.3738102062654822,0.0019986897265861225,1.1331458939997727e-05,0.1929161623933083,1.6645568200023674e-05,0.2503847797046899,-0.02198515283117967,0.001766840750894726,0.07032391015096558,0,0,0.49466613761447276,0.8893589367364864
ram_excess_20,20,downvol_csi300_10,downside_vol,0.00032622384731359,0.8736700716476323,0.38229795400434013,0.003218833802662968,-9.05817493581332e-05,-0.6091325527603937,-0.0002643160267263356,-3.2299996218386413,0.009300210612262189,-0.056719347929986105,-0.11714258667265047,0,0,0.5021226858564467,0.8736700716476323
ram_excess_20,20,downvol_shanghai_20,downside_vol,0.00040568421641719294,0.8209777451716331,0.4116589447965148,0.004963314834800059,-6.188935548113421e-05,-0.3482485894147902,-0.00022495582072756446,-2.2990210068444092,0.01849284950234998,-0.04799851137635355,-0.09929964096123829,0,0,0.5358180451346604,0.8209777451716331
ram_excess_20,20,rel_us_gold_20,relative_strength,-0.00016134714313594952,-0.8048874072918796,0.4208846558162152,0.0007850876792506734,2.9100115955023055e-05,0.33616287569042996,-0.00016352889668524984,-0.944883867203239,-0.08774742055821917,-0.02163110976278368,-0.12143677263590258,0,1,0.5406985359390793,0.8048874072918796
ram_excess_20,20,chg_vix3m_10,vix_term,-0.00012491889245644461,-0.7790278766613962,0.43596329365008196,0.0030355831483280804,1.4399384466386564e-05,0.21525580440695982,2.240808920233349e-05,0.23213854216050875,-0.019733163449698617,-0.001175130030005974,0.06230111942359403,0,0,0.5560111571189451,0.7790278766613962
ram_excess_20,20,vix_z252,vix,0.0003522638302867991,0.7634647865915484,0.4451862552050704,0.0034887810807873176,-3.8683471162511433e-05,-0.22666439359763532,9.254110118621928e-05,0.6056294592027338,-0.0035432207255194424,-0.025472421281370446,0.045627035497660534,0,1,0.560874284299544,0.7634647865915484
ram_excess_20,20,mom_gold_5,momentum,9.566509051697449e-05,0.7618492222571979,0.4461499988746373,0.0002772097461389844,-3.1161334912278515e-05,-0.3645526565089603,-2.432372592919841e-05,-0.30639433663215565,0.013488827339757247,0.005350241539096922,0.007804201461423182,0,0,0.560874284299544,0.7618492222571979
ram_excess_20,20,chg_vix_20,vix,0.0001622213036749412,0.7459315178910709,0.45570878473735865,0.0007936177564920044,-7.267991001342319e-05,-1.232002015241699,0.00010183736483261473,0.8064560790380381,0.036802045480137394,-0.019838249667563937,0.10426945289892621,0,1,0.5688279866225185,0.7459315178910709
ram_excess_20,20,dd_gold_252,drawdown,-0.00019807647230782012,-0.7249770468488689,0.4684661118946912,0.001103070824591268,0.00023589696909398573,1.6689644331002207,0.00015268375380881672,1.226040652065819,0.009085018702465454,0.07129761753566569,0.03754914957306539,0,0,0.5765736761780815,0.7249770468488689
ram_excess_20,20,chg_vix3m_1,vix_term,-3.7970863890333425e-05,-0.7172168646262064,0.4732402948446356,0.00027847922114054846,2.1063099068857733e-05,0.6575237371118284,-9.961955423727323e-06,-0.23481599036990128,-0.004152490893544971,0.02316313341702668,0.024040488133827455,0,1,0.5778758229482972,0.7172168646262064
ram_excess_20,20,mom_gold_120,momentum,-0.00013684424520598085,-0.5965473896521323,0.5508096053183267,0.0005481815821724023,0.00012776774879718627,1.145878376095218,0.00013225358171376202,1.0907556110733752,-0.034820039288196346,0.019196354981084764,0.09153606956013248,0,0,0.6550168279461183,0.5965473896521323
ram_excess_20,20,downvol_shanghai_10,downside_vol,0.0002095540967400152,0.5563254259212048,0.5779884086304437,0.0013281877003903375,-4.706203687711393e-05,-0.3178258277337965,-0.00020242485412545454,-2.756884180874855,-0.00682879034341412,-0.04019918033749219,-0.08316788953257467,0,0,0.677260193977596,0.5563254259212048
ram_excess_20,20,ma_dist_gold_252,trend,-9.385277780397258e-05,-0.5458806210633564,0.5851480001076566,0.00024764631773954715,1.3807192872522685e-05,0.10614154191901776,0.00010524323322542238,0.768400677543195,-0.012118964468253161,-0.0038560221560835104,0.0642607474723911,0,0,0.677260193977596,0.5458806210633564
ram_excess_20,20,rel_us_gold_10,relative_strength,-9.969694059869323e-05,-0.5406416554064772,0.5887546004464329,0.0003006289538391993,3.236238175654962e-05,0.3922046837681155,-7.190160734326885e-05,-0.5239813133281354,-0.03365853325697969,0.011842788699819942,-0.06606022749557978,0,1,0.677260193977596,0.5406416554064772
ram_excess_20,20,chg_vix3m_60,vix_term,7.075242354293399e-05,0.5054415135949429,0.6132487674137984,0.0009530528853268772,-4.8174576230479995e-05,-0.9482795805826483,1.3915129186351324e-05,0.11353326049569752,0.008439945652962586,0.08880510277135484,0.011229682665427041,0,1,0.7008557341871982,0.5054415135949429
ram_excess_20,20,eff_sp500_60,trend_efficiency,0.000231169231970782,0.4931910917418042,0.6218775716940892,0.0015926926576873557,-4.205646985358886e-05,-0.1850191956630107,9.920827422253467e-05,0.6864185930024312,-0.04215739626492853,-0.019291696605395526,-0.004297642974860244,0,1,0.7011352272023721,0.4931910917418042
ram_excess_20,20,mom_gold_252,momentum,0.000137731329606527,0.49307572565405283,0.6219590819467182,0.000533170964270635,-4.651723707236516e-05,-0.2334163868048649,0.00019607940117486396,1.2910478323190102,0.002214111845631756,-0.02124673099735936,0.09610724841819805,0,1,0.7011352272023721,0.49307572565405283
ram_excess_20,20,real10_z252,real_yield,0.00017710955227807164,0.4881487362681534,0.6254444924475705,0.000834388164248967,-1.982558027250521e-05,-0.12843612533599064,-9.747950041095888e-05,-0.9180512118905321,0.053199594652980166,0.002184458930828654,-0.13377880553690505,0,0,0.7011352272023721,0.4881487362681534
ram_excess_20,20,chg_real10_10,real_yield,-9.673515997855681e-05,-0.40683762720971695,0.6841272489183305,0.0002635048960745179,6.860144647647485e-05,0.5534775946447702,-5.064667155207291e-05,-0.5277077044474011,-0.0074021030244166355,0.06706572530141093,-0.019411712360707455,0,1,0.7611013135227533,0.40683762720971695
ram_excess_20,20,vix_pct252,vix,0.00017045623228134085,0.3759888029622949,0.706925220261164,0.0008168896279835414,-6.274772210093565e-05,-0.24715465846121587,0.00017972938933248785,1.1605974131936374,-0.013154466778353035,-0.0322165136068897,0.04187570461106263,0,1,0.7767437615915648,0.3759888029622949
ram_excess_20,20,eff_nasdaq_120,trend_efficiency,-7.703173915969794e-05,-0.29861725018205093,0.7652321019446434,0.00017370437993924348,2.5810693363390014e-05,0.09355512894042041,-2.1386765901785994e-06,-0.015053510585766518,0.032685237056183536,0.04309565833443224,-0.012385531682034408,0,1,0.8162475754076197,0.29861725018205093
ram_excess_20,20,eff_gold_20,trend_efficiency,-4.1405232255740106e-05,-0.17990436583254896,0.8572276476874702,5.170184625757912e-05,2.4889832027671968e-05,0.1880670058847659,0.00013321816736028836,0.995953601580767,-0.0024883487406806453,0.09826836329365755,0.056126966017973116,0,0,0.8927341183017441,0.17990436583254896
ram_excess_20,20,mom_gold_60,momentum,-1.9562170063922807e-05,-0.0788995724950907,0.9371125032825853,1.1405280690768294e-05,0.00022769355758135262,1.3614147921683466,-2.4858942262167643e-05,-0.16875129881824324,0.009148139356628457,0.07239465210804291,0.01732165496701809,0,1,0.9478839113662932,0.0788995724950907
ram_excess_20,20,mom_nasdaq_5,momentum,-6.415441944093784e-06,-0.04149890634734299,0.9668981647130189,1.2466791036169766e-06,8.021720049462234e-07,0.011508545748692454,-3.3423469249786063e-05,-0.36605260493073066,0.024658189997958446,0.02443318513322863,-0.07584455945275019,0,1,0.9724232970828076,0.04149890634734299
ram_excess_20,20,chg_vix_1,vix,-1.5345679962117617e-06,-0.02624691942464444,0.9790603924686966,7.141355151674134e-08,2.187294623802247e-05,0.7020751724342392,-9.94570734157966e-06,-0.22962555588206404,0.004776048574007101,0.023119097072595376,0.024269641598857618,0,1,0.9790603924686966,0.02624691942464444
ram_excess_60,60,ma_dist_csi300_252,trend,0.0074456856753527334,3.86196157818154,0.00011248025904259691,0.27906031988222413,0.00016887647079499906,0.7457520729271637,0.0006028455008533912,1.3456445347957535,0.23324671108560308,-0.03234126505783514,0.27956618453287596,1,1,0.0056998847733721065,6.36196157818154
ram_excess_60,60,rel_gold_china_120,relative_strength,-0.006946358128170826,-3.8334681139446114,0.0001263491854359919,0.25267533697517486,-0.00017325195229079881,-0.8925789977029776,-0.00045253730482229504,-1.071865019367723,-0.23492680505859737,0.002302218001836314,-0.09529677593472126,1,1,0.0056998847733721065,6.333468113944612
ram_excess_60,60,mom_csi300_120,momentum,0.006474237590029632,3.827326115454764,0.00012954283575845698,0.21949558000676228,5.6790701947827226e-05,0.19360190735509497,0.0010957286444156168,1.5947875452678788,0.21540951966968977,-0.04185251446031298,0.36012938764152985,1,1,0.0056998847733721065,6.327326115454764
ram_excess_60,60,ma_dist_shanghai_252,trend,0.007331865239837571,3.571666950303099,0.0003547163173537221,0.2705936739439777,0.0002582151614337762,1.2999448516274654,0.000643028527629037,1.4590121824404232,0.23282279665398373,0.034851892371488176,0.2981601923423472,1,1,0.012486014370851018,6.071666950303099
ram_excess_60,60,mom_shanghai_120,momentum,0.006333765760638577,3.466036436718726,0.0005281916936423772,0.21007409884366346,0.0001296503614499047,0.5524161396063186,0.0012509588205155352,1.7376284635377617,0.21875194412885882,0.0035678327482579634,0.40470040808671826,1,1,0.015493623013509731,5.966036436718726
ram_excess_60,60,rel_us_china_120,relative_strength,-0.005816466285578374,-3.2325665725148265,0.0012268354648671907,0.17716051882580874,-0.00031890149393968116,-1.0809452162126827,-0.0007187294448728459,-1.6034059510166916,-0.11269986494322805,-0.05284448855768424,-0.1993241247002379,1,1,0.026990380227078194,5.732566572514827
ram_excess_60,60,rel_gold_china_252,relative_strength,-0.007233438306878891,-3.1040222832634523,0.0019090895191115804,0.26329622510166917,-0.00022470605391302685,-1.246842182803172,0.0002526242978298927,0.9460354037554497,-0.16862731609488077,-0.020620421809651315,0.11776945311183505,1,0,0.03208551123764431,5.604022283263452
ram_excess_60,60,mom_shanghai_252,momentum,0.007614784494894188,3.092357730133752,0.0019857339243300807,0.291789932106027,0.00023141362295365302,1.2167240820150467,0.0005144190088671335,1.2124671151324569,0.16809868848107,0.042878816998918025,0.1999902087448557,1,1,0.03208551123764431,5.592357730133752
ram_excess_60,60,eff_shanghai_120,trend_efficiency,0.00595807751853964,3.0894396469515226,0.0020053444523527694,0.1858920479519418,2.695395095206925e-05,0.09204581580724257,0.0005424746754470195,1.2998934130056958,0.1350267724002374,0.09033913293148768,0.17869973098484024,1,1,0.03208551123764431,5.589439646951522
ram_excess_60,60,ma_dist_csi300_120,trend,0.005711483734688062,2.8780933686239374,0.004000867049309171,0.1708735454178919,9.077663875043651e-05,0.3915454324423715,0.0005148102453084118,1.3375272408057721,0.15165459240493068,-0.046270381867974525,0.2544356997561711,1,1,0.04872845306431979,5.378093368623937
ram_excess_60,60,mom_csi300_252,momentum,0.007116442243776853,2.8723735589997186,0.004074010721496077,0.2548478224705477,0.00013790122899756124,0.7194848196586079,0.0005307590783344443,1.1751263415794295,0.18474668254785778,-0.026961590439246643,0.21075545080426034,1,1,0.04872845306431979,5.372373558999719
ram_excess_60,60,vol_nasdaq_120,volatility,-0.003250769146055116,-2.8634314688323546,0.004190794589439345,0.0553376575497061,-0.00046441231653055327,-1.0328077469879058,-0.0001308612657530638,-0.5122559113197727,-0.13607172657523983,-0.062390752502151425,-0.08039564259749361,1,1,0.04872845306431979,5.3634314688323546
ram_excess_60,60,downvol_nasdaq_120,downside_vol,-0.003158608189097338,-2.8601514843236795,0.0042343868934381634,0.052244433848842586,-0.00046087714424986764,-1.0284884293963577,-1.4512640567662277e-05,-0.05734746322171195,-0.1376692856381563,-0.05807391586067637,-0.05250112585207655,1,1,0.04872845306431979,5.36015148432368
ram_excess_60,60,dd_sp500_252,drawdown,0.0031089998964699884,2.829191538176514,0.004666576091122194,0.04865529459204054,0.0001468702193059156,0.5465226154274503,0.0005042743712598443,1.958895677146582,0.19479831976120277,-0.034153799259510315,0.19037281151508184,1,1,0.04872845306431979,5.329191538176514
ram_excess_60,60,rel_us_china_252,relative_strength,-0.0070915624613816786,-2.8264488811676802,0.004706725580076344,0.2530689912675034,-0.0001752353079117508,-0.6333623684510882,-5.974747949663724e-05,-0.21560789666663044,-0.1706688327396996,-0.0290721488183344,-0.09761513200637978,1,1,0.04872845306431979,5.32644888116768
ram_excess_60,60,dispersion_120,dispersion,0.005869265801086973,3.879501828663061,0.00010467061434469396,0.18039149961603096,-6.270375328063367e-05,-0.17996412011104984,-0.0008969111220787952,-1.5143638089132876,0.11786200045961857,0.0261179862373373,-0.11922385282045678,0,0,0.0056998847733721065,4.879501828663061
ram_excess_60,60,eff_csi300_120,trend_efficiency,0.006063880127787306,3.3447106062895715,0.0008236846649257415,0.192552751198815,-0.00020754916751521157,-0.5339057308864191,0.00034283469494218516,1.0625123162607728,0.1516302848462658,-0.009717503664768182,0.051613144891985666,0,1,0.020709785860990072,4.3447106062895715
ram_excess_60,60,vol_sp500_120,volatility,-0.003529399024023003,-2.784441765555169,0.005361994865679321,0.06523039911624517,-0.00039000924618659745,-0.9613797706845092,-0.00016194741498829236,-0.5764824568548091,-0.10567142786960254,-0.06459292888558603,-0.07261885975422805,1,1,0.052177875952058625,4.284441765555169
ram_excess_60,60,dd_nasdaq_252,drawdown,0.00311466271485222,2.7684224528278443,0.005632838881188147,0.0488327002087775,0.00033352669176096134,1.011420575752472,0.0005465055207845534,1.8250427940832732,0.20685561253027107,0.0449753551894667,0.20537237689718987,1,1,0.052177875952058625,4.268422452827844
ram_excess_60,60,dd_sp500_120,drawdown,0.002916730251622389,2.710832027914387,0.00671146159925426,0.044562492494912176,0.00014484031726730976,0.5519456598693449,0.000472238537063593,2.025032174223194,0.16986834595266084,-0.04067087753700536,0.1835522915679527,1,1,0.05376752339806552,4.210832027914387
ram_excess_60,60,ma_dist_shanghai_120,trend,0.00539590060294606,2.7103640025408575,0.00672094042475819,0.1525122836084405,0.00019842764779485415,1.0401833217222969,0.0006178250465600898,1.4793163910453933,0.1592079369310778,0.023456795067253493,0.2786888159100016,1,1,0.05376752339806552,4.2103640025408575
ram_excess_60,60,mom_csi300_60,momentum,0.005533348106966147,2.6848187692149974,0.007256914439485938,0.1631789149819387,9.707896995008358e-05,0.5950895851413169,0.00010994672906682345,0.3778261040918316,0.10363807368753762,-0.0340368228334464,0.0906660408374146,1,1,0.05553117136302283,4.184818769214997
ram_excess_60,60,downvol_sp500_120,downside_vol,-0.0033713761047348477,-2.662133543843061,0.007764706586499494,0.05951999992059975,-0.00040723994838495536,-0.9386151838690707,-8.397849597589089e-05,-0.2998430840497788,-0.0851815733064268,-0.09015583837726501,-0.05107166484423378,1,1,0.056941181634329624,4.162133543843061
ram_excess_60,60,dd_nasdaq_120,drawdown,0.0028258206159775152,2.6258853634387442,0.008642391840315579,0.041827905714656444,0.00033124530325209366,1.0213459038426143,0.0005107394398085987,1.9163092705072877,0.17128849748919087,0.03135019989428765,0.20186058284410732,1,1,0.06084243855582168,4.125885363438744
ram_excess_60,60,mom_shanghai_60,momentum,0.005043882876321249,2.504312920814602,0.012268946973003873,0.13558699697497856,0.00022432155397994675,1.398350664596251,0.00017157548091421924,0.5136601834001061,0.11557680237405975,0.02741512220200495,0.11603312170331048,1,1,0.07711909525888148,4.004312920814602
ram_excess_60,60,breadth_252,breadth,0.004858928079986691,2.459030667377006,0.013931271688617389,0.11880535347834986,0.00038767769523579055,0.8272591712674737,0.0008508366053407451,1.6397541738492092,0.21181855938224717,-0.016006061167406254,0.2767315743317337,1,1,0.08454840748954001,3.959030667377006
ram_excess_60,60,ma_dist_csi300_60,trend,0.0045551483102481425,2.3883358793670717,0.01692486582544354,0.11061634317613067,8.06034277911749e-05,0.47460966364210133,-5.944176354515224e-05,-0.2632068781190342,0.11256359123577536,-0.03199669784590982,0.11225238387043829,1,0,0.09360683345346107,3.8883358793670717
ram_excess_60,60,breadth_120,breadth,0.003437786434835354,2.3862878413801214,0.01701942426426565,0.06188797895790343,7.978252540414162e-07,0.0019054093761933534,0.000933646991406479,1.7272250542898495,0.18594920914816682,-0.050953550060482605,0.3489765443608783,1,1,0.09360683345346107,3.8862878413801214
ram_excess_60,60,real10_level,real_yield,0.004397305749326491,2.3715100808653955,0.017715563414926958,0.09778257165601989,0.0005003325175579952,1.1182641319407738,0.0005587641584468551,1.121267822601471,0.255904362806198,0.012616839140417328,0.1468588433225206,1,1,0.09448300487961044,3.8715100808653955
ram_excess_60,60,vol_nasdaq_60,volatility,-0.0030998168126419754,-2.3521259433622657,0.01866645353648878,0.051210629484520376,-0.0004113541418441727,-0.9402994727815374,-0.00030181228885035004,-1.3078973874271143,-0.1552209742763402,-0.014414814464085199,-0.1895189755405917,1,1,0.09662634771829486,3.8521259433622657
ram_excess_60,60,state_target_gross,strategy_state,0.004262809488559277,2.3150998206842632,0.020607469845496502,0.09853440364247834,0.0002724209710699378,0.40962439638331005,0.0007482347160400434,1.4457769486173835,0.23236030555041892,-0.016465186816307882,0.22137254219982366,1,1,0.10345625221889398,3.8150998206842632
ram_excess_60,60,state_cash_ratio,strategy_state,-0.004179200513040414,-2.304107910724151,0.021216586793253712,0.09470708334016242,-0.00026344659744058585,-0.41639135611731437,-0.0007476700302076749,-1.3995863063313938,-0.2011282702614673,0.026125624484530253,-0.22932382160038634,1,1,0.10345625221889398,3.804107910724151
ram_excess_60,60,ma_dist_shanghai_60,trend,0.00408048959028993,2.2704766064088058,0.023178681103789383,0.08876439603477537,0.00016166946956823027,1.1294805599940325,-0.00011660076726462594,-0.4677310541840303,0.11321741927831158,0.023639646184875067,0.11899819339538197,1,0,0.10735389142807715,3.7704766064088058
ram_excess_60,60,dd_csi300_252,drawdown,0.004159342236595123,2.2478049612406577,0.024588629384551607,0.08708392671605414,0.00026407311379203464,0.650979071375543,0.0003119114118157441,1.1272420081913737,0.18588810869448807,-0.022655405374172224,0.1838167503198856,1,1,0.10909934753409109,3.7478049612406577
ram_excess_60,60,eff_csi300_60,trend_efficiency,0.004488291868808884,2.2378585111737452,0.025230283342176515,0.10736191197217526,0.00013003635759760592,0.7260668564876959,-0.0004947258547607262,-1.5820898832383055,0.040454021351304645,0.03575752277104918,-0.12860351373733334,1,0,0.10909934753409109,3.7378585111737452
ram_excess_60,60,downvol_nasdaq_60,downside_vol,-0.002974475722560546,-2.23346769204784,0.025518118568293172,0.04715295479232029,-0.0004210480753927788,-1.0026926140189814,-0.0003034312498686386,-1.5394375400542777,-0.14622632146150089,0.0015535703554302833,-0.17501654755876536,1,1,0.10909934753409109,3.73346769204784
ram_excess_60,60,dd_shanghai_252,drawdown,0.003924403594294841,2.2040118561060305,0.02752351029329625,0.0775239728633379,0.0003472028746964816,0.8243794648560357,0.0003346593663103311,1.287365482223324,0.16968680004319697,0.03860533375121231,0.2245898009842642,1,1,0.11265436771209628,3.7040118561060305
ram_excess_60,60,vol_sp500_60,volatility,-0.0032018614780922653,-2.1860664578270717,0.02881074354349673,0.054637791136246894,-0.00020158699217811917,-0.5904061295771282,-0.00031627928867523556,-1.2339985440074102,-0.14233742979707156,0.036115362358637985,-0.20749051520026482,1,1,0.11303101547892098,3.6860664578270717
ram_excess_60,60,dd_sp500_60,drawdown,0.002298265944307573,2.1848482417816326,0.028899975548587753,0.028158843710148318,0.0001701286607300376,0.6712490190667205,0.00045213033230931204,2.227879552666187,0.1475743952618801,-0.024661753087056277,0.1831154450153053,1,1,0.11303101547892098,3.6848482417816326
ram_excess_60,60,dd_nasdaq_60,drawdown,0.002186366853713959,2.1456953587141934,0.031897291727676406,0.025483573216051325,0.00034663446417220866,1.0615853114620832,0.0004404343029793609,2.0303388491941,0.149355559386169,0.005707408062329191,0.17264813785519187,1,1,0.11889106733092947,3.6456953587141934
ram_excess_60,60,rel_us_china_60,relative_strength,-0.004420873033501182,-2.1395923159088763,0.0323877281536109,0.10416075995553853,-0.0002703835072939532,-1.1170597330561367,0.0004651199946135557,1.8761398559879539,-0.06650908061894077,-0.0489966505507316,0.11180338657588604,1,0,0.11889106733092947,3.6395923159088763
ram_excess_60,60,vix_level,vix,-0.0032268708661048772,-2.1301973835697985,0.033155320990283135,0.056462384725580295,-0.0004756015115402208,-1.064382636533058,-0.0004939306482275841,-1.7052691842952776,-0.11977511100084597,-0.03459747978299635,-0.15963680491442805,1,1,0.11889106733092947,3.6301973835697985
ram_excess_60,60,dd_nasdaq_20,drawdown,0.001682171193828883,2.1196985216929844,0.03403147775447003,0.015260643874483115,0.0003399939571712077,1.1756227506928312,0.00017818385523706224,0.9973392184075797,0.09393703150384781,0.026245980160573446,0.0860554950032703,1,1,0.11889106733092947,3.6196985216929844
ram_excess_60,60,downvol_sp500_60,downside_vol,-0.0030678598481511184,-2.1014650196066484,0.0356001655500802,0.050160179997570165,-0.0002280761180128719,-0.6426283143603408,-0.0003157085185786268,-1.3547798934293087,-0.13488117588096937,0.05409473830227184,-0.17315111952343998,1,1,0.11889106733092947,3.6014650196066484
ram_excess_60,60,dd_sp500_20,drawdown,0.0018200037573173457,2.094980346297041,0.036172739624416805,0.017863931447819614,0.00017057605809429131,0.7551279620706695,0.00022514671333273765,1.348308563918111,0.10570305655065512,0.021332793101147645,0.10961892769580815,1,1,0.11889106733092947,3.594980346297041
ram_excess_60,60,breadth_60,breadth,0.0028396217080678345,2.090957909993074,0.03653183717653856,0.042974321691553685,0.0003334743456458871,0.9301899351787277,0.0002298561204503017,0.8036266220056498,0.14043398071533442,-0.03507124008762107,0.13019490023448962,1,1,0.11889106733092947,3.590957909993074
ram_excess_60,60,mom_csi300_20,momentum,0.0031832271444999843,2.090182719972608,0.03660138918513199,0.05463148167555254,8.852767755334979e-06,0.04819643786702901,-4.643562850932815e-05,-0.20160474707482048,0.12857409393015332,-0.030364482013272014,0.12751050916948284,1,0,0.11889106733092947,3.590182719972608
ram_excess_60,60,vol_nasdaq_20,volatility,-0.0024774108266612297,-2.078174593211682,0.03769328127260786,0.03309053452954158,-0.0004871284481853266,-1.0972372322684156,-0.0002644001597934727,-1.6575938337558227,-0.1530467794924095,-0.045360924478252004,-0.12345861345885668,1,1,0.11889106733092947,3.578174593211682
ram_excess_60,60,vol_nasdaq_10,volatility,-0.0023139031018617646,-2.0767030387870204,0.0378289759689321,0.028949695121948227,-0.00044188319500427126,-1.0713588041765136,-0.00020261306231619832,-1.3100787934427447,-0.14052396390040225,-0.01706696204140223,-0.10475153820522207,1,1,0.11889106733092947,3.5767030387870204
ram_excess_60,60,downvol_nasdaq_10,downside_vol,-0.0018516583858062114,-2.008226770105058,0.044619199527677386,0.018538534117162775,-0.0004698188007308267,-1.2353547179641073,-5.4267720629880984e-05,-0.3325136203310068,-0.10544046857242562,-0.04372164549125615,-0.047283734518458465,1,1,0.13641458594135425,3.508226770105058
ram_excess_60,60,mom_shanghai_20,momentum,0.002795345383445864,1.9961116468554188,0.04592177157151425,0.04212875949020045,4.186229199053435e-05,0.22681671242629775,-0.0001304684608032025,-0.5538595013183393,0.1194228644763282,0.001443583720260351,0.09945000554315037,1,0,0.13641458594135425,3.496111646855419
ram_excess_60,60,downvol_nasdaq_20,downside_vol,-0.0021070191974453508,-1.9909229412913854,0.04648935963665403,0.023935621319249756,-0.0005276993550186051,-1.256177203623546,-0.00010319058314338833,-0.5744918113586727,-0.1262779839608109,-0.05980442900166954,-0.053201539448321025,1,1,0.13641458594135425,3.4909229412913856
ram_excess_60,60,eff_shanghai_60,trend_efficiency,0.004057321000467668,1.9877046323730836,0.04684436630463221,0.0877337702608505,0.00035403309019397345,1.3021413085492137,-0.0003935795777792458,-1.2325267164687612,0.01293185932661413,0.09124737921817909,-0.10812983731181063,1,0,0.13641458594135425,3.4877046323730836
ram_excess_60,60,eff_gold_120,trend_efficiency,-0.0020865478669396223,-1.9539964177833269,0.0507016408316237,0.022798444544109286,-0.0003028421979539358,-0.8545939742847353,0.00042696204385157626,1.0557912388254325,-0.06574706799626497,-0.05937428494638773,0.26186711530114104,1,0,0.14392723848977051,3.453996417783327
ram_excess_60,60,mom_sp500_252,momentum,0.0017160768615687935,1.9167179843870463,0.05527376922308076,0.014819329018107563,0.0003341949160856654,0.6215989566472883,0.0005359009643753798,1.3521983997649365,0.01842073949526824,-0.03243781561616458,0.11570854079388938,1,1,0.1520028653634721,3.4167179843870463
ram_excess_60,60,vol_sp500_20,volatility,-0.002428013547650736,-1.8630483090266947,0.062455469798712575,0.0317841009581995,-0.00024900934444652313,-0.7579017474098698,-0.0003774081348063285,-2.2557003477498805,-0.14686571273904786,0.03504896486383297,-0.15382667763717803,1,1,0.15983937815269203,3.363048309026695
ram_excess_60,60,vol_sp500_10,volatility,-0.0022157437964738795,-1.841791970291306,0.06550558505416787,0.026545611980770656,-0.0002333303123175113,-0.7547728209480351,-0.00030627151108317995,-2.1538347998947414,-0.12241791977760418,0.03227527592597417,-0.14296233210720796,1,1,0.16036062452852506,3.3417919702913057
ram_excess_60,60,dd_shanghai_120,drawdown,0.00269341982473917,1.8411329802833587,0.06560207367076025,0.03800012688148813,0.0003210225794849543,0.9139893305230972,8.940025843558969e-05,0.3601254260593734,0.0988509031315455,0.0317098434013284,0.19581212297561224,1,1,0.16036062452852506,3.3411329802833585
ram_excess_60,60,dd_csi300_120,drawdown,0.0027109246208297283,1.8056049622920871,0.07098006700842012,0.038495664944641406,0.0002077151373761598,0.5904470485669929,-5.713595460480204e-06,-0.022137367411161832,0.09455596062062148,-0.04947449816155752,0.17072814738387315,1,0,0.17080759303103166,3.305604962292087
ram_excess_60,60,downvol_sp500_20,downside_vol,-0.002116005103243637,-1.7821512505259167,0.07472457008244641,0.024140215445928148,-0.0003060399708516472,-0.9105443304175115,-0.00021821963070394368,-1.4076087748049195,-0.12371783096851,-0.008574180731773953,-0.07371710038651746,1,1,0.17508053150307798,3.2821512505259167
ram_excess_60,60,downvol_sp500_10,downside_vol,-0.0018379244532034913,-1.747226703662939,0.08059802139148178,0.01826454971750535,-0.000289081512042823,-0.9196684854824652,-0.00015920532064835928,-1.1525048148330959,-0.10049915711483264,-0.026616386488604364,-0.07764447877600743,1,1,0.17731564706125993,3.247226703662939
ram_excess_60,60,breadth_20,breadth,0.0021135897131145057,1.6966267331142768,0.08976725237017875,0.024085135466101804,5.919091515042386e-05,0.2665593802293925,0.0001776299824945964,1.0940657770442823,0.1202283927739177,-0.010525085431893203,0.10391596042484895,1,1,0.19034983635122243,3.196626733114277
ram_excess_60,60,dd_shanghai_60,drawdown,0.002045224282237266,1.6354473537743834,0.10195530245208015,0.022299551814576657,0.0002851287826730452,1.0066540306132856,-0.00012973013616649263,-0.450596349417587,0.09119069121092795,0.04293890307031176,0.109543765917473,1,0,0.21110744978313065,3.135447353774383
ram_excess_60,60,dd_csi300_60,drawdown,0.002030409566843742,1.6209185979931726,0.10503509767656764,0.021977665340983443,0.00026107821503890117,0.7960238221081464,6.87018412468816e-06,0.02465681547126505,0.0755181014473923,0.0013040500020859225,0.1121720627252958,1,1,0.21495554873344078,3.120918597993173
ram_excess_60,60,ma_dist_nasdaq_60,trend,0.001243137788457698,1.3765055342202623,0.16866517511956058,0.00823858810046707,3.75297145944e-05,0.245105391695921,0.00040856305807789267,1.5009789060748224,0.09032478656961007,-0.04895018367884987,0.1787619062763242,1,1,0.3226638132722029,2.8765055342202626
ram_excess_60,60,real10_z252,real_yield,0.001740405358016961,1.3230484603237358,0.18581926271893381,0.01423827919113796,0.00012787144130431904,0.3471351599586511,-5.841563092196318e-05,-0.17522646927402305,0.10510383077739939,-0.030065279571553732,-0.20952305612031044,1,0,0.34513920367564976,2.8230484603237356
ram_excess_60,60,rel_gold_china_60,relative_strength,-0.0057812704537588714,-2.735634627196326,0.006226011281723499,0.178128999474215,6.720518923310234e-05,0.36756391710136976,-0.0001457882600671252,-0.49958732101224224,-0.11686282980392997,0.08732623823276067,-0.038546330362399114,0,1,0.05376752339806552,2.735634627196326
ram_excess_60,60,dd_gold_20,drawdown,0.0005808200322479147,1.2128636835544868,0.22518194244443152,0.0018193474547039123,0.0004183238284106774,1.6037322900511064,7.747440420891696e-05,0.3196463041135864,0.06820428466237997,0.12694849354421742,-0.06818041588257233,1,1,0.4003234532345449,2.712863683554487
ram_excess_60,60,mom_gold_120,momentum,-0.0014472342701951563,-1.1927780747048626,0.232956299062645,0.010967968366768388,-0.00023937197700011202,-1.0206922617658476,0.0004662690709965311,1.3888380373083773,-0.0601926568904441,-0.051224504581634814,0.2475598303551473,1,0,0.40691511992763607,2.6927780747048624
ram_excess_60,60,mom_sp500_20,momentum,0.0006320124132127545,1.1276985051587642,0.25944726918964733,0.0021535697223366013,1.9154503575625592e-05,0.1392493242777157,4.1607441996086775e-05,0.20336689655715517,0.04965043523002657,0.003165831122668624,0.05341041742813389,1,1,0.43488304168931363,2.6276985051587642
ram_excess_60,60,dd_csi300_20,drawdown,0.0010983469027060367,1.1183779043512205,0.26340562713556737,0.006505962170206936,0.00012070822690277399,0.5338803457431078,0.0002125649469244686,1.095435949709954,0.10208425866352389,-0.0032934382604073455,0.16877080312363177,1,1,0.4373527393949043,2.6183779043512203
ram_excess_60,60,dispersion_252,dispersion,0.006606176289545595,2.6092368443724103,0.009074441141704442,0.21961165605847077,-6.753941593994155e-05,-0.2503687058650703,-0.0003960230674149254,-0.8833488884349611,0.24443585967072115,0.09400568523614664,0.05388511833889206,0,0,0.061426986189999304,2.6092368443724103
ram_excess_60,60,ma_dist_sp500_20,trend,0.0005426048789523662,1.1034254061381563,0.2698424686692391,0.0015878148645618317,1.9146458401339175e-05,0.16547430523068266,4.433609581203938e-05,0.23285736139456817,0.03955924071506148,0.02742194927235796,0.030119761016069526,1,1,0.43894474225920277,2.6034254061381565
ram_excess_60,60,eff_shanghai_20,trend_efficiency,0.0013700632318972613,1.091617941632971,0.2750010666835173,0.010120196451784302,0.0004533451544402645,2.0449239563938852,0.00015461880940717887,0.7325632645761957,0.0297774208277471,0.0787460496941217,0.024508089801116413,1,1,0.43894474225920277,2.591617941632971
ram_excess_60,60,mom_nasdaq_20,momentum,0.0006509335569972532,1.0838312014417817,0.27843964824609285,0.0022844467650519062,0.00012676604401956777,0.8736677883528882,6.81738970213184e-05,0.29590196937923946,0.046234376331046156,0.005765908980486629,0.06215261917883867,1,1,0.43894474225920277,2.5838312014417815
ram_excess_60,60,dispersion_20,dispersion,0.001085933189861405,1.0794462199813777,0.28038885604119784,0.006357903529744968,0.00010037528994638544,0.3303060893997133,-0.0004406029754442314,-2.890804021463056,-0.04390437593209251,0.10350305832818803,-0.20460333157613803,1,0,0.43894474225920277,2.579446219981378
ram_excess_60,60,vol_gold_10,volatility,-0.0008094218977845873,-1.0706730140638008,0.28431648078152905,0.0035424485942379125,-0.00018702411336906627,-0.6911851021428209,-1.902284706107164e-05,-0.11711941253719124,-0.05595703491673528,0.0028041111481290864,0.170817144136653,1,1,0.43894474225920277,2.570673014063801
ram_excess_60,60,ma_dist_nasdaq_20,trend,0.0005333685855174382,1.064133383421294,0.2872682797033887,0.0015342189412312912,0.00011922061410830993,0.8513615470790007,4.0841360536587975e-05,0.19022556662902246,0.033679066634892105,0.01999668241109555,0.03272353546438433,1,1,0.43964536719822966,2.564133383421294
ram_excess_60,60,dd_shanghai_20,drawdown,0.0010244954451814367,1.0414436255150417,0.2976697043609885,0.005660470588334743,8.370152389259333e-06,0.039469300726609424,-0.0001393049003158257,-0.48380433507031634,0.09626715348627193,-0.019986390502765496,0.0905734471501227,1,0,0.4473065395290165,2.5414436255150417
ram_excess_60,60,dispersion_60,dispersion,0.004750317133994089,2.509773145698429,0.012080874368381978,0.12026334082673462,-0.0003140467909558569,-0.7850191848221053,0.00021565081199417444,0.9815695792540725,0.06612094624843055,0.01702951595921429,0.15324559162236648,0,1,0.07711909525888148,2.509773145698429
ram_excess_60,60,ma_dist_gold_252,trend,-0.00070496623692796,-0.9956341363127799,0.31942794239464134,0.002501642962486339,-0.00014203508599379926,-0.5310821217941469,0.00039278552525697565,1.0907399647820184,-0.007937166872121077,-0.016153243997350304,0.16443966418076814,1,0,0.4646224616649328,2.4956341363127796
ram_excess_60,60,vix3m_level,vix_term,-0.0008358459358930508,-0.9842379604723854,0.3249985252788548,0.04362148958457013,-0.0006056508654206458,-1.1872421678528535,-0.000594507541099423,-1.5897365842893418,0.10095527996422883,-0.04412976899306881,-0.181167123301753,1,1,0.46503854023641017,2.4842379604723854
ram_excess_60,60,mom_sp500_10,momentum,0.0003993181420970778,0.9586246444952629,0.33774787274663326,0.0008621676859856819,1.3823109640868305e-06,0.013364224610125213,2.5645120610453542e-05,0.1540004047876527,0.03832533622398206,0.031383640752988114,0.01920170351939541,1,1,0.4683579651377329,2.458624644495263
ram_excess_60,60,mom_nasdaq_10,momentum,0.0003939786958142418,0.9496517126625429,0.3422892529987608,0.000839265043025339,9.463033100270603e-05,0.7523164486449279,1.0399645139747906e-05,0.05460505415143524,0.025749819261230687,0.021692437193136606,0.019955719452951104,1,1,0.4683579651377329,2.449651712662543
ram_excess_60,60,vol_gold_20,volatility,-0.0007901386348010946,-0.9476943080710063,0.3432850994475429,0.003366001580642708,-0.00028030037627195607,-0.8609093556324424,-7.90338713902818e-06,-0.04403330868581883,-0.0467576585876527,-0.012556607221008535,0.17922176423006198,1,1,0.4683579651377329,2.4476943080710063
ram_excess_60,60,ma_dist_sp500_252,trend,0.0021132535191567673,2.427244879724945,0.0152139829052554,0.02247977152802605,-9.088561569385456e-05,-0.22584708573083423,0.0005228888129116415,1.7321509588004322,0.1310494830329474,-0.10574881881347446,0.1934348298973889,0,1,0.08925536637749835,2.427244879724945
ram_excess_60,60,vol_gold_60,volatility,-0.0009221741594124218,-0.9103734371778385,0.36262560141098577,0.004532250988977915,-0.0004715817369781281,-1.038269108737265,0.00016261885343838982,0.6207091534207778,-0.020107634472671766,-0.08211247664607775,0.24126955013800483,1,0,0.47986545750626686,2.4103734371778387
ram_excess_60,60,chg_vix_60,vix,0.0007119842800059951,0.8621910649163513,0.38858238574451176,0.0027016486306323806,4.863654612704863e-05,0.4432639312582307,-0.000324488474145636,-1.855248485350323,0.06274303653674844,0.051415247390469654,-0.12905017535322208,1,0,0.49201798482758324,2.3621910649163516
ram_excess_60,60,chg_vix3m_5,vix_term,-9.452550430910151e-05,-0.8244348934374981,0.4096924951810663,0.0005570984354609232,-2.716454471483316e-05,-0.40648027034871975,2.6166006274187506e-05,0.4164192698427391,-0.0018917964001781715,-0.021772565890089284,0.023069778833631534,1,0,0.5077878813511808,2.3244348934374983
ram_excess_60,60,downvol_gold_10,downside_vol,-0.000457337525550363,-0.8108854884748714,0.4174314345850538,0.0011309081482255845,-0.00041888784580954583,-1.4199159365514034,0.00012654172314241236,0.6176221059853354,-0.03710067572514141,-0.12480467543405244,0.181267895232094,1,0,0.513761765643143,2.3108854884748715
ram_excess_60,60,mom_sp500_120,momentum,0.0020826697385540457,2.2947173864167683,0.02174932575056294,0.02271377538266295,-0.0004465671074569134,-0.8563608085653428,0.00029000878630536025,0.8983860212268531,0.19143651630268932,-0.11086570796209125,0.09902611366231201,0,1,0.10345625221889398,2.2947173864167683
ram_excess_60,60,rel_gold_china_20,relative_strength,-0.0028299729695062553,-2.2256882317136366,0.026035071570635372,0.04317897165133733,0.00017623209529848914,0.7244417316598939,1.9528605422959277e-05,0.058474504903868345,-0.08232617408509585,0.07400635426679655,-0.07136921363281537,0,0,0.10909934753409109,2.2256882317136366
ram_excess_60,60,chg_vix3m_10,vix_term,-0.00011782141972976037,-0.7028274943115685,0.4821632606712803,0.0008635754735571988,-7.4640589432898175e-06,-0.09231178418824962,3.063423100823322e-05,0.3619838414473377,-0.015838285529193405,-0.010634212200538826,0.006091408107687973,1,0,0.5819860105073309,2.2028274943115687
ram_excess_60,60,chg_vix_1,vix,6.727394057189496e-05,0.6900468002870178,0.4901647568402275,2.4533849670271834e-05,1.3150774726078094e-05,0.41459186422629757,-5.218718107499964e-06,-0.12206735831928113,0.01712785446617928,-0.0016203412177451942,0.002449699611210129,1,0,0.5856581639163646,2.1900468002870177
ram_excess_60,60,eff_nasdaq_60,trend_efficiency,0.0011486591856427338,0.6810926343792932,0.49581287740646773,0.0070318635551467334,9.648142447894692e-05,0.215528409574751,0.0007362735541926432,2.370590214960527,0.0074290057156368265,-0.03773528974955234,0.2658149733571006,1,1,0.5856581639163646,2.181092634379293
ram_excess_60,60,mom_sp500_5,momentum,0.00017926217933325522,0.6120956833381292,0.5404744533713461,0.0001740013580208144,4.8467477839672184e-05,0.5883485535005315,2.803012684868069e-05,0.223714798897018,0.019017389878648382,0.04810988349545973,0.01863997461029922,1,1,0.6217222470154047,2.1120956833381292
ram_excess_60,60,ma_dist_sp500_120,trend,0.0020269155067732174,2.096481256417234,0.036039520926932335,0.02152029559782065,-0.00028301736665151757,-1.0138411742598203,0.000520497871586819,1.8693709626943604,0.1632741520627716,-0.12120217539764516,0.21234167154461628,0,1,0.11889106733092947,2.096481256417234
ram_excess_60,60,mom_nasdaq_5,momentum,0.00016503127875989898,0.5607990087291963,0.5749345625415865,0.0001474714069452654,0.00011524083345031003,1.0466880090185147,7.5332852503604e-06,0.0524807954520523,0.015538293727140154,0.04055921484930983,0.008187242290301521,1,1,0.6404334367551849,2.0607990087291963
ram_excess_60,60,downvol_gold_20,downside_vol,-0.0003434169869857685,-0.49833031936998756,0.618251241104897,0.0006358450099636093,-0.0005527594438399814,-1.5369221745326178,0.00020879118742810196,0.7538161848652318,-0.03985526109526718,-0.12711768955161384,0.24697173532063896,1,0,0.6800763652153867,1.9983303193699875
ram_excess_60,60,rel_us_gold_120,relative_strength,0.0023324925994956626,1.983782827131657,0.04728005535467392,0.028489777812868766,-0.00019882547721996184,-0.4296413370390296,-0.0001349109722199172,-0.7320191965051925,0.15775649143050818,-0.07955697002365106,-0.08898339623938492,0,0,0.13641458594135425,1.983782827131657
ram_excess_60,60,ma_dist_csi300_20,trend,0.0026279537001188164,1.944884780572712,0.05178884717703763,0.037244992680029676,-5.975379539347834e-05,-0.35915493153758954,-3.821533105342553e-06,-0.01757632365885717,0.11451698742406878,-0.05135760367203224,0.11405324409439155,0,0,0.14467995401839084,1.944884780572712
ram_excess_60,60,downvol_gold_60,downside_vol,-0.00041592674424422625,-0.4378090593981768,0.6615247031950571,0.0009219805269724546,-0.0008098888968991922,-1.566087229529944,0.0003899592052938563,0.9691645515499806,-0.012135438688737309,-0.1483167149248593,0.3446619529235248,1,0,0.718693504705741,1.9378090593981767
ram_excess_60,60,eff_gold_60,trend_efficiency,-0.0014318976412634522,-1.9095102749158606,0.056196297530279916,0.01092727826800377,0.00018049694841730925,0.6374387444715323,-0.00041512666700472113,-1.235039656798648,-0.0190092762960586,0.14002817934178752,-0.004126052221593514,0,1,0.15216228254352715,1.9095102749158606
ram_excess_60,60,dd_gold_60,drawdown,0.0003627186521663646,0.4049913180359595,0.6854838927165736,0.0007013810564048262,0.0008982966363391003,1.9235863276063123,0.0002536749666407953,0.7909597812755431,0.06994031907947051,0.19137620574344233,-0.03509447145024291,1,1,0.7390041122566835,1.9049913180359594
ram_excess_60,60,ma_dist_nasdaq_120,trend,0.001823183255212151,1.8949081148004958,0.05810457592194539,0.017411556195927824,-0.00021757111022932646,-0.8095777665542896,0.0006333739591895581,1.901584603364328,0.15652978507733506,-0.10289709177721926,0.2492792736243007,0,1,0.15380304868109784,1.8949081148004958
ram_excess_60,60,rel_gold_china_10,relative_strength,-0.001826782542091583,-1.8915570409930238,0.05855002421382701,0.018043773339347702,0.00017636908963081889,1.0118359445352527,-2.8642394849570975e-05,-0.12959174626210407,-0.056375923998645834,0.06846167693907299,-0.06836177976025994,0,1,0.15380304868109784,1.8915570409930238
ram_excess_60,60,mom_gold_10,momentum,0.00014451236717433007,0.3840075352169911,0.7009728625966865,0.00011291813275093876,0.0002353981384191833,1.420376705755072,-6.531089263823822e-05,-0.2774549431877071,0.036891168306634546,0.12924472776482815,-0.03447872224771691,1,0,0.7444693484275063,1.8840075352169912
ram_excess_60,60,mom_gold_5,momentum,0.00010895709356766475,0.37669551924990546,0.7063998931101907,6.4281546082956e-05,0.00014013409132057692,1.2230186755936376,-3.446100529477686e-05,-0.2226381909580177,0.03185757534034667,0.08819008004704193,-0.006925388181915727,1,0,0.7444693484275063,1.8766955192499055
ram_excess_60,60,mom_csi300_10,momentum,0.0022128605601210577,1.8615659137892762,0.06266430166213494,0.026476571980267205,-7.09582527276209e-05,-0.4851855856835782,1.044842589933143e-05,0.05337924629009677,0.09632457415207464,-0.038715937668745,0.10404255128218981,0,1,0.15983937815269203,1.8615659137892762
ram_excess_60,60,ma_dist_shanghai_20,trend,0.002349708756662391,1.8441513963114948,0.06516107938478184,0.029775601610798064,-4.8838993479708475e-05,-0.2645483686564277,-9.411094755166298e-05,-0.4501039224188267,0.11134298489238048,-0.027388989261652057,0.0817645971980427,0,0,0.16036062452852506,1.8441513963114948
ram_excess_60,60,ma_dist_gold_20,trend,0.00015003881634396212,0.3247541610518336,0.7453671397915573,0.0001214058832926801,0.00029471385137605597,1.4639205427886366,-5.331065693424419e-05,-0.1891785825254418,0.0452242807921399,0.14368451951363595,-0.030249234171735005,1,0,0.7762403349308525,1.8247541610518336
ram_excess_60,60,vix_z252,vix,0.0004096869881127393,0.3113098645464587,0.7555650688050779,0.0008448761152453077,3.095665424794837e-06,0.01245578784014116,0.00013373335676412684,0.4828498915582579,-0.028525443860350774,0.028191536993360154,-0.024776622720027917,1,1,0.7822320712334924,1.8113098645464587
ram_excess_60,60,mom_nasdaq_120,momentum,0.0015753460378435512,1.800277518641747,0.0718168288880474,0.012995722920558839,-0.0005905983190060594,-1.226355287293461,0.0003351284857417191,1.051191449658062,0.1813367820332074,-0.11315107736818375,0.1264801464400371,0,1,0.17080759303103166,1.800277518641747
ram_excess_60,60,mom_sp500_60,momentum,0.0015983092492361799,1.763188925321607,0.07786863099870042,0.013614750303025613,-0.00022730869295153528,-1.0099565264067591,0.0006044183501560252,2.10266303575055,0.13896490247200555,-0.14453501412253247,0.24320988520123807,0,1,0.17508053150307798,1.763188925321607
ram_excess_60,60,rel_us_china_20,relative_strength,-0.0024225600361612583,-1.762106881760223,0.07805124080179078,0.03164148206888184,2.7741422997186304e-05,0.12521742212330078,0.00011421207641317064,0.45611209078269155,-0.10817447664586219,0.022716322624915297,-0.0013392864295785302,0,0,0.17508053150307798,1.762106881760223
ram_excess_60,60,mom_csi300_5,momentum,0.001526909921035261,1.7614475345125893,0.07816268561803309,0.012624149464891432,-6.21639757418167e-05,-0.5958818454130862,-4.029987087587282e-05,-0.28395830635028335,0.06949518057931713,-0.018081125025826532,0.04939198022660222,0,0,0.17508053150307798,1.7614475345125893
ram_excess_60,60,mom_shanghai_10,momentum,0.0019934189039205632,1.7589424498478439,0.07858728402694978,0.021485764079215763,-6.579039143555421e-05,-0.3862225608746026,-6.132313212900414e-05,-0.3356646473342367,0.09615783667916862,-0.025740325407909853,0.06647386366236575,0,0,0.17508053150307798,1.7589424498478439
ram_excess_60,60,eff_nasdaq_120,trend_efficiency,-0.0002625544673902493,-0.2473849628198669,0.8046103105255271,0.00036098348864554985,-0.00015203842017405864,-0.19540797580512942,7.095215562765252e-05,0.298153703192816,0.06775049362305363,-0.11260922793109723,0.030059287753600568,1,0,0.8233221782121674,1.747384962819867
ram_excess_60,60,breadth_10,breadth,0.0016484857389512505,1.7386557478877698,0.08209533425723071,0.014693459041378754,-1.871709356323225e-05,-0.08264906235773763,0.00024252217549458903,1.5682044200309722,0.09990100271799701,0.009900302862627483,0.08110846429631825,0,1,0.17837998554657536,1.7386557478877698
ram_excess_60,60,rel_us_gold_252,relative_strength,0.00021474646425066304,0.21441430437646108,0.8302239877671049,0.00023206364699379645,0.0002030908013116016,0.42132671572529434,-0.0002495671981832093,-0.9086038311506729,0.019579407034007137,0.00945778932793215,-0.12059710993994013,1,0,0.8446209355318525,1.714414304376461
ram_excess_60,60,ma_dist_nasdaq_252,trend,0.0013959090607850587,1.7042669589912092,0.08833122478874653,0.009808507844412229,-0.00026864762433728484,-0.6225428174551267,0.0005149935024325743,1.6112307157337808,0.12959923392443623,-0.12746892829778933,0.19849618410653666,0,1,0.18958897027828522,1.7042669589912092
ram_excess_60,60,mom_shanghai_5,momentum,0.001376772361366388,1.6534561290557719,0.09823806762434013,0.010263596544692777,-8.021921210953644e-05,-0.6060142493657825,-9.944702659000193e-05,-0.7275379807581632,0.07087132710263151,-0.013996658488356488,0.024621852765021126,0,0,0.2058321416890936,1.6534561290557719
ram_excess_60,60,rel_us_china_10,relative_strength,-0.0016645306765812314,-1.583530765954223,0.11330054003405188,0.014980877912210255,0.00010590310090163251,0.5619981278692179,3.140218679958016e-05,0.15653313108102923,-0.07966553572851241,0.04705542553753274,-0.03298602742426399,0,0,0.22920569018382908,1.583530765954223
ram_excess_60,60,vix_pct252,vix,-0.00012064639571102442,-0.0780212309055099,0.9378111646488256,7.326851597977413e-05,-1.1890645033105863e-05,-0.03324274874151648,0.000317174058641688,0.8086197257255748,-0.040729692894326285,0.031720409162791875,-0.029328652823922538,1,0,0.9431700855896761,1.57802123090551
ram_excess_60,60,ma_dist_sp500_60,trend,0.0012094241228886211,1.5196256490699769,0.12860508775596946,0.007797789499338625,-0.00011108894766709369,-0.6274304789626048,0.00033047826827108936,1.4079873949712962,0.09593427700743504,-0.07760686251627036,0.1630411358733548,0,1,0.2572101755119389,1.5196256490699769
ram_excess_60,60,mom_nasdaq_60,momentum,0.0015884565157725321,1.5011779699284513,0.13330953636416168,0.013447412164830697,-0.00013000697405117268,-0.66649486152856,0.0007196041910219081,2.140367281987951,0.12739286144775874,-0.11470489663549646,0.2750957527539682,0,1,0.2636233528100276,1.5011779699284513
ram_excess_60,60,rel_us_gold_60,relative_strength,0.002004253011272852,1.4842588165108985,0.13774027149537418,0.021408840416244135,-0.0004416116987004484,-1.8249844941521478,0.00047997476345992954,1.6286484351146584,0.05185456484526806,-0.17497659869393523,0.14929522628636177,0,1,0.2693587531465095,1.4842588165108985
ram_excess_60,60,chg_real10_60,real_yield,0.0014809919429131838,1.458030253926672,0.14483220412209258,0.010890645277929822,-0.0002284413356779467,-0.9962165467774223,-9.542768587786459e-05,-0.2840416924543499,0.10667510775540893,-0.08269139379402235,-0.12730881944765163,0,0,0.280115032148223,1.458030253926672
ram_excess_60,60,eff_csi300_20,trend_efficiency,0.001426623946169971,1.338758317222417,0.1806493644718402,0.010973034361045242,-6.554146719607815e-06,-0.020083268896074338,-0.0001193003608561277,-0.6440094487738985,0.03666476326730641,-0.005570312586071828,-0.086386232112973,0,0,0.341874066097246,1.338758317222417
ram_excess_60,60,eff_gold_20,trend_efficiency,-0.0005236636241058597,-1.3216139694277078,0.18629672925674276,0.001478470060176429,0.0001622247693311228,0.7511022222214181,-0.00035413955602649287,-1.2412339823617298,0.0032769372158842243,0.0872974673252529,-0.17672922606294275,0,1,0.34513920367564976,1.3216139694277078
ram_excess_60,60,vixterm_z252,vix_term,-0.0004633433497133963,-1.2634595567088687,0.20642407230077445,0.011724247530041754,0.0003658324768305859,1.0758519273214135,-0.00016792532456568317,-0.7767173446336412,-0.05071391148421132,0.0532893897580391,-0.07999423377261856,0,1,0.37844413255141984,1.2634595567088687
ram_excess_60,60,vol_csi300_10,volatility,0.0019567490066663066,1.2418322658320111,0.21429845530319755,0.02070255284614253,-0.00037653145628994164,-0.9758832751331625,-0.00030798626884064484,-1.687666378619594,0.025371748987715662,-0.059207318890914754,-0.11321763452209099,0,0,0.38883018694188426,1.2418322658320111
ram_excess_60,60,downvol_shanghai_120,downside_vol,0.002031441971953459,1.23432179640623,0.21708301706050848,0.021610128819122276,-0.00023627267117871478,-0.5068665835858525,0.0012823441126506843,1.6145638169811796,0.18494001403098934,0.0818256624969175,0.13256923839583223,0,1,0.38986337757805606,1.23432179640623
ram_excess_60,60,downvol_csi300_120,downside_vol,0.0018734618169215054,1.1913561732332136,0.23351379041301842,0.01837969099297565,-0.00027348564549419365,-0.5702875429743074,0.0011641964082875133,1.5250603116161061,0.17876273862246794,0.06298888324858108,0.15546322284503555,0,1,0.40691511992763607,1.1913561732332136
ram_excess_60,60,vol_shanghai_10,volatility,0.0018897045311890113,1.1844702195582453,0.23622697811119123,0.019308185684882573,-0.0002260294908103866,-0.6585501716326411,-0.00010335699870625648,-0.47223334749162593,0.02926400501451887,-0.025502921849468067,-0.06341947736700304,0,0,0.40760733478009464,1.1844702195582453
ram_excess_60,60,eff_sp500_60,trend_efficiency,0.0020441886345615194,1.1529428265741422,0.24893385223263428,0.022270501355722616,-0.00030926256914657187,-0.7969701688879632,0.0005980490535285227,2.1610490147351546,0.06717381855064117,-0.11635670417985934,0.22627538020590116,0,1,0.4253626989606178,1.1529428265741422
ram_excess_60,60,vol_csi300_20,volatility,0.002117651910208505,1.145863814043407,0.2518515058758565,0.024177804905892275,-0.00041202817799702217,-0.9754538262480659,-0.00024182813467730108,-1.134597609753758,0.045432412935812454,-0.07925770871311291,-0.0847192538652075,0,0,0.42621024071298785,1.145863814043407
ram_excess_60,60,vix_term_ratio,vix_term,-0.0005124142090317252,-1.0869279125909297,0.2770686694207354,0.016394204553662584,3.0975727577776484e-05,0.12141252967344389,-2.2641777247284477e-05,-0.12098096060354294,-0.07919843292595767,0.032420380595237705,-0.030164370502017805,0,1,0.43894474225920277,1.0869279125909297
ram_excess_60,60,downvol_csi300_20,downside_vol,0.002011669140851107,1.0803132142439706,0.2800027272730538,0.021818295929025178,-0.0002732235527681398,-0.7566700029452483,-0.00011905065664145819,-0.5048835932853869,0.055521751798855025,-0.07713613608587333,-0.08643423518421496,0,0,0.43894474225920277,1.0803132142439706
ram_excess_60,60,vol_shanghai_20,volatility,0.002021799946190681,1.0752865184698357,0.28224647016674254,0.02203860400803026,-0.0002629493603224114,-0.695328988902281,-2.577437163741456e-05,-0.098781224425027,0.040654557969931046,-0.048226874587277896,-0.03779818113729708,0,0,0.43894474225920277,1.0752865184698357
ram_excess_60,60,mom_gold_60,momentum,-0.0011555023012963348,-1.037462777204322,0.29952023450349824,0.007115897518818692,0.00047534000737189605,1.5813897659254696,-5.0553266636855284e-05,-0.2066338929586129,0.0069081340627636,0.11226043210313433,0.045268795590558665,0,1,0.4473065395290165,1.037462777204322
ram_excess_60,60,downvol_csi300_10,downside_vol,0.0014740315757060824,1.0366506422366988,0.29989870263877244,0.011748089094281045,-0.00020777179166154124,-0.7101024571867544,-0.00019412169469902322,-1.1409168708918804,0.007475862584699904,-0.03312048115698281,-0.1014898469752871,0,0,0.4473065395290165,1.0366506422366988
ram_excess_60,60,chg_vix_20,vix,0.0005351430169962108,1.0251124372231897,0.3053101377348425,0.0015440005323206218,-7.934670162721662e-05,-0.8207382660795887,2.9765741147456202e-05,0.21411428632880533,0.03739126406761096,-0.024415668932594406,0.003161791323435011,0,1,0.4515511280784225,1.0251124372231897
ram_excess_60,60,ma_dist_gold_120,trend,-0.0010745634556744862,-1.0060568623562527,0.31438821790015414,0.006048407948685108,0.00036278799799417097,1.4246430904167138,0.00016314678790447766,0.5404064625565924,-0.012544984367329527,0.11520909637150568,0.1542813051105173,0,0,0.46110271958689275,1.0060568623562527
ram_excess_60,60,downvol_csi300_60,downside_vol,0.001790468888783364,0.9889066542649491,0.3227088145391563,0.017085260840984162,-0.00036009471810264553,-0.7844566207999861,0.000663558505978376,1.3307433625480585,0.12274782676694179,-0.03204987833750384,0.09386962130286274,0,1,0.46503854023641017,0.9889066542649491
ram_excess_60,60,downvol_shanghai_20,downside_vol,0.0019472218569896603,0.9601968164579038,0.33695616879595375,0.020442715832984293,-0.00015751406632063947,-0.4739917974858911,5.2179362448711055e-05,0.18383455395141243,0.044469128388293706,-0.03527358130016599,-0.021487457207415496,0,1,0.4683579651377329,0.9601968164579038
ram_excess_60,60,chg_vix_5,vix,0.00025689243566442635,0.9516532465232,0.3412728678306799,0.0003573369504511481,-4.937455517752658e-05,-0.7222966090332633,3.341643391558969e-05,0.5147630715216333,0.03518082502483441,-0.0287642423887013,0.02335956854491188,0,1,0.4683579651377329,0.9516532465232
ram_excess_60,60,chg_vix3m_60,vix_term,0.00042458875657202345,0.9488840441462106,0.34267959056259917,0.010921710839308485,-3.4953055844515725e-06,-0.03809502753745682,-0.00032028436640327214,-1.793745404414669,-0.00812339069957353,0.03413650820423708,-0.14331273613786957,0,0,0.4683579651377329,0.9488840441462106
ram_excess_60,60,downvol_shanghai_10,downside_vol,0.001434932607092536,0.9252306202587792,0.3548459590123205,0.011133114275550637,-9.343654886547051e-05,-0.3571176683795953,-3.34674104649298e-05,-0.17524030790289225,0.004531488183757014,0.010367319109753612,-0.04034122155825538,0,0,0.4777087356342743,0.9252306202587792
ram_excess_60,60,vol_shanghai_120,volatility,0.0014778993685444243,0.9235875860037763,0.3557010796048584,0.011437687864017998,-0.0003215450121658317,-0.6685489565941952,0.0018762765283072364,2.2352132218820895,0.1737155037508569,0.06963062648631306,0.17044016589745625,0,1,0.4777087356342743,0.9235875860037763
ram_excess_60,60,vol_csi300_60,volatility,0.0016369380119553416,0.9186444929436893,0.35828155172570575,0.014280799534430844,-0.0004644631908501208,-0.933197874597901,0.0005838411798383379,1.2730829964441404,0.10510888223838305,-0.03243373145811891,0.06617480270013758,0,1,0.4777087356342743,0.9186444929436893
ram_excess_60,60,downvol_shanghai_60,downside_vol,0.0018292896481491509,0.9051118787472386,0.36540611968614967,0.017834174381310075,-0.00030220953924123576,-0.7035775568838718,0.000764202250372775,1.3892298077518497,0.11471827216234373,-0.020118693325286093,0.11236926440822724,0,1,0.4799363960056891,0.9051118787472386
ram_excess_60,60,vol_csi300_120,volatility,0.0014052392636449982,0.8976556660062351,0.36936915200880804,0.010340679195931735,-0.000376889842300405,-0.7280887899143491,0.001717631216267672,1.983883412690728,0.1901197206935694,0.05457427854384869,0.15208012022071896,0,1,0.48154793150777936,0.8976556660062351
ram_excess_60,60,mom_gold_252,momentum,0.0009755420404474593,0.8850878959821001,0.37610922713697387,0.004789024388507035,-0.00020443107563310902,-0.5907476514095019,0.0006744979336893957,1.2679096301519392,0.07207672830898698,-0.03437128043226988,0.20021397485020576,0,1,0.48672958805961325,0.8850878959821001
ram_excess_60,60,vol_shanghai_60,volatility,0.0016356518365106465,0.8751771845927554,0.3814775052703232,0.014258366922255905,-0.00038107992061550683,-0.830616740739003,0.0007283539966417389,1.4572963517542228,0.09228221918678454,-0.01897777907089941,0.08266725820106358,0,1,0.490073291442167,0.8751771845927554
ram_excess_60,60,chg_vix_10,vix,0.0003445107725409577,0.8629428065496015,0.3881689134647616,0.0006417402376441839,-2.6956282470938486e-05,-0.3260580774072718,5.155991145409137e-05,0.5737825496592437,0.035134549926605,-0.017993796896600245,0.007026927072398156,0,1,0.49201798482758324,0.8629428065496015
ram_excess_60,60,dd_gold_252,drawdown,-0.0012034255784359753,-0.8492273027816013,0.39575482360788844,0.0072899939407869985,0.0004755270757153406,1.6387358051226646,0.00044818123079922096,1.1223188167221572,0.044771116148815855,0.11823700363308397,0.010936086269017029,0,0,0.4975113208687569,0.8492273027816013
ram_excess_60,60,vix_term_spread,vix_term,-0.0003577542569400318,-0.8441700099195185,0.39857441046872,0.007991303809775308,0.00019196221945472469,0.9930938932623892,0.00011316495841604975,0.5450382364256166,-0.1412822028675374,0.05615828411087484,0.014995173359449915,0,0,0.4975113208687569,0.8441700099195185
ram_excess_60,60,rel_us_gold_20,relative_strength,0.00046109056991210925,0.7611097444084728,0.446591520704384,0.0011462522488255855,-0.00019789987091331705,-1.1370500718406196,8.609248534252542e-05,0.2437335469640984,-0.014592484926609124,-0.059451927878704736,0.06018206775211426,0,1,0.5458340808609138,0.7611097444084728
ram_excess_60,60,eff_sp500_120,trend_efficiency,0.0009300219992597658,0.7018321448288171,0.48278384962539944,0.004529340354561429,-4.427970217464903e-06,-0.00565275737602042,0.00014021330974400733,0.46885323630897485,0.1130232444734817,-0.11263780406713216,0.05452885949721819,0,1,0.5819860105073309,0.7018321448288171
ram_excess_60,60,chg_real10_20,real_yield,0.00042199280575629816,0.6849777667222887,0.493357950916993,0.0008950148990657381,-0.00030657532772454185,-1.4216679072543923,-0.00015652990649650544,-0.598476872495576,0.05303139852158566,-0.08612368803265764,-0.07707194100554841,0,0,0.5856581639163646,0.6849777667222887
ram_excess_60,60,dispersion_10,dispersion,0.000592912451204959,0.6568434072120486,0.5112816102712449,0.0019007928916214833,-8.748293879555806e-07,-0.0037339475928397725,-0.0005190997947330231,-2.9294978528163873,-0.030123986682723692,0.06806923448244928,-0.20200594773723127,0,0,0.599903756051594,0.6568434072120486
ram_excess_60,60,eff_nasdaq_20,trend_efficiency,-0.0004090709144492574,-0.6325601773347269,0.527020899309909,0.000902204363958159,0.0005254492842569512,1.8610440868624438,-4.4458475740779785e-05,-0.13155062901674122,-0.031986609303897545,0.06524510845757331,0.031001703234225467,0,1,0.6142760150896953,0.6325601773347269
ram_excess_60,60,mom_nasdaq_252,momentum,0.000573684850559034,0.6219795132355277,0.5339553391836714,0.001656158249154549,-0.00015617127851837382,-0.2747027528946005,0.00038505526723080013,1.1286494036182357,0.03206906796902075,-0.1261607197103381,0.07652697579509803,0,1,0.6182640769495142,0.6219795132355277
ram_excess_60,60,chg_real10_1,real_yield,8.79233579385868e-05,0.6041382210483898,0.5457517502514297,3.908081832282306e-05,-3.5772378147574386e-05,-0.7412804451336547,-2.731266304155026e-05,-0.3706041045090232,0.009690231495670021,-0.024093485198969672,-0.015514731807963127,0,0,0.623716286001634,0.6041382210483898
ram_excess_60,60,ma_dist_gold_60,trend,-0.0005127732039219216,-0.5902981416898591,0.5549907850293303,0.0014017317100587512,0.0005528786678117618,1.7406953736336956,-8.240974914768833e-05,-0.24201316597455372,0.0251761688393948,0.17179331774770681,0.015955542989016427,0,1,0.6270583350495148,0.5902981416898591
ram_excess_60,60,chg_vix3m_1,vix_term,-2.9486408868888364e-05,-0.5845021596381339,0.5588825126983143,5.427022252790792e-05,2.1170456866125574e-05,0.5883123204260768,-8.08118738579047e-06,-0.1972138390900422,-0.006672264832346795,0.0025364773126050947,0.014293053532562031,0,1,0.6270583350495148,0.5845021596381339
ram_excess_60,60,downvol_gold_120,downside_vol,0.0011756811731709273,0.5837856447563403,0.5593645375157603,0.007238151026706108,-0.00043622657649157616,-0.9782620331442963,6.839288748408991e-05,0.2658177836043905,0.04428047728483176,-0.044568701172497546,0.23526694904662812,0,1,0.6270583350495148,0.5837856447563403
ram_excess_60,60,chg_vix3m_20,vix_term,0.00011980996931758753,0.542810650961189,0.5872601790909711,0.0008886089095618832,-6.175899926570804e-05,-0.8119282373329562,1.2387775925468791e-05,0.09008273639528988,-0.00820320776000563,-0.006224108906032241,-0.012067475588048585,0,1,0.6500490032705089,0.542810650961189
ram_excess_60,60,rel_us_gold_10,relative_strength,0.00018023156662739525,0.4622416652939719,0.6439080273280033,0.00017563674234155613,-0.00011351053868059511,-0.9438908192825964,5.7773067017731395e-05,0.21637673586429895,-0.009705252016984366,-0.04256824914560412,0.028297536149105167,0,1,0.7038994584455192,0.4622416652939719
ram_excess_60,60,eff_sp500_20,trend_efficiency,-0.0002846211803652395,-0.4007319728739034,0.6886174682391824,0.0004367592896991068,0.0003781639471828685,1.2492216253289443,-2.3328904930121066e-05,-0.07395409643609697,-0.027331465832260315,0.07302294010084197,0.029955323248943996,0,1,0.7390041122566835,0.4007319728739034
ram_excess_60,60,chg_real10_10,real_yield,0.00017834479238653815,0.38124263726742963,0.7030232138540107,0.00016035298690675326,-0.0001633625885269796,-1.1778846192232018,-0.0001601031637550174,-0.6899501765281341,0.03840106107764488,-0.0839669765694206,-0.0677696545164756,0,0,0.7444693484275063,0.38124263726742963
ram_excess_60,60,chg_real10_5,real_yield,0.0001165396607391016,0.34268489599032176,0.7318355267152068,6.857568674556447e-05,-9.26482656826361e-05,-0.964901312771617,-8.389094403183911e-05,-0.48272315942809624,0.012244555395177244,-0.07028952990038986,-0.040045352096278734,0,0,0.766684837511169,0.34268489599032176
ram_excess_60,60,dd_gold_120,drawdown,-0.00036642416029564624,-0.2556213505123477,0.7982432306790945,0.0007033073312489035,0.0007330714433535657,1.890096826227995,0.0003280428769907135,0.9292912190666999,0.07913633701830297,0.15562478211818076,-0.02464045592979673,0,0,0.8215836760205886,0.2556213505123477
ram_excess_60,60,vol_gold_120,volatility,0.0003322901200221969,0.175775981630511,0.8604699397033615,0.0005782070337632117,-0.0003336968387674946,-0.7773363687160169,2.8080076671100796e-05,0.1179663049112391,0.026515805966671146,-0.03230698941314761,0.24418910468917934,0,1,0.8703603987804117,0.175775981630511
ram_excess_60,60,mom_gold_20,momentum,-4.069394571424526e-06,-0.006968115179005993,0.9944402934723928,8.928270156527418e-08,0.0003968889128053684,1.5065171017578314,-6.508659519083353e-05,-0.1976948552592543,0.05746208712413269,0.12700954274845638,-0.04239077577952623,0,1,0.9944402934723928,0.006968115179005993
